22:00:00,76.9,98.6,26769,49353,ok
22:00:01,74.7,97.6,26201,49228,ok
22:00:02,75.4,98.2,26952,48695,ok
22:00:03,76.5,98.2,25201,48928,ok
22:00:04,73.3,97.4,26455,49719,ok
22:00:05,70.5,97.7,25375,48580,ok
22:00:06,79.2,97.6,25497,49404,ok
22:00:07,76.6,97.8,25136,48158,ok
22:00:08,77.2,97.8,25843,49284,ok
22:00:09,72.7,98.6,26133,49688,ok
22:00:10,78.8,96.9,26283,48519,ok
22:00:11,75.2,97.9,25686,49392,ok
22:00:12,73.7,98.4,25688,48545,ok
22:00:13,72.3,97.9,26921,49073,ok
22:00:14,74.8,98.5,25500,49808,ok
22:00:15,76.0,98.8,25109,49369,ok
22:00:16,72.8,97.8,25977,48320,ok
22:00:17,76.3,97.3,26419,48027,ok
22:00:18,77.4,98.1,26308,48760,ok
22:00:19,77.3,97.5,25328,49007,ok
22:00:20,73.8,97.3,25509,48702,ok
22:00:21,72.8,97.9,26031,48619,ok
22:00:22,74.7,98.2,26673,49694,ok
22:00:23,78.1,97.9,25441,48685,ok
22:00:24,76.3,97.7,26386,49510,ok
22:00:25,77.9,98.0,26923,48849,ok
22:00:26,76.7,97.8,25477,48276,ok
22:00:27,76.0,97.5,25651,49171,ok
22:00:28,76.6,98.1,26770,49111,ok
22:00:29,75.9,97.9,25886,49688,ok
22:00:30,75.5,96.9,26336,48957,ok
22:00:31,77.7,98.5,25214,48418,ok
22:00:32,71.2,97.7,26212,48281,ok
22:00:33,71.3,99.0,26353,49715,ok
22:00:34,75.4,98.2,25068,48916,ok
22:00:35,76.7,97.8,26837,48556,ok
22:00:36,74.4,98.0,25350,48052,ok
22:00:37,74.4,98.7,26650,48373,ok
22:00:38,73.6,98.8,25508,49234,ok
22:00:39,77.6,98.1,26623,49939,ok
22:00:40,73.4,97.4,26418,48912,ok
22:00:41,74.1,98.2,26089,49587,ok
22:00:42,75.5,98.2,25593,49107,ok
22:00:43,76.4,97.9,26951,49735,ok
22:00:44,76.6,98.2,26870,49722,ok
22:00:45,78.6,98.4,26343,49890,ok
22:00:46,73.8,97.7,25938,49215,ok
22:00:47,72.3,98.2,25963,49420,ok
22:00:48,73.4,99.0,26045,49173,ok
22:00:49,76.1,97.5,26451,49665,ok
22:00:50,75.4,98.8,25545,48086,ok
22:00:51,75.8,98.9,26489,48373,ok
22:00:52,71.6,98.2,26661,48300,ok
22:00:53,74.1,97.2,26692,49772,ok
22:00:54,74.6,97.9,25593,48618,ok
22:00:55,74.7,97.8,25057,49846,ok
22:00:56,77.6,97.0,25152,48603,ok
22:00:57,76.6,98.4,26011,49272,ok
22:00:58,74.1,97.7,25299,49623,ok
22:00:59,77.1,98.2,26137,49046,ok
22:01:00,78.6,97.5,26373,49820,ok
22:01:01,73.8,98.0,26362,48718,ok
22:01:02,75.6,98.0,26672,48550,ok
22:01:03,77.8,97.6,25179,49270,ok
22:01:04,76.6,98.6,25187,48565,ok
22:01:05,79.4,96.8,25205,49512,ok
22:01:06,74.7,97.7,25067,48921,ok
22:01:07,75.5,97.9,26888,49521,ok
22:01:08,75.7,98.7,25724,49198,ok
22:01:09,76.5,97.3,25283,49015,ok
22:01:10,73.7,97.6,26203,48146,ok
22:01:11,76.5,98.3,25679,48373,ok
22:01:12,72.7,98.3,26746,48732,ok
22:01:13,75.5,97.8,26203,49082,ok
22:01:14,74.9,97.8,26617,48638,ok
22:01:15,78.4,97.5,26907,48343,ok
22:01:16,76.3,97.6,26460,48969,ok
22:01:17,78.1,98.6,25132,48569,ok
22:01:18,75.7,97.6,25485,49648,ok
22:01:19,78.2,99.0,26993,48915,ok
22:01:20,76.1,97.6,25891,48652,ok
22:01:21,78.7,97.7,26754,48036,ok
22:01:22,75.1,97.9,25323,48985,ok
22:01:23,76.3,97.5,25296,49535,ok
22:01:24,74.6,98.4,26637,49582,ok
22:01:25,72.8,97.6,25725,48684,ok
22:01:26,72.5,97.8,25676,49910,ok
22:01:27,71.9,96.8,26219,49919,ok
22:01:28,77.2,98.0,25940,49934,ok
22:01:29,72.6,98.7,26113,49612,ok
22:01:30,74.8,99.6,26174,49352,ok
22:01:31,76.0,97.9,25422,49884,ok
22:01:32,78.4,98.3,26173,48148,ok
22:01:33,74.1,98.3,26856,48255,ok
22:01:34,73.5,97.8,26287,49482,ok
22:01:35,76.0,97.5,25727,48848,ok
22:01:36,75.9,98.0,25571,49859,ok
22:01:37,71.2,98.8,26779,48281,ok
22:01:38,76.1,97.9,26402,49235,ok
22:01:39,75.9,98.7,26087,49008,ok
22:01:40,71.7,97.9,26561,48545,ok
22:01:41,76.1,97.6,25828,49052,ok
22:01:42,77.6,98.5,26383,49560,ok
22:01:43,75.2,98.6,25493,49722,ok
22:01:44,73.6,97.6,25190,49046,ok
22:01:45,75.9,97.8,25799,48891,ok
22:01:46,75.9,98.3,25176,48411,ok
22:01:47,69.5,98.4,25171,49983,ok
22:01:48,75.9,98.4,26038,49104,ok
22:01:49,75.2,99.6,26504,48459,ok
22:01:50,76.7,97.9,25282,49473,ok
22:01:51,74.6,97.2,26633,49279,ok
22:01:52,75.4,97.5,26184,49683,ok
22:01:53,76.1,98.6,26019,48034,ok
22:01:54,77.2,96.9,25139,48890,ok
22:01:55,73.7,99.1,25491,48755,ok
22:01:56,78.3,97.3,26456,49581,ok
22:01:57,75.0,97.5,26385,49546,ok
22:01:58,73.0,99.3,25551,49039,ok
22:01:59,74.9,98.2,26386,49261,ok
22:02:00,72.2,97.6,25827,48128,ok
22:02:01,76.8,97.8,26015,49666,ok
22:02:02,71.9,97.7,25876,49150,ok
22:02:03,76.5,97.3,26384,48036,ok
22:02:04,77.2,98.1,26289,48617,ok
22:02:05,75.8,98.1,25355,49230,ok
22:02:06,76.9,97.4,26004,49771,ok
22:02:07,74.2,97.9,25350,48467,ok
22:02:08,75.0,98.2,25334,48601,ok
22:02:09,73.8,98.2,26639,48430,ok
22:02:10,72.2,98.5,26517,48855,ok
22:02:11,74.3,98.2,25097,48871,ok
22:02:12,76.9,98.4,26860,48141,ok
22:02:13,72.5,98.4,25411,48478,ok
22:02:14,74.9,97.8,25806,49606,ok
22:02:15,73.2,97.5,25792,48434,ok
22:02:16,71.7,97.3,25980,49770,ok
22:02:17,73.6,98.1,25798,48400,ok
22:02:18,76.0,98.0,25013,49162,ok
22:02:19,76.7,97.2,25036,49029,ok
22:02:20,74.9,98.7,26735,48526,ok
22:02:21,75.3,98.9,25880,49931,ok
22:02:22,79.9,97.9,26645,48905,ok
22:02:23,75.2,98.3,25726,49753,ok
22:02:24,74.4,97.8,26619,48720,ok
22:02:25,72.5,98.9,26148,48751,ok
22:02:26,72.9,98.0,25896,48869,ok
22:02:27,77.4,97.9,26955,48137,ok
22:02:28,75.8,97.8,25325,48387,ok
22:02:29,73.2,97.5,25812,49711,ok
22:02:30,73.8,99.0,26624,48293,ok
22:02:31,78.3,97.0,25476,49680,ok
22:02:32,78.1,98.7,25438,49960,ok
22:02:33,75.4,98.7,25163,49890,ok
22:02:34,72.2,98.1,26266,48858,ok
22:02:35,74.6,97.7,25904,49039,ok
22:02:36,73.6,98.6,26769,48330,ok
22:02:37,74.1,97.4,26062,49976,ok
22:02:38,75.9,98.3,26040,49154,ok
22:02:39,74.5,97.9,26782,49657,ok
22:02:40,73.0,98.0,25679,49909,ok
22:02:41,74.1,98.3,25248,48614,ok
22:02:42,73.0,97.1,25266,49719,ok
22:02:43,73.1,98.7,25350,48227,ok
22:02:44,71.8,98.7,25768,48514,ok
22:02:45,71.2,98.7,25779,49187,ok
22:02:46,77.2,98.3,26774,48733,ok
22:02:47,75.0,98.1,25232,48793,ok
22:02:48,72.9,97.7,25730,48544,ok
22:02:49,75.3,97.7,26060,48217,ok
22:02:50,74.3,97.0,26543,48646,ok
22:02:51,75.4,97.6,26629,49098,ok
22:02:52,79.6,97.2,25629,48013,ok
22:02:53,75.3,98.0,26909,48721,ok
22:02:54,73.5,97.8,25951,48559,ok
22:02:55,74.4,98.0,25555,48816,ok
22:02:56,78.9,98.4,26245,48932,ok
22:02:57,72.5,98.0,26989,48087,ok
22:02:58,75.7,98.0,25433,49641,ok
22:02:59,74.5,97.8,26146,49498,ok
22:03:00,74.6,98.3,25048,48968,ok
22:03:01,74.8,98.4,25156,48734,ok
22:03:02,75.3,98.4,26090,48057,ok
22:03:03,75.8,98.1,25964,48232,ok
22:03:04,71.9,98.6,25806,49114,ok
22:03:05,74.0,97.8,25676,49726,ok
22:03:06,76.0,97.8,26140,49814,ok
22:03:07,77.4,98.1,26170,48707,ok
22:03:08,73.7,98.4,26193,49379,ok
22:03:09,73.4,97.2,26523,48573,ok
22:03:10,74.8,98.7,26383,48298,ok
22:03:11,74.9,98.4,25707,49954,ok
22:03:12,75.4,98.5,26129,48111,ok
22:03:13,75.3,97.4,25742,49661,ok
22:03:14,74.5,97.7,25456,49900,ok
22:03:15,72.5,98.2,26828,48222,ok
22:03:16,77.5,97.7,25804,49153,ok
22:03:17,79.8,97.5,26986,49974,ok
22:03:18,73.3,97.8,25770,49361,ok
22:03:19,73.4,98.5,25680,48332,ok
22:03:20,75.5,98.0,26669,48752,ok
22:03:21,78.9,98.4,26499,49682,ok
22:03:22,77.7,98.5,26163,49161,ok
22:03:23,77.9,98.8,26688,48210,ok
22:03:24,76.3,97.4,26782,48460,ok
22:03:25,76.7,97.7,25279,48050,ok
22:03:26,78.3,98.9,25402,48706,ok
22:03:27,76.7,97.9,25288,48640,ok
22:03:28,76.6,97.8,25464,49621,ok
22:03:29,71.1,98.0,25968,49136,ok
22:03:30,74.7,97.6,25347,48635,ok
22:03:31,75.4,98.2,25668,48081,ok
22:03:32,76.2,98.5,26275,49399,ok
22:03:33,77.3,99.1,25786,49500,ok
22:03:34,76.5,98.2,26180,49170,ok
22:03:35,73.3,98.0,26451,48962,ok
22:03:36,75.5,98.2,25727,49839,ok
22:03:37,76.5,97.6,25347,49010,ok
22:03:38,76.1,97.8,25719,49950,ok
22:03:39,75.6,97.8,26461,49880,ok
22:03:40,75.1,97.8,26696,49895,ok
22:03:41,76.9,97.4,25529,48977,ok
22:03:42,76.7,98.0,25968,49495,ok
22:03:43,72.3,98.0,26509,49255,ok
22:03:44,71.2,97.9,25079,48458,ok
22:03:45,75.2,97.8,26077,49156,ok
22:03:46,73.9,97.1,25491,49371,ok
22:03:47,77.9,98.9,25990,49868,ok
22:03:48,71.1,97.7,26489,49951,ok
22:03:49,75.3,98.3,26196,49965,ok
22:03:50,76.3,97.5,26605,48080,ok
22:03:51,72.8,98.6,25894,49694,ok
22:03:52,75.9,97.6,25600,48067,ok
22:03:53,73.7,97.3,25687,48411,ok
22:03:54,71.2,98.5,25070,49099,ok
22:03:55,72.8,97.8,25227,49781,ok
22:03:56,75.5,98.3,25410,49195,ok
22:03:57,74.1,98.4,26818,49617,ok
22:03:58,72.5,98.2,26443,48307,ok
22:03:59,77.1,98.4,25168,49564,ok
22:04:00,72.3,98.2,26356,48134,ok
22:04:01,75.4,97.1,26614,49372,ok
22:04:02,72.3,97.2,25047,48000,ok
22:04:03,75.1,98.0,25811,48410,ok
22:04:04,72.9,98.3,25031,48085,ok
22:04:05,73.0,97.4,26590,48673,ok
22:04:06,74.9,97.4,26887,48054,ok
22:04:07,74.8,97.3,26196,48856,ok
22:04:08,71.8,97.4,26428,49943,ok
22:04:09,75.8,97.1,26678,49268,ok
22:04:10,73.4,98.8,25816,48826,ok
22:04:11,75.9,97.4,26691,49540,ok
22:04:12,74.1,97.5,25041,48803,ok
22:04:13,75.8,97.7,25353,49661,ok
22:04:14,69.4,98.2,25734,49236,ok
22:04:15,74.3,98.7,26883,48216,ok
22:04:16,73.5,97.9,25537,48683,ok
22:04:17,73.2,98.3,26093,48842,ok
22:04:18,74.5,98.7,25012,48513,ok
22:04:19,70.7,97.9,26812,49096,ok
22:04:20,76.8,97.4,25681,48746,ok
22:04:21,75.0,97.6,26650,49200,ok
22:04:22,72.8,98.0,25079,49724,ok
22:04:23,72.5,97.8,26280,48568,ok
22:04:24,73.1,98.4,26305,49657,ok
22:04:25,78.6,97.4,26011,49120,ok
22:04:26,74.0,97.5,26631,48764,ok
22:04:27,75.6,97.8,26739,48336,ok
22:04:28,75.4,97.9,25828,49334,ok
22:04:29,75.5,98.1,26899,49086,ok
22:04:30,71.7,97.8,25448,48849,ok
22:04:31,75.8,97.0,26401,48921,ok
22:04:32,77.9,97.8,26750,49963,ok
22:04:33,70.7,98.0,26696,48015,ok
22:04:34,76.1,98.0,25392,48689,ok
22:04:35,75.8,97.7,25014,48581,ok
22:04:36,75.7,98.4,26740,49992,ok
22:04:37,72.2,98.3,25200,48545,ok
22:04:38,77.4,97.8,25812,48891,ok
22:04:39,76.0,97.9,26121,48905,ok
22:04:40,77.1,98.2,25449,48375,ok
22:04:41,76.0,97.9,26750,48814,ok
22:04:42,73.2,98.5,26497,48165,ok
22:04:43,76.3,99.1,26408,48215,ok
22:04:44,76.5,98.5,26939,49420,ok
22:04:45,72.6,99.1,25618,49929,ok
22:04:46,76.9,98.0,26007,49105,ok
22:04:47,77.7,98.1,25897,49137,ok
22:04:48,74.9,98.0,26721,48295,ok
22:04:49,77.8,98.5,25016,49104,ok
22:04:50,77.0,98.5,25547,49040,ok
22:04:51,70.7,98.2,26759,49033,ok
22:04:52,74.8,98.4,26376,49216,ok
22:04:53,74.1,98.0,26097,49940,ok
22:04:54,78.8,97.8,26039,48017,ok
22:04:55,74.7,98.6,26708,48610,ok
22:04:56,75.5,97.6,25606,48668,ok
22:04:57,78.5,98.3,26580,48882,ok
22:04:58,77.8,97.3,25600,49422,ok
22:04:59,74.2,98.6,25460,48573,ok
22:05:00,74.5,98.1,26150,49374,ok
22:05:01,74.7,98.9,25182,48558,ok
22:05:02,76.8,97.9,26671,49390,ok
22:05:03,75.6,98.1,25034,49165,ok
22:05:04,72.6,97.0,26165,49996,ok
22:05:05,72.3,98.7,26993,49622,ok
22:05:06,74.3,97.8,25616,48440,ok
22:05:07,72.6,98.3,26128,48474,ok
22:05:08,75.2,98.1,25228,48711,ok
22:05:09,75.7,98.4,25201,48511,ok
22:05:10,76.1,98.6,25724,49899,ok
22:05:11,73.6,97.8,26580,48667,ok
22:05:12,73.5,97.5,25221,48897,ok
22:05:13,76.9,98.4,25947,49977,ok
22:05:14,77.9,98.3,25246,49829,ok
22:05:15,74.9,97.8,26031,49754,ok
22:05:16,75.6,97.8,25456,49976,ok
22:05:17,76.8,98.0,26186,49568,ok
22:05:18,75.9,97.6,26955,49515,ok
22:05:19,73.1,98.0,26207,49520,ok
22:05:20,77.4,97.6,25167,49787,ok
22:05:21,77.5,98.3,25536,48414,ok
22:05:22,74.2,97.6,26896,48356,ok
22:05:23,71.9,97.7,25101,48049,ok
22:05:24,76.6,97.9,25507,48161,ok
22:05:25,76.2,97.9,25468,49091,ok
22:05:26,77.3,98.2,26016,48330,ok
22:05:27,75.6,97.9,25410,49518,ok
22:05:28,75.2,98.1,25071,48475,ok
22:05:29,76.8,97.8,26574,49657,ok
22:05:30,70.9,99.2,25560,48415,ok
22:05:31,70.5,97.2,25319,48654,ok
22:05:32,75.4,98.1,26727,48063,ok
22:05:33,73.6,98.0,26813,49935,ok
22:05:34,75.7,98.3,26783,48493,ok
22:05:35,74.0,98.0,25294,48261,ok
22:05:36,73.8,97.1,26286,49908,ok
22:05:37,76.3,98.4,26367,48207,ok
22:05:38,82.8,97.9,25927,48756,ok
22:05:39,73.9,97.9,25804,48846,ok
22:05:40,73.1,98.0,26399,48109,ok
22:05:41,73.4,96.9,25754,49705,ok
22:05:42,73.6,97.6,25086,48144,ok
22:05:43,73.9,97.4,26355,48823,ok
22:05:44,71.0,98.5,26125,49974,ok
22:05:45,76.2,98.1,25258,48754,ok
22:05:46,74.4,98.4,25696,49869,ok
22:05:47,75.9,97.6,26410,48888,ok
22:05:48,72.3,96.4,25036,49201,ok
22:05:49,76.3,97.6,25981,49731,ok
22:05:50,75.2,97.7,25815,49627,ok
22:05:51,73.6,97.8,25869,48639,ok
22:05:52,74.0,98.5,26390,49873,ok
22:05:53,75.1,97.7,25405,49542,ok
22:05:54,74.6,97.6,25190,49164,ok
22:05:55,75.5,98.8,26958,49186,ok
22:05:56,75.2,98.2,25876,49301,ok
22:05:57,75.7,98.7,26688,49926,ok
22:05:58,74.6,97.5,25709,48343,ok
22:05:59,75.8,98.9,26595,49864,ok
22:06:00,74.3,97.2,25168,48816,ok
22:06:01,76.4,98.2,25083,49854,ok
22:06:02,72.0,97.0,26835,49686,ok
22:06:03,75.1,97.3,26106,49926,ok
22:06:04,75.9,98.1,26737,48505,ok
22:06:05,74.9,97.5,26838,49709,ok
22:06:06,75.6,99.3,26321,49167,ok
22:06:07,75.3,97.8,26396,49021,ok
22:06:08,76.7,98.4,26222,49452,ok
22:06:09,73.8,97.6,25537,49392,ok
22:06:10,75.2,98.0,26194,48560,ok
22:06:11,78.1,97.9,26061,49940,ok
22:06:12,78.0,96.9,26041,48677,ok
22:06:13,76.7,97.8,26742,49227,ok
22:06:14,74.3,98.3,25700,48703,ok
22:06:15,76.4,98.5,26895,48158,ok
22:06:16,72.3,97.2,25396,49502,ok
22:06:17,75.1,98.8,26202,48997,ok
22:06:18,78.4,98.2,26423,48900,ok
22:06:19,78.2,98.4,25583,49618,ok
22:06:20,77.7,98.1,25985,49678,ok
22:06:21,76.3,98.2,26350,49586,ok
22:06:22,76.4,98.0,26224,48210,ok
22:06:23,72.0,98.4,25533,49501,ok
22:06:24,74.1,97.1,26694,48848,ok
22:06:25,73.7,98.1,25069,48622,ok
22:06:26,75.7,98.1,26384,48881,ok
22:06:27,76.8,99.4,26508,49244,ok
22:06:28,74.9,98.0,26477,49720,ok
22:06:29,71.4,97.5,26544,49523,ok
22:06:30,74.7,97.7,26878,49796,ok
22:06:31,74.1,97.9,25636,49056,ok
22:06:32,75.3,97.8,26530,49628,ok
22:06:33,73.3,97.8,25602,48668,ok
22:06:34,73.3,97.9,25707,48799,ok
22:06:35,77.0,98.1,25668,49016,ok
22:06:36,75.7,99.2,25293,48673,ok
22:06:37,74.2,97.6,26598,48905,ok
22:06:38,75.8,98.1,26369,49729,ok
22:06:39,74.5,98.2,26640,48236,ok
22:06:40,73.0,99.4,26715,48615,ok
22:06:41,74.6,97.8,25324,49352,ok
22:06:42,72.6,98.2,26279,48816,ok
22:06:43,76.1,97.5,25534,49408,ok
22:06:44,74.8,96.5,26675,49822,ok
22:06:45,77.5,98.1,25010,48185,ok
22:06:46,76.4,98.0,26596,48609,ok
22:06:47,73.2,97.9,26666,48464,ok
22:06:48,75.6,97.4,25580,48008,ok
22:06:49,70.6,97.5,26691,48483,ok
22:06:50,79.1,99.1,26910,49302,ok
22:06:51,75.0,97.2,26080,48776,ok
22:06:52,78.6,98.1,26760,48739,ok
22:06:53,77.0,97.6,25936,49949,ok
22:06:54,74.4,97.8,26329,48633,ok
22:06:55,72.3,98.4,25962,49326,ok
22:06:56,75.7,98.1,25225,49579,ok
22:06:57,78.3,97.1,25979,49290,ok
22:06:58,72.9,98.3,26980,48004,ok
22:06:59,74.4,98.2,25947,48711,ok
22:07:00,72.6,98.4,26425,49115,ok
22:07:01,73.2,97.2,26754,49709,ok
22:07:02,76.0,98.4,25135,49098,ok
22:07:03,76.6,98.1,25166,49063,ok
22:07:04,71.8,98.7,25400,49868,ok
22:07:05,76.1,98.1,25687,49680,ok
22:07:06,75.0,97.4,26783,49078,ok
22:07:07,74.2,98.8,25493,48853,ok
22:07:08,74.1,98.5,25377,48456,ok
22:07:09,74.4,98.6,26084,48483,ok
22:07:10,75.6,97.9,26613,49268,ok
22:07:11,73.5,97.2,26883,48786,ok
22:07:12,75.2,98.2,25567,48627,ok
22:07:13,79.3,97.4,25787,48936,ok
22:07:14,74.9,97.8,25505,49303,ok
22:07:15,76.5,97.8,25874,48594,ok
22:07:16,73.5,98.6,26702,49153,ok
22:07:17,73.0,98.1,26853,49614,ok
22:07:18,79.1,97.8,25153,49100,ok
22:07:19,77.5,97.7,26394,49913,ok
22:07:20,70.9,97.9,25301,48607,ok
22:07:21,72.6,98.2,26081,48325,ok
22:07:22,74.9,97.4,25364,48395,ok
22:07:23,74.9,98.5,25160,48959,ok
22:07:24,78.1,98.2,26303,48804,ok
22:07:25,75.7,97.5,26951,49560,ok
22:07:26,75.8,98.8,26749,49337,ok
22:07:27,77.3,97.5,26291,48149,ok
22:07:28,72.6,98.2,25829,48361,ok
22:07:29,72.4,97.8,25737,48722,ok
22:07:30,75.3,97.9,26834,48937,ok
22:07:31,74.8,96.6,26064,49241,ok
22:07:32,77.5,98.6,26341,49986,ok
22:07:33,77.5,98.6,25667,49167,ok
22:07:34,73.9,98.0,25502,48089,ok
22:07:35,76.8,98.5,26660,49521,ok
22:07:36,77.3,97.6,26695,49993,ok
22:07:37,72.4,98.0,26109,49654,ok
22:07:38,73.3,98.6,25184,49363,ok
22:07:39,74.6,97.8,26456,48865,ok
22:07:40,76.5,98.4,25920,48922,ok
22:07:41,73.5,97.1,25712,49238,ok
22:07:42,71.9,99.0,25509,49622,ok
22:07:43,77.1,96.9,25669,49506,ok
22:07:44,79.1,98.0,26814,48818,ok
22:07:45,73.7,98.2,25963,48412,ok
22:07:46,75.9,98.0,25435,49911,ok
22:07:47,77.2,97.6,26070,49475,ok
22:07:48,77.1,97.7,26487,48487,ok
22:07:49,72.6,97.9,26868,49307,ok
22:07:50,73.7,97.9,25316,48792,ok
22:07:51,69.5,98.0,26380,49877,ok
22:07:52,76.7,99.2,26354,49760,ok
22:07:53,78.8,98.9,26768,49391,ok
22:07:54,76.3,97.6,26675,49721,ok
22:07:55,75.0,97.2,25053,49465,ok
22:07:56,76.4,98.6,25107,49799,ok
22:07:57,77.1,98.5,25861,49997,ok
22:07:58,74.5,97.9,25308,48677,ok
22:07:59,73.3,97.4,25129,49413,ok
22:08:00,70.8,97.5,25940,48971,ok
22:08:01,75.8,98.1,25825,49379,ok
22:08:02,75.6,99.1,26567,48413,ok
22:08:03,78.7,97.4,25440,48170,ok
22:08:04,74.6,97.1,25404,49106,ok
22:08:05,72.3,98.4,25355,49018,ok
22:08:06,74.0,97.9,25229,48631,ok
22:08:07,74.1,98.2,25485,49513,ok
22:08:08,74.8,97.8,25342,48493,ok
22:08:09,73.0,97.7,25967,49616,ok
22:08:10,78.5,97.4,25737,49859,ok
22:08:11,75.0,98.5,25194,49033,ok
22:08:12,74.9,98.3,25211,48888,ok
22:08:13,75.2,98.3,26113,49589,ok
22:08:14,76.2,97.9,25426,48604,ok
22:08:15,74.8,98.4,26149,49243,ok
22:08:16,75.1,98.6,25943,49732,ok
22:08:17,74.1,98.1,25720,49468,ok
22:08:18,76.2,97.9,26878,49242,ok
22:08:19,72.2,97.6,26332,48300,ok
22:08:20,74.8,97.5,25311,48335,ok
22:08:21,74.1,98.7,25618,48692,ok
22:08:22,78.0,97.7,26749,48605,ok
22:08:23,72.1,98.0,26307,49486,ok
22:08:24,72.3,97.2,25016,49168,ok
22:08:25,76.6,97.6,26868,49496,ok
22:08:26,76.3,98.4,26254,49954,ok
22:08:27,75.6,98.5,26102,48783,ok
22:08:28,74.7,98.2,26511,49311,ok
22:08:29,77.1,97.8,26121,49308,ok
22:08:30,73.7,98.6,25522,49460,ok
22:08:31,70.8,98.3,25749,49340,ok
22:08:32,74.2,97.4,26228,48559,ok
22:08:33,73.2,98.1,26912,48712,ok
22:08:34,73.3,98.0,25734,48837,ok
22:08:35,74.4,98.8,26148,48427,ok
22:08:36,77.0,97.9,25819,49315,ok
22:08:37,72.9,98.1,25902,48783,ok
22:08:38,75.6,97.8,25583,49444,ok
22:08:39,74.0,98.7,25422,49024,ok
22:08:40,74.5,98.1,26216,49269,ok
22:08:41,77.1,98.0,25442,48711,ok
22:08:42,74.4,98.3,26264,48376,ok
22:08:43,76.3,98.6,25451,49151,ok
22:08:44,75.7,98.6,26638,48213,ok
22:08:45,72.9,98.6,25643,48720,ok
22:08:46,74.7,98.9,26581,49761,ok
22:08:47,75.1,98.5,25901,49231,ok
22:08:48,75.3,98.3,25189,49121,ok
22:08:49,75.7,97.5,25847,49106,ok
22:08:50,73.0,97.8,26459,48295,ok
22:08:51,73.6,98.9,26927,49407,ok
22:08:52,76.3,97.7,25559,49156,ok
22:08:53,77.2,97.3,26370,48088,ok
22:08:54,76.0,97.5,25764,48139,ok
22:08:55,77.9,97.8,26977,48232,ok
22:08:56,76.2,98.3,25309,49640,ok
22:08:57,72.5,97.6,26126,48466,ok
22:08:58,76.5,97.9,25534,49486,ok
22:08:59,75.9,98.0,26586,49748,ok
22:09:00,75.0,97.6,25049,48716,ok
22:09:01,78.7,98.8,25806,49422,ok
22:09:02,77.1,98.3,25872,48403,ok
22:09:03,73.3,98.3,26350,49618,ok
22:09:04,72.5,98.8,26205,48178,ok
22:09:05,72.8,97.9,26621,49698,ok
22:09:06,75.1,98.1,25407,49667,ok
22:09:07,72.0,98.2,25481,49488,ok
22:09:08,72.8,97.8,26536,49155,ok
22:09:09,75.4,98.3,25390,48806,ok
22:09:10,75.4,97.1,25995,48521,ok
22:09:11,76.5,97.6,25942,48672,ok
22:09:12,81.2,97.6,26498,49490,ok
22:09:13,73.7,97.6,26130,48367,ok
22:09:14,76.5,97.8,25887,49475,ok
22:09:15,76.2,97.9,25135,49741,ok
22:09:16,75.1,97.9,26648,48898,ok
22:09:17,74.5,98.8,25380,48256,ok
22:09:18,78.5,97.6,25743,48526,ok
22:09:19,77.4,97.5,25671,49325,ok
22:09:20,74.6,97.4,26372,49964,ok
22:09:21,74.0,98.4,26332,49919,ok
22:09:22,76.9,98.2,25690,48656,ok
22:09:23,78.5,98.6,25909,49699,ok
22:09:24,76.4,98.0,26802,48704,ok
22:09:25,73.9,97.9,25543,49430,ok
22:09:26,78.4,97.8,25993,48571,ok
22:09:27,71.5,98.0,25735,49406,ok
22:09:28,72.2,97.8,26384,48652,ok
22:09:29,71.4,97.7,25937,49877,ok
22:09:30,71.6,98.4,25464,49245,ok
22:09:31,72.2,97.3,25665,49012,ok
22:09:32,76.1,97.8,25259,49846,ok
22:09:33,74.6,98.0,25489,49644,ok
22:09:34,78.8,97.4,26530,49784,ok
22:09:35,76.3,98.3,25576,49836,ok
22:09:36,74.3,97.7,26528,49846,ok
22:09:37,76.1,97.5,25706,48406,ok
22:09:38,75.7,97.9,26636,49912,ok
22:09:39,77.0,98.3,26020,48858,ok
22:09:40,72.7,98.3,25628,48117,ok
22:09:41,72.6,98.5,26986,49598,ok
22:09:42,77.4,97.3,26649,49304,ok
22:09:43,78.6,96.9,25036,49873,ok
22:09:44,76.8,98.6,25806,48899,ok
22:09:45,73.4,98.3,25813,48077,ok
22:09:46,76.5,98.1,25245,49170,ok
22:09:47,74.2,98.4,25946,48264,ok
22:09:48,75.4,97.6,26777,48016,ok
22:09:49,74.4,97.7,26900,48099,ok
22:09:50,73.9,98.3,26966,49545,ok
22:09:51,78.0,98.3,25864,48797,ok
22:09:52,73.4,98.0,25846,48705,ok
22:09:53,74.9,98.6,25210,49689,ok
22:09:54,73.9,97.7,26877,49490,ok
22:09:55,77.5,97.9,26048,49367,ok
22:09:56,75.1,98.1,26233,48039,ok
22:09:57,77.9,98.5,26399,48289,ok
22:09:58,71.4,99.2,25175,49795,ok
22:09:59,76.6,97.0,26718,48547,ok
22:10:00,63.9,96.6,26067,48482,ok
22:10:01,66.8,96.0,25916,48647,ok
22:10:02,63.0,96.9,25094,49980,ok
22:10:03,69.1,96.9,26825,48952,ok
22:10:04,65.9,97.6,26645,49719,ok
22:10:05,61.3,96.6,25042,48714,ok
22:10:06,63.7,97.0,26570,48517,ok
22:10:07,62.8,97.2,26726,48821,ok
22:10:08,63.9,97.0,26635,49440,ok
22:10:09,66.0,96.8,25825,49944,ok
22:10:10,63.2,97.0,26275,48782,ok
22:10:11,60.5,96.6,25043,49967,ok
22:10:12,68.5,97.8,25706,49342,ok
22:10:13,65.3,95.6,26704,48725,ok
22:10:14,67.3,97.5,26726,48569,ok
22:10:15,64.0,97.9,26645,49495,ok
22:10:16,64.0,96.7,25290,49915,ok
22:10:17,65.7,96.1,25830,49498,ok
22:10:18,64.9,96.7,26040,49105,ok
22:10:19,63.2,96.3,25635,48728,ok
22:10:20,65.5,97.3,25928,48935,ok
22:10:21,63.1,96.5,26320,48400,ok
22:10:22,66.5,96.8,25015,49229,ok
22:10:23,68.3,96.1,26821,48517,ok
22:10:24,65.9,97.5,26135,49148,ok
22:10:25,67.7,98.5,25198,48589,ok
22:10:26,65.6,96.5,26422,48192,ok
22:10:27,64.8,96.3,26074,48281,ok
22:10:28,61.4,96.8,26475,49242,ok
22:10:29,62.2,97.4,25011,49676,ok
22:10:30,66.8,97.0,25121,49685,ok
22:10:31,66.1,96.4,26485,48018,ok
22:10:32,64.9,97.8,26669,49716,ok
22:10:33,66.8,96.3,25066,48710,ok
22:10:34,66.9,96.5,26420,48963,ok
22:10:35,66.6,96.9,25050,48478,ok
22:10:36,66.3,96.4,26449,48315,ok
22:10:37,66.0,98.3,25062,49663,ok
22:10:38,65.8,97.2,26893,49618,ok
22:10:39,65.8,97.8,25474,49630,ok
22:10:40,65.4,96.4,25275,48662,ok
22:10:41,62.4,97.0,26280,49515,ok
22:10:42,66.1,97.0,26112,48265,ok
22:10:43,70.3,96.7,26752,48611,ok
22:10:44,68.9,96.4,25514,49124,ok
22:10:45,67.6,97.3,25456,49677,ok
22:10:46,65.4,96.9,26147,49248,ok
22:10:47,63.6,98.0,25353,48196,ok
22:10:48,66.6,97.2,26074,49060,ok
22:10:49,67.7,97.0,26913,48613,ok
22:10:50,65.8,96.8,25479,49364,ok
22:10:51,65.4,96.5,25067,49787,ok
22:10:52,66.7,97.3,26826,49310,ok
22:10:53,65.8,96.8,26012,49089,ok
22:10:54,65.0,97.3,26106,48072,ok
22:10:55,67.7,96.4,26264,49055,ok
22:10:56,63.5,97.5,26175,49970,ok
22:10:57,65.8,96.8,25871,49002,ok
22:10:58,64.8,96.9,26828,48727,ok
22:10:59,64.6,97.9,26104,49043,ok
22:11:00,64.6,97.9,26679,49270,ok
22:11:01,67.4,96.8,26156,48238,ok
22:11:02,64.1,98.1,26073,48047,ok
22:11:03,66.1,96.6,26793,48573,ok
22:11:04,67.6,96.4,26252,48276,ok
22:11:05,66.1,97.3,25456,49186,ok
22:11:06,64.6,96.8,26268,49909,ok
22:11:07,63.9,97.5,25795,49462,ok
22:11:08,62.8,96.6,26856,49273,ok
22:11:09,66.0,97.4,26167,49454,ok
22:11:10,67.4,97.6,26302,49939,ok
22:11:11,68.3,97.4,26593,49859,ok
22:11:12,63.1,96.2,25534,49523,ok
22:11:13,65.3,97.9,25835,49789,ok
22:11:14,66.7,96.7,26967,48946,ok
22:11:15,63.5,97.4,26669,48897,ok
22:11:16,65.5,97.3,25976,49487,ok
22:11:17,67.6,97.4,26399,49565,ok
22:11:18,65.4,96.8,26192,48425,ok
22:11:19,68.7,97.8,26599,49874,ok
22:11:20,64.9,97.1,25624,48321,ok
22:11:21,64.6,97.2,25730,48784,ok
22:11:22,65.2,97.3,25148,49423,ok
22:11:23,63.2,97.0,26692,49663,ok
22:11:24,67.4,96.7,26995,49401,ok
22:11:25,63.9,96.6,26351,49877,ok
22:11:26,67.5,96.6,25158,48223,ok
22:11:27,66.5,96.9,25453,49055,ok
22:11:28,62.4,96.6,25978,48778,ok
22:11:29,63.8,97.1,26163,49624,ok
22:11:30,66.9,96.4,25012,49333,ok
22:11:31,63.8,97.0,26287,48248,ok
22:11:32,65.0,96.3,25257,49193,ok
22:11:33,65.1,97.4,26926,48176,ok
22:11:34,65.8,97.3,25203,48343,ok
22:11:35,68.0,97.3,25869,49665,ok
22:11:36,63.6,97.3,26614,49612,ok
22:11:37,64.2,97.0,25396,48726,ok
22:11:38,64.5,96.9,26451,48174,ok
22:11:39,66.4,97.3,26401,48012,ok
22:11:40,70.3,96.6,26121,49775,ok
22:11:41,68.1,96.8,26114,48453,ok
22:11:42,65.1,97.6,25497,48497,ok
22:11:43,66.5,97.0,25878,48135,ok
22:11:44,68.7,97.6,26511,48031,ok
22:11:45,63.8,97.0,26395,49984,ok
22:11:46,65.5,96.7,25452,48774,ok
22:11:47,65.7,96.9,26441,49597,ok
22:11:48,64.0,96.8,26214,49432,ok
22:11:49,64.3,97.4,25860,48100,ok
22:11:50,65.0,98.0,25061,48920,ok
22:11:51,67.5,97.4,25357,49843,ok
22:11:52,68.7,97.6,26644,49694,ok
22:11:53,64.9,97.3,26885,49735,ok
22:11:54,66.4,97.2,26139,49651,ok
22:11:55,66.2,97.3,26646,49060,ok
22:11:56,63.6,96.8,25236,48899,ok
22:11:57,66.6,97.3,25014,49548,ok
22:11:58,62.0,96.9,25659,49872,ok
22:11:59,68.2,95.9,26436,48469,ok
22:12:00,64.6,97.4,25631,48131,ok
22:12:01,65.7,97.5,26751,49769,ok
22:12:02,62.8,96.2,25172,48931,ok
22:12:03,64.2,96.7,26066,49613,ok
22:12:04,63.0,97.3,26007,49061,ok
22:12:05,61.8,97.1,25090,49653,ok
22:12:06,62.6,96.6,26793,49795,ok
22:12:07,62.6,96.4,25509,49619,ok
22:12:08,65.5,95.8,26632,49408,ok
22:12:09,63.6,97.8,26881,48847,ok
22:12:10,65.9,97.5,25667,48721,ok
22:12:11,63.6,97.6,25659,49584,ok
22:12:12,64.5,97.0,25562,49312,ok
22:12:13,70.2,96.8,26004,49928,ok
22:12:14,62.8,96.8,25170,49307,ok
22:12:15,67.0,96.9,25230,49651,ok
22:12:16,64.2,96.2,26369,48842,ok
22:12:17,63.6,97.1,25743,48315,ok
22:12:18,66.4,96.5,26075,48494,ok
22:12:19,63.5,96.6,26245,48555,ok
22:12:20,62.3,96.6,25659,48161,ok
22:12:21,63.9,97.2,25277,49504,ok
22:12:22,68.4,97.4,25719,49043,ok
22:12:23,62.2,96.7,25542,48480,ok
22:12:24,64.5,96.9,25224,49633,ok
22:12:25,68.9,96.3,25591,48106,ok
22:12:26,67.9,97.7,25631,49560,ok
22:12:27,66.2,96.3,26726,49893,ok
22:12:28,64.8,96.0,26482,49514,ok
22:12:29,64.7,97.0,26816,49790,ok
22:12:30,68.4,96.9,25031,48957,ok
22:12:31,63.7,96.7,26015,49780,ok
22:12:32,67.3,97.5,25665,49010,ok
22:12:33,67.4,97.4,26481,48554,ok
22:12:34,64.3,97.5,26145,48304,ok
22:12:35,63.1,96.1,25570,48576,ok
22:12:36,63.4,96.8,25924,48105,ok
22:12:37,64.3,97.8,26539,48409,ok
22:12:38,64.7,96.2,25962,48681,ok
22:12:39,65.5,96.7,25027,49792,ok
22:12:40,67.2,97.1,26840,48046,ok
22:12:41,64.6,96.7,25090,49585,ok
22:12:42,64.9,97.2,26094,49932,ok
22:12:43,67.1,96.7,25433,49180,ok
22:12:44,67.0,96.5,25359,48805,ok
22:12:45,62.7,97.4,25379,48791,ok
22:12:46,65.6,96.9,26413,49592,ok
22:12:47,67.8,97.7,26486,48831,ok
22:12:48,64.3,97.4,25523,49174,ok
22:12:49,66.7,97.4,25038,48504,ok
22:12:50,64.7,96.4,25034,49461,ok
22:12:51,67.1,96.3,26524,48619,ok
22:12:52,63.0,97.6,25132,48953,ok
22:12:53,63.2,97.3,25644,48070,ok
22:12:54,62.3,97.1,26851,49876,ok
22:12:55,65.3,96.6,26050,48080,ok
22:12:56,64.7,96.7,25984,49137,ok
22:12:57,62.8,97.4,26574,49884,ok
22:12:58,64.9,96.6,26522,49864,ok
22:12:59,64.7,96.5,26463,48804,ok
22:13:00,64.3,97.4,25644,49242,ok
22:13:01,63.6,97.5,25414,49512,ok
22:13:02,63.2,97.2,26583,48845,ok
22:13:03,65.4,97.3,26062,49503,ok
22:13:04,64.5,97.2,25948,48366,ok
22:13:05,65.8,97.3,25419,48765,ok
22:13:06,65.5,97.1,26288,49634,ok
22:13:07,65.3,96.7,26712,49988,ok
22:13:08,64.4,97.0,25222,49485,ok
22:13:09,66.9,96.1,25998,49690,ok
22:13:10,64.7,96.7,25875,49043,ok
22:13:11,66.0,97.0,26800,49717,ok
22:13:12,65.7,97.0,26480,48652,ok
22:13:13,67.1,97.0,26875,49763,ok
22:13:14,65.5,96.5,25826,49342,ok
22:13:15,67.7,97.0,26027,49532,ok
22:13:16,65.4,97.2,25122,48215,ok
22:13:17,67.9,97.2,25819,49487,ok
22:13:18,67.9,97.2,25835,48720,ok
22:13:19,64.1,97.0,25544,48982,ok
22:13:20,63.7,96.0,25413,48819,ok
22:13:21,67.9,97.4,26483,49828,ok
22:13:22,67.1,97.0,26737,49094,ok
22:13:23,62.1,96.9,26079,48209,ok
22:13:24,66.0,97.1,26819,49606,ok
22:13:25,61.0,97.7,25383,48786,ok
22:13:26,66.0,97.5,25797,48196,ok
22:13:27,65.8,96.8,25085,48460,ok
22:13:28,63.7,96.4,25654,49753,ok
22:13:29,65.1,96.3,25105,48761,ok
22:13:30,65.2,97.0,26172,49838,ok
22:13:31,66.5,97.8,26674,49313,ok
22:13:32,64.1,97.1,25596,48321,ok
22:13:33,66.0,97.4,26434,49527,ok
22:13:34,67.0,97.7,26648,49274,ok
22:13:35,67.3,96.6,26507,49341,ok
22:13:36,63.8,97.3,26532,48472,ok
22:13:37,65.3,96.3,25751,49239,ok
22:13:38,65.4,96.9,25914,48053,ok
22:13:39,67.7,97.7,26916,49509,ok
22:13:40,65.5,97.4,25042,48117,ok
22:13:41,62.1,95.8,25871,49331,ok
22:13:42,63.1,96.2,26644,48348,ok
22:13:43,63.6,96.3,25990,49892,ok
22:13:44,66.3,97.9,25890,49918,ok
22:13:45,66.9,97.0,26448,48731,ok
22:13:46,67.3,97.0,25719,49297,ok
22:13:47,65.4,96.8,26897,48918,ok
22:13:48,67.0,97.5,25017,48543,ok
22:13:49,66.0,97.1,26943,48292,ok
22:13:50,65.4,96.0,25002,48480,ok
22:13:51,65.1,97.3,26553,49788,ok
22:13:52,65.1,97.0,25389,48898,ok
22:13:53,65.2,96.1,25420,49140,ok
22:13:54,65.4,96.4,25912,48904,ok
22:13:55,64.1,95.7,26678,49234,ok
22:13:56,63.4,97.0,25290,49988,ok
22:13:57,67.5,96.4,26297,49621,ok
22:13:58,61.7,96.2,25792,49198,ok
22:13:59,61.9,96.8,25366,49160,ok
22:14:00,62.0,96.8,26688,48213,ok
22:14:01,63.4,97.3,26426,48644,ok
22:14:02,67.5,97.2,26644,48517,ok
22:14:03,67.7,97.6,26401,48644,ok
22:14:04,65.7,97.2,26384,49584,ok
22:14:05,63.9,96.9,26427,48532,ok
22:14:06,64.9,97.9,25495,49796,ok
22:14:07,65.1,97.6,25487,49800,ok
22:14:08,66.8,97.0,26746,48358,ok
22:14:09,66.5,97.4,25776,49525,ok
22:14:10,67.4,96.4,26138,49285,ok
22:14:11,67.0,96.5,26879,49663,ok
22:14:12,63.8,96.9,26307,48942,ok
22:14:13,65.8,97.2,25381,48626,ok
22:14:14,62.9,95.8,25393,48346,ok
22:14:15,66.4,97.5,26411,49392,ok
22:14:16,67.4,97.8,25527,48185,ok
22:14:17,66.1,96.9,25039,48260,ok
22:14:18,63.3,97.7,25908,48819,ok
22:14:19,65.8,96.3,25920,48994,ok
22:14:20,66.1,96.5,26285,49457,ok
22:14:21,63.4,97.1,25987,49631,ok
22:14:22,64.2,96.1,25317,49297,ok
22:14:23,66.5,97.0,26295,49770,ok
22:14:24,69.6,97.1,25630,48528,ok
22:14:25,65.8,98.0,25444,48410,ok
22:14:26,67.5,97.6,26097,48853,ok
22:14:27,63.4,96.4,26228,48812,ok
22:14:28,65.2,96.6,25778,48849,ok
22:14:29,65.2,97.9,26384,49859,ok
22:14:30,69.3,96.7,26896,49412,ok
22:14:31,64.4,96.5,25638,48743,ok
22:14:32,65.8,96.4,26644,48952,ok
22:14:33,64.0,95.5,26564,49879,ok
22:14:34,62.2,96.9,26265,48375,ok
22:14:35,67.0,97.7,25112,48007,ok
22:14:36,66.5,97.8,25706,49797,ok
22:14:37,64.6,96.7,26973,49059,ok
22:14:38,64.3,97.2,26445,49186,ok
22:14:39,65.2,97.0,26572,49787,ok
22:14:40,66.6,96.4,25263,48446,ok
22:14:41,62.8,97.3,26286,49377,ok
22:14:42,64.2,97.0,25943,48721,ok
22:14:43,69.7,97.5,25995,48451,ok
22:14:44,61.3,97.1,25558,49388,ok
22:14:45,61.1,96.7,26978,48080,ok
22:14:46,63.8,96.5,26498,48585,ok
22:14:47,66.6,97.3,26733,49171,ok
22:14:48,64.8,96.7,25089,48898,ok
22:14:49,62.7,96.5,26173,48620,ok
22:14:50,64.6,97.6,25057,49429,ok
22:14:51,64.6,96.4,25177,49276,ok
22:14:52,62.6,96.7,25613,48535,ok
22:14:53,65.3,97.7,26107,49775,ok
22:14:54,62.5,96.8,25099,49387,ok
22:14:55,63.9,96.9,25734,48838,ok
22:14:56,67.7,97.4,25188,48551,ok
22:14:57,62.2,97.3,26104,48368,ok
22:14:58,63.3,96.3,26642,49625,ok
22:14:59,63.1,96.1,25313,48970,ok
22:15:00,68.0,97.2,25111,48286,ok
22:15:01,64.9,96.6,25816,49383,ok
22:15:02,63.5,97.1,25605,48286,ok
22:15:03,65.5,96.6,25102,48885,ok
22:15:04,62.5,96.2,25407,49299,ok
22:15:05,60.5,97.3,25142,48280,ok
22:15:06,68.7,97.4,26242,48237,ok
22:15:07,65.8,97.1,26837,49573,ok
22:15:08,64.1,96.7,25007,49504,ok
22:15:09,64.2,97.3,26515,49159,ok
22:15:10,63.6,96.2,26866,49970,ok
22:15:11,65.1,97.5,26540,48719,ok
22:15:12,68.2,96.8,25428,48180,ok
22:15:13,62.2,96.7,25159,48101,ok
22:15:14,66.7,97.5,26105,48438,ok
22:15:15,63.8,96.4,26146,49437,ok
22:15:16,66.3,97.4,26117,49504,ok
22:15:17,64.2,97.4,26538,49890,ok
22:15:18,62.3,97.3,26265,49613,ok
22:15:19,61.0,97.4,26572,49514,ok
22:15:20,64.3,97.0,26012,49315,ok
22:15:21,62.8,97.4,25094,48550,ok
22:15:22,65.4,97.5,25979,48566,ok
22:15:23,64.6,96.1,26786,48650,ok
22:15:24,62.8,96.3,25958,48042,ok
22:15:25,65.4,97.8,26339,48984,ok
22:15:26,65.8,96.2,25318,49721,ok
22:15:27,60.3,96.8,26414,49553,ok
22:15:28,62.1,96.2,25739,49668,ok
22:15:29,69.6,97.3,26162,49745,ok
22:15:30,63.7,97.3,25521,48175,ok
22:15:31,64.4,96.9,26807,49683,ok
22:15:32,66.4,97.0,26265,48600,ok
22:15:33,67.5,97.1,26645,48192,ok
22:15:34,65.8,96.6,25651,48913,ok
22:15:35,63.9,96.5,26006,48641,ok
22:15:36,64.3,97.0,25057,49709,ok
22:15:37,65.2,96.1,26313,49242,ok
22:15:38,63.4,98.2,25199,49338,ok
22:15:39,64.9,97.1,26109,48171,ok
22:15:40,63.0,96.8,26078,48923,ok
22:15:41,68.0,96.7,26882,49356,ok
22:15:42,65.7,97.2,25620,48469,ok
22:15:43,64.4,96.3,25264,49544,ok
22:15:44,65.6,97.5,26706,49573,ok
22:15:45,66.8,97.7,25583,49572,ok
22:15:46,64.5,97.0,26106,49713,ok
22:15:47,63.0,96.8,26172,49541,ok
22:15:48,66.9,97.8,25112,49662,ok
22:15:49,66.9,96.9,25904,49647,ok
22:15:50,63.0,96.8,25393,48727,ok
22:15:51,66.8,96.6,26188,48382,ok
22:15:52,65.5,97.2,25908,48809,ok
22:15:53,67.5,96.0,25446,48964,ok
22:15:54,64.4,97.1,26172,49800,ok
22:15:55,66.5,97.5,26494,48604,ok
22:15:56,63.3,97.4,26232,49334,ok
22:15:57,63.3,97.4,26679,48227,ok
22:15:58,63.1,97.3,26011,48160,ok
22:15:59,63.8,95.9,25227,49157,ok
22:16:00,65.7,97.1,25637,48102,ok
22:16:01,63.9,96.7,25295,49189,ok
22:16:02,68.1,97.2,26042,48414,ok
22:16:03,66.8,97.2,26714,48037,ok
22:16:04,66.7,97.1,26642,48531,ok
22:16:05,66.8,97.7,26562,49996,ok
22:16:06,60.9,97.4,25920,48961,ok
22:16:07,62.6,97.2,26068,49969,ok
22:16:08,64.3,97.3,25927,49693,ok
22:16:09,65.9,96.9,26593,48677,ok
22:16:10,61.9,96.7,25821,48507,ok
22:16:11,62.5,95.2,26494,48135,ok
22:16:12,66.4,97.3,25086,49681,ok
22:16:13,64.0,97.1,26794,48251,ok
22:16:14,60.7,96.6,25612,49210,ok
22:16:15,65.9,97.0,26594,49581,ok
22:16:16,63.4,96.4,25299,49064,ok
22:16:17,62.9,96.9,25064,48885,ok
22:16:18,65.9,95.9,26238,48469,ok
22:16:19,64.5,96.8,25044,49466,ok
22:16:20,64.3,97.4,26163,49952,ok
22:16:21,62.9,95.7,26440,49805,ok
22:16:22,64.7,96.4,25576,49085,ok
22:16:23,64.7,97.1,25356,49211,ok
22:16:24,64.1,97.1,26409,48715,ok
22:16:25,65.2,97.9,26176,48588,ok
22:16:26,66.3,96.8,25681,49363,ok
22:16:27,63.3,97.9,25356,49667,ok
22:16:28,64.4,96.2,26700,49453,ok
22:16:29,66.1,96.7,26772,48388,ok
22:16:30,61.3,97.9,25300,49751,ok
22:16:31,66.0,97.2,25976,48024,ok
22:16:32,64.0,97.4,26154,49860,ok
22:16:33,65.1,97.1,26161,48514,ok
22:16:34,61.9,97.6,26123,48174,ok
22:16:35,65.4,96.7,26061,48920,ok
22:16:36,68.1,96.4,26160,48061,ok
22:16:37,63.8,96.6,26952,49238,ok
22:16:38,61.0,98.4,25141,48424,ok
22:16:39,63.5,96.8,25909,49775,ok
22:16:40,68.3,97.3,25008,49250,ok
22:16:41,67.6,96.3,25749,49324,ok
22:16:42,65.8,97.1,26946,49470,ok
22:16:43,66.9,97.2,25605,48673,ok
22:16:44,67.8,97.5,26086,48918,ok
22:16:45,67.2,97.6,26613,49814,ok
22:16:46,62.7,96.4,26431,49265,ok
22:16:47,63.7,97.0,26671,49693,ok
22:16:48,64.8,97.5,26567,49539,ok
22:16:49,65.9,97.0,26115,48687,ok
22:16:50,62.0,97.4,25577,48057,ok
22:16:51,67.0,96.8,26974,49851,ok
22:16:52,65.4,97.1,25365,48624,ok
22:16:53,67.2,97.9,25622,48709,ok
22:16:54,64.4,96.3,25411,48461,ok
22:16:55,64.4,97.0,26788,48488,ok
22:16:56,65.5,96.5,26114,48747,ok
22:16:57,63.7,96.9,26045,49972,ok
22:16:58,63.5,97.0,25907,49069,ok
22:16:59,64.1,96.7,26079,48830,ok
22:17:00,63.7,96.8,26679,48220,ok
22:17:01,64.8,97.7,26651,49640,ok
22:17:02,68.4,96.3,25873,48402,ok
22:17:03,64.8,96.6,25956,48265,ok
22:17:04,63.7,96.3,26845,48923,ok
22:17:05,62.3,95.9,25831,48285,ok
22:17:06,67.4,97.2,25155,48415,ok
22:17:07,64.9,96.6,26542,48895,ok
22:17:08,66.8,98.3,26055,48873,ok
22:17:09,62.5,96.6,25407,49819,ok
22:17:10,66.3,97.0,26105,49881,ok
22:17:11,64.8,96.9,25585,49606,ok
22:17:12,62.8,96.6,25234,48202,ok
22:17:13,62.7,97.7,25084,48649,ok
22:17:14,66.8,95.8,26391,49207,ok
22:17:15,65.8,97.1,25558,48398,ok
22:17:16,64.6,97.2,26862,48229,ok
22:17:17,66.2,97.5,25728,48402,ok
22:17:18,61.1,96.5,26278,48619,ok
22:17:19,64.3,96.5,25199,49736,ok
22:17:20,67.8,97.6,26196,48334,ok
22:17:21,64.8,97.5,25341,48923,ok
22:17:22,63.5,98.3,25020,48656,ok
22:17:23,66.9,96.8,26487,48737,ok
22:17:24,62.7,98.1,25136,48820,ok
22:17:25,62.3,97.1,26380,48422,ok
22:17:26,66.3,97.8,25163,48175,ok
22:17:27,67.3,97.2,26791,48612,ok
22:17:28,64.1,96.8,25199,48691,ok
22:17:29,62.4,97.3,25065,48416,ok
22:17:30,66.6,96.9,25616,49706,ok
22:17:31,63.4,97.1,26259,48356,ok
22:17:32,64.4,97.5,26905,49887,ok
22:17:33,60.8,97.0,25057,48259,ok
22:17:34,72.6,97.1,25734,48001,ok
22:17:35,63.5,96.6,25007,49589,ok
22:17:36,66.7,97.4,25814,48451,ok
22:17:37,65.2,97.2,26366,49737,ok
22:17:38,64.0,97.3,26025,49172,ok
22:17:39,65.7,97.3,26250,48588,ok
22:17:40,63.2,97.3,26456,48320,ok
22:17:41,63.2,96.7,26517,49821,ok
22:17:42,66.4,97.0,25381,48047,ok
22:17:43,65.0,97.4,26465,48774,ok
22:17:44,65.4,97.1,26508,49472,ok
22:17:45,63.9,96.8,25453,48061,ok
22:17:46,64.7,95.8,25142,48746,ok
22:17:47,64.1,95.9,25027,49068,ok
22:17:48,63.3,97.3,26489,49411,ok
22:17:49,61.9,97.0,25293,48424,ok
22:17:50,67.0,96.9,26136,48796,ok
22:17:51,68.1,96.2,26608,48872,ok
22:17:52,67.8,97.2,26039,49307,ok
22:17:53,64.4,97.5,25249,48123,ok
22:17:54,63.6,96.7,26956,48725,ok
22:17:55,65.5,97.0,25345,48054,ok
22:17:56,64.3,97.1,25616,48766,ok
22:17:57,67.7,98.1,26161,48297,ok
22:17:58,66.0,96.5,26890,49097,ok
22:17:59,68.5,96.3,25425,49654,ok
22:18:00,64.9,96.7,26339,49066,ok
22:18:01,62.6,97.5,25439,49067,ok
22:18:02,63.7,96.3,25440,48498,ok
22:18:03,66.4,96.4,26428,49884,ok
22:18:04,66.9,97.5,25361,48699,ok
22:18:05,66.4,95.7,26356,49193,ok
22:18:06,69.4,97.8,25069,49122,ok
22:18:07,67.9,96.8,25554,48031,ok
22:18:08,66.3,97.3,25083,48087,ok
22:18:09,68.1,96.9,26609,49808,ok
22:18:10,63.5,97.4,26269,49767,ok
22:18:11,61.8,97.4,25201,48480,ok
22:18:12,67.5,97.2,25959,48608,ok
22:18:13,69.2,97.1,26127,48433,ok
22:18:14,66.0,96.9,25831,49671,ok
22:18:15,61.7,96.8,25445,49436,ok
22:18:16,61.1,97.3,26259,48924,ok
22:18:17,64.2,97.8,25531,48135,ok
22:18:18,66.9,96.4,25059,49003,ok
22:18:19,62.7,97.3,25825,48261,ok
22:18:20,66.4,96.8,25191,48710,ok
22:18:21,63.9,97.0,25308,49127,ok
22:18:22,63.5,96.5,26677,48864,ok
22:18:23,67.5,96.1,25949,49237,ok
22:18:24,65.2,97.5,26083,48891,ok
22:18:25,66.3,96.9,26895,48588,ok
22:18:26,66.9,96.7,26312,48804,ok
22:18:27,64.1,97.5,25654,49368,ok
22:18:28,63.3,96.8,25027,49698,ok
22:18:29,67.4,96.9,25720,48839,ok
22:18:30,61.0,96.5,26911,49221,ok
22:18:31,66.5,96.9,26163,48199,ok
22:18:32,62.2,96.9,26506,49168,ok
22:18:33,64.7,95.8,25025,48303,ok
22:18:34,64.0,97.4,26840,49658,ok
22:18:35,64.6,97.6,25388,49641,ok
22:18:36,64.5,98.4,26586,49025,ok
22:18:37,62.6,96.9,25427,48672,ok
22:18:38,65.9,97.0,25114,48928,ok
22:18:39,66.5,96.2,26088,49837,ok
22:18:40,64.6,97.8,26345,49462,ok
22:18:41,62.3,98.4,25031,48637,ok
22:18:42,65.8,96.8,26376,49228,ok
22:18:43,69.4,97.4,25842,48319,ok
22:18:44,68.3,97.9,25944,48734,ok
22:18:45,67.9,97.2,25738,48585,ok
22:18:46,65.1,96.7,26223,49254,ok
22:18:47,65.2,97.0,25708,48276,ok
22:18:48,67.6,97.2,26766,49800,ok
22:18:49,64.8,96.7,25392,49304,ok
22:18:50,65.7,96.1,25354,48311,ok
22:18:51,68.4,97.2,26993,49965,ok
22:18:52,64.9,97.8,25566,48783,ok
22:18:53,65.6,96.7,26663,49493,ok
22:18:54,62.1,96.2,25712,49457,ok
22:18:55,65.8,96.9,26786,48349,ok
22:18:56,65.5,97.3,26064,48701,ok
22:18:57,65.7,97.2,25652,48674,ok
22:18:58,64.5,97.3,25632,48455,ok
22:18:59,63.5,97.3,25364,48619,ok
22:19:00,69.1,96.4,25693,49610,ok
22:19:01,63.6,97.4,26415,48589,ok
22:19:02,66.8,97.7,26351,49046,ok
22:19:03,64.4,96.5,25926,49806,ok
22:19:04,67.5,97.2,25710,49376,ok
22:19:05,63.3,96.5,26038,48469,ok
22:19:06,64.0,96.3,26483,49778,ok
22:19:07,65.4,96.8,26596,48965,ok
22:19:08,64.4,96.6,25460,48138,ok
22:19:09,62.9,97.5,26484,49355,ok
22:19:10,62.9,97.0,25017,49829,ok
22:19:11,65.7,97.0,25943,48005,ok
22:19:12,69.5,97.0,25027,48246,ok
22:19:13,69.4,96.1,25464,49803,ok
22:19:14,63.4,98.0,25722,49517,ok
22:19:15,62.4,96.9,26407,49681,ok
22:19:16,66.8,97.1,25089,49153,ok
22:19:17,67.8,96.5,25431,48506,ok
22:19:18,64.2,97.3,26241,48534,ok
22:19:19,64.1,97.4,26584,49866,ok
22:19:20,66.5,96.8,25008,49163,ok
22:19:21,64.2,96.8,25169,49929,ok
22:19:22,62.6,96.2,25933,49870,ok
22:19:23,63.4,97.3,26195,48968,ok
22:19:24,65.8,95.8,25854,48358,ok
22:19:25,65.2,96.9,26576,49178,ok
22:19:26,64.9,96.4,26828,49564,ok
22:19:27,66.0,97.3,25120,48793,ok
22:19:28,61.6,96.6,25208,49851,ok
22:19:29,65.0,97.7,25664,48450,ok
22:19:30,64.4,97.0,25858,49482,ok
22:19:31,62.9,96.8,25536,49625,ok
22:19:32,64.8,96.7,25294,49546,ok
22:19:33,64.4,96.6,25337,48673,ok
22:19:34,59.9,97.5,25879,48409,ok
22:19:35,65.7,96.8,26306,48362,ok
22:19:36,66.5,98.2,26632,49777,ok
22:19:37,64.2,97.0,25461,48520,ok
22:19:38,66.4,96.7,25841,49015,ok
22:19:39,66.6,96.7,26885,49372,ok
22:19:40,65.0,97.7,25192,49128,ok
22:19:41,67.1,96.9,25450,48462,ok
22:19:42,63.2,97.2,26045,48659,ok
22:19:43,62.7,96.8,26147,48875,ok
22:19:44,63.1,96.6,25121,48417,ok
22:19:45,67.7,96.4,25536,49129,ok
22:19:46,65.1,97.4,26286,49022,ok
22:19:47,64.3,97.4,26797,49226,ok
22:19:48,66.4,97.8,25128,48895,ok
22:19:49,67.2,97.7,26800,48990,ok
22:19:50,64.2,96.7,25889,49029,ok
22:19:51,64.6,97.2,26329,49553,ok
22:19:52,66.0,96.9,25147,49785,ok
22:19:53,61.8,96.7,26343,49594,ok
22:19:54,62.5,96.3,25591,49060,ok
22:19:55,64.6,98.0,26288,49559,ok
22:19:56,60.5,96.8,25508,49348,ok
22:19:57,63.3,96.4,26498,49942,ok
22:19:58,68.3,97.5,26047,48619,ok
22:19:59,65.5,97.1,26701,48142,ok
22:20:00,63.7,97.2,26617,48616,ok
22:20:01,65.6,97.4,25714,48677,ok
22:20:02,64.3,97.1,26214,49704,ok
22:20:03,67.6,96.7,25360,49121,ok
22:20:04,62.9,96.4,25638,49024,ok
22:20:05,66.6,97.3,26361,49881,ok
22:20:06,64.6,97.0,26615,49921,ok
22:20:07,64.7,96.6,26829,49187,ok
22:20:08,64.3,96.7,25110,48028,ok
22:20:09,64.3,97.0,26419,49506,ok
22:20:10,65.5,97.4,25903,49770,ok
22:20:11,66.5,96.9,26428,49536,ok
22:20:12,64.6,96.8,25410,48396,ok
22:20:13,67.1,96.9,25435,48661,ok
22:20:14,63.7,96.3,26842,48306,ok
22:20:15,68.0,97.4,26788,49727,ok
22:20:16,64.4,97.0,25138,48961,ok
22:20:17,66.2,96.6,26285,48369,ok
22:20:18,65.0,97.2,26485,48167,ok
22:20:19,65.2,97.8,25743,49069,ok
22:20:20,65.5,97.6,26607,48967,ok
22:20:21,65.8,97.5,25961,48301,ok
22:20:22,65.5,98.2,26836,49985,ok
22:20:23,70.1,97.2,26232,48868,ok
22:20:24,63.2,97.1,26597,48434,ok
22:20:25,63.7,96.7,25711,49623,ok
22:20:26,65.7,96.7,25585,48349,ok
22:20:27,69.2,97.1,26969,49841,ok
22:20:28,66.7,97.1,26546,48594,ok
22:20:29,65.3,97.4,25122,49406,ok
22:20:30,67.3,96.7,26117,48055,ok
22:20:31,64.1,97.5,26961,49988,ok
22:20:32,63.6,97.4,26754,49103,ok
22:20:33,62.2,96.6,25609,48027,ok
22:20:34,65.2,97.2,26452,48398,ok
22:20:35,63.0,97.9,26875,49126,ok
22:20:36,64.0,97.8,26566,48818,ok
22:20:37,63.5,96.9,26265,48857,ok
22:20:38,66.0,97.3,25142,49725,ok
22:20:39,65.8,97.0,25941,49835,ok
22:20:40,62.5,97.1,26601,49690,ok
22:20:41,65.9,97.3,25123,49094,ok
22:20:42,62.4,96.7,26054,48617,ok
22:20:43,67.9,97.2,26593,49161,ok
22:20:44,65.0,96.3,25974,49046,ok
22:20:45,63.6,96.6,25770,48915,ok
22:20:46,65.4,97.5,26528,48262,ok
22:20:47,68.0,97.0,26518,48846,ok
22:20:48,62.5,97.2,26767,49605,ok
22:20:49,65.6,97.2,25792,48712,ok
22:20:50,64.8,97.1,25189,49307,ok
22:20:51,66.6,97.0,26443,49102,ok
22:20:52,66.0,97.2,25616,48033,ok
22:20:53,66.1,98.5,26520,49919,ok
22:20:54,67.5,96.9,26060,48115,ok
22:20:55,63.2,97.6,25546,48881,ok
22:20:56,62.2,96.6,25774,48832,ok
22:20:57,66.3,97.4,25567,49801,ok
22:20:58,67.3,96.7,25415,48671,ok
22:20:59,60.8,97.3,26689,49921,ok
22:21:00,63.1,96.8,25080,49674,ok
22:21:01,62.8,97.0,26151,49197,ok
22:21:02,63.3,96.8,25209,49975,ok
22:21:03,66.1,97.6,25997,49012,ok
22:21:04,63.1,97.6,26655,49831,ok
22:21:05,62.3,98.1,25416,48887,ok
22:21:06,61.8,96.0,26022,49038,ok
22:21:07,64.8,96.9,25042,49572,ok
22:21:08,65.0,97.7,25109,48977,ok
22:21:09,65.5,95.9,26277,48933,ok
22:21:10,64.4,96.4,25918,48541,ok
22:21:11,63.7,96.5,26252,48126,ok
22:21:12,61.4,96.9,26913,49154,ok
22:21:13,63.8,97.3,25279,48495,ok
22:21:14,64.6,97.2,25748,48400,ok
22:21:15,64.8,98.3,26358,48671,ok
22:21:16,67.7,97.2,26313,48122,ok
22:21:17,68.3,96.6,26191,48877,ok
22:21:18,64.3,97.5,26364,49401,ok
22:21:19,67.4,96.8,26338,48570,ok
22:21:20,63.6,97.9,26933,49783,ok
22:21:21,63.0,97.3,25653,48057,ok
22:21:22,66.1,96.8,26642,48367,ok
22:21:23,67.3,97.6,25961,48655,ok
22:21:24,65.2,97.2,26367,48450,ok
22:21:25,65.8,97.8,26768,49590,ok
22:21:26,65.3,97.0,25008,49635,ok
22:21:27,63.7,97.0,25181,49266,ok
22:21:28,66.3,96.5,25516,49920,ok
22:21:29,67.0,95.7,25216,49038,ok
22:21:30,65.7,97.4,25334,49901,ok
22:21:31,65.3,96.3,26611,48000,ok
22:21:32,62.7,97.2,25188,49888,ok
22:21:33,63.5,97.5,25413,49280,ok
22:21:34,63.3,97.4,26383,49844,ok
22:21:35,65.3,97.0,25052,48292,ok
22:21:36,66.6,96.1,25190,49416,ok
22:21:37,62.3,97.4,25986,48863,ok
22:21:38,66.9,97.2,25951,48249,ok
22:21:39,63.5,96.9,25587,49087,ok
22:21:40,67.1,97.3,26213,49229,ok
22:21:41,66.1,96.6,25594,49348,ok
22:21:42,64.3,97.3,26818,48742,ok
22:21:43,64.7,96.9,26266,49181,ok
22:21:44,67.1,96.9,25257,49814,ok
22:21:45,68.5,96.2,25747,49349,ok
22:21:46,63.4,96.6,25655,48092,ok
22:21:47,63.4,97.0,25971,49591,ok
22:21:48,65.5,96.9,25161,48669,ok
22:21:49,69.1,96.4,26977,48585,ok
22:21:50,62.4,97.8,26306,48867,ok
22:21:51,62.0,97.8,25422,49944,ok
22:21:52,60.7,96.6,26104,48641,ok
22:21:53,64.7,97.1,26791,48720,ok
22:21:54,64.4,96.7,25289,49358,ok
22:21:55,66.6,97.9,25440,49765,ok
22:21:56,65.0,97.4,26931,48483,ok
22:21:57,65.6,97.2,26241,48273,ok
22:21:58,64.4,97.0,26572,49901,ok
22:21:59,60.9,97.3,25056,48568,ok
22:22:00,68.0,98.5,26787,49092,ok
22:22:01,68.4,97.8,25571,49168,ok
22:22:02,65.9,97.7,25636,48716,ok
22:22:03,60.6,96.9,25696,48584,ok
22:22:04,66.5,96.9,26394,49819,ok
22:22:05,64.0,97.3,26045,49603,ok
22:22:06,63.6,96.8,25095,49474,ok
22:22:07,64.5,96.4,26400,49778,ok
22:22:08,68.0,97.9,26908,49416,ok
22:22:09,65.4,97.3,26292,48687,ok
22:22:10,68.5,97.4,25975,48707,ok
22:22:11,62.8,97.3,26841,49373,ok
22:22:12,65.7,97.3,25059,49904,ok
22:22:13,67.6,97.3,26479,49665,ok
22:22:14,64.7,97.1,25813,48290,ok
22:22:15,64.8,96.1,25251,48034,ok
22:22:16,63.5,97.4,26585,48462,ok
22:22:17,66.7,97.2,26642,49569,ok
22:22:18,68.5,96.7,26173,48316,ok
22:22:19,64.6,97.1,26986,48212,ok
22:22:20,62.0,97.1,25875,48338,ok
22:22:21,65.8,97.3,26569,48891,ok
22:22:22,64.3,97.3,26912,49267,ok
22:22:23,65.6,96.8,26075,48189,ok
22:22:24,66.2,97.3,25719,48470,ok
22:22:25,62.8,96.8,25575,49502,ok
22:22:26,65.4,97.2,25746,48323,ok
22:22:27,63.4,97.1,25888,49522,ok
22:22:28,64.2,97.6,26450,49123,ok
22:22:29,63.6,97.2,26110,49635,ok
22:22:30,66.8,97.2,26408,49235,ok
22:22:31,66.3,97.2,25137,49302,ok
22:22:32,64.2,97.5,25273,49758,ok
22:22:33,66.8,98.2,25278,48349,ok
22:22:34,65.0,96.8,26555,48389,ok
22:22:35,62.5,97.0,25970,48359,ok
22:22:36,63.1,97.3,25945,48243,ok
22:22:37,63.4,96.4,25960,49939,ok
22:22:38,64.5,96.6,25223,49443,ok
22:22:39,65.7,97.2,26194,48890,ok
22:22:40,64.6,97.6,26557,49667,ok
22:22:41,66.4,96.7,25121,49285,ok
22:22:42,68.3,97.5,25511,48516,ok
22:22:43,66.0,96.5,25723,49175,ok
22:22:44,66.1,97.0,26718,49814,ok
22:22:45,63.9,96.5,25934,49678,ok
22:22:46,65.4,97.4,25135,49695,ok
22:22:47,64.8,96.8,26491,49552,ok
22:22:48,64.0,96.9,26418,49935,ok
22:22:49,65.3,97.1,25162,48248,ok
22:22:50,64.0,96.7,25443,49532,ok
22:22:51,62.6,97.2,25154,48858,ok
22:22:52,62.7,97.2,25680,48696,ok
22:22:53,64.3,97.2,25896,49073,ok
22:22:54,65.7,96.9,25388,48828,ok
22:22:55,63.6,97.3,25311,48416,ok
22:22:56,64.2,97.0,26050,49751,ok
22:22:57,65.1,97.4,26754,48842,ok
22:22:58,65.0,96.4,25023,49627,ok
22:22:59,66.6,96.2,26932,48657,ok
22:23:00,64.7,96.8,25710,49170,ok
22:23:01,63.5,96.7,25051,48550,ok
22:23:02,64.6,97.4,25802,49264,ok
22:23:03,65.4,97.3,25743,48942,ok
22:23:04,67.0,97.0,25133,48116,ok
22:23:05,61.3,97.5,25424,48778,ok
22:23:06,64.0,96.4,26911,48473,ok
22:23:07,64.0,97.0,26634,49143,ok
22:23:08,66.4,97.1,26722,48558,ok
22:23:09,66.5,97.2,26857,49190,ok
22:23:10,65.2,97.4,25337,48279,ok
22:23:11,69.4,97.2,25874,49150,ok
22:23:12,65.6,96.6,25107,49527,ok
22:23:13,64.5,96.9,26831,48171,ok
22:23:14,65.8,97.0,25526,48179,ok
22:23:15,67.7,97.9,25262,49851,ok
22:23:16,66.1,97.1,25704,49541,ok
22:23:17,66.2,96.8,25442,49775,ok
22:23:18,67.1,96.6,26352,48109,ok
22:23:19,67.9,96.4,25728,49097,ok
22:23:20,66.8,96.8,25205,48053,ok
22:23:21,61.9,97.3,25910,49874,ok
22:23:22,64.9,97.2,26151,49225,ok
22:23:23,63.4,97.3,26339,49784,ok
22:23:24,64.7,97.8,25448,48164,ok
22:23:25,66.5,97.3,26231,48976,ok
22:23:26,66.4,97.6,26459,49047,ok
22:23:27,67.7,97.0,26721,48634,ok
22:23:28,65.7,96.8,26439,49347,ok
22:23:29,63.6,97.1,25714,48489,ok
22:23:30,66.9,96.5,26372,49123,ok
22:23:31,63.0,97.3,26973,48043,ok
22:23:32,65.3,97.3,26189,48225,ok
22:23:33,65.8,97.9,26466,49116,ok
22:23:34,68.0,96.7,26674,48520,ok
22:23:35,65.2,97.4,25112,48016,ok
22:23:36,65.4,97.8,26494,49927,ok
22:23:37,63.1,96.0,25213,49068,ok
22:23:38,65.2,96.3,26539,48229,ok
22:23:39,68.5,98.0,26112,49046,ok
22:23:40,63.0,96.8,25310,48428,ok
22:23:41,66.7,97.3,25086,48906,ok
22:23:42,62.2,97.8,26993,48182,ok
22:23:43,62.9,97.2,25498,49304,ok
22:23:44,62.8,97.2,26136,49101,ok
22:23:45,68.2,97.6,26493,49900,ok
22:23:46,63.3,97.3,26674,48275,ok
22:23:47,65.2,96.7,26894,49507,ok
22:23:48,67.9,97.2,26169,48209,ok
22:23:49,66.3,97.5,25441,48108,ok
22:23:50,62.0,97.5,26992,49369,ok
22:23:51,65.1,96.7,25290,49814,ok
22:23:52,64.3,97.1,25110,49821,ok
22:23:53,60.4,96.7,26536,48837,ok
22:23:54,66.6,97.4,26138,48628,ok
22:23:55,63.9,96.9,26253,49255,ok
22:23:56,62.3,96.2,25717,49123,ok
22:23:57,67.7,96.8,25832,49311,ok
22:23:58,67.7,97.2,26824,48388,ok
22:23:59,66.4,96.8,25022,48873,ok
22:24:00,65.9,95.7,26370,49324,ok
22:24:01,64.2,96.5,25550,49042,ok
22:24:02,68.0,96.5,26855,48280,ok
22:24:03,64.0,96.7,25690,48936,ok
22:24:04,70.6,98.0,26979,49875,ok
22:24:05,64.5,96.8,26165,49429,ok
22:24:06,61.8,96.5,25191,48980,ok
22:24:07,65.5,97.8,25563,49067,ok
22:24:08,65.3,97.7,26264,49121,ok
22:24:09,66.0,97.2,26537,48043,ok
22:24:10,66.6,97.0,26457,48345,ok
22:24:11,64.6,97.2,26568,48892,ok
22:24:12,67.8,96.6,26193,48052,ok
22:24:13,64.7,97.7,25274,49750,ok
22:24:14,64.2,96.0,26766,48545,ok
22:24:15,61.8,96.9,25225,49185,ok
22:24:16,67.2,96.3,26413,49383,ok
22:24:17,62.7,97.4,25093,49874,ok
22:24:18,64.7,96.3,26841,49267,ok
22:24:19,67.4,96.9,26236,49887,ok
22:24:20,64.5,96.5,25406,49034,ok
22:24:21,65.5,96.9,26276,49408,ok
22:24:22,66.4,97.1,25152,49485,ok
22:24:23,62.7,96.6,25048,49354,ok
22:24:24,67.1,96.8,26625,49489,ok
22:24:25,66.6,97.2,26792,48078,ok
22:24:26,65.4,97.5,25642,49576,ok
22:24:27,67.5,97.6,26245,49135,ok
22:24:28,66.3,96.5,26718,48898,ok
22:24:29,64.2,97.7,25581,48155,ok
22:24:30,62.9,97.4,26271,49795,ok
22:24:31,60.2,96.6,25788,49977,ok
22:24:32,66.2,97.1,25588,48663,ok
22:24:33,63.7,97.3,25954,49911,ok
22:24:34,66.7,96.4,25745,49629,ok
22:24:35,65.9,97.7,25801,49923,ok
22:24:36,64.2,96.4,26685,48274,ok
22:24:37,64.5,96.3,25806,48161,ok
22:24:38,64.3,95.6,26938,48803,ok
22:24:39,64.5,96.2,25702,48883,ok
22:24:40,67.5,96.9,25797,48057,ok
22:24:41,64.4,97.8,25164,48614,ok
22:24:42,64.8,97.3,25042,49275,ok
22:24:43,63.0,97.3,25832,48406,ok
22:24:44,66.6,97.0,26624,48167,ok
22:24:45,65.4,96.9,26797,48493,ok
22:24:46,66.8,97.1,26543,49306,ok
22:24:47,66.1,97.0,26327,48554,ok
22:24:48,66.0,96.8,25197,48150,ok
22:24:49,64.3,97.6,25612,49112,ok
22:24:50,70.5,96.9,25455,48357,ok
22:24:51,63.1,96.8,25239,48491,ok
22:24:52,62.8,96.6,25175,49632,ok
22:24:53,68.1,97.1,25047,49200,ok
22:24:54,66.6,97.2,26521,48463,ok
22:24:55,64.7,97.2,25475,48217,ok
22:24:56,66.2,97.5,26741,49050,ok
22:24:57,66.8,97.4,25335,49905,ok
22:24:58,65.9,97.0,26798,49795,ok
22:24:59,67.3,97.2,26828,49413,ok
22:25:00,63.2,97.7,26742,48230,ok
22:25:01,63.7,96.7,25764,48075,ok
22:25:02,67.1,96.9,26474,49104,ok
22:25:03,65.7,97.4,26730,48131,ok
22:25:04,66.0,97.0,26038,48580,ok
22:25:05,63.9,97.6,26290,49109,ok
22:25:06,65.0,96.8,26577,48729,ok
22:25:07,63.4,97.0,25573,49318,ok
22:25:08,68.3,97.1,25735,49685,ok
22:25:09,67.3,96.3,25887,48102,ok
22:25:10,65.4,96.6,26027,49973,ok
22:25:11,69.5,97.1,25907,48057,ok
22:25:12,62.9,96.5,26221,48695,ok
22:25:13,64.9,97.0,26999,49529,ok
22:25:14,65.4,95.6,25418,49080,ok
22:25:15,69.3,97.0,26680,48839,ok
22:25:16,63.5,96.4,26638,49306,ok
22:25:17,66.4,96.6,25183,48325,ok
22:25:18,65.0,96.4,26667,49739,ok
22:25:19,62.1,97.1,26424,48936,ok
22:25:20,65.2,96.8,25631,48400,ok
22:25:21,63.1,97.8,25744,48994,ok
22:25:22,68.2,96.8,25598,49307,ok
22:25:23,62.5,98.4,25077,49770,ok
22:25:24,61.7,98.1,26110,48845,ok
22:25:25,63.1,97.2,25474,48972,ok
22:25:26,63.4,97.4,26717,49939,ok
22:25:27,65.1,96.1,25438,48805,ok
22:25:28,62.6,96.6,26520,48823,ok
22:25:29,69.1,98.0,25447,49214,ok
22:25:30,65.2,98.0,25306,48004,ok
22:25:31,61.9,96.8,25123,49915,ok
22:25:32,64.3,96.7,25104,48817,ok
22:25:33,65.4,96.8,26478,48882,ok
22:25:34,66.3,97.1,25426,48434,ok
22:25:35,66.1,97.4,25963,48946,ok
22:25:36,66.9,96.6,25115,49625,ok
22:25:37,67.2,97.0,26671,48607,ok
22:25:38,66.4,96.5,26179,48925,ok
22:25:39,65.0,97.1,25227,49472,ok
22:25:40,69.3,97.6,26009,48454,ok
22:25:41,63.5,98.1,26746,49549,ok
22:25:42,63.4,97.3,26965,48004,ok
22:25:43,60.6,96.9,25453,48009,ok
22:25:44,63.8,97.2,25937,49637,ok
22:25:45,62.7,97.8,26332,48550,ok
22:25:46,64.3,96.6,25916,49081,ok
22:25:47,65.3,97.2,26987,49394,ok
22:25:48,63.3,97.3,26809,49898,ok
22:25:49,66.7,96.5,26904,49869,ok
22:25:50,62.6,97.5,25814,48128,ok
22:25:51,63.4,96.7,25817,49454,ok
22:25:52,63.7,97.3,25576,49166,ok
22:25:53,67.4,97.4,25495,48169,ok
22:25:54,65.3,96.6,25778,49454,ok
22:25:55,63.4,97.0,25857,49219,ok
22:25:56,62.8,97.7,25139,48798,ok
22:25:57,63.5,96.9,25140,49436,ok
22:25:58,63.5,97.7,26394,48652,ok
22:25:59,61.8,96.5,25458,48773,ok
22:26:00,65.6,97.0,26007,49288,ok
22:26:01,66.9,97.5,26510,49737,ok
22:26:02,65.6,97.1,25845,49362,ok
22:26:03,66.3,97.4,26639,48741,ok
22:26:04,65.6,97.8,25489,49465,ok
22:26:05,67.8,97.0,26569,48819,ok
22:26:06,65.3,97.3,25463,49000,ok
22:26:07,63.2,96.9,26659,49459,ok
22:26:08,68.0,96.8,25658,49497,ok
22:26:09,65.7,96.0,26447,48030,ok
22:26:10,62.5,97.1,25352,48668,ok
22:26:11,64.1,96.8,26418,48907,ok
22:26:12,62.7,97.5,26751,49672,ok
22:26:13,63.6,97.0,25107,48906,ok
22:26:14,66.2,96.6,25690,49059,ok
22:26:15,63.0,96.8,25274,48988,ok
22:26:16,62.4,96.4,26727,48554,ok
22:26:17,64.7,97.0,26994,49747,ok
22:26:18,66.0,97.2,26086,49146,ok
22:26:19,64.8,97.5,25881,48756,ok
22:26:20,62.8,96.6,26721,49250,ok
22:26:21,64.6,97.3,25437,48744,ok
22:26:22,64.2,96.1,25167,49342,ok
22:26:23,65.6,96.8,26891,48288,ok
22:26:24,62.8,97.2,26511,48501,ok
22:26:25,64.6,96.5,25074,48194,ok
22:26:26,64.8,97.6,25512,49480,ok
22:26:27,62.9,96.4,25165,49328,ok
22:26:28,66.5,97.3,25168,48741,ok
22:26:29,64.0,97.4,26984,48068,ok
22:26:30,63.0,96.6,26136,49406,ok
22:26:31,61.6,96.7,26224,49096,ok
22:26:32,63.7,97.3,26568,48690,ok
22:26:33,65.4,96.6,26856,49827,ok
22:26:34,68.1,96.9,25110,48841,ok
22:26:35,68.9,96.4,26116,49563,ok
22:26:36,68.0,96.5,25264,48765,ok
22:26:37,64.3,96.5,25915,48100,ok
22:26:38,69.5,96.3,26745,48604,ok
22:26:39,64.6,97.3,25020,49513,ok
22:26:40,65.9,96.9,26840,48287,ok
22:26:41,64.0,97.2,25301,49053,ok
22:26:42,66.8,97.1,25760,49140,ok
22:26:43,66.3,96.2,26847,48377,ok
22:26:44,64.8,97.3,25687,49616,ok
22:26:45,64.9,96.3,26125,49439,ok
22:26:46,63.2,96.8,25817,48741,ok
22:26:47,66.7,96.6,25672,49534,ok
22:26:48,63.7,97.9,26736,48824,ok
22:26:49,64.8,97.1,26085,49812,ok
22:26:50,64.3,96.6,25879,49058,ok
22:26:51,67.8,96.7,25795,48756,ok
22:26:52,64.2,97.6,25870,48143,ok
22:26:53,64.7,97.8,25367,49094,ok
22:26:54,66.4,97.6,26550,49357,ok
22:26:55,65.4,97.3,26808,48352,ok
22:26:56,64.5,97.6,25155,49356,ok
22:26:57,65.9,97.7,26693,49828,ok
22:26:58,65.9,98.4,25709,48522,ok
22:26:59,64.8,96.8,26544,48303,ok
22:27:00,67.4,96.5,25803,48572,ok
22:27:01,66.3,95.7,26061,48952,ok
22:27:02,65.6,96.7,25862,48981,ok
22:27:03,66.7,96.7,26426,48754,ok
22:27:04,66.9,96.3,25964,48075,ok
22:27:05,63.8,96.6,26314,48209,ok
22:27:06,64.3,97.4,25823,48410,ok
22:27:07,64.8,96.8,25276,49818,ok
22:27:08,65.7,97.4,25517,49077,ok
22:27:09,66.5,97.3,26238,48220,ok
22:27:10,62.2,97.3,25406,48150,ok
22:27:11,66.2,96.7,26459,48314,ok
22:27:12,66.0,96.7,26089,49329,ok
22:27:13,66.4,97.0,25548,48259,ok
22:27:14,65.4,97.4,25804,49097,ok
22:27:15,65.9,96.8,26055,49622,ok
22:27:16,63.0,97.4,26008,48580,ok
22:27:17,65.5,96.2,25585,49903,ok
22:27:18,65.0,96.9,26040,48052,ok
22:27:19,67.6,96.9,25447,48166,ok
22:27:20,64.3,96.9,25596,48813,ok
22:27:21,62.9,96.9,25044,48868,ok
22:27:22,66.0,97.2,26114,49854,ok
22:27:23,64.8,96.8,26092,48064,ok
22:27:24,63.6,96.5,26670,49861,ok
22:27:25,65.3,96.5,26149,49857,ok
22:27:26,67.8,96.8,26255,49826,ok
22:27:27,65.9,97.2,26683,49249,ok
22:27:28,64.3,97.5,26762,49505,ok
22:27:29,67.1,97.6,25664,48846,ok
22:27:30,66.0,97.0,25597,48752,ok
22:27:31,67.8,97.3,26717,49029,ok
22:27:32,66.1,97.2,26054,48369,ok
22:27:33,63.2,96.1,25002,48927,ok
22:27:34,62.4,96.8,25410,48768,ok
22:27:35,66.2,97.3,26523,48804,ok
22:27:36,64.1,97.2,26776,49802,ok
22:27:37,64.3,97.6,26872,49368,ok
22:27:38,68.4,97.0,25510,49718,ok
22:27:39,64.0,96.8,25818,49003,ok
22:27:40,67.1,96.7,26550,48028,ok
22:27:41,66.7,97.3,26690,48277,ok
22:27:42,62.6,96.5,26385,48612,ok
22:27:43,63.0,97.6,26910,49728,ok
22:27:44,65.4,96.7,26257,48143,ok
22:27:45,66.8,96.6,25452,48165,ok
22:27:46,67.6,96.7,25176,49606,ok
22:27:47,65.3,97.3,25139,49042,ok
22:27:48,64.5,96.8,26137,49074,ok
22:27:49,65.2,97.4,25106,49152,ok
22:27:50,62.5,97.4,25378,48866,ok
22:27:51,64.2,96.8,25433,49191,ok
22:27:52,67.6,96.8,26986,49314,ok
22:27:53,64.3,97.0,26226,49776,ok
22:27:54,63.5,96.5,26658,49135,ok
22:27:55,67.7,97.2,25935,48720,ok
22:27:56,66.3,96.7,26780,48510,ok
22:27:57,62.2,97.9,26345,48007,ok
22:27:58,62.5,97.4,25275,49475,ok
22:27:59,67.6,98.0,26070,48490,ok
22:28:00,68.6,96.9,26168,49503,ok
22:28:01,62.8,96.8,25242,49353,ok
22:28:02,67.7,97.2,25403,48630,ok
22:28:03,65.5,96.9,26762,48241,ok
22:28:04,66.4,96.9,26491,49207,ok
22:28:05,65.1,95.8,25313,49984,ok
22:28:06,63.0,96.5,26434,49828,ok
22:28:07,66.4,97.0,26370,48979,ok
22:28:08,62.4,96.9,26944,49487,ok
22:28:09,64.1,97.3,25541,49349,ok
22:28:10,61.9,97.1,25701,49743,ok
22:28:11,63.9,97.3,25570,48624,ok
22:28:12,64.0,97.9,25834,49163,ok
22:28:13,64.1,97.5,26726,48039,ok
22:28:14,63.7,97.2,26194,48179,ok
22:28:15,62.7,97.8,26980,49830,ok
22:28:16,63.9,96.7,26078,48871,ok
22:28:17,63.5,97.1,25484,48727,ok
22:28:18,62.4,96.7,26398,49397,ok
22:28:19,60.8,97.1,26875,49862,ok
22:28:20,67.3,97.0,25024,48498,ok
22:28:21,63.9,97.2,25476,49284,ok
22:28:22,65.4,97.5,26170,49200,ok
22:28:23,67.5,97.1,26961,48662,ok
22:28:24,67.5,96.7,25300,48545,ok
22:28:25,64.8,96.9,25663,48737,ok
22:28:26,63.7,96.2,25953,49449,ok
22:28:27,67.1,97.0,26186,49070,ok
22:28:28,65.1,97.1,25416,49112,ok
22:28:29,63.6,96.6,26574,49095,ok
22:28:30,65.7,96.1,25541,49137,ok
22:28:31,65.4,96.9,25108,49625,ok
22:28:32,64.2,97.7,25709,49208,ok
22:28:33,62.9,96.6,26466,49871,ok
22:28:34,63.9,96.9,26686,49735,ok
22:28:35,65.0,96.5,26772,48159,ok
22:28:36,62.9,97.2,25034,49724,ok
22:28:37,64.3,97.5,26548,49482,ok
22:28:38,66.7,96.9,25937,48771,ok
22:28:39,66.2,97.8,26757,49660,ok
22:28:40,64.5,98.1,26847,48775,ok
22:28:41,66.0,96.9,26708,48162,ok
22:28:42,65.6,97.1,25062,49947,ok
22:28:43,67.1,97.9,25636,49528,ok
22:28:44,62.8,96.5,25977,48222,ok
22:28:45,66.2,97.5,26184,48470,ok
22:28:46,63.3,97.3,26540,49766,ok
22:28:47,66.8,97.1,26085,49037,ok
22:28:48,61.9,97.7,26413,49448,ok
22:28:49,67.2,97.7,26583,49254,ok
22:28:50,65.8,98.3,25513,49415,ok
22:28:51,65.9,96.9,26165,49461,ok
22:28:52,64.5,97.0,25548,48634,ok
22:28:53,65.7,97.7,26795,48119,ok
22:28:54,65.7,97.5,26428,49402,ok
22:28:55,64.8,97.2,26558,48179,ok
22:28:56,66.5,97.1,25706,48837,ok
22:28:57,65.4,97.2,25232,49782,ok
22:28:58,64.8,97.8,25557,48611,ok
22:28:59,67.1,96.8,26207,49960,ok
22:29:00,67.2,96.8,25364,49790,ok
22:29:01,65.6,96.5,25967,48265,ok
22:29:02,64.6,96.6,26352,48708,ok
22:29:03,67.9,97.0,26496,49693,ok
22:29:04,61.5,96.5,26672,49381,ok
22:29:05,64.8,97.5,26350,48142,ok
22:29:06,66.8,96.7,26471,48161,ok
22:29:07,63.1,96.5,25044,48469,ok
22:29:08,66.9,97.6,26082,49682,ok
22:29:09,65.7,98.4,25868,49327,ok
22:29:10,60.9,97.5,26640,49945,ok
22:29:11,63.7,97.1,26146,48225,ok
22:29:12,65.8,97.1,25988,48787,ok
22:29:13,61.8,96.2,25265,49744,ok
22:29:14,61.5,96.7,26320,49380,ok
22:29:15,63.2,96.8,26013,49095,ok
22:29:16,63.8,97.2,26981,49938,ok
22:29:17,63.4,96.4,25365,48034,ok
22:29:18,63.6,96.4,25736,49483,ok
22:29:19,65.2,96.9,26205,48043,ok
22:29:20,64.0,96.7,25435,49281,ok
22:29:21,64.4,96.9,26516,48668,ok
22:29:22,64.1,96.9,25278,49511,ok
22:29:23,65.6,95.8,25768,48933,ok
22:29:24,63.2,97.8,25047,48165,ok
22:29:25,66.0,97.3,26793,49406,ok
22:29:26,62.3,97.1,25121,48108,ok
22:29:27,67.6,97.2,26673,49416,ok
22:29:28,64.8,97.2,26885,48391,ok
22:29:29,64.3,97.8,25393,49787,ok
22:29:30,67.8,97.4,25004,49808,ok
22:29:31,64.3,97.3,25729,49735,ok
22:29:32,66.1,97.7,26187,49935,ok
22:29:33,65.6,97.1,26397,48947,ok
22:29:34,66.3,97.1,25556,49477,ok
22:29:35,62.7,97.0,26274,49953,ok
22:29:36,66.0,97.3,26703,48290,ok
22:29:37,63.6,97.0,26116,49770,ok
22:29:38,64.1,96.7,26197,49349,ok
22:29:39,66.8,96.6,26367,48611,ok
22:29:40,62.2,97.3,26020,48932,ok
22:29:41,66.9,97.2,26405,48551,ok
22:29:42,65.8,97.1,25293,48320,ok
22:29:43,65.5,96.6,25639,48634,ok
22:29:44,58.2,97.7,26452,49962,ok
22:29:45,64.0,96.5,26016,49983,ok
22:29:46,61.4,98.1,26387,49863,ok
22:29:47,66.0,97.7,25754,49046,ok
22:29:48,60.5,97.0,26685,49935,ok
22:29:49,69.5,96.5,25604,49276,ok
22:29:50,64.3,97.6,26675,49844,ok
22:29:51,67.7,96.7,26134,49202,ok
22:29:52,66.2,97.1,25093,49680,ok
22:29:53,62.9,97.1,25059,49898,ok
22:29:54,66.8,96.3,26129,48888,ok
22:29:55,65.7,96.9,25948,48698,ok
22:29:56,66.3,97.7,26690,49227,ok
22:29:57,65.5,97.2,26324,48469,ok
22:29:58,60.7,96.6,26488,48038,ok
22:29:59,65.4,96.9,26337,48069,ok
22:30:00,65.3,97.6,25760,48884,ok
22:30:01,62.7,96.5,26587,48820,ok
22:30:02,65.3,97.1,25890,48736,ok
22:30:03,66.2,97.3,25902,48085,ok
22:30:04,64.4,97.2,26945,49159,ok
22:30:05,63.1,96.4,26972,49672,ok
22:30:06,65.4,97.9,25554,48112,ok
22:30:07,64.0,97.2,26826,49043,ok
22:30:08,66.4,97.2,25738,48213,ok
22:30:09,63.6,97.4,26641,48615,ok
22:30:10,62.0,96.8,26558,48655,ok
22:30:11,66.8,96.7,25288,48134,ok
22:30:12,64.9,97.2,25716,49031,ok
22:30:13,68.5,96.7,26044,49886,ok
22:30:14,65.4,96.5,25609,48862,ok
22:30:15,61.2,97.2,25282,48056,ok
22:30:16,67.9,97.1,25846,48071,ok
22:30:17,66.8,97.2,26105,48898,ok
22:30:18,66.0,97.5,26938,49171,ok
22:30:19,65.8,97.2,26642,49396,ok
22:30:20,62.7,96.9,25419,48857,ok
22:30:21,65.2,97.1,25507,48869,ok
22:30:22,68.0,97.3,25935,49471,ok
22:30:23,62.3,96.1,26881,48510,ok
22:30:24,70.4,96.7,25902,48481,ok
22:30:25,66.3,96.4,25568,49254,ok
22:30:26,63.4,97.2,25915,48462,ok
22:30:27,67.8,97.0,25921,48187,ok
22:30:28,64.6,96.4,25268,49706,ok
22:30:29,62.8,97.3,25268,49841,ok
22:30:30,66.0,96.9,25510,49489,ok
22:30:31,63.5,97.2,25645,48235,ok
22:30:32,64.2,97.7,25730,49595,ok
22:30:33,67.9,97.4,26455,49619,ok
22:30:34,64.8,96.7,25937,48512,ok
22:30:35,64.6,96.8,26345,48663,ok
22:30:36,67.1,97.5,25495,49465,ok
22:30:37,65.0,97.5,25161,49468,ok
22:30:38,64.7,96.4,25487,49046,ok
22:30:39,69.7,96.7,25832,48766,ok
22:30:40,63.2,97.7,26070,49584,ok
22:30:41,64.2,96.4,26059,49879,ok
22:30:42,68.2,97.2,26510,49159,ok
22:30:43,67.0,96.9,26079,48684,ok
22:30:44,63.1,96.8,26764,49167,ok
22:30:45,66.2,97.0,26288,48238,ok
22:30:46,65.0,97.6,26855,48036,ok
22:30:47,64.4,97.1,26471,49153,ok
22:30:48,65.1,96.5,25149,49494,ok
22:30:49,66.1,97.3,25747,48796,ok
22:30:50,66.7,96.6,25202,48099,ok
22:30:51,68.8,96.8,26044,49026,ok
22:30:52,64.1,96.2,26044,48920,ok
22:30:53,65.5,96.7,25398,49311,ok
22:30:54,67.4,96.8,25892,48180,ok
22:30:55,68.3,96.6,25645,48437,ok
22:30:56,60.0,97.1,25440,49769,ok
22:30:57,65.3,97.5,26700,48869,ok
22:30:58,64.9,96.5,26903,49001,ok
22:30:59,64.4,97.4,25003,48761,ok
22:31:00,63.6,97.1,25394,48406,ok
22:31:01,63.0,97.4,25447,48639,ok
22:31:02,62.6,96.7,25356,49715,ok
22:31:03,64.6,97.4,25948,49172,ok
22:31:04,67.2,96.8,26079,48096,ok
22:31:05,69.6,96.4,26163,49732,ok
22:31:06,63.6,96.7,26365,49057,ok
22:31:07,62.9,97.3,25873,48528,ok
22:31:08,62.9,97.5,26310,49652,ok
22:31:09,63.4,96.9,26625,48102,ok
22:31:10,63.1,97.1,26194,48723,ok
22:31:11,64.1,96.6,25609,48637,ok
22:31:12,65.2,96.7,26563,49310,ok
22:31:13,66.5,96.5,26213,48654,ok
22:31:14,62.3,96.6,25127,48610,ok
22:31:15,65.7,96.9,25184,48177,ok
22:31:16,64.5,97.1,26672,48390,ok
22:31:17,64.8,96.8,25415,48737,ok
22:31:18,64.7,96.6,25369,48251,ok
22:31:19,67.3,97.2,25741,49284,ok
22:31:20,68.6,97.7,26462,48660,ok
22:31:21,62.3,97.9,26580,49483,ok
22:31:22,63.6,97.2,25860,48791,ok
22:31:23,65.8,97.2,25067,49304,ok
22:31:24,63.2,96.6,25466,49149,ok
22:31:25,68.1,96.9,25909,48641,ok
22:31:26,65.4,96.2,25422,48436,ok
22:31:27,62.9,97.1,26569,48431,ok
22:31:28,69.0,97.1,25876,48356,ok
22:31:29,68.1,97.4,25531,49156,ok
22:31:30,64.8,97.7,25332,48586,ok
22:31:31,67.3,96.4,25521,49347,ok
22:31:32,66.4,96.8,26510,48285,ok
22:31:33,64.1,96.6,25498,48616,ok
22:31:34,65.5,96.5,26162,48435,ok
22:31:35,67.4,96.7,26457,48307,ok
22:31:36,68.5,96.9,26998,49660,ok
22:31:37,64.3,97.4,26992,49015,ok
22:31:38,65.3,96.6,25877,49474,ok
22:31:39,67.1,96.9,26124,49668,ok
22:31:40,70.1,96.3,26694,49988,ok
22:31:41,67.9,97.6,25622,48224,ok
22:31:42,66.5,96.3,26953,48205,ok
22:31:43,64.8,96.3,26558,48418,ok
22:31:44,64.9,96.9,26086,49100,ok
22:31:45,67.1,96.7,25029,48440,ok
22:31:46,61.8,97.0,25920,48821,ok
22:31:47,67.6,96.5,26233,48031,ok
22:31:48,66.3,97.5,26696,48176,ok
22:31:49,68.4,96.6,25833,48474,ok
22:31:50,64.4,97.1,26631,49369,ok
22:31:51,63.4,97.8,25823,48147,ok
22:31:52,64.8,97.2,25837,49180,ok
22:31:53,64.6,97.0,26457,49954,ok
22:31:54,62.4,97.6,26917,49761,ok
22:31:55,62.7,96.2,26708,49219,ok
22:31:56,64.2,96.9,26289,48623,ok
22:31:57,61.6,96.3,26053,49140,ok
22:31:58,65.5,97.3,25871,49127,ok
22:31:59,62.9,97.6,25445,49921,ok
22:32:00,63.2,97.1,25362,49149,ok
22:32:01,67.0,97.7,26975,48416,ok
22:32:02,64.9,97.3,26157,49803,ok
22:32:03,65.0,96.5,25686,48481,ok
22:32:04,66.0,97.0,25985,48373,ok
22:32:05,63.4,97.0,26033,48326,ok
22:32:06,64.4,96.7,26690,49150,ok
22:32:07,62.5,96.5,25812,48629,ok
22:32:08,65.0,96.4,26566,49397,ok
22:32:09,63.0,97.3,26590,48456,ok
22:32:10,63.0,96.4,26798,49788,ok
22:32:11,63.1,97.1,25025,49352,ok
22:32:12,67.1,97.6,26150,48793,ok
22:32:13,66.7,97.1,26689,49976,ok
22:32:14,62.3,96.5,26593,49626,ok
22:32:15,62.0,97.0,26047,49932,ok
22:32:16,66.3,97.5,25002,49296,ok
22:32:17,63.9,97.5,26020,48115,ok
22:32:18,65.9,97.2,26648,49945,ok
22:32:19,65.3,96.6,25341,48544,ok
22:32:20,65.2,97.4,26559,48349,ok
22:32:21,62.5,96.6,26720,49016,ok
22:32:22,64.2,96.8,25043,49205,ok
22:32:23,66.0,96.0,25438,48003,ok
22:32:24,65.7,96.8,25879,49087,ok
22:32:25,65.0,96.7,26411,49109,ok
22:32:26,67.4,96.9,26500,49638,ok
22:32:27,68.4,97.4,25305,48132,ok
22:32:28,64.7,96.2,25246,49763,ok
22:32:29,65.9,96.9,26406,48714,ok
22:32:30,63.3,96.2,26157,49956,ok
22:32:31,66.0,96.5,26075,49376,ok
22:32:32,63.5,97.4,25590,48589,ok
22:32:33,66.4,97.2,25795,48801,ok
22:32:34,66.3,96.9,25770,49237,ok
22:32:35,67.4,97.1,25946,48527,ok
22:32:36,63.9,97.8,26578,49918,ok
22:32:37,64.6,96.9,25027,48530,ok
22:32:38,63.0,97.5,25509,49317,ok
22:32:39,65.4,97.8,25639,49229,ok
22:32:40,64.0,97.1,26493,49156,ok
22:32:41,65.7,97.2,25958,49428,ok
22:32:42,66.6,97.0,26465,48830,ok
22:32:43,65.7,96.6,26716,48618,ok
22:32:44,67.8,98.1,26967,49713,ok
22:32:45,63.8,96.0,25435,48566,ok
22:32:46,62.7,96.5,26150,49143,ok
22:32:47,61.9,96.7,26827,49517,ok
22:32:48,66.3,96.6,26448,48574,ok
22:32:49,68.7,96.6,25624,49481,ok
22:32:50,61.6,97.4,25991,48695,ok
22:32:51,66.4,97.3,25504,49633,ok
22:32:52,63.2,97.4,25224,48696,ok
22:32:53,67.6,97.0,26254,48919,ok
22:32:54,66.0,97.0,26024,48918,ok
22:32:55,65.5,97.2,26035,49379,ok
22:32:56,66.4,96.3,26928,49336,ok
22:32:57,72.9,96.9,25477,48292,ok
22:32:58,63.1,96.4,26735,49679,ok
22:32:59,64.2,96.8,26448,49516,ok
22:33:00,66.4,97.0,26469,48746,ok
22:33:01,62.5,97.1,26690,48908,ok
22:33:02,67.8,97.2,26249,48674,ok
22:33:03,62.3,97.5,26174,48157,ok
22:33:04,69.2,97.0,25470,48807,ok
22:33:05,62.9,97.0,26336,49098,ok
22:33:06,64.1,96.5,26368,48599,ok
22:33:07,63.5,96.8,25443,49222,ok
22:33:08,64.9,96.5,25917,49919,ok
22:33:09,68.8,96.5,25715,48538,ok
22:33:10,65.0,97.3,25733,49558,ok
22:33:11,66.9,97.7,25803,49471,ok
22:33:12,67.8,97.0,25733,48780,ok
22:33:13,63.5,97.6,25243,48904,ok
22:33:14,62.0,96.9,26358,49987,ok
22:33:15,64.2,97.0,26949,49890,ok
22:33:16,64.5,97.2,26888,49406,ok
22:33:17,65.3,96.7,25679,48068,ok
22:33:18,65.2,95.8,25296,48405,ok
22:33:19,63.4,96.6,26821,49051,ok
22:33:20,65.3,97.0,26240,48790,ok
22:33:21,65.9,97.4,26120,48246,ok
22:33:22,63.9,96.3,26461,48754,ok
22:33:23,66.1,96.6,26666,48469,ok
22:33:24,64.4,97.1,25238,49216,ok
22:33:25,68.6,95.8,26113,48312,ok
22:33:26,64.6,97.1,25670,48094,ok
22:33:27,64.5,96.9,26301,48185,ok
22:33:28,62.0,97.4,26386,48605,ok
22:33:29,64.7,97.9,25398,49282,ok
22:33:30,64.4,96.8,26465,48189,ok
22:33:31,64.7,97.2,26322,48957,ok
22:33:32,66.9,97.1,25934,49625,ok
22:33:33,63.0,97.1,25007,49328,ok
22:33:34,64.4,98.5,26621,49506,ok
22:33:35,64.5,96.6,26458,49152,ok
22:33:36,64.8,96.5,26225,48454,ok
22:33:37,63.8,96.8,25873,49501,ok
22:33:38,63.2,97.1,25784,49207,ok
22:33:39,64.5,96.8,26988,48883,ok
22:33:40,66.1,96.8,26912,49197,ok
22:33:41,65.0,97.4,25232,48695,ok
22:33:42,64.7,97.0,26285,49959,ok
22:33:43,67.0,97.5,26281,49520,ok
22:33:44,62.6,97.5,25855,48769,ok
22:33:45,67.1,96.4,25555,48546,ok
22:33:46,64.0,96.7,26587,49112,ok
22:33:47,64.4,96.6,26613,49694,ok
22:33:48,68.4,97.6,25095,48938,ok
22:33:49,68.4,97.0,25962,48002,ok
22:33:50,63.5,96.9,25936,49972,ok
22:33:51,67.1,97.1,26793,48221,ok
22:33:52,62.1,96.4,25476,49700,ok
22:33:53,64.9,97.6,25234,48049,ok
22:33:54,64.1,96.7,25774,48451,ok
22:33:55,63.9,96.8,26838,49494,ok
22:33:56,64.8,97.7,26038,48862,ok
22:33:57,64.1,96.7,25324,49478,ok
22:33:58,63.7,96.6,26973,49756,ok
22:33:59,67.0,96.8,26634,49333,ok
22:34:00,64.9,96.7,25635,49876,ok
22:34:01,67.0,96.7,25961,48736,ok
22:34:02,66.0,96.6,25291,49687,ok
22:34:03,63.3,97.4,26102,48154,ok
22:34:04,64.5,97.7,26176,48591,ok
22:34:05,70.0,96.5,25028,49210,ok
22:34:06,65.8,97.3,25891,49695,ok
22:34:07,63.7,96.9,25144,48543,ok
22:34:08,65.3,97.1,25582,48731,ok
22:34:09,64.5,97.1,25714,49781,ok
22:34:10,66.3,97.7,25646,48978,ok
22:34:11,63.5,97.2,25889,48879,ok
22:34:12,63.2,97.4,26090,49416,ok
22:34:13,61.3,97.9,25287,49058,ok
22:34:14,61.8,96.5,25341,49498,ok
22:34:15,64.0,96.8,25982,49110,ok
22:34:16,66.8,96.7,25448,48834,ok
22:34:17,64.2,97.9,25403,48831,ok
22:34:18,63.0,96.9,26009,48658,ok
22:34:19,63.5,96.9,26399,49183,ok
22:34:20,60.0,97.5,25330,48046,ok
22:34:21,63.7,97.2,26980,48278,ok
22:34:22,61.9,97.4,26127,48014,ok
22:34:23,63.7,97.7,25253,48064,ok
22:34:24,63.0,97.1,25838,48006,ok
22:34:25,64.1,97.5,26157,48394,ok
22:34:26,67.2,97.1,26414,48784,ok
22:34:27,65.9,96.5,26267,49395,ok
22:34:28,64.6,97.4,25546,49167,ok
22:34:29,65.2,96.9,25831,49528,ok
22:34:30,64.0,96.6,26429,49156,ok
22:34:31,65.4,97.0,26319,48940,ok
22:34:32,64.9,97.7,25886,49414,ok
22:34:33,62.3,96.6,26354,48114,ok
22:34:34,64.7,97.4,25276,49401,ok
22:34:35,66.7,96.2,26684,48486,ok
22:34:36,61.1,97.0,25766,49443,ok
22:34:37,67.9,96.6,25685,48928,ok
22:34:38,64.3,97.4,26733,49150,ok
22:34:39,64.2,97.0,26827,48054,ok
22:34:40,64.2,97.5,26639,48586,ok
22:34:41,67.7,97.3,26638,49411,ok
22:34:42,66.3,96.8,26484,49337,ok
22:34:43,62.0,97.4,25394,48298,ok
22:34:44,66.4,97.3,26114,49304,ok
22:34:45,63.7,97.3,26666,48953,ok
22:34:46,66.8,96.8,26229,48859,ok
22:34:47,67.0,97.3,25974,48562,ok
22:34:48,66.1,97.4,25588,49542,ok
22:34:49,63.7,97.4,26269,49884,ok
22:34:50,64.8,97.4,26151,48944,ok
22:34:51,65.1,97.1,26706,48399,ok
22:34:52,62.8,97.2,25841,48263,ok
22:34:53,65.1,97.0,26564,49294,ok
22:34:54,63.5,97.1,26585,48730,ok
22:34:55,67.5,96.3,26252,49219,ok
22:34:56,66.2,96.5,26937,49789,ok
22:34:57,62.7,96.4,26427,49336,ok
22:34:58,64.5,96.3,26164,49846,ok
22:34:59,65.6,97.1,26890,48729,ok
22:35:00,64.7,97.0,25447,48540,ok
22:35:01,65.4,96.6,25087,48605,ok
22:35:02,65.3,97.3,25753,48154,ok
22:35:03,67.7,97.0,26780,49904,ok
22:35:04,66.0,97.5,25669,49015,ok
22:35:05,65.8,97.2,25356,48663,ok
22:35:06,67.5,96.8,26197,49516,ok
22:35:07,66.2,97.0,25511,48090,ok
22:35:08,67.6,95.7,26551,48235,ok
22:35:09,63.7,96.7,26107,49865,ok
22:35:10,62.6,97.4,26325,49247,ok
22:35:11,63.3,95.7,26908,48956,ok
22:35:12,65.3,97.1,25015,49474,ok
22:35:13,67.2,96.9,25997,48857,ok
22:35:14,65.6,97.7,26198,49652,ok
22:35:15,66.4,96.4,26157,49932,ok
22:35:16,67.1,97.5,25581,48412,ok
22:35:17,67.8,96.6,25245,49411,ok
22:35:18,66.8,97.2,26297,48645,ok
22:35:19,66.1,96.4,25166,49463,ok
22:35:20,62.9,96.9,26247,48150,ok
22:35:21,67.8,97.3,25501,48471,ok
22:35:22,67.9,97.9,26121,48248,ok
22:35:23,69.8,97.2,26727,48570,ok
22:35:24,66.8,96.9,25282,49740,ok
22:35:25,63.9,97.2,25185,49900,ok
22:35:26,66.4,96.0,25516,48204,ok
22:35:27,66.8,96.7,26809,48848,ok
22:35:28,67.0,96.4,26193,48911,ok
22:35:29,66.8,97.7,25554,49927,ok
22:35:30,66.1,97.2,25490,48927,ok
22:35:31,65.5,97.1,26089,48513,ok
22:35:32,64.2,95.8,25792,48736,ok
22:35:33,65.1,96.1,26536,49542,ok
22:35:34,65.5,97.3,26552,48437,ok
22:35:35,63.3,97.1,26240,49635,ok
22:35:36,65.4,96.6,25700,49225,ok
22:35:37,65.9,96.9,25420,49231,ok
22:35:38,67.5,96.8,26368,49940,ok
22:35:39,65.6,97.0,25605,49806,ok
22:35:40,66.0,96.5,26885,49355,ok
22:35:41,69.5,97.0,26760,49569,ok
22:35:42,66.1,97.7,25323,48559,ok
22:35:43,64.2,96.9,26775,49864,ok
22:35:44,64.6,96.7,26234,49367,ok
22:35:45,66.2,96.3,25736,48460,ok
22:35:46,62.0,96.0,26845,48622,ok
22:35:47,64.7,96.6,26575,49881,ok
22:35:48,66.2,97.8,26810,49988,ok
22:35:49,63.9,97.7,26042,49681,ok
22:35:50,64.0,95.6,25876,48713,ok
22:35:51,68.8,97.2,25513,49147,ok
22:35:52,65.7,97.1,26238,49775,ok
22:35:53,70.1,96.7,26125,49443,ok
22:35:54,64.5,97.0,25796,48456,ok
22:35:55,66.5,96.8,25077,49667,ok
22:35:56,64.4,97.7,26513,49578,ok
22:35:57,59.3,96.6,25806,48079,ok
22:35:58,65.3,98.2,25161,49753,ok
22:35:59,61.6,96.9,26876,49691,ok
22:36:00,67.8,96.0,26040,49313,ok
22:36:01,62.5,97.6,26558,48797,ok
22:36:02,71.0,96.8,25551,48748,ok
22:36:03,67.7,95.7,25429,49692,ok
22:36:04,65.9,97.3,26656,48492,ok
22:36:05,65.7,97.0,26100,48157,ok
22:36:06,64.3,96.2,26755,49813,ok
22:36:07,67.9,97.2,26604,48676,ok
22:36:08,65.4,97.4,26144,48287,ok
22:36:09,64.5,96.9,26017,48461,ok
22:36:10,64.2,97.2,25320,48389,ok
22:36:11,62.0,96.7,26354,48288,ok
22:36:12,64.3,97.3,25011,49032,ok
22:36:13,64.8,96.5,26480,48095,ok
22:36:14,65.8,97.3,26367,48850,ok
22:36:15,65.5,97.5,25969,48232,ok
22:36:16,68.3,97.7,26512,48981,ok
22:36:17,66.3,96.3,26574,48253,ok
22:36:18,66.6,96.0,26520,48509,ok
22:36:19,63.7,96.9,26753,48357,ok
22:36:20,64.1,97.3,25123,48993,ok
22:36:21,64.7,96.6,26402,48765,ok
22:36:22,63.3,97.1,25278,49914,ok
22:36:23,68.6,96.1,25839,49165,ok
22:36:24,66.4,96.9,26588,48461,ok
22:36:25,68.4,96.4,25888,49358,ok
22:36:26,61.8,97.3,26003,49720,ok
22:36:27,66.1,97.1,25883,49760,ok
22:36:28,64.4,96.7,25275,49034,ok
22:36:29,64.8,97.0,26968,48274,ok
22:36:30,64.7,97.0,26023,48371,ok
22:36:31,64.2,97.1,26278,48355,ok
22:36:32,64.5,97.0,25143,49697,ok
22:36:33,64.4,97.3,25904,48554,ok
22:36:34,66.4,96.5,25182,48737,ok
22:36:35,66.2,96.7,26761,49393,ok
22:36:36,61.7,97.0,25252,49882,ok
22:36:37,64.8,96.7,26361,48371,ok
22:36:38,64.3,96.7,25998,49459,ok
22:36:39,67.1,97.0,25941,49797,ok
22:36:40,64.4,97.0,26554,49865,ok
22:36:41,68.9,97.4,26639,49645,ok
22:36:42,64.2,96.6,26679,49687,ok
22:36:43,63.0,96.7,25102,49833,ok
22:36:44,67.0,97.0,25393,48757,ok
22:36:45,61.4,97.5,25771,49116,ok
22:36:46,68.7,97.1,26927,48831,ok
22:36:47,64.1,96.8,25067,49000,ok
22:36:48,65.2,96.0,25335,49109,ok
22:36:49,63.7,97.3,26038,49161,ok
22:36:50,62.2,96.6,26613,48899,ok
22:36:51,69.3,97.7,26494,48259,ok
22:36:52,64.0,97.0,26481,49197,ok
22:36:53,64.7,97.7,25338,49912,ok
22:36:54,65.0,95.9,26535,49890,ok
22:36:55,67.5,96.7,26200,48373,ok
22:36:56,64.4,97.1,25944,49572,ok
22:36:57,64.7,97.0,25766,49847,ok
22:36:58,65.9,97.4,25935,48833,ok
22:36:59,64.9,97.5,25177,49342,ok
22:37:00,64.7,97.3,25289,48727,ok
22:37:01,65.1,97.1,25459,48958,ok
22:37:02,61.7,96.5,26711,49510,ok
22:37:03,67.9,97.0,25830,49968,ok
22:37:04,65.0,97.0,25655,49772,ok
22:37:05,65.8,97.9,25125,49711,ok
22:37:06,61.1,96.5,25344,49637,ok
22:37:07,66.8,97.2,26470,49255,ok
22:37:08,61.2,97.5,25025,49770,ok
22:37:09,63.1,97.6,25941,48097,ok
22:37:10,67.7,96.7,26611,48729,ok
22:37:11,66.1,97.2,26679,49322,ok
22:37:12,63.5,96.8,25187,48615,ok
22:37:13,65.6,96.9,26202,49184,ok
22:37:14,64.5,96.6,25179,49170,ok
22:37:15,66.7,96.6,25668,49194,ok
22:37:16,60.6,97.1,26987,49850,ok
22:37:17,65.0,97.1,26475,48164,ok
22:37:18,64.1,97.0,25694,48025,ok
22:37:19,63.3,97.3,26051,48505,ok
22:37:20,70.0,96.9,25184,49497,ok
22:37:21,64.6,97.9,25972,48943,ok
22:37:22,68.2,96.8,26254,49516,ok
22:37:23,65.1,97.6,25327,49206,ok
22:37:24,67.2,97.6,26668,48725,ok
22:37:25,62.9,97.0,26763,48074,ok
22:37:26,64.9,97.4,25631,49667,ok
22:37:27,65.5,97.1,26436,48071,ok
22:37:28,61.0,97.3,25764,49860,ok
22:37:29,61.7,97.8,25920,49223,ok
22:37:30,64.1,97.2,26649,49655,ok
22:37:31,68.4,97.1,26383,49862,ok
22:37:32,66.9,97.6,25742,48733,ok
22:37:33,62.1,97.6,26549,49046,ok
22:37:34,69.2,96.8,25446,48370,ok
22:37:35,63.4,96.9,25792,49208,ok
22:37:36,67.4,97.2,25780,49781,ok
22:37:37,67.3,96.7,26064,49663,ok
22:37:38,64.0,97.9,25799,49573,ok
22:37:39,68.1,97.2,25214,49556,ok
22:37:40,63.9,97.5,25372,49372,ok
22:37:41,67.7,97.9,25021,48658,ok
22:37:42,64.4,96.7,25740,49093,ok
22:37:43,62.0,97.0,26719,49462,ok
22:37:44,64.5,97.0,26072,48506,ok
22:37:45,62.2,96.7,25333,48896,ok
22:37:46,64.5,96.5,26945,49078,ok
22:37:47,62.9,97.0,25270,48763,ok
22:37:48,64.3,96.4,26449,48243,ok
22:37:49,64.7,96.7,26654,48160,ok
22:37:50,65.8,95.7,25178,49193,ok
22:37:51,62.5,96.7,25628,49359,ok
22:37:52,64.7,96.9,25153,48993,ok
22:37:53,67.6,97.9,26807,48662,ok
22:37:54,65.0,96.9,25893,49822,ok
22:37:55,66.4,96.9,26825,49843,ok
22:37:56,63.0,96.2,26248,48920,ok
22:37:57,62.9,96.8,26914,48160,ok
22:37:58,66.7,96.8,25352,49033,ok
22:37:59,63.5,97.6,25390,48791,ok
22:38:00,63.5,96.2,25514,48038,ok
22:38:01,66.1,97.0,26285,48059,ok
22:38:02,65.8,96.7,25793,49579,ok
22:38:03,66.1,97.4,26238,48861,ok
22:38:04,66.8,97.1,26475,49661,ok
22:38:05,69.6,97.0,26579,48726,ok
22:38:06,64.3,97.3,26808,49087,ok
22:38:07,61.7,96.5,25476,49176,ok
22:38:08,68.6,97.5,26549,49051,ok
22:38:09,63.8,96.9,26991,48334,ok
22:38:10,66.8,97.5,25107,48102,ok
22:38:11,64.6,96.8,25354,48684,ok
22:38:12,66.5,97.4,25566,48497,ok
22:38:13,67.1,97.6,25721,48799,ok
22:38:14,66.0,96.8,25312,49272,ok
22:38:15,62.5,97.8,25132,49771,ok
22:38:16,65.7,96.9,26110,49808,ok
22:38:17,68.1,96.7,25443,48294,ok
22:38:18,64.9,97.0,26588,49084,ok
22:38:19,66.2,97.4,25730,48411,ok
22:38:20,68.0,96.6,26243,49340,ok
22:38:21,65.3,97.4,25765,48315,ok
22:38:22,68.2,96.8,26397,49450,ok
22:38:23,67.2,96.2,25350,49156,ok
22:38:24,63.9,97.4,25659,49043,ok
22:38:25,64.7,97.6,26000,48292,ok
22:38:26,63.3,96.7,26532,48075,ok
22:38:27,64.3,96.2,25998,48568,ok
22:38:28,63.6,96.6,26581,49939,ok
22:38:29,65.3,97.6,26750,49552,ok
22:38:30,67.3,96.8,26295,49527,ok
22:38:31,67.4,96.9,25599,48518,ok
22:38:32,66.3,96.9,26069,48830,ok
22:38:33,60.0,96.7,25429,49891,ok
22:38:34,65.9,97.0,26079,49074,ok
22:38:35,59.6,97.4,25989,49658,ok
22:38:36,65.0,96.4,26463,48362,ok
22:38:37,65.0,97.1,26247,48533,ok
22:38:38,66.3,97.6,26974,49504,ok
22:38:39,64.6,97.4,26269,48510,ok
22:38:40,64.7,97.3,26335,48988,ok
22:38:41,62.8,96.1,25301,48964,ok
22:38:42,65.0,97.5,26395,48542,ok
22:38:43,66.9,96.7,26711,48668,ok
22:38:44,66.9,96.9,26156,48089,ok
22:38:45,66.3,96.9,25378,48374,ok
22:38:46,63.8,97.1,26608,49771,ok
22:38:47,65.7,98.1,25150,48387,ok
22:38:48,63.6,97.0,26906,48422,ok
22:38:49,63.6,97.8,25223,48538,ok
22:38:50,61.9,96.8,25882,49210,ok
22:38:51,63.0,97.1,26956,49091,ok
22:38:52,65.5,96.2,25277,49596,ok
22:38:53,66.1,96.2,26055,48613,ok
22:38:54,64.8,96.7,25573,48943,ok
22:38:55,62.8,96.7,26106,48892,ok
22:38:56,61.8,96.3,25244,49001,ok
22:38:57,65.1,96.7,26687,48972,ok
22:38:58,68.3,97.6,26196,49610,ok
22:38:59,66.9,96.9,26559,48497,ok
22:39:00,65.3,96.7,26722,49569,ok
22:39:01,65.1,96.6,25040,48660,ok
22:39:02,65.4,96.9,25644,48012,ok
22:39:03,63.9,97.1,26115,48478,ok
22:39:04,68.0,96.8,26555,48745,ok
22:39:05,66.8,97.3,26388,49762,ok
22:39:06,63.6,97.6,26823,49344,ok
22:39:07,65.5,97.5,25823,48110,ok
22:39:08,65.5,97.4,26235,48514,ok
22:39:09,69.2,95.7,25704,48571,ok
22:39:10,64.4,96.9,25771,49867,ok
22:39:11,64.8,96.7,26883,48922,ok
22:39:12,64.2,96.8,25194,49386,ok
22:39:13,66.5,96.9,26627,49454,ok
22:39:14,63.9,98.0,25780,48791,ok
22:39:15,61.5,96.7,26253,49132,ok
22:39:16,62.3,95.9,26105,48334,ok
22:39:17,64.1,97.6,25745,49035,ok
22:39:18,61.6,97.8,25985,48644,ok
22:39:19,64.5,96.7,25761,48330,ok
22:39:20,66.6,96.8,25934,49313,ok
22:39:21,64.9,97.4,26635,48693,ok
22:39:22,65.9,97.9,25126,48083,ok
22:39:23,63.3,97.3,25408,49233,ok
22:39:24,65.7,98.0,26292,49461,ok
22:39:25,66.0,96.8,26819,48803,ok
22:39:26,63.0,97.5,26143,49396,ok
22:39:27,65.3,97.3,26218,48843,ok
22:39:28,66.6,96.7,26010,49690,ok
22:39:29,65.7,96.7,25781,49671,ok
22:39:30,65.9,96.2,26483,48665,ok
22:39:31,65.9,98.2,25015,48417,ok
22:39:32,64.1,96.5,25113,49224,ok
22:39:33,60.1,97.4,26767,49710,ok
22:39:34,65.0,97.3,26965,49889,ok
22:39:35,66.8,96.7,25380,49724,ok
22:39:36,63.7,97.4,26784,48964,ok
22:39:37,64.6,97.8,26114,49381,ok
22:39:38,63.9,97.5,25446,49954,ok
22:39:39,68.0,96.5,26731,48015,ok
22:39:40,64.9,96.6,25723,49380,ok
22:39:41,65.4,96.7,25219,48594,ok
22:39:42,60.8,96.9,25639,49024,ok
22:39:43,63.6,97.0,26314,49257,ok
22:39:44,66.6,96.7,25577,49520,ok
22:39:45,64.1,97.0,26140,49512,ok
22:39:46,64.7,96.3,26774,49289,ok
22:39:47,65.6,97.4,25895,48393,ok
22:39:48,65.3,97.0,25575,48128,ok
22:39:49,66.6,96.6,26256,49009,ok
22:39:50,64.3,96.4,26270,48292,ok
22:39:51,62.8,96.5,26771,49788,ok
22:39:52,62.1,97.1,25941,49126,ok
22:39:53,66.5,96.9,26252,48916,ok
22:39:54,67.7,96.2,25284,49150,ok
22:39:55,67.1,97.2,25768,48868,ok
22:39:56,62.6,97.6,25474,49102,ok
22:39:57,65.5,96.8,26517,49469,ok
22:39:58,67.0,96.6,26408,48464,ok
22:39:59,60.6,96.9,25645,48102,ok
22:40:00,64.3,97.3,26876,49754,ok
22:40:01,65.1,97.8,25910,49823,ok
22:40:02,64.3,97.1,25987,48277,ok
22:40:03,67.1,97.4,25744,49635,ok
22:40:04,64.9,96.5,26269,49540,ok
22:40:05,67.2,97.0,25758,49346,ok
22:40:06,66.3,97.2,25842,48807,ok
22:40:07,65.8,96.6,26569,48840,ok
22:40:08,67.4,96.8,26359,48331,ok
22:40:09,61.6,96.5,25368,48235,ok
22:40:10,68.0,97.4,25554,48882,ok
22:40:11,62.3,96.9,25756,49095,ok
22:40:12,67.8,96.7,26045,49008,ok
22:40:13,60.6,96.8,25916,49509,ok
22:40:14,60.9,96.6,25131,49841,ok
22:40:15,64.4,96.6,26212,49199,ok
22:40:16,67.5,96.0,25123,49784,ok
22:40:17,66.3,98.0,26133,49379,ok
22:40:18,64.8,95.9,26183,49671,ok
22:40:19,66.6,96.6,25929,48779,ok
22:40:20,66.4,96.1,26598,48290,ok
22:40:21,62.5,97.0,25048,48295,ok
22:40:22,61.6,97.6,26106,49057,ok
22:40:23,66.3,97.1,25510,49332,ok
22:40:24,63.3,97.3,26265,48461,ok
22:40:25,67.3,97.1,26142,49609,ok
22:40:26,60.0,97.9,25202,48689,ok
22:40:27,69.9,96.7,26344,49998,ok
22:40:28,64.2,96.4,25529,48157,ok
22:40:29,65.4,97.3,25105,49426,ok
22:40:30,67.4,97.5,26465,49450,ok
22:40:31,61.7,97.5,26465,49009,ok
22:40:32,63.8,96.9,26107,48268,ok
22:40:33,66.7,96.4,25850,48548,ok
22:40:34,66.6,96.7,26627,49172,ok
22:40:35,64.7,98.2,25365,49001,ok
22:40:36,66.7,97.0,25316,49277,ok
22:40:37,65.5,97.1,25090,48649,ok
22:40:38,65.2,97.5,25965,49689,ok
22:40:39,60.9,96.3,25709,49614,ok
22:40:40,64.0,96.9,25241,49210,ok
22:40:41,66.1,97.1,26285,49405,ok
22:40:42,64.9,97.8,26297,49165,ok
22:40:43,65.5,97.3,25425,49283,ok
22:40:44,64.8,96.5,25829,48870,ok
22:40:45,69.1,96.9,26214,48070,ok
22:40:46,65.4,96.3,26167,49919,ok
22:40:47,64.2,97.3,26012,49902,ok
22:40:48,64.6,96.2,26169,48658,ok
22:40:49,63.5,95.5,26375,49633,ok
22:40:50,65.0,96.5,26469,49780,ok
22:40:51,62.7,96.3,25088,48677,ok
22:40:52,61.4,97.3,25600,48473,ok
22:40:53,60.3,97.5,25538,49719,ok
22:40:54,65.4,96.2,26683,48951,ok
22:40:55,66.6,97.1,26114,49892,ok
22:40:56,64.9,96.5,25260,49557,ok
22:40:57,63.2,96.7,26760,49822,ok
22:40:58,67.1,98.2,26229,49309,ok
22:40:59,64.6,97.2,26379,49995,ok
22:41:00,65.1,97.0,26289,48585,ok
22:41:01,66.0,96.7,25017,48453,ok
22:41:02,64.6,97.2,25828,48006,ok
22:41:03,66.5,96.9,25288,49250,ok
22:41:04,65.2,97.3,26399,48933,ok
22:41:05,65.7,95.9,26439,48037,ok
22:41:06,68.5,97.2,26999,48641,ok
22:41:07,65.1,97.3,25055,48018,ok
22:41:08,65.1,97.0,25587,48210,ok
22:41:09,62.7,97.5,25436,49128,ok
22:41:10,66.9,96.2,26288,49030,ok
22:41:11,64.1,96.7,25671,49896,ok
22:41:12,64.2,97.7,26341,49913,ok
22:41:13,63.7,96.7,25263,48970,ok
22:41:14,63.9,97.1,25349,48581,ok
22:41:15,65.0,97.1,25406,48200,ok
22:41:16,66.3,97.0,25704,49528,ok
22:41:17,68.2,97.7,26018,48955,ok
22:41:18,65.2,97.0,25496,48219,ok
22:41:19,65.2,97.4,25467,49192,ok
22:41:20,64.8,97.0,25779,48465,ok
22:41:21,66.5,96.1,26045,49025,ok
22:41:22,67.7,96.9,25233,49075,ok
22:41:23,65.2,97.6,26429,48077,ok
22:41:24,68.0,96.3,25430,49839,ok
22:41:25,64.8,97.3,25419,49723,ok
22:41:26,66.0,97.3,25527,49478,ok
22:41:27,66.1,96.2,26281,49517,ok
22:41:28,71.4,97.2,26018,49942,ok
22:41:29,67.5,96.2,26033,48331,ok
22:41:30,63.1,95.7,25586,48568,ok
22:41:31,66.6,97.5,25742,49758,ok
22:41:32,61.9,98.3,26800,48851,ok
22:41:33,69.1,97.3,25743,48362,ok
22:41:34,68.7,97.4,25763,49691,ok
22:41:35,64.0,98.1,25161,49253,ok
22:41:36,69.3,97.8,26298,48731,ok
22:41:37,68.7,96.8,26802,48736,ok
22:41:38,63.0,97.6,26865,48431,ok
22:41:39,66.6,96.7,26071,48212,ok
22:41:40,68.7,96.4,25045,48761,ok
22:41:41,67.0,97.1,25997,49751,ok
22:41:42,63.2,97.0,26427,49840,ok
22:41:43,63.3,96.6,25829,49220,ok
22:41:44,66.2,97.3,26913,48909,ok
22:41:45,66.4,97.0,25666,49584,ok
22:41:46,66.8,96.4,25535,49476,ok
22:41:47,66.5,97.1,25820,48165,ok
22:41:48,63.5,96.9,26759,48145,ok
22:41:49,64.9,97.3,25315,49158,ok
22:41:50,68.1,96.5,25531,49302,ok
22:41:51,66.8,97.3,25381,48970,ok
22:41:52,68.0,97.7,26246,48879,ok
22:41:53,64.0,97.1,26769,48334,ok
22:41:54,65.2,96.7,25887,48108,ok
22:41:55,63.5,98.0,26129,48247,ok
22:41:56,64.8,97.0,26521,49792,ok
22:41:57,64.2,97.5,26890,48273,ok
22:41:58,65.4,97.4,25828,48064,ok
22:41:59,67.0,97.0,26429,48787,ok
22:42:00,64.5,97.3,26757,49683,ok
22:42:01,62.9,97.5,26271,49543,ok
22:42:02,66.0,96.7,25808,49913,ok
22:42:03,68.7,96.5,25298,49413,ok
22:42:04,63.8,97.4,26712,48991,ok
22:42:05,65.2,97.8,25029,48478,ok
22:42:06,62.5,97.3,26724,48124,ok
22:42:07,64.7,97.3,25763,49206,ok
22:42:08,62.9,96.4,26988,48678,ok
22:42:09,65.7,96.3,25764,49384,ok
22:42:10,62.4,97.2,26477,48930,ok
22:42:11,67.5,96.9,26675,48545,ok
22:42:12,64.0,97.1,25321,49045,ok
22:42:13,64.6,97.5,25781,48332,ok
22:42:14,65.9,97.0,25345,48193,ok
22:42:15,65.5,96.3,25774,48525,ok
22:42:16,66.8,96.4,25885,49396,ok
22:42:17,66.7,97.5,25882,49791,ok
22:42:18,61.6,97.2,26102,48238,ok
22:42:19,66.2,97.5,26081,49061,ok
22:42:20,66.6,96.6,25289,48200,ok
22:42:21,62.4,97.0,25577,49784,ok
22:42:22,62.1,97.0,25920,48266,ok
22:42:23,66.5,97.3,26074,48701,ok
22:42:24,64.1,97.8,26666,48893,ok
22:42:25,64.7,97.2,25516,48648,ok
22:42:26,62.4,97.1,26364,49143,ok
22:42:27,66.6,97.1,26053,49259,ok
22:42:28,64.6,96.8,26799,48312,ok
22:42:29,66.8,96.8,25807,49606,ok
22:42:30,69.0,96.6,26384,49911,ok
22:42:31,68.2,96.7,26640,48623,ok
22:42:32,69.1,97.8,25876,48910,ok
22:42:33,65.3,97.1,25993,49919,ok
22:42:34,66.4,96.9,26872,49544,ok
22:42:35,65.5,96.6,25300,48858,ok
22:42:36,65.5,97.9,25340,48583,ok
22:42:37,63.3,96.6,26738,49127,ok
22:42:38,64.7,97.1,26075,48101,ok
22:42:39,63.7,96.8,26477,48493,ok
22:42:40,63.9,96.8,25146,49292,ok
22:42:41,63.2,97.4,25575,49263,ok
22:42:42,65.6,96.9,25657,48111,ok
22:42:43,65.2,96.5,25687,48063,ok
22:42:44,63.7,97.7,26212,48619,ok
22:42:45,64.7,97.7,25469,48494,ok
22:42:46,65.7,97.3,25017,48424,ok
22:42:47,67.3,96.3,26392,48552,ok
22:42:48,63.8,97.2,26409,48677,ok
22:42:49,66.4,97.3,25004,48322,ok
22:42:50,62.3,97.7,25536,48278,ok
22:42:51,67.0,97.0,25183,48961,ok
22:42:52,63.5,96.9,25148,48924,ok
22:42:53,64.9,97.4,25409,48091,ok
22:42:54,61.0,96.5,26380,48833,ok
22:42:55,64.0,96.4,25046,49848,ok
22:42:56,64.1,96.6,26428,49490,ok
22:42:57,65.6,97.6,26408,49743,ok
22:42:58,66.2,97.3,26410,48773,ok
22:42:59,60.7,97.0,25203,48504,ok
22:43:00,64.8,96.9,26257,49965,ok
22:43:01,67.1,96.4,26874,48904,ok
22:43:02,65.4,97.1,25318,49335,ok
22:43:03,63.9,97.5,26853,48287,ok
22:43:04,64.1,97.0,25069,48826,ok
22:43:05,65.9,98.2,26487,48644,ok
22:43:06,61.0,97.0,25320,48146,ok
22:43:07,66.7,97.2,26415,48284,ok
22:43:08,66.5,97.3,25609,49918,ok
22:43:09,65.2,97.0,25830,48320,ok
22:43:10,63.6,97.8,26200,48689,ok
22:43:11,60.9,97.6,25455,48879,ok
22:43:12,69.7,96.8,25689,49953,ok
22:43:13,66.2,97.1,26475,49624,ok
22:43:14,68.1,97.4,25268,48750,ok
22:43:15,65.3,95.4,26538,49922,ok
22:43:16,63.3,96.7,26467,49268,ok
22:43:17,66.0,97.0,25525,48276,ok
22:43:18,63.9,97.0,26083,49474,ok
22:43:19,63.6,96.8,25645,49714,ok
22:43:20,66.2,97.4,25359,48290,ok
22:43:21,64.4,97.3,26761,48116,ok
22:43:22,66.3,95.8,25955,48425,ok
22:43:23,63.9,97.0,25141,49325,ok
22:43:24,63.8,97.6,25547,49029,ok
22:43:25,64.1,98.5,26959,49092,ok
22:43:26,62.4,97.4,25979,48267,ok
22:43:27,65.6,97.2,25007,49223,ok
22:43:28,64.4,96.7,26938,49184,ok
22:43:29,67.0,96.7,25595,49437,ok
22:43:30,63.3,96.1,25097,49888,ok
22:43:31,60.5,97.5,25827,49670,ok
22:43:32,71.3,96.7,26049,49658,ok
22:43:33,66.6,97.5,26655,49052,ok
22:43:34,64.8,97.0,25267,48069,ok
22:43:35,65.1,97.2,26658,48947,ok
22:43:36,60.9,97.3,26523,48879,ok
22:43:37,62.3,96.3,25197,49475,ok
22:43:38,61.1,96.9,25822,48866,ok
22:43:39,66.4,96.9,26266,49994,ok
22:43:40,65.7,97.0,26286,49519,ok
22:43:41,61.9,97.2,25978,49362,ok
22:43:42,66.2,96.8,25275,48947,ok
22:43:43,64.3,97.0,25204,48726,ok
22:43:44,60.2,97.4,25051,49080,ok
22:43:45,65.3,97.6,25061,49117,ok
22:43:46,66.3,97.0,26956,49408,ok
22:43:47,65.2,96.8,26606,49187,ok
22:43:48,63.1,97.4,26892,49425,ok
22:43:49,65.5,95.9,25551,48390,ok
22:43:50,64.4,97.6,25913,49449,ok
22:43:51,60.5,97.3,26974,48283,ok
22:43:52,65.0,98.1,25454,48389,ok
22:43:53,68.3,96.4,25583,49150,ok
22:43:54,65.6,96.9,26696,49419,ok
22:43:55,70.0,97.3,25017,48080,ok
22:43:56,65.1,98.0,26080,49637,ok
22:43:57,67.2,97.5,26035,48920,ok
22:43:58,65.4,96.7,26460,49594,ok
22:43:59,65.0,97.6,25564,49153,ok
22:44:00,64.2,97.0,26468,48099,ok
22:44:01,65.1,97.0,26665,48179,ok
22:44:02,66.0,97.1,25089,49528,ok
22:44:03,64.5,96.9,26114,48735,ok
22:44:04,64.7,97.2,26340,48714,ok
22:44:05,65.2,96.8,26740,49253,ok
22:44:06,64.5,97.3,25987,48351,ok
22:44:07,63.5,97.0,26206,49522,ok
22:44:08,66.3,96.7,25523,48854,ok
22:44:09,66.9,96.7,25257,49490,ok
22:44:10,60.0,96.5,25783,48876,ok
22:44:11,65.1,97.3,25886,49758,ok
22:44:12,68.3,97.0,25954,49803,ok
22:44:13,62.9,96.8,25150,48623,ok
22:44:14,63.0,97.4,26605,48313,ok
22:44:15,65.3,97.0,26667,48027,ok
22:44:16,61.5,97.7,25117,48727,ok
22:44:17,67.5,97.1,26198,48094,ok
22:44:18,63.7,96.6,26190,48070,ok
22:44:19,66.2,97.7,25076,48108,ok
22:44:20,68.5,96.6,26175,49251,ok
22:44:21,65.4,97.2,26362,48290,ok
22:44:22,66.0,98.0,25960,48085,ok
22:44:23,63.0,97.0,25540,49393,ok
22:44:24,69.9,96.8,25050,48376,ok
22:44:25,63.2,97.4,25680,49940,ok
22:44:26,65.4,97.0,26653,49497,ok
22:44:27,61.0,96.5,26479,48243,ok
22:44:28,68.7,96.8,25250,49667,ok
22:44:29,65.1,98.2,25511,49843,ok
22:44:30,64.0,96.1,25823,48984,ok
22:44:31,65.4,97.0,26983,48144,ok
22:44:32,66.2,96.6,26069,49637,ok
22:44:33,63.8,96.9,25599,49222,ok
22:44:34,63.6,97.0,26584,48352,ok
22:44:35,64.6,96.4,26447,49423,ok
22:44:36,64.3,96.3,26230,48413,ok
22:44:37,65.4,96.7,26299,49828,ok
22:44:38,67.6,96.6,25300,48719,ok
22:44:39,64.9,96.9,26576,48828,ok
22:44:40,66.1,97.4,25203,48995,ok
22:44:41,65.3,97.2,25042,48481,ok
22:44:42,62.5,98.0,25304,49141,ok
22:44:43,62.5,97.0,26978,49448,ok
22:44:44,67.6,96.7,25492,49458,ok
22:44:45,66.5,97.2,25503,48182,ok
22:44:46,65.1,97.6,26459,49778,ok
22:44:47,65.0,96.1,26449,49338,ok
22:44:48,62.7,96.7,25152,49645,ok
22:44:49,65.8,96.3,25049,49929,ok
22:44:50,66.4,97.4,26055,48160,ok
22:44:51,67.6,97.0,26268,49889,ok
22:44:52,63.2,97.7,26231,48808,ok
22:44:53,61.8,96.9,26971,49138,ok
22:44:54,63.2,97.1,26971,48359,ok
22:44:55,66.1,96.6,26600,48910,ok
22:44:56,65.6,96.3,25128,49069,ok
22:44:57,59.6,97.1,25753,49636,ok
22:44:58,62.0,96.6,25580,49067,ok
22:44:59,61.5,96.3,26336,49480,ok
22:45:00,67.4,96.9,26087,48728,ok
22:45:01,66.7,97.0,26482,48984,ok
22:45:02,63.0,96.2,26459,48602,ok
22:45:03,63.8,96.8,26660,49410,ok
22:45:04,64.1,97.6,26936,49669,ok
22:45:05,64.8,96.4,26180,48763,ok
22:45:06,64.3,97.0,25841,48442,ok
22:45:07,65.0,97.5,26269,49290,ok
22:45:08,70.9,97.8,26812,48072,ok
22:45:09,66.6,97.4,26545,49339,ok
22:45:10,65.2,97.1,25053,49928,ok
22:45:11,64.2,96.0,26287,49294,ok
22:45:12,62.1,96.2,26352,48467,ok
22:45:13,66.6,97.0,26338,49987,ok
22:45:14,65.3,97.1,26238,49426,ok
22:45:15,65.7,97.0,26541,49399,ok
22:45:16,66.4,97.6,25633,49212,ok
22:45:17,61.7,97.1,25307,48709,ok
22:45:18,62.7,97.2,25685,48724,ok
22:45:19,64.5,98.0,25293,49871,ok
22:45:20,64.2,96.5,26051,48328,ok
22:45:21,64.4,96.9,25167,48705,ok
22:45:22,67.3,95.9,25628,49054,ok
22:45:23,65.6,95.7,26395,48661,ok
22:45:24,65.4,97.0,26158,48254,ok
22:45:25,63.5,97.6,25957,49148,ok
22:45:26,66.8,97.5,25652,49011,ok
22:45:27,62.9,97.1,25081,48308,ok
22:45:28,63.8,96.8,26691,48253,ok
22:45:29,63.3,96.6,25238,48756,ok
22:45:30,64.5,97.5,25168,49705,ok
22:45:31,64.9,97.7,25608,48007,ok
22:45:32,65.9,97.0,25830,48734,ok
22:45:33,63.1,97.1,26977,49638,ok
22:45:34,69.9,97.7,26811,49162,ok
22:45:35,65.1,97.1,26112,48739,ok
22:45:36,67.6,96.8,26993,48866,ok
22:45:37,65.6,97.0,26033,48045,ok
22:45:38,64.1,97.2,25641,49073,ok
22:45:39,65.2,96.4,26687,49386,ok
22:45:40,65.3,96.8,25603,49068,ok
22:45:41,63.5,96.2,26678,49602,ok
22:45:42,65.8,96.9,25884,49591,ok
22:45:43,65.5,97.3,26545,48699,ok
22:45:44,65.7,97.1,25736,48645,ok
22:45:45,66.8,96.8,26868,48580,ok
22:45:46,68.5,97.1,25024,49953,ok
22:45:47,61.7,97.7,25819,49300,ok
22:45:48,65.8,97.0,26220,48133,ok
22:45:49,64.3,97.2,26189,49978,ok
22:45:50,64.7,96.8,25245,49084,ok
22:45:51,67.4,96.2,25671,48983,ok
22:45:52,68.1,97.6,25987,48577,ok
22:45:53,69.1,97.2,25875,49076,ok
22:45:54,66.3,97.6,25624,48758,ok
22:45:55,68.7,96.6,26779,49518,ok
22:45:56,61.2,97.2,26912,49819,ok
22:45:57,66.9,96.2,25247,48680,ok
22:45:58,61.9,97.2,25321,49026,ok
22:45:59,65.0,96.2,26606,48347,ok
22:46:00,67.1,97.0,26330,49450,ok
22:46:01,64.1,96.8,25195,48648,ok
22:46:02,66.0,97.1,25485,48828,ok
22:46:03,64.0,96.9,26411,49415,ok
22:46:04,62.7,97.5,25475,49853,ok
22:46:05,64.9,96.5,25961,48290,ok
22:46:06,63.6,98.2,26014,48761,ok
22:46:07,66.4,96.5,26190,49489,ok
22:46:08,64.5,97.9,25567,49821,ok
22:46:09,64.3,97.6,25465,48134,ok
22:46:10,63.8,96.5,26793,49133,ok
22:46:11,67.6,96.9,25117,48264,ok
22:46:12,65.1,96.8,26897,48688,ok
22:46:13,62.1,97.0,25599,49545,ok
22:46:14,66.4,97.2,26085,49892,ok
22:46:15,63.0,97.5,26503,48584,ok
22:46:16,63.5,96.9,25811,48362,ok
22:46:17,66.3,97.7,26780,48870,ok
22:46:18,60.4,96.6,26543,49275,ok
22:46:19,62.0,96.6,25949,49096,ok
22:46:20,63.8,96.8,26327,49742,ok
22:46:21,64.5,97.0,26435,48660,ok
22:46:22,65.7,97.4,25288,48125,ok
22:46:23,67.5,97.1,26204,49722,ok
22:46:24,66.3,96.6,25495,49025,ok
22:46:25,66.3,97.3,26474,48982,ok
22:46:26,60.5,96.2,26860,49234,ok
22:46:27,61.6,97.7,26260,49424,ok
22:46:28,66.9,97.9,26675,49208,ok
22:46:29,63.4,97.4,26231,48942,ok
22:46:30,63.1,97.5,26644,48969,ok
22:46:31,63.9,97.2,26354,48232,ok
22:46:32,66.1,96.8,26342,48342,ok
22:46:33,62.9,96.4,26929,49236,ok
22:46:34,65.2,97.3,26557,49679,ok
22:46:35,65.7,96.6,26652,49161,ok
22:46:36,65.2,97.3,26674,48373,ok
22:46:37,64.6,96.5,26640,48062,ok
22:46:38,66.7,97.1,26532,49268,ok
22:46:39,63.1,97.2,25519,48748,ok
22:46:40,65.3,97.6,26881,49660,ok
22:46:41,64.9,96.6,26275,48235,ok
22:46:42,64.8,97.5,26236,49255,ok
22:46:43,61.6,97.5,25720,48639,ok
22:46:44,66.3,97.6,26247,49736,ok
22:46:45,64.8,97.6,26141,48632,ok
22:46:46,65.2,97.2,26596,48044,ok
22:46:47,62.5,97.8,26990,48123,ok
22:46:48,66.4,97.3,25592,48333,ok
22:46:49,65.3,97.0,25010,48584,ok
22:46:50,66.8,96.7,25502,49443,ok
22:46:51,64.8,97.3,25604,48639,ok
22:46:52,63.0,98.1,25534,48686,ok
22:46:53,63.7,96.8,26877,48628,ok
22:46:54,63.7,96.2,26380,49746,ok
22:46:55,62.7,95.9,26484,48281,ok
22:46:56,65.2,96.3,26025,48320,ok
22:46:57,63.8,97.1,26501,48068,ok
22:46:58,64.4,97.7,26339,48537,ok
22:46:59,64.1,96.6,25860,49111,ok
22:47:00,61.9,97.4,26910,48907,ok
22:47:01,61.7,97.5,25960,49090,ok
22:47:02,66.5,96.7,25513,48334,ok
22:47:03,63.2,96.7,25310,48476,ok
22:47:04,63.6,96.8,26684,49711,ok
22:47:05,70.3,96.8,26929,49160,ok
22:47:06,66.9,96.9,25980,48180,ok
22:47:07,63.2,98.1,25259,49991,ok
22:47:08,62.3,96.9,25285,48909,ok
22:47:09,65.0,98.0,25648,48167,ok
22:47:10,63.5,97.0,26070,49566,ok
22:47:11,67.4,97.1,25597,48166,ok
22:47:12,67.2,96.2,25022,48514,ok
22:47:13,63.8,96.6,25703,48991,ok
22:47:14,71.7,97.6,25284,49664,ok
22:47:15,64.4,96.8,26215,48653,ok
22:47:16,66.6,97.2,26188,48992,ok
22:47:17,67.0,97.8,25636,48726,ok
22:47:18,65.8,98.2,26984,49758,ok
22:47:19,64.8,97.2,25195,48003,ok
22:47:20,66.8,97.4,26622,48934,ok
22:47:21,67.4,97.7,26972,48387,ok
22:47:22,66.8,96.4,26738,48495,ok
22:47:23,61.6,97.5,25959,48732,ok
22:47:24,65.9,96.7,25220,49631,ok
22:47:25,62.8,97.3,26089,48420,ok
22:47:26,64.6,96.2,26034,48496,ok
22:47:27,62.5,96.7,25424,49606,ok
22:47:28,65.1,97.1,26504,48473,ok
22:47:29,61.7,95.7,26806,48152,ok
22:47:30,67.7,96.8,26137,48851,ok
22:47:31,64.4,96.7,25742,49337,ok
22:47:32,64.5,96.8,25175,48954,ok
22:47:33,68.0,96.4,25411,49474,ok
22:47:34,63.1,97.2,26843,48853,ok
22:47:35,62.8,97.0,26002,48992,ok
22:47:36,65.9,97.0,26612,49838,ok
22:47:37,65.4,97.2,25549,48455,ok
22:47:38,69.4,96.8,25770,49846,ok
22:47:39,64.3,97.5,26159,48994,ok
22:47:40,68.3,97.4,25162,48613,ok
22:47:41,67.1,96.8,26187,49627,ok
22:47:42,64.9,96.9,25631,48280,ok
22:47:43,64.6,96.6,25616,48774,ok
22:47:44,63.9,96.3,26265,49088,ok
22:47:45,61.6,97.0,26808,48206,ok
22:47:46,63.5,97.0,26573,48047,ok
22:47:47,66.0,97.7,25634,48558,ok
22:47:48,64.6,96.9,26652,49887,ok
22:47:49,63.3,97.3,26934,48884,ok
22:47:50,66.6,97.1,25469,49567,ok
22:47:51,62.6,96.5,26849,49544,ok
22:47:52,67.4,97.4,25688,48432,ok
22:47:53,63.8,97.6,26696,48012,ok
22:47:54,65.7,97.6,26716,49646,ok
22:47:55,66.5,97.2,26922,48478,ok
22:47:56,63.4,97.4,26762,48761,ok
22:47:57,66.1,95.8,25433,49947,ok
22:47:58,69.9,96.1,26329,48479,ok
22:47:59,65.1,97.4,26175,48648,ok
22:48:00,61.9,97.4,26440,49986,ok
22:48:01,63.1,96.1,25328,49816,ok
22:48:02,64.1,96.5,26382,49592,ok
22:48:03,64.2,96.6,26355,48558,ok
22:48:04,63.9,96.7,25228,49547,ok
22:48:05,64.1,96.5,25816,48911,ok
22:48:06,63.9,98.1,25078,48776,ok
22:48:07,70.0,98.3,25305,49899,ok
22:48:08,66.3,96.4,25845,49304,ok
22:48:09,64.5,95.8,26939,48384,ok
22:48:10,62.1,97.6,25318,49252,ok
22:48:11,64.3,96.7,26447,49560,ok
22:48:12,62.9,97.2,25366,49251,ok
22:48:13,66.5,96.7,25674,48873,ok
22:48:14,64.3,97.5,26453,48941,ok
22:48:15,69.2,96.9,26450,48199,ok
22:48:16,66.4,97.3,26731,48997,ok
22:48:17,66.2,97.4,26460,49605,ok
22:48:18,67.1,97.4,25134,49727,ok
22:48:19,65.5,96.8,25976,49464,ok
22:48:20,65.5,97.6,25787,49007,ok
22:48:21,59.6,97.7,26431,49666,ok
22:48:22,62.9,96.7,25086,49789,ok
22:48:23,63.7,96.3,25579,48598,ok
22:48:24,66.8,96.4,25736,48968,ok
22:48:25,63.5,97.1,25548,48753,ok
22:48:26,63.2,96.8,26754,49000,ok
22:48:27,67.1,97.2,25217,49466,ok
22:48:28,65.4,96.8,25357,48033,ok
22:48:29,66.6,97.0,25645,49730,ok
22:48:30,66.7,96.3,26337,49294,ok
22:48:31,62.5,97.7,25581,49235,ok
22:48:32,64.4,97.3,26523,48672,ok
22:48:33,64.7,97.2,25082,49749,ok
22:48:34,66.5,97.7,25001,48951,ok
22:48:35,64.4,97.4,25155,48372,ok
22:48:36,68.2,97.2,25064,49507,ok
22:48:37,64.7,96.2,25467,48142,ok
22:48:38,67.6,97.3,26746,48343,ok
22:48:39,65.8,97.5,25391,48442,ok
22:48:40,62.6,96.6,25309,48085,ok
22:48:41,65.5,97.1,26156,48450,ok
22:48:42,65.0,96.8,25507,48159,ok
22:48:43,65.0,96.6,26037,48175,ok
22:48:44,65.1,97.3,25806,49215,ok
22:48:45,66.2,97.4,26114,48786,ok
22:48:46,67.2,96.8,25545,48245,ok
22:48:47,64.7,97.7,26025,48842,ok
22:48:48,67.0,97.0,26177,48104,ok
22:48:49,64.7,97.0,25043,49715,ok
22:48:50,66.1,95.9,26583,49314,ok
22:48:51,67.2,96.1,26495,48160,ok
22:48:52,63.4,97.5,26880,48388,ok
22:48:53,62.8,96.6,26000,48584,ok
22:48:54,63.3,96.7,26989,48111,ok
22:48:55,67.8,96.8,25924,49472,ok
22:48:56,65.8,96.8,26098,49397,ok
22:48:57,66.1,96.7,25242,48343,ok
22:48:58,63.9,97.8,25319,48265,ok
22:48:59,61.6,98.1,25294,49184,ok
22:49:00,62.9,97.5,26070,49944,ok
22:49:01,64.9,95.9,26586,49403,ok
22:49:02,65.3,97.7,26662,48998,ok
22:49:03,65.4,97.1,26647,48277,ok
22:49:04,62.7,97.1,25900,48718,ok
22:49:05,65.5,96.5,25064,49848,ok
22:49:06,65.8,96.6,26042,49694,ok
22:49:07,67.5,97.1,26976,48714,ok
22:49:08,64.3,96.7,26941,49389,ok
22:49:09,63.1,97.2,26081,48250,ok
22:49:10,66.9,96.2,25690,48373,ok
22:49:11,68.4,96.6,26848,48584,ok
22:49:12,68.8,96.6,26529,48117,ok
22:49:13,65.5,96.7,25414,49187,ok
22:49:14,65.4,97.2,25994,48768,ok
22:49:15,68.4,96.7,26725,48669,ok
22:49:16,69.6,97.0,25689,49607,ok
22:49:17,65.8,97.2,25425,48422,ok
22:49:18,64.1,97.5,26704,48910,ok
22:49:19,63.5,96.8,26516,48351,ok
22:49:20,66.7,97.6,25806,49423,ok
22:49:21,64.1,97.3,25197,48927,ok
22:49:22,64.3,97.3,26103,49032,ok
22:49:23,68.7,97.1,26311,48690,ok
22:49:24,60.0,96.5,25601,48761,ok
22:49:25,65.5,96.6,26328,49555,ok
22:49:26,66.9,97.7,26047,48997,ok
22:49:27,63.7,96.8,25497,49805,ok
22:49:28,65.4,96.3,26089,48526,ok
22:49:29,64.0,97.4,26172,48685,ok
22:49:30,65.3,97.4,25816,48852,ok
22:49:31,64.8,96.9,26188,49034,ok
22:49:32,66.1,97.1,25677,48129,ok
22:49:33,67.6,97.0,26032,48979,ok
22:49:34,62.6,97.4,26678,49265,ok
22:49:35,62.5,96.7,26575,48665,ok
22:49:36,64.2,96.5,26198,48307,ok
22:49:37,65.2,97.7,25598,48055,ok
22:49:38,65.5,96.4,26451,49270,ok
22:49:39,65.5,97.1,25779,49784,ok
22:49:40,65.3,96.9,26810,49923,ok
22:49:41,64.4,97.2,25498,48865,ok
22:49:42,66.6,97.1,25261,49034,ok
22:49:43,68.2,96.5,25963,49244,ok
22:49:44,65.9,97.1,26650,48505,ok
22:49:45,66.5,97.1,25867,49699,ok
22:49:46,67.3,96.9,26060,48460,ok
22:49:47,64.7,96.8,26730,49382,ok
22:49:48,63.0,96.6,25409,48228,ok
22:49:49,61.9,97.2,26772,48655,ok
22:49:50,62.8,96.3,25017,48122,ok
22:49:51,62.6,97.3,25540,48416,ok
22:49:52,63.1,96.8,26752,48351,ok
22:49:53,64.5,97.1,26877,48999,ok
22:49:54,66.6,96.1,26178,49346,ok
22:49:55,64.3,97.4,26768,49634,ok
22:49:56,62.3,96.9,26629,48239,ok
22:49:57,64.7,97.0,25060,49655,ok
22:49:58,66.1,97.5,26121,49534,ok
22:49:59,63.0,96.1,25878,49745,ok
22:50:00,67.1,98.3,26742,48828,ok
22:50:01,66.2,96.6,26857,49464,ok
22:50:02,66.1,97.0,25509,48091,ok
22:50:03,67.9,96.9,26849,48085,ok
22:50:04,67.0,97.3,25286,48010,ok
22:50:05,62.2,97.9,26543,49554,ok
22:50:06,65.4,96.9,26664,48554,ok
22:50:07,66.0,96.6,25076,48527,ok
22:50:08,65.4,97.6,25428,48904,ok
22:50:09,65.1,95.6,26921,49750,ok
22:50:10,66.1,97.5,26084,48104,ok
22:50:11,64.8,97.1,26588,48695,ok
22:50:12,65.9,96.1,25876,49946,ok
22:50:13,65.5,96.7,25467,49758,ok
22:50:14,65.3,98.3,26326,49759,ok
22:50:15,67.8,96.7,26119,49347,ok
22:50:16,64.3,97.9,26563,49054,ok
22:50:17,66.5,97.7,26000,48679,ok
22:50:18,67.7,97.1,26758,48016,ok
22:50:19,64.2,97.4,25159,48260,ok
22:50:20,63.1,96.4,26539,49883,ok
22:50:21,62.6,97.1,25021,49821,ok
22:50:22,64.0,96.4,26850,48820,ok
22:50:23,61.7,97.2,25686,48834,ok
22:50:24,64.5,96.8,25221,48773,ok
22:50:25,67.9,96.7,25096,49277,ok
22:50:26,60.6,96.6,25878,48263,ok
22:50:27,62.2,96.0,26335,49460,ok
22:50:28,61.8,97.1,25274,49607,ok
22:50:29,64.0,96.6,26297,49446,ok
22:50:30,64.6,97.3,25079,48457,ok
22:50:31,68.5,96.6,25038,49974,ok
22:50:32,66.9,97.6,26039,49693,ok
22:50:33,66.0,97.4,25125,49325,ok
22:50:34,60.9,96.9,25290,49163,ok
22:50:35,66.4,96.7,25583,49421,ok
22:50:36,62.8,97.1,25782,48456,ok
22:50:37,62.5,96.9,25344,48607,ok
22:50:38,63.3,96.9,25972,49325,ok
22:50:39,63.7,96.9,26748,49702,ok
22:50:40,65.9,97.8,26674,48958,ok
22:50:41,62.2,96.7,25782,49627,ok
22:50:42,63.4,96.6,25321,49863,ok
22:50:43,64.1,96.7,26175,48324,ok
22:50:44,65.6,97.2,26654,49590,ok
22:50:45,62.2,96.6,26854,48249,ok
22:50:46,67.0,97.1,25701,49321,ok
22:50:47,64.2,97.9,25636,48655,ok
22:50:48,64.4,97.1,26946,48566,ok
22:50:49,63.2,97.5,26813,49503,ok
22:50:50,65.8,96.8,25554,49112,ok
22:50:51,63.4,97.0,26385,48539,ok
22:50:52,60.5,96.8,25585,48671,ok
22:50:53,63.3,96.5,26013,49824,ok
22:50:54,65.7,96.8,25571,49794,ok
22:50:55,64.4,97.4,25699,48229,ok
22:50:56,66.5,97.4,26991,48861,ok
22:50:57,62.8,96.3,26922,48247,ok
22:50:58,64.0,96.5,26714,48918,ok
22:50:59,66.3,96.7,25498,48925,ok
22:51:00,53.9,97.7,26321,49569,ok
22:51:01,56.1,97.8,26674,48773,ok
22:51:02,55.5,98.0,26661,49446,ok
22:51:03,55.7,97.4,26619,49573,ok
22:51:04,54.7,98.1,25481,48292,ok
22:51:05,55.7,98.3,25159,48478,ok
22:51:06,58.5,97.9,25692,48541,ok
22:51:07,55.8,98.6,25373,48441,ok
22:51:08,53.1,98.2,26901,48826,ok
22:51:09,57.8,97.9,26810,48689,ok
22:51:10,54.3,97.7,26543,48793,ok
22:51:11,56.8,98.0,25148,48967,ok
22:51:12,54.3,97.7,25082,48022,ok
22:51:13,56.9,97.9,26398,48843,ok
22:51:14,56.5,97.7,25070,49882,ok
22:51:15,56.6,98.5,26026,48546,ok
22:51:16,55.4,96.3,25442,48118,ok
22:51:17,57.1,98.1,26892,49984,ok
22:51:18,56.3,98.2,26159,49653,ok
22:51:19,60.3,98.1,25909,48084,ok
22:51:20,55.0,98.2,26868,48381,ok
22:51:21,53.8,97.1,25221,49951,ok
22:51:22,56.5,98.1,26920,49210,ok
22:51:23,55.8,98.1,25374,49973,ok
22:51:24,52.2,98.6,25784,49450,ok
22:51:25,54.2,97.9,25423,48387,ok
22:51:26,53.7,97.1,26209,48714,ok
22:51:27,54.2,98.1,26300,48151,ok
22:51:28,53.2,98.0,26624,49927,ok
22:51:29,54.7,97.8,26307,49089,ok
22:51:30,55.9,97.6,26170,49511,ok
22:51:31,55.5,97.8,25856,48715,ok
22:51:32,55.5,97.9,26345,48117,ok
22:51:33,52.4,98.7,26562,48602,ok
22:51:34,55.7,98.9,25267,48131,ok
22:51:35,56.1,98.7,25626,48811,ok
22:51:36,55.6,97.8,25869,48564,ok
22:51:37,53.1,98.4,26240,48121,ok
22:51:38,58.5,97.5,26332,48257,ok
22:51:39,53.9,98.5,26045,48451,ok
22:51:40,53.1,97.6,26595,48192,ok
22:51:41,53.3,97.7,26581,49936,ok
22:51:42,51.0,97.2,26480,48135,ok
22:51:43,53.9,97.7,26735,48715,ok
22:51:44,57.6,98.3,26390,48131,ok
22:51:45,54.5,97.1,26505,49909,ok
22:51:46,57.5,97.5,26296,48720,ok
22:51:47,55.5,98.1,26340,49391,ok
22:51:48,51.5,98.7,26161,49004,ok
22:51:49,54.3,97.8,25039,49919,ok
22:51:50,60.5,99.2,25036,48132,ok
22:51:51,52.8,97.6,25881,49151,ok
22:51:52,53.5,97.6,25661,48801,ok
22:51:53,55.8,98.3,26022,49459,ok
22:51:54,54.8,97.9,25204,49989,ok
22:51:55,53.0,97.2,26898,48610,ok
22:51:56,55.3,97.8,26497,49543,ok
22:51:57,55.4,97.9,26869,48438,ok
22:51:58,55.1,97.8,25599,48573,ok
22:51:59,57.8,98.4,26999,49375,ok
22:52:00,53.6,97.2,26176,48667,ok
22:52:01,55.6,98.5,25783,48245,ok
22:52:02,58.0,98.2,25997,48467,ok
22:52:03,56.0,97.6,25964,48016,ok
22:52:04,52.8,98.3,26040,48089,ok
22:52:05,53.8,98.8,26393,48137,ok
22:52:06,53.2,98.4,26689,48267,ok
22:52:07,52.5,98.2,25477,49905,ok
22:52:08,53.5,97.7,25576,48052,ok
22:52:09,55.1,98.2,26215,49249,ok
22:52:10,54.5,97.0,25031,49726,ok
22:52:11,55.5,97.7,25904,48786,ok
22:52:12,51.8,98.5,26548,49479,ok
22:52:13,54.8,96.6,25272,49387,ok
22:52:14,54.1,97.9,26995,48833,ok
22:52:15,54.1,97.7,25430,48967,ok
22:52:16,57.3,98.5,26048,48697,ok
22:52:17,56.0,98.8,25741,48702,ok
22:52:18,56.9,98.4,25925,49157,ok
22:52:19,53.3,97.9,26749,49211,ok
22:52:20,55.3,98.4,26314,48522,ok
22:52:21,58.6,98.2,25570,49981,ok
22:52:22,54.7,98.0,25055,49665,ok
22:52:23,58.1,97.4,25110,49979,ok
22:52:24,55.6,97.7,26372,48613,ok
22:52:25,55.0,97.9,26708,48120,ok
22:52:26,58.9,98.1,25835,49321,ok
22:52:27,55.5,97.7,25953,48500,ok
22:52:28,58.9,98.2,25868,49554,ok
22:52:29,56.4,98.6,25166,49669,ok
22:52:30,58.7,97.4,25495,48526,ok
22:52:31,54.1,98.9,26887,48287,ok
22:52:32,58.1,98.7,25418,49816,ok
22:52:33,54.1,98.1,25488,48002,ok
22:52:34,53.1,97.8,26968,48484,ok
22:52:35,53.3,98.3,26766,48970,ok
22:52:36,55.8,98.0,26703,49305,ok
22:52:37,55.4,97.9,26646,48204,ok
22:52:38,55.8,98.9,25905,49202,ok
22:52:39,56.0,97.6,26690,49216,ok
22:52:40,53.6,97.7,26292,49369,ok
22:52:41,54.1,98.1,25705,48035,ok
22:52:42,55.0,97.4,25505,49872,ok
22:52:43,53.3,97.9,26300,49233,ok
22:52:44,53.3,98.2,25459,49663,ok
22:52:45,56.1,98.6,26166,48200,ok
22:52:46,52.2,97.7,25161,48349,ok
22:52:47,51.3,97.9,25113,48449,ok
22:52:48,53.3,98.2,26547,49201,ok
22:52:49,57.3,97.4,25582,49419,ok
22:52:50,57.5,98.1,26887,48110,ok
22:52:51,54.3,98.4,25721,49525,ok
22:52:52,54.3,97.3,26410,48644,ok
22:52:53,54.9,98.8,26019,49043,ok
22:52:54,58.5,98.1,26555,48267,ok
22:52:55,54.2,98.4,26118,48986,ok
22:52:56,55.9,97.4,25599,48432,ok
22:52:57,53.6,98.4,26771,49439,ok
22:52:58,56.7,98.0,25886,49412,ok
22:52:59,53.3,97.8,25668,49610,ok
22:53:00,55.2,98.7,25065,49171,ok
22:53:01,51.9,98.2,25113,49856,ok
22:53:02,56.9,97.8,26249,49781,ok
22:53:03,53.8,97.9,25377,48456,ok
22:53:04,54.6,98.3,25544,49309,ok
22:53:05,55.4,97.5,25961,49525,ok
22:53:06,54.9,98.1,25436,49866,ok
22:53:07,56.9,98.6,25915,48884,ok
22:53:08,53.8,98.3,26880,49657,ok
22:53:09,54.0,98.6,26935,49404,ok
22:53:10,52.7,99.2,25851,48460,ok
22:53:11,56.9,98.5,26171,48263,ok
22:53:12,55.8,98.3,26100,49172,ok
22:53:13,53.7,97.7,25100,49562,ok
22:53:14,55.5,97.4,25745,48327,ok
22:53:15,54.7,97.9,26819,49680,ok
22:53:16,53.9,97.4,25112,48442,ok
22:53:17,57.1,98.1,26011,49545,ok
22:53:18,55.0,98.6,25231,48130,ok
22:53:19,53.3,98.1,26724,48047,ok
22:53:20,56.9,97.4,26571,49076,ok
22:53:21,56.2,98.1,26447,49608,ok
22:53:22,55.2,98.4,26553,48713,ok
22:53:23,55.1,98.8,26866,48727,ok
22:53:24,53.0,97.4,26656,49879,ok
22:53:25,54.6,97.8,25592,48266,ok
22:53:26,52.1,97.6,25845,49836,ok
22:53:27,52.9,98.1,26190,48816,ok
22:53:28,57.4,98.3,26909,48677,ok
22:53:29,57.0,97.1,25700,48711,ok
22:53:30,53.2,97.7,25867,49358,ok
22:53:31,57.4,97.9,26264,48655,ok
22:53:32,54.3,98.2,25470,49636,ok
22:53:33,60.0,98.2,25584,48457,ok
22:53:34,56.3,97.7,26665,48371,ok
22:53:35,54.8,97.5,25832,48223,ok
22:53:36,54.3,98.0,25052,49947,ok
22:53:37,54.5,98.4,26951,49494,ok
22:53:38,51.6,97.7,25167,48457,ok
22:53:39,53.9,98.8,25418,49145,ok
22:53:40,51.0,98.0,25521,49605,ok
22:53:41,53.3,98.4,26197,49521,ok
22:53:42,57.3,98.4,26729,48696,ok
22:53:43,55.3,98.2,25868,49238,ok
22:53:44,56.9,97.3,26085,49262,ok
22:53:45,54.8,98.2,26676,49675,ok
22:53:46,56.1,98.2,26688,49318,ok
22:53:47,55.9,98.9,26697,48187,ok
22:53:48,55.1,98.2,25155,48251,ok
22:53:49,52.6,97.7,26337,48121,ok
22:53:50,54.2,97.5,25091,49304,ok
22:53:51,56.4,97.7,25307,48513,ok
22:53:52,56.2,96.9,26768,48580,ok
22:53:53,52.2,97.7,25987,48710,ok
22:53:54,53.8,97.5,26907,48418,ok
22:53:55,56.1,98.3,26368,48628,ok
22:53:56,56.7,97.0,26289,49690,ok
22:53:57,54.3,97.8,25191,49882,ok
22:53:58,51.7,98.8,25946,48475,ok
22:53:59,56.0,97.3,26130,48964,ok
22:54:00,54.3,97.5,26159,48115,ok
22:54:01,54.0,98.4,26253,48658,ok
22:54:02,50.2,97.4,26952,49623,ok
22:54:03,53.6,97.7,25999,49039,ok
22:54:04,54.7,97.6,25832,49949,ok
22:54:05,55.5,98.1,26232,49438,ok
22:54:06,56.9,97.0,26795,49021,ok
22:54:07,55.8,98.5,25566,49294,ok
22:54:08,51.5,97.7,26463,48796,ok
22:54:09,54.5,98.5,26822,49802,ok
22:54:10,55.7,98.7,25702,48471,ok
22:54:11,53.9,98.5,26980,48190,ok
22:54:12,55.7,98.0,26174,49635,ok
22:54:13,53.0,98.0,25606,49246,ok
22:54:14,53.6,98.0,26052,48683,ok
22:54:15,54.4,97.8,26238,49292,ok
22:54:16,56.4,97.4,25240,49131,ok
22:54:17,59.0,98.1,25112,48863,ok
22:54:18,54.5,97.4,25846,49619,ok
22:54:19,56.6,97.3,25964,48134,ok
22:54:20,57.9,97.5,25477,49618,ok
22:54:21,51.3,97.6,26602,48199,ok
22:54:22,53.4,98.4,25696,49339,ok
22:54:23,54.5,98.4,26844,48003,ok
22:54:24,56.4,97.0,25669,48128,ok
22:54:25,56.2,98.5,25906,48186,ok
22:54:26,55.8,97.4,25613,49879,ok
22:54:27,51.9,98.7,26475,48816,ok
22:54:28,54.8,99.1,26969,49842,ok
22:54:29,49.7,98.8,25342,49144,ok
22:54:30,54.1,98.0,26273,49434,ok
22:54:31,55.6,96.9,26960,48607,ok
22:54:32,52.1,96.7,26280,49625,ok
22:54:33,56.6,97.3,25983,48614,ok
22:54:34,54.3,98.6,26364,49037,ok
22:54:35,56.2,98.0,25616,48420,ok
22:54:36,50.0,97.5,25990,48291,ok
22:54:37,57.9,97.4,26901,48059,ok
22:54:38,51.9,97.6,25031,48074,ok
22:54:39,55.6,98.1,25462,49947,ok
22:54:40,53.5,97.7,25995,49632,ok
22:54:41,54.5,98.0,26613,48323,ok
22:54:42,57.9,98.1,26050,49797,ok
22:54:43,50.5,98.7,25623,48216,ok
22:54:44,54.6,97.4,25638,49783,ok
22:54:45,54.3,97.9,26087,48416,ok
22:54:46,56.5,98.0,26400,48038,ok
22:54:47,57.7,97.1,25952,49261,ok
22:54:48,54.5,98.0,25797,48699,ok
22:54:49,60.4,97.1,25706,48112,ok
22:54:50,54.0,97.9,25108,48897,ok
22:54:51,55.1,98.6,25027,48795,ok
22:54:52,55.1,97.0,26698,48338,ok
22:54:53,55.0,98.1,25803,49218,ok
22:54:54,54.1,98.1,25387,48002,ok
22:54:55,55.9,97.5,25763,49932,ok
22:54:56,57.9,98.0,25514,49367,ok
22:54:57,52.3,98.0,25135,48869,ok
22:54:58,56.7,97.7,25446,49977,ok
22:54:59,53.6,98.5,25629,49083,ok
22:55:00,55.7,97.8,25484,48222,ok
22:55:01,52.1,97.9,26166,48162,ok
22:55:02,55.7,98.2,25877,49377,ok
22:55:03,55.0,97.6,25710,48561,ok
22:55:04,52.7,97.3,26637,49117,ok
22:55:05,51.6,97.9,26201,48266,ok
22:55:06,53.9,98.3,25568,48866,ok
22:55:07,55.0,98.5,26121,48596,ok
22:55:08,54.7,96.9,25134,49277,ok
22:55:09,55.9,97.7,26359,48880,ok
22:55:10,55.9,98.6,25095,48342,ok
22:55:11,57.4,98.2,26934,49402,ok
22:55:12,56.1,98.4,26151,49361,ok
22:55:13,56.7,98.9,25141,49394,ok
22:55:14,55.6,98.2,26957,48963,ok
22:55:15,55.3,97.9,26427,48741,ok
22:55:16,54.6,98.4,25638,48224,ok
22:55:17,51.1,98.5,26734,48959,ok
22:55:18,54.8,98.5,26223,49923,ok
22:55:19,56.9,97.3,25535,49146,ok
22:55:20,52.1,98.1,25871,48348,ok
22:55:21,56.9,98.5,26837,49941,ok
22:55:22,55.1,98.2,25032,49667,ok
22:55:23,55.1,98.0,25823,49333,ok
22:55:24,53.0,98.0,25967,48278,ok
22:55:25,52.9,98.6,26897,49279,ok
22:55:26,56.6,98.5,25086,48057,ok
22:55:27,55.1,97.6,25555,48290,ok
22:55:28,56.5,98.9,25135,48326,ok
22:55:29,51.8,97.5,25169,48270,ok
22:55:30,54.5,97.1,26496,49512,ok
22:55:31,57.4,98.2,25971,49067,ok
22:55:32,52.6,98.5,26413,48828,ok
22:55:33,53.1,96.9,25302,49218,ok
22:55:34,56.6,98.5,25635,49850,ok
22:55:35,55.5,97.7,26856,49143,ok
22:55:36,55.3,98.2,25682,48434,ok
22:55:37,55.8,98.4,26464,48885,ok
22:55:38,54.9,98.1,25734,49653,ok
22:55:39,59.1,97.6,26279,49769,ok
22:55:40,52.0,97.2,26649,48841,ok
22:55:41,60.1,98.5,26082,49354,ok
22:55:42,55.0,97.5,26334,48252,ok
22:55:43,52.5,98.5,26323,49222,ok
22:55:44,56.8,98.4,25212,49437,ok
22:55:45,56.0,98.6,26221,49807,ok
22:55:46,54.0,98.5,25849,49642,ok
22:55:47,56.3,98.2,26109,49003,ok
22:55:48,55.9,97.9,26276,49158,ok
22:55:49,57.6,98.4,25300,49647,ok
22:55:50,54.8,97.9,26129,48371,ok
22:55:51,55.1,98.4,26021,48581,ok
22:55:52,58.0,97.3,25261,49578,ok
22:55:53,55.4,97.7,25604,49033,ok
22:55:54,53.7,96.9,26344,49378,ok
22:55:55,54.8,97.5,25113,49364,ok
22:55:56,52.1,98.6,26563,48189,ok
22:55:57,54.8,97.8,25114,49815,ok
22:55:58,54.8,98.1,25461,48460,ok
22:55:59,54.4,97.1,25899,48750,ok
22:56:00,56.1,98.4,25510,48427,ok
22:56:01,55.9,97.8,26058,48381,ok
22:56:02,56.1,97.9,26079,49190,ok
22:56:03,55.1,98.1,26066,49279,ok
22:56:04,53.9,98.4,26239,49135,ok
22:56:05,56.5,97.6,26576,48958,ok
22:56:06,53.8,98.4,26726,49411,ok
22:56:07,55.9,96.7,25340,49360,ok
22:56:08,56.4,98.0,26948,49242,ok
22:56:09,56.0,97.7,26042,48409,ok
22:56:10,55.2,97.6,26799,49911,ok
22:56:11,55.0,97.8,25510,49035,ok
22:56:12,52.2,97.5,25461,48926,ok
22:56:13,55.2,98.6,26549,49597,ok
22:56:14,56.0,97.8,26827,49161,ok
22:56:15,52.5,99.0,25372,48726,ok
22:56:16,54.7,99.2,26316,48109,ok
22:56:17,55.2,97.9,26343,49248,ok
22:56:18,55.4,97.7,26989,49668,ok
22:56:19,56.3,97.1,26559,48158,ok
22:56:20,56.5,98.4,25861,48356,ok
22:56:21,54.7,97.5,26632,49644,ok
22:56:22,55.6,98.4,25081,49684,ok
22:56:23,54.7,98.5,25764,49773,ok
22:56:24,55.5,98.5,25256,48512,ok
22:56:25,57.4,97.6,26357,49634,ok
22:56:26,56.2,98.4,25449,49952,ok
22:56:27,58.9,98.4,26090,49182,ok
22:56:28,56.2,97.6,26129,48017,ok
22:56:29,57.1,97.2,25819,49404,ok
22:56:30,50.5,97.4,25950,49049,ok
22:56:31,52.3,98.0,25644,49998,ok
22:56:32,51.0,98.4,26143,48933,ok
22:56:33,58.4,97.5,26489,49940,ok
22:56:34,54.0,97.4,25843,49164,ok
22:56:35,54.7,98.4,26182,49925,ok
22:56:36,53.0,97.4,25595,48533,ok
22:56:37,54.7,97.2,26452,48865,ok
22:56:38,53.6,97.3,26643,49544,ok
22:56:39,52.7,97.4,26650,49433,ok
22:56:40,58.0,97.3,25946,48387,ok
22:56:41,56.4,97.2,25673,48224,ok
22:56:42,52.3,97.9,26803,49383,ok
22:56:43,54.1,98.2,26996,49184,ok
22:56:44,55.6,96.9,25260,48148,ok
22:56:45,54.9,98.8,25649,49024,ok
22:56:46,58.9,97.8,26385,48211,ok
22:56:47,56.2,98.8,26642,48976,ok
22:56:48,54.2,97.9,25710,48770,ok
22:56:49,55.1,98.6,26428,48490,ok
22:56:50,57.2,98.9,26350,48920,ok
22:56:51,56.7,97.3,25438,49639,ok
22:56:52,54.3,98.3,25540,48291,ok
22:56:53,54.2,99.0,25837,49570,ok
22:56:54,53.2,97.6,25235,49321,ok
22:56:55,50.7,98.8,25961,49958,ok
22:56:56,55.3,98.4,25813,48341,ok
22:56:57,55.9,98.6,25342,48576,ok
22:56:58,56.0,97.8,26495,48194,ok
22:56:59,57.2,98.0,25552,49036,ok
22:57:00,53.7,98.2,25990,49970,ok
22:57:01,53.5,98.2,26270,49708,ok
22:57:02,57.7,97.2,26269,49439,ok
22:57:03,54.9,98.4,26063,49261,ok
22:57:04,56.3,97.3,25452,49022,ok
22:57:05,53.9,98.0,25744,48608,ok
22:57:06,52.0,97.4,25050,49581,ok
22:57:07,55.9,97.9,25531,48178,ok
22:57:08,52.5,98.2,25411,49779,ok
22:57:09,57.0,97.5,26524,48827,ok
22:57:10,53.7,97.9,26427,48466,ok
22:57:11,56.9,98.3,26068,48261,ok
22:57:12,54.5,97.3,25150,49195,ok
22:57:13,53.1,97.5,26431,49541,ok
22:57:14,55.7,98.3,25811,48986,ok
22:57:15,55.1,98.3,25929,48455,ok
22:57:16,57.9,97.0,25931,49526,ok
22:57:17,54.4,97.7,25621,49484,ok
22:57:18,50.9,98.2,26482,48671,ok
22:57:19,58.0,98.0,25205,48245,ok
22:57:20,55.3,97.4,26972,48803,ok
22:57:21,55.5,97.9,26533,48332,ok
22:57:22,56.1,98.0,25865,49668,ok
22:57:23,53.5,97.2,26334,49748,ok
22:57:24,56.4,98.5,25580,49322,ok
22:57:25,55.3,97.1,26120,49091,ok
22:57:26,53.3,97.6,26728,48722,ok
22:57:27,52.1,97.7,26885,48331,ok
22:57:28,56.2,97.1,26627,49743,ok
22:57:29,58.0,97.4,25465,48341,ok
22:57:30,56.5,98.0,25126,49573,ok
22:57:31,56.4,97.0,26915,48219,ok
22:57:32,55.0,99.3,25548,48317,ok
22:57:33,51.7,98.3,26021,48936,ok
22:57:34,54.3,97.5,25957,49580,ok
22:57:35,53.1,98.8,26726,49782,ok
22:57:36,56.1,97.0,26769,48531,ok
22:57:37,57.5,98.7,25690,49730,ok
22:57:38,56.9,97.4,25310,48359,ok
22:57:39,55.1,98.8,25114,48608,ok
22:57:40,54.3,97.5,25722,49511,ok
22:57:41,54.3,97.4,26509,48141,ok
22:57:42,53.3,98.2,25000,48991,ok
22:57:43,54.8,98.4,25766,48742,ok
22:57:44,52.2,97.9,25447,49568,ok
22:57:45,56.1,98.2,26005,48943,ok
22:57:46,58.1,98.3,25681,48351,ok
22:57:47,57.3,97.8,25587,49167,ok
22:57:48,54.1,97.7,26418,48852,ok
22:57:49,53.4,98.2,25370,48269,ok
22:57:50,56.7,98.2,25414,48322,ok
22:57:51,54.5,98.7,26535,48527,ok
22:57:52,58.0,98.2,25226,48959,ok
22:57:53,53.9,98.3,25445,49099,ok
22:57:54,53.1,98.4,25435,48993,ok
22:57:55,53.6,97.4,25548,49430,ok
22:57:56,56.1,98.3,25884,48415,ok
22:57:57,54.5,97.7,25624,49498,ok
22:57:58,57.6,98.1,26006,48864,ok
22:57:59,53.3,97.6,26023,49564,ok
22:58:00,53.9,98.8,26090,48107,ok
22:58:01,55.4,97.5,26613,49214,ok
22:58:02,54.5,97.4,25107,49334,ok
22:58:03,56.1,97.6,25798,48553,ok
22:58:04,53.6,97.5,26100,48758,ok
22:58:05,55.8,98.4,25555,48295,ok
22:58:06,52.3,97.1,25695,48996,ok
22:58:07,55.4,98.5,26510,48339,ok
22:58:08,55.4,97.7,25942,48540,ok
22:58:09,53.0,97.8,26481,49871,ok
22:58:10,53.9,98.2,26934,49085,ok
22:58:11,56.3,97.6,25238,48697,ok
22:58:12,57.3,97.7,26005,48094,ok
22:58:13,53.8,98.9,26939,49446,ok
22:58:14,55.2,97.4,25527,49085,ok
22:58:15,55.4,98.4,26372,49619,ok
22:58:16,53.2,96.9,26400,49158,ok
22:58:17,56.0,97.9,26247,49938,ok
22:58:18,55.0,96.9,26339,49898,ok
22:58:19,54.6,98.2,26537,48488,ok
22:58:20,54.1,98.4,25600,49145,ok
22:58:21,53.8,97.5,25151,48172,ok
22:58:22,54.1,98.5,26550,48944,ok
22:58:23,53.8,98.1,25969,48814,ok
22:58:24,55.1,97.6,25159,49001,ok
22:58:25,57.8,97.4,26332,49334,ok
22:58:26,55.7,97.4,25306,49218,ok
22:58:27,58.7,97.6,26583,48395,ok
22:58:28,56.8,98.0,26078,49886,ok
22:58:29,56.2,97.5,25058,49108,ok
22:58:30,57.3,97.7,25745,49934,ok
22:58:31,57.0,97.5,26380,48534,ok
22:58:32,55.6,96.8,26970,49434,ok
22:58:33,57.5,98.4,25801,49634,ok
22:58:34,54.1,98.1,25290,48292,ok
22:58:35,56.7,97.8,26202,48765,ok
22:58:36,54.3,98.2,25320,49113,ok
22:58:37,54.8,97.9,25960,48279,ok
22:58:38,54.6,97.7,26595,48250,ok
22:58:39,55.0,97.8,26064,48716,ok
22:58:40,55.0,97.2,25862,49607,ok
22:58:41,56.2,97.9,25581,48710,ok
22:58:42,53.7,97.2,25145,49545,ok
22:58:43,56.2,97.3,25799,48540,ok
22:58:44,58.2,97.5,25083,49847,ok
22:58:45,52.2,97.1,25601,48577,ok
22:58:46,55.5,98.6,25348,48820,ok
22:58:47,56.1,97.8,25007,49188,ok
22:58:48,54.8,98.1,25593,48569,ok
22:58:49,53.4,97.7,25965,49923,ok
22:58:50,57.7,97.8,26333,48245,ok
22:58:51,53.0,97.9,25434,48697,ok
22:58:52,54.8,98.3,26513,49809,ok
22:58:53,56.9,98.1,25989,48731,ok
22:58:54,57.7,97.8,25015,48623,ok
22:58:55,56.1,97.2,26336,49946,ok
22:58:56,55.2,97.9,26114,48361,ok
22:58:57,55.5,97.3,25729,49531,ok
22:58:58,58.1,97.5,25898,49180,ok
22:58:59,53.6,97.7,25724,48003,ok
22:59:00,57.5,98.1,25144,49617,ok
22:59:01,53.7,96.8,26504,49030,ok
22:59:02,57.5,97.7,26079,48857,ok
22:59:03,56.6,98.9,26292,49093,ok
22:59:04,53.4,98.0,25909,48670,ok
22:59:05,54.6,97.7,26704,49636,ok
22:59:06,56.5,98.4,25437,48350,ok
22:59:07,54.2,98.6,25232,48581,ok
22:59:08,50.7,98.2,26818,48958,ok
22:59:09,55.4,98.0,25555,48784,ok
22:59:10,55.1,97.6,25372,49297,ok
22:59:11,54.3,97.6,26495,48566,ok
22:59:12,56.3,98.0,26241,48116,ok
22:59:13,56.4,97.7,25070,49880,ok
22:59:14,55.8,98.4,25921,49092,ok
22:59:15,53.5,97.5,26763,48860,ok
22:59:16,55.4,98.6,25872,49108,ok
22:59:17,56.1,97.8,25401,48854,ok
22:59:18,56.4,98.4,26844,48381,ok
22:59:19,55.5,97.7,25745,48834,ok
22:59:20,54.5,99.0,26194,49671,ok
22:59:21,53.6,97.5,26796,49292,ok
22:59:22,51.5,97.6,26814,49147,ok
22:59:23,53.3,98.0,25938,49192,ok
22:59:24,57.0,97.9,25021,49704,ok
22:59:25,54.1,98.1,25231,49270,ok
22:59:26,53.6,97.9,26268,48011,ok
22:59:27,53.8,98.6,25642,48366,ok
22:59:28,54.0,98.7,26685,49252,ok
22:59:29,55.0,97.4,25718,48992,ok
22:59:30,56.0,98.1,25258,48909,ok
22:59:31,52.4,98.3,26525,48019,ok
22:59:32,54.8,97.7,26417,49108,ok
22:59:33,54.6,98.5,25979,49427,ok
22:59:34,52.9,97.8,26024,48753,ok
22:59:35,51.5,98.6,26151,48588,ok
22:59:36,56.1,98.3,26423,48534,ok
22:59:37,51.1,98.3,25872,48918,ok
22:59:38,57.1,97.7,26488,49575,ok
22:59:39,52.0,98.4,25608,49815,ok
22:59:40,52.8,97.8,26959,49279,ok
22:59:41,55.0,97.8,26471,49849,ok
22:59:42,55.1,97.5,25219,49596,ok
22:59:43,56.9,98.0,26424,49321,ok
22:59:44,54.7,96.6,26305,49248,ok
22:59:45,56.1,98.1,25471,49604,ok
22:59:46,50.4,98.6,25652,48752,ok
22:59:47,54.0,97.7,26652,49803,ok
22:59:48,55.0,97.9,25328,48914,ok
22:59:49,60.0,97.6,25144,49564,ok
22:59:50,56.4,97.6,25406,49701,ok
22:59:51,59.5,98.4,26765,48104,ok
22:59:52,52.5,97.8,25929,49885,ok
22:59:53,54.8,97.6,25811,49258,ok
22:59:54,57.5,97.6,25871,49974,ok
22:59:55,58.8,98.3,25208,48256,ok
22:59:56,56.2,98.0,25861,48834,ok
22:59:57,55.8,98.2,25103,49773,ok
22:59:58,59.1,97.9,25231,49173,ok
22:59:59,57.8,98.3,26384,49419,ok
23:00:00,57.1,97.8,26074,48117,ok
23:00:01,55.2,98.1,26950,48950,ok
23:00:02,54.8,98.5,26126,48178,ok
23:00:03,51.3,97.1,25930,48464,ok
23:00:04,56.2,98.7,25430,49124,ok
23:00:05,55.9,97.7,25685,48763,ok
23:00:06,56.3,97.8,26232,49509,ok
23:00:07,56.4,98.0,25111,49580,ok
23:00:08,53.0,98.0,25750,49372,ok
23:00:09,60.2,98.2,25852,49236,ok
23:00:10,52.3,97.9,25522,49010,ok
23:00:11,58.4,97.5,26915,49219,ok
23:00:12,53.9,98.1,26746,49446,ok
23:00:13,55.9,97.4,25885,49888,ok
23:00:14,54.1,99.0,25877,48446,ok
23:00:15,56.4,97.5,25413,48485,ok
23:00:16,50.9,98.1,26146,48855,ok
23:00:17,53.0,98.8,25513,48639,ok
23:00:18,55.3,97.5,25110,48049,ok
23:00:19,58.6,98.4,25116,49474,ok
23:00:20,53.8,98.8,25559,48077,ok
23:00:21,58.4,98.5,25256,48068,ok
23:00:22,52.7,97.9,25957,49845,ok
23:00:23,55.8,98.4,25918,48312,ok
23:00:24,56.9,97.6,26029,48013,ok
23:00:25,55.5,97.8,25152,48370,ok
23:00:26,54.8,98.2,26962,49599,ok
23:00:27,54.5,99.4,25492,48100,ok
23:00:28,57.6,97.5,26697,48557,ok
23:00:29,58.3,98.7,25826,48607,ok
23:00:30,54.2,98.8,25160,49160,ok
23:00:31,57.9,98.7,25101,48024,ok
23:00:32,54.5,98.0,26638,49345,ok
23:00:33,53.0,97.3,26902,48042,ok
23:00:34,57.0,98.2,26504,48533,ok
23:00:35,55.1,97.5,26772,48209,ok
23:00:36,57.8,98.5,26926,49366,ok
23:00:37,57.6,97.9,26154,48384,ok
23:00:38,56.0,97.4,26599,48514,ok
23:00:39,58.6,98.2,26489,49384,ok
23:00:40,55.1,97.5,25459,48800,ok
23:00:41,55.3,97.5,25515,49047,ok
23:00:42,55.7,97.9,26808,48207,ok
23:00:43,51.5,98.6,25761,48528,ok
23:00:44,57.7,97.6,26865,49674,ok
23:00:45,55.4,97.8,25692,48855,ok
23:00:46,53.9,98.1,25408,48200,ok
23:00:47,55.7,98.2,26796,49756,ok
23:00:48,57.6,98.1,25328,49980,ok
23:00:49,55.6,98.6,26967,49424,ok
23:00:50,51.5,97.6,25688,48789,ok
23:00:51,57.2,98.7,26632,48430,ok
23:00:52,56.6,97.7,26149,49453,ok
23:00:53,55.5,98.3,25182,48646,ok
23:00:54,56.0,97.1,26896,48215,ok
23:00:55,54.1,97.8,25745,48820,ok
23:00:56,55.9,97.8,25145,48435,ok
23:00:57,56.1,98.2,25695,48903,ok
23:00:58,53.9,97.2,25566,49973,ok
23:00:59,56.2,98.0,25346,48374,ok
23:01:00,54.0,97.9,25207,48371,ok
23:01:01,54.9,98.8,26336,48610,ok
23:01:02,55.4,97.7,26868,48244,ok
23:01:03,55.7,97.7,26082,48468,ok
23:01:04,54.5,98.3,25654,48684,ok
23:01:05,57.5,98.3,25681,48963,ok
23:01:06,52.6,97.3,25688,48039,ok
23:01:07,59.1,97.6,26926,48437,ok
23:01:08,56.7,97.6,25021,48520,ok
23:01:09,54.2,98.8,25918,49125,ok
23:01:10,56.6,98.0,26354,49505,ok
23:01:11,57.2,97.9,26379,49198,ok
23:01:12,56.1,98.7,26276,48562,ok
23:01:13,60.7,98.3,25499,49194,ok
23:01:14,54.6,97.9,26766,48701,ok
23:01:15,57.1,97.5,25840,49419,ok
23:01:16,53.6,97.9,25361,49155,ok
23:01:17,55.0,98.1,26178,48302,ok
23:01:18,52.9,98.1,25356,48916,ok
23:01:19,52.7,98.2,26559,48361,ok
23:01:20,59.4,97.4,26700,48561,ok
23:01:21,53.7,98.3,26737,48711,ok
23:01:22,55.2,98.6,26022,48990,ok
23:01:23,55.3,98.1,25672,49144,ok
23:01:24,54.3,97.0,26174,48579,ok
23:01:25,57.0,97.5,25118,48405,ok
23:01:26,56.1,98.8,26877,48250,ok
23:01:27,53.4,98.3,26627,48482,ok
23:01:28,54.9,97.7,25964,48106,ok
23:01:29,55.9,98.1,26458,49976,ok
23:01:30,54.2,97.3,26987,48647,ok
23:01:31,57.6,98.6,25338,49644,ok
23:01:32,54.4,97.3,25343,49729,ok
23:01:33,55.1,97.6,25993,49747,ok
23:01:34,56.5,98.7,25940,48823,ok
23:01:35,55.5,97.8,25407,48615,ok
23:01:36,54.8,97.1,26667,49589,ok
23:01:37,55.7,98.3,26014,48734,ok
23:01:38,55.5,98.2,26401,49434,ok
23:01:39,54.1,98.4,25501,48641,ok
23:01:40,50.5,98.9,26637,49539,ok
23:01:41,56.6,97.8,26563,48697,ok
23:01:42,56.0,97.6,25223,49893,ok
23:01:43,50.0,97.7,25186,48747,ok
23:01:44,52.7,97.9,26217,48173,ok
23:01:45,57.8,98.1,25217,48412,ok
23:01:46,54.9,98.0,26305,48099,ok
23:01:47,53.9,97.6,25608,48305,ok
23:01:48,55.1,98.1,26897,48526,ok
23:01:49,51.8,98.6,25637,49437,ok
23:01:50,58.6,97.8,26895,49902,ok
23:01:51,56.9,99.2,26817,48654,ok
23:01:52,55.7,98.1,25431,48904,ok
23:01:53,59.4,97.7,25627,48254,ok
23:01:54,55.5,98.7,26424,49668,ok
23:01:55,56.2,98.8,25405,49244,ok
23:01:56,53.4,98.0,26735,49212,ok
23:01:57,54.7,97.6,26178,48620,ok
23:01:58,54.1,98.0,25741,48140,ok
23:01:59,52.9,98.0,25431,48218,ok
23:02:00,54.4,97.9,26129,49364,ok
23:02:01,57.2,97.6,26886,48224,ok
23:02:02,53.0,97.7,25361,49240,ok
23:02:03,56.4,98.0,26320,49566,ok
23:02:04,52.5,98.6,26355,48235,ok
23:02:05,56.7,97.7,25635,49403,ok
23:02:06,53.5,97.4,25728,48504,ok
23:02:07,56.1,98.3,25844,48316,ok
23:02:08,56.3,97.4,25051,48208,ok
23:02:09,54.0,97.9,25445,48440,ok
23:02:10,57.3,98.9,26730,49135,ok
23:02:11,55.0,97.8,26947,48554,ok
23:02:12,53.0,98.3,26633,48533,ok
23:02:13,53.4,98.0,26977,48148,ok
23:02:14,53.0,99.0,26771,48905,ok
23:02:15,57.6,98.3,26250,48150,ok
23:02:16,56.6,98.2,26854,49437,ok
23:02:17,54.7,98.5,26904,49896,ok
23:02:18,55.8,97.6,25652,49747,ok
23:02:19,51.9,97.5,25568,49954,ok
23:02:20,51.7,98.5,25461,48050,ok
23:02:21,59.2,97.5,25008,49399,ok
23:02:22,54.6,98.3,25245,49730,ok
23:02:23,57.7,97.7,25934,49408,ok
23:02:24,55.9,98.4,26923,49753,ok
23:02:25,54.1,98.1,26012,49862,ok
23:02:26,55.0,98.2,25943,49557,ok
23:02:27,55.3,98.6,26507,48387,ok
23:02:28,53.9,97.6,25002,49114,ok
23:02:29,54.0,98.6,26523,49991,ok
23:02:30,55.2,97.7,26435,49279,ok
23:02:31,57.3,98.6,26113,49409,ok
23:02:32,54.3,98.1,25731,48771,ok
23:02:33,58.6,97.6,25769,48547,ok
23:02:34,54.7,98.0,25457,48321,ok
23:02:35,59.0,98.5,26350,49665,ok
23:02:36,55.8,98.1,25941,48432,ok
23:02:37,56.1,97.2,26357,49269,ok
23:02:38,52.9,95.8,25271,48273,ok
23:02:39,54.2,98.6,26280,49258,ok
23:02:40,57.0,98.9,26382,49204,ok
23:02:41,58.3,98.1,26009,48659,ok
23:02:42,54.9,97.9,26191,48529,ok
23:02:43,55.1,97.8,26302,49617,ok
23:02:44,53.4,98.3,26554,48945,ok
23:02:45,52.9,97.4,25305,49919,ok
23:02:46,53.2,97.9,26926,49899,ok
23:02:47,57.4,97.4,25679,49420,ok
23:02:48,53.2,97.4,25540,48188,ok
23:02:49,56.8,98.3,25605,49657,ok
23:02:50,54.6,98.6,25527,49383,ok
23:02:51,53.3,97.4,26829,49216,ok
23:02:52,52.8,98.1,26189,48555,ok
23:02:53,55.4,97.3,26113,49239,ok
23:02:54,56.2,97.5,26953,49794,ok
23:02:55,56.0,98.2,26038,49444,ok
23:02:56,52.3,97.7,26752,49516,ok
23:02:57,56.0,97.9,25164,49846,ok
23:02:58,55.3,97.3,25620,48473,ok
23:02:59,55.0,98.5,26142,48651,ok
23:03:00,57.5,98.2,25833,48398,ok
23:03:01,53.6,97.7,26686,48891,ok
23:03:02,54.7,97.7,25250,48600,ok
23:03:03,54.8,98.3,25764,48283,ok
23:03:04,55.7,98.8,25561,49355,ok
23:03:05,54.8,98.5,26041,48715,ok
23:03:06,55.6,97.4,25578,48866,ok
23:03:07,53.9,97.9,26822,49747,ok
23:03:08,54.8,98.1,26548,49108,ok
23:03:09,53.6,98.7,26496,48698,ok
23:03:10,56.7,97.9,25716,48452,ok
23:03:11,53.0,98.6,25885,48299,ok
23:03:12,55.8,98.4,26764,48480,ok
23:03:13,54.5,98.8,25107,49893,ok
23:03:14,53.4,98.2,25721,49487,ok
23:03:15,55.8,98.3,25099,48948,ok
23:03:16,54.5,97.5,26065,49421,ok
23:03:17,55.1,97.9,26830,48623,ok
23:03:18,54.8,98.3,25322,48334,ok
23:03:19,55.1,97.6,25114,49954,ok
23:03:20,56.6,98.5,26102,49799,ok
23:03:21,57.1,98.4,25927,49447,ok
23:03:22,54.5,97.6,25292,48472,ok
23:03:23,55.5,98.5,26119,49490,ok
23:03:24,55.4,98.1,26668,48081,ok
23:03:25,54.0,98.0,25333,48884,ok
23:03:26,55.2,96.9,25796,49557,ok
23:03:27,56.3,97.9,25268,48712,ok
23:03:28,55.8,97.8,26969,48938,ok
23:03:29,55.9,97.8,26258,48786,ok
23:03:30,56.8,98.1,26208,48641,ok
23:03:31,54.9,97.0,25114,49025,ok
23:03:32,53.6,97.7,26269,48473,ok
23:03:33,54.4,97.7,25246,49915,ok
23:03:34,52.1,98.6,25027,49896,ok
23:03:35,56.6,98.4,26239,49713,ok
23:03:36,54.7,97.9,25461,49094,ok
23:03:37,53.6,97.4,26664,48335,ok
23:03:38,55.6,97.5,26306,49184,ok
23:03:39,52.0,98.3,25365,48597,ok
23:03:40,53.6,98.3,26763,48039,ok
23:03:41,51.8,98.2,26833,48588,ok
23:03:42,54.1,96.7,26298,49255,ok
23:03:43,54.9,98.4,26271,48678,ok
23:03:44,56.4,97.7,26340,48512,ok
23:03:45,55.4,97.5,26841,49010,ok
23:03:46,56.5,97.6,26516,49192,ok
23:03:47,54.4,97.7,25724,48288,ok
23:03:48,52.2,98.1,25146,49316,ok
23:03:49,57.1,97.2,26047,49690,ok
23:03:50,56.6,99.3,26677,48379,ok
23:03:51,52.9,97.5,25254,48823,ok
23:03:52,56.6,97.5,25564,48213,ok
23:03:53,55.6,98.8,25661,48213,ok
23:03:54,52.9,98.4,26980,48427,ok
23:03:55,55.2,97.8,26567,49602,ok
23:03:56,56.5,98.5,25114,49052,ok
23:03:57,55.5,97.6,25603,49822,ok
23:03:58,56.6,97.9,25910,49781,ok
23:03:59,52.5,97.8,25933,48080,ok
23:04:00,55.3,99.1,25344,48773,ok
23:04:01,53.6,97.2,25907,48065,ok
23:04:02,56.4,97.7,26403,49041,ok
23:04:03,56.4,97.7,26104,49250,ok
23:04:04,54.1,98.7,26492,48413,ok
23:04:05,51.7,97.2,26844,49970,ok
23:04:06,57.6,98.0,25584,48346,ok
23:04:07,53.5,97.0,26832,48020,ok
23:04:08,52.0,97.5,25911,48685,ok
23:04:09,56.8,97.4,26608,48550,ok
23:04:10,56.1,98.5,25391,48535,ok
23:04:11,56.4,98.3,26617,48676,ok
23:04:12,52.9,97.6,26093,49103,ok
23:04:13,57.1,98.0,26376,48149,ok
23:04:14,54.0,98.9,25486,49003,ok
23:04:15,55.5,97.9,26520,49720,ok
23:04:16,55.1,97.7,25415,48554,ok
23:04:17,53.6,98.3,25706,49730,ok
23:04:18,56.4,98.0,26465,48294,ok
23:04:19,54.8,98.4,26002,48409,ok
23:04:20,58.7,98.1,26693,49256,ok
23:04:21,54.9,97.7,26290,49928,ok
23:04:22,53.8,98.5,26303,48337,ok
23:04:23,57.2,98.1,26013,48722,ok
23:04:24,55.1,99.0,26774,49489,ok
23:04:25,54.9,97.7,26185,49182,ok
23:04:26,54.4,98.8,26676,48089,ok
23:04:27,55.8,98.0,25274,48463,ok
23:04:28,52.5,98.3,26602,48951,ok
23:04:29,56.1,97.8,26391,48389,ok
23:04:30,55.8,97.7,25632,48480,ok
23:04:31,58.1,98.1,26599,48483,ok
23:04:32,54.9,98.1,26791,49871,ok
23:04:33,52.2,98.1,26935,48668,ok
23:04:34,56.0,98.3,26992,48072,ok
23:04:35,60.2,98.0,26935,48918,ok
23:04:36,51.8,98.6,25436,48718,ok
23:04:37,54.3,99.1,26068,49729,ok
23:04:38,54.0,98.5,26784,49985,ok
23:04:39,57.1,98.6,26283,48919,ok
23:04:40,59.1,98.9,26710,48339,ok
23:04:41,58.5,98.5,26609,48030,ok
23:04:42,58.4,98.3,26307,49094,ok
23:04:43,54.3,98.2,26131,48411,ok
23:04:44,54.2,97.2,25576,48365,ok
23:04:45,53.2,98.3,25470,48582,ok
23:04:46,51.9,98.9,25575,49482,ok
23:04:47,51.3,98.1,26726,49452,ok
23:04:48,52.6,97.9,26697,49461,ok
23:04:49,55.2,98.9,25528,49540,ok
23:04:50,48.8,98.3,26807,49038,ok
23:04:51,55.2,98.3,25454,49773,ok
23:04:52,56.7,97.9,25897,49558,ok
23:04:53,56.2,98.1,25541,48616,ok
23:04:54,55.6,97.5,26019,48535,ok
23:04:55,55.1,98.3,25063,48183,ok
23:04:56,54.2,98.6,26292,49206,ok
23:04:57,58.5,97.8,26072,48091,ok
23:04:58,58.1,98.4,26210,49824,ok
23:04:59,54.6,97.8,26761,48019,ok
23:05:00,56.4,98.2,26753,49983,ok
23:05:01,54.7,98.2,25443,48100,ok
23:05:02,54.9,97.7,26523,48711,ok
23:05:03,54.8,97.7,25564,49614,ok
23:05:04,53.9,98.0,26594,49027,ok
23:05:05,53.7,97.6,25362,48576,ok
23:05:06,59.4,97.2,26212,49164,ok
23:05:07,57.1,97.8,25133,48048,ok
23:05:08,58.7,98.1,26295,49186,ok
23:05:09,57.0,97.7,26307,48634,ok
23:05:10,51.9,97.7,25764,48923,ok
23:05:11,56.0,98.1,25626,49224,ok
23:05:12,57.8,98.6,26557,49616,ok
23:05:13,56.0,98.0,25951,48632,ok
23:05:14,56.5,98.0,25153,48254,ok
23:05:15,56.7,96.9,25709,49257,ok
23:05:16,55.3,98.7,26477,49186,ok
23:05:17,52.1,97.7,26199,48235,ok
23:05:18,50.9,98.0,26407,49072,ok
23:05:19,53.0,97.8,25080,49731,ok
23:05:20,54.1,98.6,25684,49210,ok
23:05:21,53.5,98.7,25912,48640,ok
23:05:22,56.8,98.2,26825,49632,ok
23:05:23,54.0,97.5,25040,48132,ok
23:05:24,56.7,98.6,25564,48276,ok
23:05:25,52.8,98.0,26957,48284,ok
23:05:26,53.7,97.5,26005,48059,ok
23:05:27,55.1,96.7,26961,48626,ok
23:05:28,55.7,97.9,26921,49057,ok
23:05:29,54.8,98.8,26380,48129,ok
23:05:30,55.1,97.6,26783,49155,ok
23:05:31,55.9,98.0,26061,48783,ok
23:05:32,51.2,97.4,26459,49824,ok
23:05:33,55.2,98.6,25096,48108,ok
23:05:34,57.5,97.5,25477,49292,ok
23:05:35,55.4,98.4,25779,48464,ok
23:05:36,55.2,97.8,25547,48691,ok
23:05:37,56.3,98.0,25741,48654,ok
23:05:38,54.4,98.1,26752,49900,ok
23:05:39,53.3,98.0,25245,49661,ok
23:05:40,59.9,97.8,25091,48548,ok
23:05:41,56.9,97.5,26961,48159,ok
23:05:42,57.5,97.6,25944,49052,ok
23:05:43,54.7,98.0,25952,49579,ok
23:05:44,54.8,96.8,26910,49215,ok
23:05:45,55.7,98.4,26612,48360,ok
23:05:46,54.6,98.0,25784,48352,ok
23:05:47,52.8,98.7,26882,48659,ok
23:05:48,54.7,99.0,25260,48014,ok
23:05:49,54.7,97.7,26735,48225,ok
23:05:50,54.7,97.3,25063,49594,ok
23:05:51,53.2,97.1,26315,48837,ok
23:05:52,58.4,97.9,26740,49932,ok
23:05:53,53.8,98.5,26928,48443,ok
23:05:54,52.9,98.5,26493,49356,ok
23:05:55,54.6,97.2,25645,49115,ok
23:05:56,55.6,98.1,26656,49322,ok
23:05:57,53.3,98.2,26480,49298,ok
23:05:58,53.1,98.2,25402,48645,ok
23:05:59,56.6,98.1,25711,48489,ok
23:06:00,55.2,98.3,25317,48488,ok
23:06:01,55.6,97.6,25750,49032,ok
23:06:02,50.5,98.2,26308,48146,ok
23:06:03,49.8,98.3,25870,48861,ok
23:06:04,54.1,98.1,25258,48450,ok
23:06:05,51.3,98.0,26755,48088,ok
23:06:06,54.9,97.9,25806,48333,ok
23:06:07,53.5,98.0,26568,48240,ok
23:06:08,55.7,97.6,26973,49866,ok
23:06:09,57.8,98.5,26313,48486,ok
23:06:10,54.2,97.9,26007,49124,ok
23:06:11,54.6,99.0,25864,48105,ok
23:06:12,54.1,98.4,25265,48273,ok
23:06:13,55.4,98.1,25943,48066,ok
23:06:14,51.5,97.8,25712,48785,ok
23:06:15,52.8,97.6,26492,48436,ok
23:06:16,58.7,98.6,25270,49658,ok
23:06:17,53.0,97.9,26673,49128,ok
23:06:18,55.6,98.1,26063,48296,ok
23:06:19,56.9,98.4,26439,49846,ok
23:06:20,53.7,97.9,26679,49600,ok
23:06:21,53.4,98.7,26732,48136,ok
23:06:22,54.8,98.7,25398,48032,ok
23:06:23,51.1,97.9,25368,49061,ok
23:06:24,54.0,97.9,26340,48976,ok
23:06:25,54.7,97.5,25304,48814,ok
23:06:26,54.9,97.4,25427,49786,ok
23:06:27,52.9,98.0,26522,48316,ok
23:06:28,52.7,98.4,25713,48285,ok
23:06:29,57.4,97.8,26062,49580,ok
23:06:30,59.9,98.0,25431,48168,ok
23:06:31,57.9,98.4,25005,49010,ok
23:06:32,53.2,97.9,25139,49286,ok
23:06:33,52.9,98.1,26498,48909,ok
23:06:34,54.1,97.3,25952,48475,ok
23:06:35,56.1,97.9,25771,48936,ok
23:06:36,55.4,98.8,26658,49934,ok
23:06:37,51.3,98.6,25061,49493,ok
23:06:38,54.6,98.3,26820,48825,ok
23:06:39,56.6,98.3,25995,48395,ok
23:06:40,58.5,98.8,25373,48580,ok
23:06:41,52.1,97.3,25786,49279,ok
23:06:42,55.0,97.5,25917,48798,ok
23:06:43,53.2,98.2,26365,49869,ok
23:06:44,57.2,98.3,26183,48658,ok
23:06:45,60.0,97.9,26370,49441,ok
23:06:46,55.4,97.9,26234,49063,ok
23:06:47,52.9,98.2,25074,48844,ok
23:06:48,53.4,97.3,25873,49620,ok
23:06:49,53.8,98.6,25720,49835,ok
23:06:50,57.4,98.2,25565,48454,ok
23:06:51,53.8,97.6,25641,49386,ok
23:06:52,56.3,98.0,25895,49839,ok
23:06:53,58.0,98.5,26472,48913,ok
23:06:54,53.3,98.3,25908,49729,ok
23:06:55,57.7,98.5,26288,49800,ok
23:06:56,55.1,97.3,25924,48630,ok
23:06:57,54.7,98.9,26710,48347,ok
23:06:58,55.4,98.2,26235,48858,ok
23:06:59,51.0,98.5,26831,48294,ok
23:07:00,50.3,97.4,26405,49368,ok
23:07:01,52.3,97.9,25763,48888,ok
23:07:02,53.4,98.7,26871,49531,ok
23:07:03,54.4,98.2,26640,48034,ok
23:07:04,56.0,98.3,25712,49032,ok
23:07:05,55.3,98.4,25636,49039,ok
23:07:06,53.9,98.7,25018,48126,ok
23:07:07,60.4,97.3,25354,49403,ok
23:07:08,52.4,98.6,26738,49350,ok
23:07:09,58.4,98.2,26223,49431,ok
23:07:10,60.2,98.3,25149,49673,ok
23:07:11,49.6,98.1,26604,49202,ok
23:07:12,55.7,97.4,26112,48718,ok
23:07:13,54.7,97.6,26274,48533,ok
23:07:14,56.4,98.6,25249,49460,ok
23:07:15,57.5,98.0,26010,48875,ok
23:07:16,54.9,98.0,26708,49204,ok
23:07:17,57.8,97.8,25970,48418,ok
23:07:18,53.0,98.6,25951,49636,ok
23:07:19,52.5,98.2,25539,48148,ok
23:07:20,54.8,98.5,25968,48283,ok
23:07:21,53.9,97.1,25198,49409,ok
23:07:22,55.7,98.7,25527,49680,ok
23:07:23,57.8,97.2,25199,49146,ok
23:07:24,56.7,97.5,25110,49014,ok
23:07:25,54.0,98.0,26955,48365,ok
23:07:26,57.6,99.4,26569,49570,ok
23:07:27,54.9,98.0,26434,48233,ok
23:07:28,56.7,98.8,25689,49018,ok
23:07:29,56.0,98.7,26448,48356,ok
23:07:30,54.8,97.3,26183,49840,ok
23:07:31,52.4,98.2,25136,49759,ok
23:07:32,57.9,97.7,26084,48248,ok
23:07:33,56.2,97.8,26321,49642,ok
23:07:34,53.1,98.2,25985,48642,ok
23:07:35,56.8,98.5,25351,49927,ok
23:07:36,56.4,98.3,25218,48694,ok
23:07:37,53.9,98.4,25204,49093,ok
23:07:38,53.0,97.6,26568,49291,ok
23:07:39,53.9,97.0,25882,48964,ok
23:07:40,51.9,97.9,26302,49460,ok
23:07:41,54.2,97.7,26009,49187,ok
23:07:42,55.0,98.3,25806,49900,ok
23:07:43,54.7,98.8,26083,48732,ok
23:07:44,54.7,97.7,26986,49653,ok
23:07:45,51.1,97.4,26745,48566,ok
23:07:46,53.5,96.9,25910,48079,ok
23:07:47,50.5,97.2,25375,49026,ok
23:07:48,59.4,97.9,25667,49703,ok
23:07:49,56.3,97.7,25439,49351,ok
23:07:50,57.3,97.8,25195,48516,ok
23:07:51,54.9,97.8,25302,48779,ok
23:07:52,53.3,97.9,25342,49534,ok
23:07:53,58.1,97.5,25762,49111,ok
23:07:54,58.4,97.4,26679,48553,ok
23:07:55,50.0,98.5,26489,49440,ok
23:07:56,53.0,97.8,26736,48241,ok
23:07:57,57.7,98.4,26409,48303,ok
23:07:58,53.4,97.4,26920,49783,ok
23:07:59,54.3,97.8,26489,48898,ok
23:08:00,54.8,99.0,25933,49878,ok
23:08:01,59.3,98.0,25120,49233,ok
23:08:02,52.8,98.2,25837,49773,ok
23:08:03,52.4,97.5,25096,49655,ok
23:08:04,53.4,98.5,26484,48202,ok
23:08:05,53.4,98.3,25152,48400,ok
23:08:06,51.9,97.5,25620,48286,ok
23:08:07,54.2,97.8,25116,48152,ok
23:08:08,59.2,98.0,25445,48294,ok
23:08:09,59.8,97.7,25939,49602,ok
23:08:10,51.4,97.9,25044,49945,ok
23:08:11,58.0,98.8,25289,49378,ok
23:08:12,58.3,98.0,25761,48819,ok
23:08:13,50.7,98.6,25301,48266,ok
23:08:14,52.3,98.3,25554,48766,ok
23:08:15,54.7,99.0,26013,49378,ok
23:08:16,52.7,97.9,25716,48148,ok
23:08:17,55.8,98.3,26070,48660,ok
23:08:18,54.2,98.0,25293,49707,ok
23:08:19,54.8,97.8,25778,48811,ok
23:08:20,55.0,98.7,25899,49495,ok
23:08:21,53.3,97.7,25972,48627,ok
23:08:22,56.1,97.5,25368,49366,ok
23:08:23,53.4,98.7,26349,48608,ok
23:08:24,56.9,98.4,26514,48915,ok
23:08:25,58.8,97.8,25086,49703,ok
23:08:26,52.8,98.3,26490,48619,ok
23:08:27,53.8,97.4,26460,48523,ok
23:08:28,57.8,98.3,25285,48970,ok
23:08:29,53.9,98.3,26752,48617,ok
23:08:30,54.6,98.8,26294,48480,ok
23:08:31,52.1,97.9,26497,49125,ok
23:08:32,55.3,98.7,25206,49372,ok
23:08:33,57.1,97.6,25734,49943,ok
23:08:34,57.6,97.8,25221,48050,ok
23:08:35,56.0,98.5,26198,49146,ok
23:08:36,51.4,98.4,26788,48585,ok
23:08:37,52.8,98.5,26621,48244,ok
23:08:38,55.8,98.4,26888,49357,ok
23:08:39,55.7,97.8,25035,49736,ok
23:08:40,55.8,97.0,25011,49722,ok
23:08:41,52.9,97.8,25211,49061,ok
23:08:42,57.8,97.6,26158,48480,ok
23:08:43,55.8,98.5,25253,48805,ok
23:08:44,55.6,98.4,26503,49526,ok
23:08:45,58.6,98.0,25888,48434,ok
23:08:46,58.7,97.9,26312,49914,ok
23:08:47,57.2,97.1,25471,48032,ok
23:08:48,54.3,99.0,25924,49466,ok
23:08:49,57.6,97.5,26609,48062,ok
23:08:50,54.7,98.3,26606,48106,ok
23:08:51,53.6,98.2,25481,48280,ok
23:08:52,56.6,97.2,25386,48068,ok
23:08:53,56.2,97.5,26550,48222,ok
23:08:54,52.5,98.4,26851,49140,ok
23:08:55,55.9,98.3,26529,49114,ok
23:08:56,54.5,98.0,25370,48450,ok
23:08:57,52.7,97.4,26915,48732,ok
23:08:58,54.1,98.9,26712,49852,ok
23:08:59,56.4,98.4,26797,49439,ok
23:09:00,55.4,97.8,26863,49882,ok
23:09:01,54.8,98.3,26897,49676,ok
23:09:02,53.8,97.9,26766,48381,ok
23:09:03,59.7,98.6,25908,48825,ok
23:09:04,53.6,97.6,25262,48468,ok
23:09:05,54.8,97.7,26781,48809,ok
23:09:06,56.6,98.5,25820,48832,ok
23:09:07,55.4,97.7,26969,49883,ok
23:09:08,54.9,97.9,25841,49648,ok
23:09:09,56.2,98.5,26131,48148,ok
23:09:10,58.6,98.1,26371,49781,ok
23:09:11,54.7,97.5,26235,48452,ok
23:09:12,53.5,98.4,25364,48938,ok
23:09:13,54.4,98.0,25913,49611,ok
23:09:14,50.5,97.4,26269,49839,ok
23:09:15,54.9,98.5,25873,48142,ok
23:09:16,53.1,97.7,26493,48855,ok
23:09:17,53.7,97.0,25253,49756,ok
23:09:18,54.8,98.5,25081,49541,ok
23:09:19,55.0,97.4,25098,48625,ok
23:09:20,54.9,97.9,25161,49972,ok
23:09:21,59.3,97.9,25899,49926,ok
23:09:22,54.6,98.1,26500,48054,ok
23:09:23,56.6,97.6,25245,49960,ok
23:09:24,55.8,98.0,25999,49047,ok
23:09:25,52.9,97.4,25433,49557,ok
23:09:26,52.8,97.9,25816,48281,ok
23:09:27,53.2,98.0,25372,49027,ok
23:09:28,54.2,97.5,26649,49540,ok
23:09:29,55.7,97.8,26969,48150,ok
23:09:30,53.2,98.0,26023,49537,ok
23:09:31,53.9,97.4,25325,48223,ok
23:09:32,57.3,97.8,25304,48957,ok
23:09:33,54.8,98.5,26157,49906,ok
23:09:34,56.3,97.5,25476,49258,ok
23:09:35,54.2,97.8,26904,48646,ok
23:09:36,57.9,98.3,25439,49632,ok
23:09:37,56.4,97.6,25005,48246,ok
23:09:38,54.1,98.2,26304,49295,ok
23:09:39,53.8,98.0,26092,48200,ok
23:09:40,52.7,98.6,26223,48381,ok
23:09:41,55.1,98.4,26943,49469,ok
23:09:42,54.4,97.4,26227,48561,ok
23:09:43,49.5,97.3,26571,48012,ok
23:09:44,54.8,98.3,26946,48903,ok
23:09:45,54.3,97.7,25272,48981,ok
23:09:46,54.8,98.5,25370,48815,ok
23:09:47,53.4,98.3,26323,49692,ok
23:09:48,55.6,97.6,25971,48678,ok
23:09:49,57.3,98.1,25679,49790,ok
23:09:50,55.7,98.9,25205,49754,ok
23:09:51,56.6,97.1,25935,49431,ok
23:09:52,56.1,99.1,25833,49968,ok
23:09:53,54.3,98.0,25088,49317,ok
23:09:54,51.2,98.2,26982,48736,ok
23:09:55,53.3,97.4,25835,49901,ok
23:09:56,54.0,97.5,26081,49068,ok
23:09:57,52.7,98.0,26340,48196,ok
23:09:58,54.5,97.6,26999,49401,ok
23:09:59,53.9,98.6,26080,49425,ok
23:10:00,55.2,97.5,25536,49643,ok
23:10:01,55.7,97.6,26205,48038,ok
23:10:02,53.5,97.3,26162,48907,ok
23:10:03,55.6,98.1,26287,48627,ok
23:10:04,57.1,97.5,26231,48377,ok
23:10:05,55.0,97.2,25474,48228,ok
23:10:06,51.1,97.6,26785,48773,ok
23:10:07,54.0,99.1,26748,49735,ok
23:10:08,54.9,97.8,25327,49103,ok
23:10:09,52.6,98.1,25428,49155,ok
23:10:10,56.7,97.1,25423,49024,ok
23:10:11,55.5,98.4,26090,48563,ok
23:10:12,56.5,98.1,26853,48245,ok
23:10:13,52.9,97.9,25596,49541,ok
23:10:14,57.1,97.8,26369,48032,ok
23:10:15,50.0,98.1,25258,49388,ok
23:10:16,55.2,98.1,25401,49785,ok
23:10:17,54.1,98.5,26493,48000,ok
23:10:18,58.1,98.3,25533,49802,ok
23:10:19,54.4,97.7,25249,48733,ok
23:10:20,54.4,98.4,26982,48995,ok
23:10:21,56.8,98.4,26578,48198,ok
23:10:22,52.8,98.3,26129,48870,ok
23:10:23,57.3,98.5,26084,48157,ok
23:10:24,55.3,97.3,25139,48244,ok
23:10:25,57.1,98.2,25336,48647,ok
23:10:26,56.7,98.2,26932,48744,ok
23:10:27,59.6,98.4,25192,48285,ok
23:10:28,57.0,98.2,25010,48082,ok
23:10:29,57.8,97.8,26948,48493,ok
23:10:30,53.4,97.6,26483,49920,ok
23:10:31,55.1,97.9,25158,49127,ok
23:10:32,54.9,97.8,26650,48847,ok
23:10:33,55.7,98.4,25523,48997,ok
23:10:34,56.2,98.9,26501,49333,ok
23:10:35,55.0,98.3,25653,49852,ok
23:10:36,55.3,96.5,26909,48806,ok
23:10:37,55.4,97.7,26949,49982,ok
23:10:38,54.9,98.4,25151,49013,ok
23:10:39,55.6,98.3,25987,48593,ok
23:10:40,53.4,97.7,26055,48932,ok
23:10:41,54.1,97.6,26741,49518,ok
23:10:42,57.3,98.7,26557,49777,ok
23:10:43,54.4,99.0,25399,49310,ok
23:10:44,52.5,97.8,25023,49473,ok
23:10:45,53.1,98.0,26263,48336,ok
23:10:46,52.9,98.0,26681,49215,ok
23:10:47,54.5,98.0,25583,49300,ok
23:10:48,55.5,97.9,25735,49105,ok
23:10:49,54.3,97.8,26508,49720,ok
23:10:50,55.3,97.8,26084,49329,ok
23:10:51,53.5,97.9,26361,48889,ok
23:10:52,56.6,98.1,26416,48289,ok
23:10:53,55.3,97.8,25693,48216,ok
23:10:54,55.3,97.8,26492,48132,ok
23:10:55,56.3,98.5,26002,48713,ok
23:10:56,54.9,98.4,25782,49458,ok
23:10:57,56.1,97.7,26763,48531,ok
23:10:58,55.2,97.8,26977,48900,ok
23:10:59,55.4,97.6,26359,49507,ok
23:11:00,56.4,98.6,25349,49284,ok
23:11:01,54.8,98.0,26911,48759,ok
23:11:02,54.6,97.9,26351,48896,ok
23:11:03,55.9,98.3,25029,49937,ok
23:11:04,54.9,98.3,25258,49994,ok
23:11:05,56.0,97.4,26032,48387,ok
23:11:06,54.5,97.6,25738,49792,ok
23:11:07,53.8,99.0,26731,48391,ok
23:11:08,50.5,97.5,26294,48581,ok
23:11:09,54.3,98.7,26649,49383,ok
23:11:10,55.4,98.2,26706,48636,ok
23:11:11,54.2,98.2,25532,49495,ok
23:11:12,55.0,97.4,25131,49745,ok
23:11:13,54.5,98.2,25912,49972,ok
23:11:14,55.2,98.1,25561,49132,ok
23:11:15,56.8,99.0,25426,48429,ok
23:11:16,54.5,97.7,26670,49939,ok
23:11:17,56.2,98.0,26917,48977,ok
23:11:18,54.2,97.4,26884,48511,ok
23:11:19,52.8,97.1,25307,49282,ok
23:11:20,54.9,98.7,25555,49309,ok
23:11:21,55.9,98.1,26317,49815,ok
23:11:22,53.2,98.4,26292,49012,ok
23:11:23,55.8,97.8,25930,49523,ok
23:11:24,58.8,97.9,25056,48109,ok
23:11:25,58.1,97.4,25662,49750,ok
23:11:26,57.3,98.1,25592,49778,ok
23:11:27,55.8,97.8,25845,49546,ok
23:11:28,55.7,97.5,26631,49443,ok
23:11:29,52.4,98.3,25674,48877,ok
23:11:30,56.9,97.4,26207,49291,ok
23:11:31,58.8,97.9,26389,48693,ok
23:11:32,55.8,98.5,25117,48752,ok
23:11:33,54.9,97.3,25617,49315,ok
23:11:34,54.5,98.9,26615,49563,ok
23:11:35,58.2,97.7,25401,48780,ok
23:11:36,57.3,98.6,25517,48266,ok
23:11:37,52.2,97.3,26398,48403,ok
23:11:38,55.8,97.8,26455,49072,ok
23:11:39,56.5,97.9,25573,48836,ok
23:11:40,55.7,97.9,26113,49524,ok
23:11:41,54.2,98.3,25212,48369,ok
23:11:42,55.7,97.7,25436,49313,ok
23:11:43,51.3,97.9,25764,49726,ok
23:11:44,55.4,98.4,25251,48877,ok
23:11:45,59.5,97.6,26233,48900,ok
23:11:46,54.2,97.7,25531,48544,ok
23:11:47,58.1,97.9,25683,48363,ok
23:11:48,52.6,98.4,26745,48443,ok
23:11:49,53.3,98.3,26414,49306,ok
23:11:50,53.8,97.7,25035,48067,ok
23:11:51,52.8,97.7,26138,48353,ok
23:11:52,55.4,98.7,26707,49785,ok
23:11:53,51.4,97.8,25575,48661,ok
23:11:54,56.5,98.5,26252,49311,ok
23:11:55,52.9,98.7,26832,49114,ok
23:11:56,58.5,97.5,26455,48969,ok
23:11:57,55.8,98.8,26817,49732,ok
23:11:58,55.3,97.6,25411,48038,ok
23:11:59,56.4,97.3,25061,49084,ok
23:12:00,55.0,98.2,25643,49563,ok
23:12:01,55.7,97.9,26470,48283,ok
23:12:02,56.7,97.7,25657,48425,ok
23:12:03,55.5,97.1,26930,48851,ok
23:12:04,53.1,97.6,25150,48909,ok
23:12:05,59.9,97.3,25534,49517,ok
23:12:06,58.8,97.7,26138,49976,ok
23:12:07,55.3,97.9,25307,48103,ok
23:12:08,52.6,97.8,26519,48673,ok
23:12:09,55.1,98.2,26832,48884,ok
23:12:10,56.7,97.6,26016,48470,ok
23:12:11,52.3,97.4,25850,49301,ok
23:12:12,55.9,98.5,25710,49548,ok
23:12:13,57.1,98.2,25448,49311,ok
23:12:14,57.7,98.5,25317,48370,ok
23:12:15,55.7,98.1,26813,49632,ok
23:12:16,54.8,98.0,26347,49624,ok
23:12:17,56.9,97.8,26620,48535,ok
23:12:18,52.0,98.2,25408,49201,ok
23:12:19,55.0,97.9,26463,49480,ok
23:12:20,53.8,97.9,25744,49337,ok
23:12:21,57.6,98.3,25532,49331,ok
23:12:22,54.0,98.1,25207,48757,ok
23:12:23,57.0,98.1,26276,48188,ok
23:12:24,52.1,98.6,25792,48966,ok
23:12:25,54.9,98.2,25229,48645,ok
23:12:26,56.5,97.0,25733,49186,ok
23:12:27,59.1,97.7,25294,48813,ok
23:12:28,56.2,98.0,25939,48450,ok
23:12:29,56.4,98.7,25685,49240,ok
23:12:30,52.7,98.1,25118,48611,ok
23:12:31,53.9,97.7,25878,49207,ok
23:12:32,54.2,97.8,25608,48560,ok
23:12:33,56.7,98.2,25651,48712,ok
23:12:34,53.0,98.5,26753,49873,ok
23:12:35,54.3,97.2,25965,49024,ok
23:12:36,54.0,97.5,25688,49894,ok
23:12:37,57.1,97.8,25389,48940,ok
23:12:38,54.8,97.8,25975,48054,ok
23:12:39,57.1,97.4,25676,49183,ok
23:12:40,55.7,98.5,25920,48284,ok
23:12:41,54.8,98.5,26008,48117,ok
23:12:42,55.5,97.9,26574,49669,ok
23:12:43,54.2,98.3,25918,48271,ok
23:12:44,53.1,98.3,25111,49508,ok
23:12:45,54.6,98.6,25538,48576,ok
23:12:46,54.0,98.4,26060,48083,ok
23:12:47,56.6,98.5,26067,49019,ok
23:12:48,51.0,98.0,25422,49137,ok
23:12:49,58.0,97.9,25124,48796,ok
23:12:50,55.0,97.8,26180,49254,ok
23:12:51,53.3,98.3,25347,49014,ok
23:12:52,55.4,98.6,26091,49870,ok
23:12:53,58.9,97.3,25576,49467,ok
23:12:54,55.5,97.7,25138,49124,ok
23:12:55,50.0,97.9,26817,49108,ok
23:12:56,57.2,97.9,25984,48857,ok
23:12:57,55.3,97.6,25902,48194,ok
23:12:58,52.8,97.8,25436,49655,ok
23:12:59,50.3,97.3,26964,48343,ok
23:13:00,56.5,97.2,25813,48760,ok
23:13:01,51.7,97.6,25998,48428,ok
23:13:02,53.5,97.8,25052,49463,ok
23:13:03,54.8,97.9,25767,48907,ok
23:13:04,55.8,98.4,26343,49597,ok
23:13:05,56.1,98.1,26429,48011,ok
23:13:06,54.3,98.6,25966,49685,ok
23:13:07,52.7,97.8,25443,48510,ok
23:13:08,54.5,98.0,26949,49589,ok
23:13:09,56.6,97.8,25371,49674,ok
23:13:10,59.7,97.7,25287,49672,ok
23:13:11,52.1,96.8,26537,48171,ok
23:13:12,53.6,97.8,26905,49720,ok
23:13:13,53.8,97.1,25405,49929,ok
23:13:14,55.4,98.3,26056,49735,ok
23:13:15,53.8,98.4,26190,49704,ok
23:13:16,55.9,98.2,25877,48026,ok
23:13:17,54.3,98.3,26536,48029,ok
23:13:18,56.3,97.9,26377,49134,ok
23:13:19,54.1,97.7,26972,48757,ok
23:13:20,53.1,98.6,25186,48901,ok
23:13:21,52.4,97.5,26541,48872,ok
23:13:22,54.2,98.6,25658,48668,ok
23:13:23,53.9,99.2,26501,48988,ok
23:13:24,55.8,96.7,26150,49625,ok
23:13:25,55.9,97.2,26758,49715,ok
23:13:26,56.5,98.0,25125,48090,ok
23:13:27,54.7,98.6,25629,49837,ok
23:13:28,55.1,98.4,26915,49086,ok
23:13:29,54.9,98.5,25812,48459,ok
23:13:30,57.5,98.4,26123,48906,ok
23:13:31,54.8,97.9,26565,48919,ok
23:13:32,54.2,97.6,26932,49050,ok
23:13:33,52.2,97.7,25740,48259,ok
23:13:34,57.7,97.6,25383,49817,ok
23:13:35,58.8,99.0,26900,49059,ok
23:13:36,53.0,97.6,26945,48593,ok
23:13:37,51.3,98.2,25610,49803,ok
23:13:38,52.5,98.2,25661,48823,ok
23:13:39,55.6,97.9,26494,49927,ok
23:13:40,55.5,98.2,26765,48031,ok
23:13:41,54.2,98.3,25687,49361,ok
23:13:42,60.1,97.9,26040,48455,ok
23:13:43,52.1,98.5,26951,48056,ok
23:13:44,56.9,97.4,26825,48585,ok
23:13:45,53.4,97.8,25625,48905,ok
23:13:46,59.1,97.7,26287,48513,ok
23:13:47,51.6,98.2,26101,49301,ok
23:13:48,53.4,98.0,26796,49546,ok
23:13:49,52.3,97.7,26173,49710,ok
23:13:50,52.2,97.6,25964,49592,ok
23:13:51,53.2,97.4,25793,48236,ok
23:13:52,53.1,98.1,25680,49644,ok
23:13:53,54.8,97.4,25215,48778,ok
23:13:54,55.6,97.1,26765,48946,ok
23:13:55,59.1,97.9,25727,48445,ok
23:13:56,56.1,98.8,26496,49905,ok
23:13:57,58.6,98.9,26445,48151,ok
23:13:58,55.3,97.9,25241,48951,ok
23:13:59,57.2,99.3,25374,49340,ok
23:14:00,55.8,97.6,26691,49389,ok
23:14:01,54.0,98.7,26942,48961,ok
23:14:02,57.9,97.9,25042,49742,ok
23:14:03,56.4,97.3,26699,48333,ok
23:14:04,55.9,97.4,26787,48393,ok
23:14:05,53.3,97.3,25422,49725,ok
23:14:06,56.8,98.4,25462,49377,ok
23:14:07,53.9,98.0,26187,48161,ok
23:14:08,56.9,97.7,25481,48905,ok
23:14:09,57.3,97.6,25739,48711,ok
23:14:10,53.4,97.8,25719,49357,ok
23:14:11,52.4,98.6,25979,48573,ok
23:14:12,51.6,98.5,25397,48446,ok
23:14:13,52.9,98.5,26384,49402,ok
23:14:14,56.2,98.3,26596,48344,ok
23:14:15,53.4,97.4,26008,49294,ok
23:14:16,55.7,98.0,26083,48130,ok
23:14:17,54.5,99.0,25186,49687,ok
23:14:18,55.6,98.2,26115,48692,ok
23:14:19,54.6,98.4,26740,48205,ok
23:14:20,54.4,98.0,26509,49804,ok
23:14:21,56.1,97.1,25045,48478,ok
23:14:22,50.6,97.2,25913,48418,ok
23:14:23,56.7,98.1,26690,49284,ok
23:14:24,55.0,98.5,25504,49975,ok
23:14:25,56.5,98.6,25610,48714,ok
23:14:26,55.4,97.8,26955,49462,ok
23:14:27,58.1,98.0,26162,49817,ok
23:14:28,55.4,97.8,25077,48677,ok
23:14:29,53.1,97.5,26898,49281,ok
23:14:30,59.2,97.9,26001,48839,ok
23:14:31,55.4,98.3,26268,48503,ok
23:14:32,54.6,97.7,26944,49204,ok
23:14:33,55.4,97.7,25369,49000,ok
23:14:34,53.3,97.5,26905,49478,ok
23:14:35,57.6,98.7,25308,48253,ok
23:14:36,54.5,97.6,26014,48716,ok
23:14:37,51.8,98.8,26216,48384,ok
23:14:38,52.8,98.0,26190,48727,ok
23:14:39,54.9,96.9,25103,49019,ok
23:14:40,55.9,97.9,25206,49629,ok
23:14:41,58.4,97.4,26031,48436,ok
23:14:42,51.8,98.3,25146,49896,ok
23:14:43,57.3,98.3,25996,48138,ok
23:14:44,52.7,97.8,26595,48821,ok
23:14:45,50.8,97.6,26071,49674,ok
23:14:46,54.4,97.4,25391,49602,ok
23:14:47,53.9,97.6,26702,49651,ok
23:14:48,56.1,97.8,26091,48150,ok
23:14:49,53.3,97.5,25233,49117,ok
23:14:50,54.6,97.4,26433,49973,ok
23:14:51,53.7,98.4,26119,49811,ok
23:14:52,56.0,98.1,25368,49841,ok
23:14:53,56.3,97.9,25930,49681,ok
23:14:54,51.7,98.5,25982,48231,ok
23:14:55,54.5,97.8,26121,48556,ok
23:14:56,54.7,97.5,26308,48907,ok
23:14:57,57.5,97.2,25032,49050,ok
23:14:58,54.0,98.2,25264,49004,ok
23:14:59,56.4,98.1,25355,49297,ok
23:15:00,53.5,98.2,25653,48495,ok
23:15:01,55.8,98.1,26344,48143,ok
23:15:02,53.3,98.2,25287,49264,ok
23:15:03,57.1,98.2,26230,48216,ok
23:15:04,54.2,99.2,25621,48899,ok
23:15:05,54.5,97.7,26482,48329,ok
23:15:06,54.5,97.9,25394,48596,ok
23:15:07,50.5,98.4,25656,49887,ok
23:15:08,57.1,97.7,26718,49925,ok
23:15:09,52.0,97.8,26220,48110,ok
23:15:10,50.4,98.4,26283,49119,ok
23:15:11,58.9,98.0,25715,49908,ok
23:15:12,55.7,97.9,25344,49626,ok
23:15:13,55.9,97.6,26760,48102,ok
23:15:14,55.8,98.0,25811,49694,ok
23:15:15,58.6,97.8,25211,48025,ok
23:15:16,56.5,98.4,26508,49371,ok
23:15:17,49.5,98.0,26361,49046,ok
23:15:18,56.1,98.8,25561,48822,ok
23:15:19,53.4,98.8,25342,49420,ok
23:15:20,55.0,98.1,25727,48007,ok
23:15:21,49.5,97.3,25348,48653,ok
23:15:22,56.3,98.0,26279,49261,ok
23:15:23,57.4,97.2,25871,48125,ok
23:15:24,53.7,97.9,25639,48784,ok
23:15:25,50.7,98.4,25179,48117,ok
23:15:26,53.3,98.4,25769,48915,ok
23:15:27,53.3,97.1,25174,49733,ok
23:15:28,50.8,97.9,25537,48080,ok
23:15:29,53.6,98.1,26493,48488,ok
23:15:30,53.7,97.5,26065,49815,ok
23:15:31,55.9,98.2,25360,48472,ok
23:15:32,53.8,98.1,26041,48175,ok
23:15:33,53.5,98.5,25927,48899,ok
23:15:34,56.8,97.5,26489,48396,ok
23:15:35,55.0,97.8,25916,49763,ok
23:15:36,57.8,97.5,25362,48566,ok
23:15:37,54.8,97.5,26124,48274,ok
23:15:38,55.4,97.6,25781,49355,ok
23:15:39,53.9,97.9,26642,49888,ok
23:15:40,56.4,98.8,26475,48176,ok
23:15:41,54.8,98.2,26166,48768,ok
23:15:42,53.9,98.4,25011,49330,ok
23:15:43,54.7,98.4,25060,48357,ok
23:15:44,56.7,97.1,26423,48812,ok
23:15:45,53.8,98.4,25752,48573,ok
23:15:46,52.9,98.2,26388,49273,ok
23:15:47,55.1,98.1,25239,48993,ok
23:15:48,56.6,98.5,25532,49541,ok
23:15:49,54.1,96.9,26004,49021,ok
23:15:50,59.2,97.7,26130,48322,ok
23:15:51,52.1,97.7,26161,49526,ok
23:15:52,56.9,98.9,26546,49224,ok
23:15:53,55.6,98.7,25283,48070,ok
23:15:54,54.1,97.8,25198,49416,ok
23:15:55,55.0,99.0,25390,49093,ok
23:15:56,51.5,98.7,26751,48575,ok
23:15:57,53.8,97.4,25386,48195,ok
23:15:58,53.0,98.5,25772,49268,ok
23:15:59,54.6,97.7,26130,48583,ok
23:16:00,53.1,98.0,25845,48610,ok
23:16:01,57.1,98.1,26041,49475,ok
23:16:02,54.4,99.1,25458,49884,ok
23:16:03,56.0,98.8,26454,48261,ok
23:16:04,52.2,97.7,25220,48071,ok
23:16:05,55.2,97.7,25872,49788,ok
23:16:06,57.7,97.4,25872,49434,ok
23:16:07,57.4,97.8,25952,49459,ok
23:16:08,53.1,97.8,25626,49077,ok
23:16:09,55.7,98.1,26102,48875,ok
23:16:10,57.8,97.5,26692,48966,ok
23:16:11,54.6,98.6,25773,49878,ok
23:16:12,55.9,97.1,26431,49899,ok
23:16:13,53.1,98.1,25666,49696,ok
23:16:14,55.8,98.9,25472,48904,ok
23:16:15,53.7,98.5,25823,48785,ok
23:16:16,53.9,97.8,26646,49347,ok
23:16:17,54.4,98.6,26942,48852,ok
23:16:18,55.8,97.4,26473,48220,ok
23:16:19,49.4,97.1,25494,49479,ok
23:16:20,55.8,98.7,26262,48946,ok
23:16:21,56.0,98.4,25746,48613,ok
23:16:22,56.2,97.8,26666,48654,ok
23:16:23,56.6,98.2,25861,49481,ok
23:16:24,56.3,98.1,25219,49218,ok
23:16:25,54.3,97.3,26929,49230,ok
23:16:26,53.2,98.2,25526,49384,ok
23:16:27,54.8,98.2,26215,49240,ok
23:16:28,51.9,97.4,26567,49937,ok
23:16:29,55.6,98.2,26846,48305,ok
23:16:30,52.5,98.0,25970,48753,ok
23:16:31,51.5,97.7,26734,49814,ok
23:16:32,53.7,98.6,25874,49123,ok
23:16:33,56.8,97.2,25659,49797,ok
23:16:34,53.7,98.2,26564,48440,ok
23:16:35,56.0,97.9,26774,49364,ok
23:16:36,54.9,97.3,26035,49269,ok
23:16:37,53.6,98.4,26350,49929,ok
23:16:38,54.6,97.6,26030,49721,ok
23:16:39,56.6,97.6,26256,48857,ok
23:16:40,55.7,97.7,26014,48129,ok
23:16:41,54.0,98.3,26066,49452,ok
23:16:42,57.4,98.1,26489,49079,ok
23:16:43,52.5,98.1,26041,48350,ok
23:16:44,53.6,97.9,25740,48331,ok
23:16:45,51.8,98.2,26512,48421,ok
23:16:46,51.3,98.3,26750,48579,ok
23:16:47,51.6,98.7,26323,48226,ok
23:16:48,56.3,97.5,26713,49021,ok
23:16:49,53.0,98.6,26832,48454,ok
23:16:50,54.1,97.8,26424,48538,ok
23:16:51,56.8,97.1,25360,49673,ok
23:16:52,53.7,98.3,25747,48894,ok
23:16:53,52.5,97.6,25054,49191,ok
23:16:54,56.7,97.8,26928,48120,ok
23:16:55,56.6,98.1,26499,49092,ok
23:16:56,56.7,97.2,26822,48593,ok
23:16:57,55.2,97.4,25551,48794,ok
23:16:58,57.0,98.5,25312,49318,ok
23:16:59,58.1,97.6,25952,49590,ok
23:17:00,55.7,97.7,26620,49015,ok
23:17:01,51.7,98.8,25472,48926,ok
23:17:02,54.4,97.2,26024,49270,ok
23:17:03,56.3,98.5,26938,49645,ok
23:17:04,55.6,97.1,25157,48133,ok
23:17:05,55.5,97.5,26936,49690,ok
23:17:06,53.7,98.1,25933,48051,ok
23:17:07,55.5,98.9,26782,49142,ok
23:17:08,53.5,98.2,26367,48115,ok
23:17:09,56.4,97.0,26316,49864,ok
23:17:10,54.4,97.3,25304,49675,ok
23:17:11,56.7,97.5,25421,49575,ok
23:17:12,53.9,98.0,26108,48718,ok
23:17:13,56.4,97.9,25785,48659,ok
23:17:14,53.9,97.9,25854,48549,ok
23:17:15,54.2,97.9,26014,49114,ok
23:17:16,57.2,97.4,26540,49856,ok
23:17:17,55.6,98.0,25697,48332,ok
23:17:18,54.1,98.9,25044,48025,ok
23:17:19,58.0,97.5,26113,49222,ok
23:17:20,55.1,99.2,25948,49206,ok
23:17:21,53.7,97.5,26909,48255,ok
23:17:22,58.7,97.4,26466,48399,ok
23:17:23,55.6,98.4,26378,49685,ok
23:17:24,56.5,98.2,26368,48703,ok
23:17:25,55.9,97.6,26996,48158,ok
23:17:26,53.4,97.9,25819,49757,ok
23:17:27,57.5,97.9,25229,49288,ok
23:17:28,53.6,97.2,26884,49624,ok
23:17:29,56.2,97.9,25757,49164,ok
23:17:30,54.7,97.8,25601,48336,ok
23:17:31,58.4,98.4,25745,48146,ok
23:17:32,54.8,98.2,26461,49979,ok
23:17:33,54.8,98.5,26280,49994,ok
23:17:34,53.8,97.9,26260,48645,ok
23:17:35,55.4,97.0,25510,49264,ok
23:17:36,53.8,97.5,25562,49033,ok
23:17:37,57.5,98.2,25745,48215,ok
23:17:38,55.0,97.1,25541,48168,ok
23:17:39,53.3,97.7,25542,48207,ok
23:17:40,55.8,97.8,26821,49052,ok
23:17:41,51.0,97.7,26350,49632,ok
23:17:42,54.1,97.5,25200,48371,ok
23:17:43,57.0,97.7,25542,49913,ok
23:17:44,55.1,97.6,25056,49535,ok
23:17:45,53.4,98.2,26762,49344,ok
23:17:46,57.0,97.9,25309,49300,ok
23:17:47,55.8,97.6,26335,49633,ok
23:17:48,53.2,98.3,25179,48040,ok
23:17:49,53.7,97.6,25958,49453,ok
23:17:50,51.4,98.2,26581,49603,ok
23:17:51,57.4,97.8,26261,48540,ok
23:17:52,53.0,97.0,26967,48998,ok
23:17:53,53.2,97.4,25890,49304,ok
23:17:54,57.1,97.0,25965,48809,ok
23:17:55,56.5,98.1,25657,49750,ok
23:17:56,55.1,99.0,26986,49718,ok
23:17:57,53.6,97.2,26174,49712,ok
23:17:58,56.4,97.4,25984,49473,ok
23:17:59,55.0,98.1,25097,49950,ok
23:18:00,55.5,98.2,26505,49519,ok
23:18:01,53.8,98.2,25253,49524,ok
23:18:02,56.3,98.3,26383,49629,ok
23:18:03,57.7,98.7,25374,49044,ok
23:18:04,55.5,98.3,26347,48504,ok
23:18:05,51.7,97.6,26689,49589,ok
23:18:06,52.5,97.3,26982,48507,ok
23:18:07,55.9,97.5,25624,48759,ok
23:18:08,55.9,98.2,25360,49280,ok
23:18:09,54.9,98.1,26813,49219,ok
23:18:10,54.7,97.7,26860,48183,ok
23:18:11,55.0,98.1,25822,48450,ok
23:18:12,55.1,98.4,25683,48314,ok
23:18:13,53.6,97.2,26924,48916,ok
23:18:14,54.1,97.8,25015,48195,ok
23:18:15,55.8,97.4,25857,48922,ok
23:18:16,59.0,97.9,26319,48013,ok
23:18:17,55.7,97.7,25261,49585,ok
23:18:18,55.4,97.9,26774,48475,ok
23:18:19,52.2,97.8,26059,48618,ok
23:18:20,55.0,97.8,25800,48959,ok
23:18:21,56.5,98.1,26911,49944,ok
23:18:22,55.1,97.7,25454,48748,ok
23:18:23,53.6,97.8,26940,49486,ok
23:18:24,57.7,98.1,26086,48198,ok
23:18:25,55.8,98.2,25397,49220,ok
23:18:26,60.9,97.9,26410,48128,ok
23:18:27,57.9,97.7,25280,49167,ok
23:18:28,53.8,98.4,25565,48383,ok
23:18:29,53.5,98.1,25811,49727,ok
23:18:30,57.7,98.0,25994,49971,ok
23:18:31,54.7,98.5,26194,48622,ok
23:18:32,53.6,98.0,25587,49717,ok
23:18:33,56.2,98.5,26632,49969,ok
23:18:34,56.4,98.7,25395,48327,ok
23:18:35,52.7,97.7,25714,49446,ok
23:18:36,58.4,97.9,26892,48459,ok
23:18:37,57.1,98.2,26597,48683,ok
23:18:38,54.5,98.6,26769,49812,ok
23:18:39,56.9,98.6,25667,49310,ok
23:18:40,60.6,97.8,26672,48747,ok
23:18:41,57.3,97.3,25158,49122,ok
23:18:42,56.8,98.4,25347,48919,ok
23:18:43,56.1,98.6,26628,48666,ok
23:18:44,56.3,98.0,26956,49776,ok
23:18:45,56.0,98.0,25368,49339,ok
23:18:46,53.0,98.3,26930,49293,ok
23:18:47,57.8,97.8,26152,49169,ok
23:18:48,52.4,98.5,26637,49763,ok
23:18:49,54.4,98.8,25119,49299,ok
23:18:50,57.0,98.2,25102,48657,ok
23:18:51,54.8,98.8,25828,49961,ok
23:18:52,58.9,98.2,26021,49734,ok
23:18:53,52.1,97.7,25045,48153,ok
23:18:54,57.7,97.2,25306,49414,ok
23:18:55,55.5,97.5,25416,49580,ok
23:18:56,55.6,97.7,26489,49116,ok
23:18:57,56.5,98.3,26438,49246,ok
23:18:58,54.8,97.4,26061,49369,ok
23:18:59,51.5,97.5,26551,48187,ok
23:19:00,55.6,98.5,26253,49909,ok
23:19:01,53.2,98.2,26302,48372,ok
23:19:02,56.9,97.8,26714,48002,ok
23:19:03,58.0,98.2,25723,48171,ok
23:19:04,56.3,97.9,26944,48380,ok
23:19:05,55.3,97.7,26425,48263,ok
23:19:06,56.5,98.1,26267,48172,ok
23:19:07,54.3,97.8,25604,49054,ok
23:19:08,53.4,97.5,25816,48722,ok
23:19:09,53.6,98.2,26552,48288,ok
23:19:10,55.8,97.8,25745,48744,ok
23:19:11,54.5,97.6,26788,49356,ok
23:19:12,58.8,98.0,25901,49855,ok
23:19:13,52.8,98.3,25210,49751,ok
23:19:14,55.8,98.1,25484,49095,ok
23:19:15,55.8,97.8,25717,48995,ok
23:19:16,57.4,98.4,26315,48299,ok
23:19:17,61.1,98.7,25720,49626,ok
23:19:18,56.4,98.0,25909,48285,ok
23:19:19,56.3,97.6,26997,49140,ok
23:19:20,57.9,97.8,25496,49923,ok
23:19:21,59.5,97.1,25914,48209,ok
23:19:22,54.6,98.5,25931,49340,ok
23:19:23,58.6,97.9,25143,49510,ok
23:19:24,53.9,98.9,26775,49607,ok
23:19:25,50.3,98.0,25150,49413,ok
23:19:26,57.0,97.1,25550,48996,ok
23:19:27,55.3,97.8,26598,48139,ok
23:19:28,55.6,97.8,26294,49977,ok
23:19:29,56.3,98.9,25602,48336,ok
23:19:30,57.8,97.6,26624,49993,ok
23:19:31,54.8,98.9,25013,48911,ok
23:19:32,55.0,97.5,26066,49873,ok
23:19:33,53.3,98.0,26714,48457,ok
23:19:34,55.2,98.3,26686,48414,ok
23:19:35,56.5,97.7,25948,48633,ok
23:19:36,54.5,98.2,25729,49949,ok
23:19:37,57.8,97.6,25723,49404,ok
23:19:38,54.3,98.4,25988,49251,ok
23:19:39,55.9,97.6,25000,48964,ok
23:19:40,57.6,97.9,26768,49815,ok
23:19:41,56.0,97.5,26028,49354,ok
23:19:42,53.3,97.5,26036,48905,ok
23:19:43,54.6,98.3,26975,49842,ok
23:19:44,55.7,97.7,25432,48953,ok
23:19:45,57.8,97.3,26727,49068,ok
23:19:46,57.6,97.6,26266,49888,ok
23:19:47,55.9,98.5,26523,48059,ok
23:19:48,56.5,98.6,26841,49394,ok
23:19:49,48.9,98.1,25188,48016,ok
23:19:50,55.0,97.9,25044,49121,ok
23:19:51,56.0,97.9,26634,48202,ok
23:19:52,55.3,97.7,26337,49882,ok
23:19:53,50.7,97.4,25761,48076,ok
23:19:54,51.6,98.3,25933,48651,ok
23:19:55,52.1,98.1,25397,48062,ok
23:19:56,55.7,98.2,26457,49050,ok
23:19:57,55.7,98.1,26265,48809,ok
23:19:58,54.2,98.4,25195,48707,ok
23:19:59,54.4,97.9,25011,48692,ok
23:20:00,52.0,98.2,25891,48916,ok
23:20:01,51.3,97.9,26004,48666,ok
23:20:02,55.1,97.7,25171,48077,ok
23:20:03,56.4,97.2,26295,48507,ok
23:20:04,54.1,97.9,25195,49705,ok
23:20:05,55.8,98.5,25771,48390,ok
23:20:06,51.9,98.3,26999,49495,ok
23:20:07,54.0,97.5,25085,49978,ok
23:20:08,54.6,97.9,25051,48536,ok
23:20:09,59.3,97.7,25581,49945,ok
23:20:10,55.4,98.5,26805,48068,ok
23:20:11,54.0,98.5,25568,48698,ok
23:20:12,57.6,98.1,25020,48365,ok
23:20:13,53.1,98.3,26909,49688,ok
23:20:14,49.6,97.7,25349,48258,ok
23:20:15,54.5,98.8,26856,48548,ok
23:20:16,53.9,97.8,25558,48500,ok
23:20:17,54.3,97.9,25739,48431,ok
23:20:18,60.0,97.9,26114,49511,ok
23:20:19,57.8,98.3,25427,48904,ok
23:20:20,57.5,98.0,26653,48814,ok
23:20:21,55.3,97.3,26096,48109,ok
23:20:22,58.2,98.6,26611,48964,ok
23:20:23,54.1,98.0,26732,49045,ok
23:20:24,51.3,98.5,25653,48529,ok
23:20:25,54.4,98.2,25544,49505,ok
23:20:26,55.4,98.6,25509,48370,ok
23:20:27,55.7,98.2,25535,49738,ok
23:20:28,58.7,98.3,26295,48074,ok
23:20:29,52.2,98.1,26968,49833,ok
23:20:30,56.3,97.9,26102,48315,ok
23:20:31,54.0,97.9,25834,49522,ok
23:20:32,55.6,97.4,25457,48080,ok
23:20:33,53.3,97.6,25744,49685,ok
23:20:34,53.3,98.7,26704,48828,ok
23:20:35,56.5,98.2,26988,48420,ok
23:20:36,55.9,98.1,25482,48191,ok
23:20:37,56.8,98.1,25741,48370,ok
23:20:38,53.8,98.2,26198,49816,ok
23:20:39,51.8,97.6,26611,48889,ok
23:20:40,54.1,97.9,26030,48535,ok
23:20:41,56.9,98.3,25112,48984,ok
23:20:42,54.1,97.7,25786,49471,ok
23:20:43,54.8,97.4,25890,48328,ok
23:20:44,55.0,98.1,26027,48917,ok
23:20:45,55.3,97.3,26595,48381,ok
23:20:46,56.3,97.3,25707,49853,ok
23:20:47,50.3,97.4,25153,48820,ok
23:20:48,55.1,97.4,26405,48268,ok
23:20:49,56.4,98.3,25870,48497,ok
23:20:50,54.7,97.8,25475,48616,ok
23:20:51,57.7,97.9,26797,49508,ok
23:20:52,55.4,98.2,26049,48435,ok
23:20:53,55.4,97.5,25112,49834,ok
23:20:54,51.6,97.5,26226,49697,ok
23:20:55,54.0,98.5,25726,48151,ok
23:20:56,53.3,97.6,25328,48881,ok
23:20:57,55.3,99.0,25257,49023,ok
23:20:58,53.4,97.8,25628,48760,ok
23:20:59,54.5,98.6,26996,48325,ok
23:21:00,74.2,96.4,25620,49099,ok
23:21:01,77.7,96.4,26594,48131,ok
23:21:02,69.8,96.6,26912,48756,ok
23:21:03,70.3,96.5,25994,48491,ok
23:21:04,69.1,95.5,26979,49939,ok
23:21:05,71.8,95.6,26939,49345,ok
23:21:06,70.4,96.1,25803,48491,ok
23:21:07,74.8,95.1,26580,48706,ok
23:21:08,74.8,95.9,25651,48637,ok
23:21:09,71.2,96.2,25286,48001,ok
23:21:10,72.1,96.1,25898,48512,ok
23:21:11,71.1,96.2,25402,49467,ok
23:21:12,75.0,95.7,25649,48529,ok
23:21:13,69.3,95.9,25539,49018,ok
23:21:14,72.5,96.1,26434,49062,ok
23:21:15,73.1,96.0,25000,48009,ok
23:21:16,72.6,95.6,26964,48136,ok
23:21:17,71.2,96.9,25637,48290,ok
23:21:18,71.2,96.1,25068,48522,ok
23:21:19,71.5,95.6,26269,48188,ok
23:21:20,71.7,96.0,26851,48286,ok
23:21:21,72.4,95.8,26726,49954,ok
23:21:22,73.2,97.2,25214,48221,ok
23:21:23,71.8,95.2,26056,49336,ok
23:21:24,71.6,95.6,26814,48992,ok
23:21:25,72.0,95.9,25457,48650,ok
23:21:26,70.8,96.5,25593,49859,ok
23:21:27,71.1,95.8,26183,48276,ok
23:21:28,74.5,95.9,25447,49832,ok
23:21:29,69.2,95.9,25437,48367,ok
23:21:30,70.3,96.0,25481,48240,ok
23:21:31,71.0,96.3,26605,49280,ok
23:21:32,72.0,95.9,25777,49575,ok
23:21:33,69.9,95.3,26596,49147,ok
23:21:34,70.2,95.9,26654,48253,ok
23:21:35,69.6,97.2,25140,48585,ok
23:21:36,76.2,95.9,25571,49148,ok
23:21:37,73.3,96.0,26032,49108,ok
23:21:38,75.1,95.8,25096,48541,ok
23:21:39,71.2,96.1,25931,48654,ok
23:21:40,70.2,95.7,26434,48576,ok
23:21:41,73.7,95.7,26062,48611,ok
23:21:42,76.6,96.1,25250,49283,ok
23:21:43,70.9,96.0,25555,48342,ok
23:21:44,70.3,95.3,25075,48959,ok
23:21:45,74.0,95.2,26367,48379,ok
23:21:46,73.3,96.4,26678,49417,ok
23:21:47,70.7,96.5,26116,49991,ok
23:21:48,74.4,96.6,26043,48659,ok
23:21:49,71.4,96.3,25119,48857,ok
23:21:50,71.0,96.2,25007,49974,ok
23:21:51,71.0,97.4,25304,48246,ok
23:21:52,73.5,95.5,26416,48410,ok
23:21:53,75.7,96.3,25383,48809,ok
23:21:54,73.2,95.6,25550,49301,ok
23:21:55,72.0,95.1,26573,48525,ok
23:21:56,76.3,96.1,25500,49938,ok
23:21:57,71.1,96.0,26611,48655,ok
23:21:58,70.4,96.0,25842,49833,ok
23:21:59,74.1,96.1,25738,48761,ok
23:22:00,73.7,96.5,25192,49714,ok
23:22:01,71.5,95.4,25801,48839,ok
23:22:02,73.2,94.7,25301,48819,ok
23:22:03,68.3,95.8,26490,48664,ok
23:22:04,73.4,96.1,25172,49473,ok
23:22:05,73.9,96.3,26092,48246,ok
23:22:06,71.1,95.9,26328,48984,ok
23:22:07,70.7,95.6,25431,48127,ok
23:22:08,73.2,96.5,26145,48599,ok
23:22:09,70.0,96.4,26013,48403,ok
23:22:10,74.1,95.4,25984,48327,ok
23:22:11,70.0,96.0,25504,49866,ok
23:22:12,72.7,96.0,25454,49490,ok
23:22:13,73.9,95.4,25837,48384,ok
23:22:14,69.8,96.1,26488,49202,ok
23:22:15,72.9,96.4,25227,48627,ok
23:22:16,69.6,95.8,25332,48140,ok
23:22:17,67.6,95.8,26340,49978,ok
23:22:18,75.3,95.7,26941,49094,ok
23:22:19,70.0,96.0,25588,49950,ok
23:22:20,74.0,95.6,25858,48327,ok
23:22:21,69.3,96.2,26285,48445,ok
23:22:22,70.8,97.0,26514,49119,ok
23:22:23,71.1,95.7,26344,49263,ok
23:22:24,71.0,95.3,25777,48168,ok
23:22:25,70.6,95.9,26982,48389,ok
23:22:26,73.8,95.8,25355,49579,ok
23:22:27,70.2,97.3,26347,48398,ok
23:22:28,73.8,96.2,25289,48866,ok
23:22:29,72.0,96.5,26400,49171,ok
23:22:30,71.2,96.2,26564,48193,ok
23:22:31,72.9,96.1,25075,49315,ok
23:22:32,71.8,96.4,26390,48624,ok
23:22:33,72.4,96.7,26391,49313,ok
23:22:34,70.5,95.5,25356,48469,ok
23:22:35,71.5,96.6,26832,48059,ok
23:22:36,71.4,96.3,26662,49248,ok
23:22:37,74.4,95.3,26109,49886,ok
23:22:38,72.5,96.5,26135,48428,ok
23:22:39,71.9,96.2,26199,49461,ok
23:22:40,70.2,95.5,26223,49872,ok
23:22:41,72.0,96.5,26724,49313,ok
23:22:42,72.4,96.7,26496,49630,ok
23:22:43,74.2,95.4,25815,49064,ok
23:22:44,74.8,96.8,26631,48268,ok
23:22:45,72.1,96.4,26463,48168,ok
23:22:46,70.3,95.9,26624,49666,ok
23:22:47,72.9,95.6,25216,49961,ok
23:22:48,70.9,96.7,26074,49399,ok
23:22:49,72.6,96.8,26630,48711,ok
23:22:50,71.5,97.4,25058,49230,ok
23:22:51,72.6,95.8,26803,48117,ok
23:22:52,74.0,95.7,26711,48690,ok
23:22:53,73.5,95.2,26213,48927,ok
23:22:54,74.8,95.9,26137,48526,ok
23:22:55,73.0,95.5,26404,49252,ok
23:22:56,72.2,96.4,26253,48581,ok
23:22:57,71.7,96.3,26239,48753,ok
23:22:58,74.8,95.5,25808,49233,ok
23:22:59,73.6,96.2,26199,49029,ok
23:23:00,71.9,95.8,26766,49760,ok
23:23:01,72.3,96.2,25460,49448,ok
23:23:02,73.8,95.9,26311,49113,ok
23:23:03,70.9,96.7,25724,48292,ok
23:23:04,75.0,95.9,26051,49854,ok
23:23:05,73.3,95.6,26524,48350,ok
23:23:06,71.4,96.6,26427,49994,ok
23:23:07,70.8,97.1,25255,49072,ok
23:23:08,72.0,96.5,25831,49261,ok
23:23:09,71.5,95.8,25333,49479,ok
23:23:10,70.4,95.8,26508,48466,ok
23:23:11,74.8,96.2,25280,48135,ok
23:23:12,71.9,95.9,25458,49986,ok
23:23:13,75.5,96.0,26655,48629,ok
23:23:14,72.5,96.1,26569,49642,ok
23:23:15,70.0,95.7,25271,49309,ok
23:23:16,70.0,95.9,25320,49279,ok
23:23:17,74.1,95.7,26366,48247,ok
23:23:18,75.5,95.3,25263,48354,ok
23:23:19,66.4,95.4,26393,48808,ok
23:23:20,71.4,96.3,26195,49528,ok
23:23:21,70.7,95.3,26285,48330,ok
23:23:22,70.7,96.0,26704,49593,ok
23:23:23,71.6,95.9,26586,48297,ok
23:23:24,73.3,95.6,26901,49822,ok
23:23:25,67.5,96.2,26480,49784,ok
23:23:26,70.7,95.7,25823,48494,ok
23:23:27,74.8,96.9,26607,48105,ok
23:23:28,73.5,95.8,26774,48068,ok
23:23:29,68.6,95.4,26799,48383,ok
23:23:30,71.8,95.9,25070,49197,ok
23:23:31,71.2,96.0,25534,49415,ok
23:23:32,74.1,95.8,25816,48363,ok
23:23:33,70.3,96.1,25116,49859,ok
23:23:34,72.2,95.7,26459,49608,ok
23:23:35,73.1,95.4,26330,49022,ok
23:23:36,73.1,96.4,26466,49035,ok
23:23:37,69.6,96.4,26315,49926,ok
23:23:38,70.2,96.4,25577,49678,ok
23:23:39,76.3,96.1,25014,48126,ok
23:23:40,75.5,96.4,25961,49140,ok
23:23:41,71.3,96.4,25969,48255,ok
23:23:42,71.4,95.8,26147,48460,ok
23:23:43,69.4,96.6,26233,49439,ok
23:23:44,71.8,96.5,25930,48967,ok
23:23:45,68.7,95.7,25296,48018,ok
23:23:46,74.3,96.0,25714,48248,ok
23:23:47,69.2,95.0,26191,49818,ok
23:23:48,78.6,96.1,25638,49372,ok
23:23:49,72.5,95.9,25683,48731,ok
23:23:50,70.5,95.7,25310,49055,ok
23:23:51,71.1,95.9,25674,48759,ok
23:23:52,73.9,96.1,26573,48687,ok
23:23:53,70.5,96.0,25223,49168,ok
23:23:54,70.7,95.2,26232,49988,ok
23:23:55,70.3,95.9,25980,48842,ok
23:23:56,72.8,96.0,26695,49933,ok
23:23:57,70.8,95.9,26213,48126,ok
23:23:58,73.2,95.1,25736,48033,ok
23:23:59,70.8,96.5,25964,48959,ok
23:24:00,76.6,95.5,26185,49852,ok
23:24:01,72.0,96.3,25200,49288,ok
23:24:02,70.4,95.9,26451,49254,ok
23:24:03,72.5,96.0,26898,48228,ok
23:24:04,75.2,95.6,25706,49864,ok
23:24:05,74.8,95.0,26860,49512,ok
23:24:06,70.6,96.8,25386,49242,ok
23:24:07,70.8,95.8,25337,49500,ok
23:24:08,71.5,95.2,25872,49086,ok
23:24:09,72.7,97.1,25409,49365,ok
23:24:10,69.1,96.1,25165,49042,ok
23:24:11,75.9,95.4,25637,49446,ok
23:24:12,71.9,95.7,25392,48863,ok
23:24:13,71.4,96.1,26172,49739,ok
23:24:14,72.7,96.6,26127,48470,ok
23:24:15,71.0,96.1,25447,49356,ok
23:24:16,70.5,95.4,26285,48193,ok
23:24:17,70.8,95.2,26643,48421,ok
23:24:18,70.2,95.7,26147,49890,ok
23:24:19,72.8,95.3,25567,48850,ok
23:24:20,68.2,96.3,25033,49528,ok
23:24:21,72.9,95.6,26615,49456,ok
23:24:22,73.4,95.2,26872,48737,ok
23:24:23,71.9,95.6,25996,48359,ok
23:24:24,72.7,95.8,25105,49355,ok
23:24:25,72.2,96.2,26443,48801,ok
23:24:26,72.5,97.0,25594,49051,ok
23:24:27,74.3,96.1,25668,48379,ok
23:24:28,74.7,95.4,26148,48539,ok
23:24:29,68.8,95.2,26391,49938,ok
23:24:30,70.8,95.8,25199,48185,ok
23:24:31,71.1,96.2,25433,49353,ok
23:24:32,74.4,95.5,26161,48640,ok
23:24:33,71.7,95.8,26378,48602,ok
23:24:34,73.9,96.4,26571,48462,ok
23:24:35,69.6,95.8,25576,49522,ok
23:24:36,75.5,95.5,25329,49662,ok
23:24:37,72.0,96.6,25575,49381,ok
23:24:38,71.4,94.8,25873,48177,ok
23:24:39,74.0,95.7,26782,49018,ok
23:24:40,71.9,97.5,26582,48251,ok
23:24:41,74.1,95.5,25027,49103,ok
23:24:42,70.0,95.5,26668,49360,ok
23:24:43,76.4,95.8,25373,48439,ok
23:24:44,70.7,96.6,25737,49737,ok
23:24:45,71.1,95.9,26536,48460,ok
23:24:46,69.5,96.3,25879,48191,ok
23:24:47,71.4,95.6,25343,48952,ok
23:24:48,69.4,96.3,26150,49160,ok
23:24:49,71.9,96.2,26325,49749,ok
23:24:50,72.4,97.2,26703,49330,ok
23:24:51,71.6,96.9,25420,48413,ok
23:24:52,71.3,96.0,26637,48428,ok
23:24:53,71.2,96.8,25361,48151,ok
23:24:54,70.6,95.5,26350,48790,ok
23:24:55,71.4,95.4,25318,48403,ok
23:24:56,70.8,96.6,25576,49574,ok
23:24:57,71.1,95.9,26784,49963,ok
23:24:58,74.8,96.8,26933,49176,ok
23:24:59,73.2,96.6,25113,49266,ok
23:25:00,71.6,95.7,26787,48531,ok
23:25:01,73.8,96.4,26038,48803,ok
23:25:02,71.1,96.0,26288,49994,ok
23:25:03,70.7,95.7,25032,49410,ok
23:25:04,77.1,97.0,26996,49346,ok
23:25:05,73.7,96.0,25688,49433,ok
23:25:06,72.8,95.0,25676,49626,ok
23:25:07,69.5,96.5,26807,49151,ok
23:25:08,70.9,96.7,26890,48166,ok
23:25:09,74.1,96.3,25853,48339,ok
23:25:10,74.5,95.7,25093,49923,ok
23:25:11,74.6,96.1,26485,48003,ok
23:25:12,76.7,95.6,25413,49609,ok
23:25:13,72.1,96.1,26049,48170,ok
23:25:14,72.8,96.0,25460,48505,ok
23:25:15,73.5,95.1,26186,49634,ok
23:25:16,74.7,96.3,26287,48728,ok
23:25:17,73.1,96.8,25122,49076,ok
23:25:18,70.0,96.1,25151,48994,ok
23:25:19,75.2,94.8,26150,49835,ok
23:25:20,72.7,96.4,25740,49099,ok
23:25:21,71.0,95.8,25321,49361,ok
23:25:22,69.7,96.3,26425,49650,ok
23:25:23,68.7,95.5,25540,48304,ok
23:25:24,73.3,96.0,25752,48773,ok
23:25:25,72.6,96.3,26421,49850,ok
23:25:26,74.0,96.9,26743,49634,ok
23:25:27,70.0,96.2,26052,49345,ok
23:25:28,72.4,96.8,25768,49394,ok
23:25:29,70.8,95.5,26206,48221,ok
23:25:30,71.3,95.6,25962,48679,ok
23:25:31,76.1,95.4,26484,49728,ok
23:25:32,72.7,95.3,26674,49013,ok
23:25:33,72.0,96.1,26333,49430,ok
23:25:34,70.5,95.9,25889,49442,ok
23:25:35,71.1,95.7,25360,48966,ok
23:25:36,73.1,96.2,26592,48866,ok
23:25:37,70.6,95.6,25026,49597,ok
23:25:38,73.0,95.9,25412,49369,ok
23:25:39,71.9,95.9,26055,49675,ok
23:25:40,71.8,96.9,26589,49512,ok
23:25:41,74.1,96.4,26305,49583,ok
23:25:42,72.3,96.2,25544,49645,ok
23:25:43,71.0,96.1,25409,48016,ok
23:25:44,74.6,95.8,26303,48350,ok
23:25:45,72.1,95.4,26480,49397,ok
23:25:46,74.6,96.0,25490,48053,ok
23:25:47,76.7,96.8,26299,48134,ok
23:25:48,69.6,96.2,26954,49128,ok
23:25:49,71.9,96.1,25098,49625,ok
23:25:50,73.1,95.9,26105,48006,ok
23:25:51,72.0,96.3,25607,48781,ok
23:25:52,72.1,96.0,26791,48851,ok
23:25:53,68.8,95.9,26414,49841,ok
23:25:54,71.3,95.8,26293,49779,ok
23:25:55,73.1,95.2,25785,48623,ok
23:25:56,71.4,96.3,25928,49124,ok
23:25:57,72.5,96.2,25946,48800,ok
23:25:58,71.2,96.5,26969,48740,ok
23:25:59,73.0,96.1,25048,48767,ok
23:26:00,70.5,95.5,25821,49290,ok
23:26:01,75.8,96.3,26720,49065,ok
23:26:02,71.9,95.9,25644,48573,ok
23:26:03,73.3,94.7,26533,49236,ok
23:26:04,69.5,95.9,25742,48421,ok
23:26:05,72.1,96.0,25957,48771,ok
23:26:06,69.5,96.2,26702,48400,ok
23:26:07,71.5,96.2,26087,48999,ok
23:26:08,69.1,95.4,26437,48391,ok
23:26:09,73.7,95.3,25395,49324,ok
23:26:10,72.0,95.6,25236,48510,ok
23:26:11,71.1,95.9,25038,48016,ok
23:26:12,69.4,96.3,26080,48206,ok
23:26:13,72.5,95.6,26297,48442,ok
23:26:14,71.5,96.6,26478,49867,ok
23:26:15,73.0,96.8,26230,48477,ok
23:26:16,70.2,95.6,26919,48685,ok
23:26:17,71.6,96.2,26070,48914,ok
23:26:18,69.7,96.2,26930,49208,ok
23:26:19,71.7,95.9,26652,49386,ok
23:26:20,75.6,95.6,26627,49288,ok
23:26:21,72.7,95.3,26334,48708,ok
23:26:22,73.4,96.6,25711,49910,ok
23:26:23,73.2,96.9,25694,48094,ok
23:26:24,70.2,96.3,26063,48363,ok
23:26:25,72.0,96.5,26504,49038,ok
23:26:26,73.6,96.4,25898,49051,ok
23:26:27,70.4,96.3,26415,49945,ok
23:26:28,68.6,96.1,25194,48545,ok
23:26:29,72.5,96.9,26183,48202,ok
23:26:30,69.6,96.5,25864,49342,ok
23:26:31,67.3,96.1,26708,48216,ok
23:26:32,72.2,95.9,26181,48344,ok
23:26:33,68.5,95.2,25593,48588,ok
23:26:34,72.7,96.2,25077,48597,ok
23:26:35,69.3,96.6,25967,48181,ok
23:26:36,76.3,96.3,26573,49001,ok
23:26:37,68.7,96.5,26003,49704,ok
23:26:38,70.3,95.9,26962,48576,ok
23:26:39,70.3,96.2,25593,49023,ok
23:26:40,73.1,96.3,26483,48318,ok
23:26:41,73.5,96.2,25073,48882,ok
23:26:42,69.0,95.7,26807,48679,ok
23:26:43,76.3,96.2,25744,48776,ok
23:26:44,72.2,95.8,26292,49094,ok
23:26:45,74.4,95.3,25228,49835,ok
23:26:46,73.3,96.1,25466,48585,ok
23:26:47,72.0,96.3,25711,49849,ok
23:26:48,69.8,94.9,26786,48018,ok
23:26:49,72.8,95.6,25225,49909,ok
23:26:50,70.0,96.6,26590,48256,ok
23:26:51,72.2,96.7,25709,48214,ok
23:26:52,66.7,96.1,26924,48881,ok
23:26:53,71.2,96.5,26033,49393,ok
23:26:54,70.5,96.4,26195,48704,ok
23:26:55,71.3,96.1,26407,49522,ok
23:26:56,71.1,95.9,25550,49121,ok
23:26:57,72.8,95.8,25363,48465,ok
23:26:58,75.7,96.1,26012,49867,ok
23:26:59,75.0,96.4,25560,49762,ok
23:27:00,73.2,95.4,25534,48972,ok
23:27:01,73.3,95.5,25706,48087,ok
23:27:02,75.5,96.2,25942,48476,ok
23:27:03,71.7,95.9,25164,48512,ok
23:27:04,73.0,95.4,26423,49772,ok
23:27:05,69.7,94.9,25795,48471,ok
23:27:06,69.0,95.8,26443,49423,ok
23:27:07,77.3,95.3,25958,49081,ok
23:27:08,72.0,96.1,26916,48206,ok
23:27:09,74.7,96.6,26051,49805,ok
23:27:10,70.8,96.3,26808,49519,ok
23:27:11,68.6,95.5,25621,48690,ok
23:27:12,71.4,95.3,26033,48708,ok
23:27:13,70.8,95.6,25372,49102,ok
23:27:14,71.5,96.1,26227,49652,ok
23:27:15,68.2,95.7,25148,48074,ok
23:27:16,75.6,95.9,25120,48045,ok
23:27:17,73.8,96.8,26192,48357,ok
23:27:18,71.8,95.5,25625,49748,ok
23:27:19,72.7,96.6,25718,49402,ok
23:27:20,67.8,96.1,25143,49705,ok
23:27:21,71.6,96.3,25891,49530,ok
23:27:22,70.9,96.0,25629,49785,ok
23:27:23,74.2,96.9,25638,49772,ok
23:27:24,72.0,96.7,25606,48581,ok
23:27:25,74.5,95.9,26214,48334,ok
23:27:26,71.0,96.5,25399,48458,ok
23:27:27,76.7,95.4,26645,49978,ok
23:27:28,73.0,96.1,25668,48747,ok
23:27:29,72.0,96.7,26585,48226,ok
23:27:30,71.3,96.3,26752,49499,ok
23:27:31,69.9,95.4,25823,49075,ok
23:27:32,70.3,95.3,25787,48499,ok
23:27:33,72.1,96.4,25254,48966,ok
23:27:34,71.7,97.0,25120,49258,ok
23:27:35,71.6,96.1,26072,48587,ok
23:27:36,70.2,96.1,25126,48317,ok
23:27:37,73.4,95.2,26883,49022,ok
23:27:38,74.4,95.6,26120,48287,ok
23:27:39,70.9,95.7,26892,49475,ok
23:27:40,73.6,96.4,26737,48720,ok
23:27:41,69.6,95.7,25339,48629,ok
23:27:42,71.6,96.1,26122,48857,ok
23:27:43,71.1,96.3,25931,48854,ok
23:27:44,75.4,95.8,26592,49375,ok
23:27:45,71.9,96.7,26469,48443,ok
23:27:46,72.9,96.3,26070,48522,ok
23:27:47,68.7,95.4,26325,49361,ok
23:27:48,72.2,96.7,25886,49804,ok
23:27:49,70.2,95.9,26442,48501,ok
23:27:50,70.1,95.6,25094,49951,ok
23:27:51,70.2,96.2,25756,48781,ok
23:27:52,71.4,96.3,26015,48514,ok
23:27:53,71.8,95.2,25166,48648,ok
23:27:54,71.1,96.8,26249,48384,ok
23:27:55,66.8,95.5,25968,49809,ok
23:27:56,70.2,96.3,25250,48245,ok
23:27:57,73.1,95.8,26108,48303,ok
23:27:58,71.3,96.7,25767,48156,ok
23:27:59,73.9,95.3,25568,48757,ok
23:28:00,70.3,96.5,26334,49948,ok
23:28:01,69.9,96.0,25378,49027,ok
23:28:02,73.1,96.3,26321,48871,ok
23:28:03,75.5,95.4,25685,48554,ok
23:28:04,72.0,96.4,26587,49143,ok
23:28:05,72.1,94.8,25071,49160,ok
23:28:06,71.7,95.0,26691,48149,ok
23:28:07,70.4,96.6,25095,49589,ok
23:28:08,68.7,96.2,25986,48704,ok
23:28:09,70.8,96.0,25948,48535,ok
23:28:10,71.9,95.5,26493,48688,ok
23:28:11,73.3,96.5,25382,48457,ok
23:28:12,73.7,96.6,25325,49847,ok
23:28:13,68.4,95.5,25342,49327,ok
23:28:14,72.6,95.1,26894,49708,ok
23:28:15,75.2,96.9,26664,48281,ok
23:28:16,76.4,96.0,26271,49108,ok
23:28:17,69.4,96.4,26773,48333,ok
23:28:18,74.8,96.2,26221,48586,ok
23:28:19,73.7,96.0,26169,48087,ok
23:28:20,72.2,95.5,25298,49931,ok
23:28:21,73.2,96.2,26766,49175,ok
23:28:22,69.8,95.9,26265,49677,ok
23:28:23,72.9,95.8,26080,49798,ok
23:28:24,68.9,95.9,26019,48506,ok
23:28:25,76.9,95.9,26248,48310,ok
23:28:26,69.0,96.5,25971,49380,ok
23:28:27,73.1,96.1,25228,49720,ok
23:28:28,72.5,96.3,26263,49365,ok
23:28:29,68.8,95.4,25862,48127,ok
23:28:30,71.8,95.5,25603,48150,ok
23:28:31,72.0,96.2,26892,48531,ok
23:28:32,73.0,95.8,25881,49260,ok
23:28:33,71.6,95.7,26949,48704,ok
23:28:34,73.0,95.2,25164,48205,ok
23:28:35,74.4,96.1,26715,49980,ok
23:28:36,70.3,96.1,26442,48138,ok
23:28:37,74.7,96.3,26958,48933,ok
23:28:38,72.9,95.1,26468,49864,ok
23:28:39,67.7,97.0,26364,49171,ok
23:28:40,72.5,96.6,25158,49834,ok
23:28:41,72.1,95.7,26612,48541,ok
23:28:42,73.9,96.1,25627,48165,ok
23:28:43,75.3,95.7,25483,48883,ok
23:28:44,70.8,96.7,25494,49441,ok
23:28:45,72.1,96.0,25999,49895,ok
23:28:46,73.0,96.4,25320,48724,ok
23:28:47,72.9,96.6,25149,48035,ok
23:28:48,74.0,97.1,25552,49531,ok
23:28:49,71.0,96.1,25293,48222,ok
23:28:50,68.9,96.0,25776,48014,ok
23:28:51,74.7,95.9,26267,49289,ok
23:28:52,72.2,96.5,25377,48138,ok
23:28:53,72.3,95.1,26256,48244,ok
23:28:54,73.4,96.0,25262,49589,ok
23:28:55,75.1,95.5,25830,49624,ok
23:28:56,71.1,96.0,25051,49948,ok
23:28:57,72.8,96.3,26071,49752,ok
23:28:58,72.9,95.9,25293,49110,ok
23:28:59,74.9,96.7,26026,49283,ok
23:29:00,72.4,95.8,25484,48753,ok
23:29:01,74.4,96.9,26594,48972,ok
23:29:02,73.7,95.3,26062,49251,ok
23:29:03,72.7,96.6,25159,48753,ok
23:29:04,72.8,96.4,25423,49870,ok
23:29:05,72.4,95.4,25411,48989,ok
23:29:06,75.2,96.7,26728,48065,ok
23:29:07,72.6,96.9,25325,49803,ok
23:29:08,71.4,95.6,25631,48382,ok
23:29:09,71.4,96.8,25060,48340,ok
23:29:10,73.2,95.8,26540,48637,ok
23:29:11,71.3,95.8,26733,48136,ok
23:29:12,72.6,95.7,25576,49098,ok
23:29:13,75.7,96.0,26061,48525,ok
23:29:14,69.7,96.2,25731,48700,ok
23:29:15,71.8,95.3,26298,48817,ok
23:29:16,70.6,95.7,25274,48086,ok
23:29:17,71.0,95.6,25742,49264,ok
23:29:18,72.7,95.3,26893,48518,ok
23:29:19,72.3,95.1,25070,48055,ok
23:29:20,73.7,95.1,26628,48811,ok
23:29:21,72.2,95.6,25459,48396,ok
23:29:22,72.4,95.7,26272,49839,ok
23:29:23,71.0,95.6,26365,49723,ok
23:29:24,71.5,96.3,25744,49845,ok
23:29:25,72.7,95.3,25660,49943,ok
23:29:26,74.8,96.6,25946,48264,ok
23:29:27,76.0,96.5,26253,48316,ok
23:29:28,73.2,96.2,26624,49568,ok
23:29:29,75.2,95.5,25519,49155,ok
23:29:30,70.2,96.3,26770,48997,ok
23:29:31,71.3,96.8,26386,49986,ok
23:29:32,72.4,95.8,25135,48632,ok
23:29:33,72.8,95.5,25891,49491,ok
23:29:34,72.4,95.4,25973,49032,ok
23:29:35,72.0,96.3,25371,48748,ok
23:29:36,72.5,95.3,26538,48634,ok
23:29:37,72.5,96.3,25613,49011,ok
23:29:38,73.8,96.6,25017,48797,ok
23:29:39,73.1,96.2,25691,49938,ok
23:29:40,71.1,96.4,25255,48480,ok
23:29:41,72.4,96.0,25082,48181,ok
23:29:42,70.3,95.7,25289,49373,ok
23:29:43,70.0,96.5,26928,49387,ok
23:29:44,69.9,95.6,26042,48653,ok
23:29:45,67.9,96.2,26742,49703,ok
23:29:46,70.9,95.7,26567,49432,ok
23:29:47,73.5,96.3,26042,48296,ok
23:29:48,74.6,96.5,26637,49692,ok
23:29:49,71.4,96.6,26470,48706,ok
23:29:50,69.3,96.1,26128,48713,ok
23:29:51,77.2,96.1,26427,48609,ok
23:29:52,73.5,95.8,26852,48834,ok
23:29:53,73.6,96.0,25800,48012,ok
23:29:54,69.9,96.3,25313,49318,ok
23:29:55,70.2,96.4,25461,48217,ok
23:29:56,71.9,95.7,26829,48295,ok
23:29:57,74.6,95.7,25712,48453,ok
23:29:58,75.0,96.1,26009,48984,ok
23:29:59,69.8,96.0,25973,49259,ok
23:30:00,68.8,96.2,25535,48480,ok
23:30:01,72.2,96.3,26635,48609,ok
23:30:02,71.9,95.6,26660,49138,ok
23:30:03,71.3,96.1,25253,49116,ok
23:30:04,77.2,96.7,26235,48510,ok
23:30:05,72.5,96.6,26188,49573,ok
23:30:06,71.2,96.2,26797,48161,ok
23:30:07,70.4,96.1,25558,48057,ok
23:30:08,77.1,96.6,26849,48622,ok
23:30:09,72.9,95.8,25800,49031,ok
23:30:10,70.3,96.2,25811,48031,ok
23:30:11,73.7,95.6,26733,48161,ok
23:30:12,76.1,95.6,26563,48591,ok
23:30:13,72.4,96.2,25916,48751,ok
23:30:14,75.1,95.9,25752,48775,ok
23:30:15,72.1,95.2,26779,49349,ok
23:30:16,72.1,96.5,26870,49867,ok
23:30:17,73.5,96.4,25328,48958,ok
23:30:18,70.8,96.0,26671,48492,ok
23:30:19,71.6,95.8,25026,49514,ok
23:30:20,70.6,94.8,25137,48052,ok
23:30:21,72.6,96.1,26538,48690,ok
23:30:22,66.3,96.0,26408,48582,ok
23:30:23,74.0,96.5,25911,48800,ok
23:30:24,73.1,95.3,25069,48794,ok
23:30:25,73.1,95.5,25086,49900,ok
23:30:26,71.4,96.1,25527,48230,ok
23:30:27,71.4,95.3,26734,49824,ok
23:30:28,69.5,97.4,26308,49781,ok
23:30:29,72.0,96.2,25252,48264,ok
23:30:30,74.0,96.0,25807,48452,ok
23:30:31,72.3,95.8,26543,48983,ok
23:30:32,73.0,96.2,25106,48559,ok
23:30:33,71.8,95.8,25505,49975,ok
23:30:34,70.7,96.0,26243,49687,ok
23:30:35,72.2,96.0,26911,48621,ok
23:30:36,75.3,97.1,26536,48613,ok
23:30:37,74.6,96.3,26311,48481,ok
23:30:38,72.0,96.8,25407,49429,ok
23:30:39,73.7,96.5,26427,48199,ok
23:30:40,74.7,95.4,26337,48730,ok
23:30:41,74.7,96.1,26798,48880,ok
23:30:42,72.4,96.3,26791,49431,ok
23:30:43,76.5,96.4,25299,48641,ok
23:30:44,71.8,96.7,26780,49429,ok
23:30:45,73.4,96.7,26080,49265,ok
23:30:46,70.7,95.8,25404,48583,ok
23:30:47,72.8,95.6,25083,49454,ok
23:30:48,67.7,96.6,26742,48536,ok
23:30:49,73.4,96.8,25677,49053,ok
23:30:50,71.9,95.8,26508,48887,ok
23:30:51,72.8,95.7,25474,49477,ok
23:30:52,73.6,95.9,25395,49549,ok
23:30:53,72.2,96.1,26860,49846,ok
23:30:54,72.0,95.9,25415,48691,ok
23:30:55,71.3,95.9,25302,48918,ok
23:30:56,72.4,95.6,25364,49530,ok
23:30:57,72.7,96.8,25670,48951,ok
23:30:58,74.6,95.6,26739,49961,ok
23:30:59,74.1,95.7,26448,49829,ok
23:31:00,70.8,95.5,25330,48895,ok
23:31:01,68.6,95.8,26028,48264,ok
23:31:02,73.8,95.9,25379,48306,ok
23:31:03,68.1,96.3,26947,48838,ok
23:31:04,71.2,96.4,26720,48513,ok
23:31:05,72.4,96.9,25466,49411,ok
23:31:06,72.1,96.6,25468,48731,ok
23:31:07,77.3,96.1,25438,48282,ok
23:31:08,72.1,96.1,26083,48633,ok
23:31:09,71.9,96.2,26347,49825,ok
23:31:10,73.7,95.7,25668,49975,ok
23:31:11,72.1,96.8,25603,48338,ok
23:31:12,72.6,95.4,26755,48952,ok
23:31:13,73.2,96.3,25426,48610,ok
23:31:14,70.8,96.9,26686,48028,ok
23:31:15,72.8,96.5,26035,49589,ok
23:31:16,70.6,96.2,26929,48216,ok
23:31:17,73.3,96.0,25962,49533,ok
23:31:18,66.3,96.3,25813,49466,ok
23:31:19,73.5,95.9,25526,49692,ok
23:31:20,74.2,96.8,25880,49458,ok
23:31:21,70.8,95.7,26851,48767,ok
23:31:22,77.0,96.1,26829,48047,ok
23:31:23,72.7,96.3,26135,48291,ok
23:31:24,72.3,97.3,26402,49419,ok
23:31:25,73.1,96.1,26295,48394,ok
23:31:26,72.3,96.2,25407,48825,ok
23:31:27,72.8,96.2,25425,49415,ok
23:31:28,66.2,96.0,26054,48656,ok
23:31:29,72.8,96.4,26832,49411,ok
23:31:30,73.2,96.0,26781,48439,ok
23:31:31,71.6,95.9,26244,49810,ok
23:31:32,71.1,96.0,26127,49926,ok
23:31:33,71.9,95.6,26850,49396,ok
23:31:34,70.3,96.7,25486,49938,ok
23:31:35,70.0,96.0,26710,49620,ok
23:31:36,68.9,96.1,25107,48492,ok
23:31:37,73.2,95.7,26840,48273,ok
23:31:38,72.9,95.6,26715,49167,ok
23:31:39,67.0,95.3,25809,48357,ok
23:31:40,69.4,96.3,26799,49343,ok
23:31:41,71.4,95.5,26177,49704,ok
23:31:42,70.9,95.7,25458,48099,ok
23:31:43,73.3,95.4,26152,49515,ok
23:31:44,72.8,95.6,26050,48275,ok
23:31:45,72.1,96.4,25232,49484,ok
23:31:46,71.5,95.1,25192,48665,ok
23:31:47,72.9,95.8,26264,48833,ok
23:31:48,67.7,94.5,26078,49803,ok
23:31:49,69.7,95.4,26636,48960,ok
23:31:50,71.4,96.8,26150,48795,ok
23:31:51,73.2,96.0,25992,48837,ok
23:31:52,74.5,95.5,25429,48792,ok
23:31:53,75.9,96.6,26155,49761,ok
23:31:54,69.7,96.1,25993,49429,ok
23:31:55,70.6,96.2,25254,48596,ok
23:31:56,73.8,94.9,26321,48545,ok
23:31:57,72.3,95.8,26210,49559,ok
23:31:58,74.3,96.0,25431,49410,ok
23:31:59,72.5,96.1,25105,49189,ok
23:32:00,72.3,95.5,26966,49801,ok
23:32:01,73.0,95.7,26438,48996,ok
23:32:02,72.9,96.2,25881,48433,ok
23:32:03,74.2,95.7,26689,49837,ok
23:32:04,73.3,96.0,26068,49470,ok
23:32:05,71.0,96.0,25874,48972,ok
23:32:06,72.0,96.5,26664,49103,ok
23:32:07,75.6,96.8,26693,49840,ok
23:32:08,71.7,95.9,25560,48801,ok
23:32:09,73.1,96.4,26869,49383,ok
23:32:10,68.9,96.1,26812,48344,ok
23:32:11,74.1,96.9,25705,48000,ok
23:32:12,73.4,96.5,26678,48251,ok
23:32:13,72.2,95.9,25865,49998,ok
23:32:14,74.0,95.9,26681,48800,ok
23:32:15,72.9,96.1,26351,48545,ok
23:32:16,73.4,96.7,26063,49054,ok
23:32:17,71.8,95.8,25811,49213,ok
23:32:18,73.4,96.1,25061,48984,ok
23:32:19,74.4,96.8,25004,48460,ok
23:32:20,71.5,96.0,25657,48603,ok
23:32:21,73.6,96.0,25533,48712,ok
23:32:22,71.7,95.6,25382,48150,ok
23:32:23,73.6,95.6,25890,48906,ok
23:32:24,73.3,96.2,25374,48249,ok
23:32:25,75.2,95.4,25142,49708,ok
23:32:26,71.6,96.2,25766,49254,ok
23:32:27,70.8,96.1,25187,49393,ok
23:32:28,69.0,96.2,25705,49778,ok
23:32:29,74.5,96.3,26870,49109,ok
23:32:30,71.8,96.0,25985,49271,ok
23:32:31,70.1,96.7,25938,49844,ok
23:32:32,70.8,95.2,25789,49093,ok
23:32:33,72.7,95.4,26101,48390,ok
23:32:34,72.5,96.9,25907,49326,ok
23:32:35,68.1,95.8,25051,49662,ok
23:32:36,73.2,96.2,25728,48833,ok
23:32:37,69.5,95.7,26279,49312,ok
23:32:38,70.4,96.6,25566,48486,ok
23:32:39,70.1,95.3,25166,48556,ok
23:32:40,73.6,94.8,25818,49159,ok
23:32:41,70.5,95.6,25330,48092,ok
23:32:42,73.4,96.4,25394,48364,ok
23:32:43,72.5,96.3,26080,48831,ok
23:32:44,72.8,97.0,26171,48563,ok
23:32:45,71.9,95.9,26872,48510,ok
23:32:46,70.6,96.0,26359,48450,ok
23:32:47,69.5,95.4,26721,49697,ok
23:32:48,74.4,96.2,26113,49115,ok
23:32:49,72.1,95.8,26813,48829,ok
23:32:50,70.5,96.6,25009,48821,ok
23:32:51,71.9,96.9,26553,49057,ok
23:32:52,73.7,95.6,26635,49026,ok
23:32:53,69.6,95.5,26414,48043,ok
23:32:54,72.9,96.5,25142,48444,ok
23:32:55,71.1,96.0,25686,49191,ok
23:32:56,69.9,96.4,26665,48489,ok
23:32:57,69.8,95.7,25485,49861,ok
23:32:58,69.2,95.6,26817,49384,ok
23:32:59,73.7,96.1,26539,49226,ok
23:33:00,72.1,95.9,26036,49013,ok
23:33:01,72.8,96.0,25936,48144,ok
23:33:02,71.1,96.3,26247,48226,ok
23:33:03,71.8,95.5,25695,48795,ok
23:33:04,73.8,95.9,26066,48362,ok
23:33:05,69.8,96.3,25290,48652,ok
23:33:06,70.4,95.6,26531,48003,ok
23:33:07,73.2,96.2,26883,49593,ok
23:33:08,72.6,96.8,26807,49332,ok
23:33:09,72.9,96.4,26321,49734,ok
23:33:10,75.2,96.2,26494,48241,ok
23:33:11,72.0,96.8,26522,48583,ok
23:33:12,76.7,96.2,25212,49143,ok
23:33:13,71.3,96.5,26295,49611,ok
23:33:14,72.6,95.6,26210,49390,ok
23:33:15,73.0,95.4,25547,49554,ok
23:33:16,72.5,95.8,26658,49075,ok
23:33:17,69.7,95.9,26855,48753,ok
23:33:18,73.0,95.1,25615,48623,ok
23:33:19,72.1,96.2,25667,49004,ok
23:33:20,71.0,96.5,26108,49323,ok
23:33:21,70.1,95.6,25446,49345,ok
23:33:22,71.1,95.5,26968,48673,ok
23:33:23,75.0,95.9,26365,49772,ok
23:33:24,68.9,96.1,25183,48820,ok
23:33:25,73.8,96.9,25689,48951,ok
23:33:26,75.8,95.4,25704,48897,ok
23:33:27,76.9,95.7,26579,48880,ok
23:33:28,72.2,95.9,25918,49028,ok
23:33:29,69.9,95.2,25214,49548,ok
23:33:30,74.3,96.2,26793,49178,ok
23:33:31,72.4,96.1,26592,48506,ok
23:33:32,72.3,95.8,25181,49632,ok
23:33:33,72.3,96.6,25752,49424,ok
23:33:34,72.5,96.5,26908,48322,ok
23:33:35,77.2,96.4,26038,48910,ok
23:33:36,72.8,95.4,26678,49215,ok
23:33:37,73.2,96.6,25542,49426,ok
23:33:38,73.1,94.8,26067,49382,ok
23:33:39,74.4,95.6,25959,48120,ok
23:33:40,70.0,96.3,25921,49681,ok
23:33:41,69.4,96.0,26981,48746,ok
23:33:42,71.7,96.1,25352,48380,ok
23:33:43,72.2,96.5,25611,48041,ok
23:33:44,73.7,95.4,25416,48925,ok
23:33:45,67.3,94.8,25080,48190,ok
23:33:46,69.9,95.3,25244,48888,ok
23:33:47,70.2,96.6,25722,49386,ok
23:33:48,71.4,95.7,25333,49094,ok
23:33:49,73.6,97.1,26480,48091,ok
23:33:50,73.0,96.1,26260,49797,ok
23:33:51,72.8,96.3,26506,48034,ok
23:33:52,73.5,96.6,26328,49467,ok
23:33:53,72.7,95.5,25732,48729,ok
23:33:54,67.8,95.5,26230,49567,ok
23:33:55,70.7,95.4,26697,48493,ok
23:33:56,75.2,96.2,26445,48024,ok
23:33:57,70.6,96.1,26996,48899,ok
23:33:58,70.4,96.0,26139,49294,ok
23:33:59,68.4,95.6,26578,49029,ok
23:34:00,69.6,96.8,25497,48427,ok
23:34:01,73.4,97.0,25488,49431,ok
23:34:02,71.4,95.8,26341,48099,ok
23:34:03,70.9,95.8,25740,48286,ok
23:34:04,72.7,96.3,26206,48496,ok
23:34:05,68.3,96.3,26339,48629,ok
23:34:06,69.4,96.4,25801,49627,ok
23:34:07,71.5,96.4,26371,49338,ok
23:34:08,70.7,96.0,25004,48426,ok
23:34:09,70.9,96.3,26734,48504,ok
23:34:10,72.1,96.2,26180,49381,ok
23:34:11,73.9,95.7,25821,49679,ok
23:34:12,73.5,96.5,25571,49938,ok
23:34:13,71.2,95.5,25164,48363,ok
23:34:14,70.6,96.4,25366,49299,ok
23:34:15,71.0,95.6,26902,49330,ok
23:34:16,71.1,96.5,26497,49033,ok
23:34:17,72.2,96.4,25649,48733,ok
23:34:18,75.4,96.1,25855,49653,ok
23:34:19,71.4,95.5,25726,48018,ok
23:34:20,72.1,96.1,26119,49799,ok
23:34:21,69.4,96.0,25803,48599,ok
23:34:22,73.1,96.0,26576,49707,ok
23:34:23,75.7,96.3,26299,48279,ok
23:34:24,73.6,95.8,25844,49871,ok
23:34:25,71.1,96.1,26264,49044,ok
23:34:26,72.0,96.3,25970,48731,ok
23:34:27,74.2,95.6,26989,49966,ok
23:34:28,71.8,97.1,25408,48445,ok
23:34:29,73.2,95.4,26472,49019,ok
23:34:30,69.3,96.3,25896,48326,ok
23:34:31,71.6,96.2,26313,49545,ok
23:34:32,70.9,94.9,26510,48600,ok
23:34:33,71.5,97.0,26401,49174,ok
23:34:34,69.6,96.5,26479,49764,ok
23:34:35,71.7,94.7,26972,49880,ok
23:34:36,73.7,96.3,26034,48414,ok
23:34:37,72.4,95.4,25930,48173,ok
23:34:38,73.4,96.5,25310,49817,ok
23:34:39,73.4,95.3,26106,48057,ok
23:34:40,70.8,96.3,26287,48128,ok
23:34:41,71.0,96.7,26823,49558,ok
23:34:42,72.2,96.3,25363,49440,ok
23:34:43,71.7,96.1,26734,48183,ok
23:34:44,72.1,95.6,25297,49588,ok
23:34:45,72.0,96.3,26544,48159,ok
23:34:46,70.6,95.7,25783,48688,ok
23:34:47,74.1,95.5,25916,48994,ok
23:34:48,74.7,96.1,25823,49693,ok
23:34:49,73.0,95.8,26934,48851,ok
23:34:50,73.7,95.4,25369,49069,ok
23:34:51,72.3,96.5,26363,49147,ok
23:34:52,73.0,95.9,25038,49952,ok
23:34:53,71.0,95.5,25574,48304,ok
23:34:54,70.9,95.8,25771,49358,ok
23:34:55,74.1,95.4,25788,49002,ok
23:34:56,74.7,96.5,25595,49197,ok
23:34:57,73.8,95.8,25478,48795,ok
23:34:58,70.5,95.5,26649,48902,ok
23:34:59,73.9,96.3,25335,48760,ok
23:35:00,71.5,96.2,26458,48867,ok
23:35:01,71.9,96.2,25236,48714,ok
23:35:02,70.7,95.5,26589,49644,ok
23:35:03,75.8,96.0,26913,48063,ok
23:35:04,70.4,95.2,26714,49383,ok
23:35:05,72.5,95.0,26653,49566,ok
23:35:06,73.5,95.7,25095,48295,ok
23:35:07,68.1,95.0,26261,49090,ok
23:35:08,73.2,96.1,26091,49561,ok
23:35:09,72.5,96.0,26180,49611,ok
23:35:10,76.4,96.7,25179,49323,ok
23:35:11,71.1,96.0,26986,49666,ok
23:35:12,74.4,96.2,25298,48782,ok
23:35:13,71.4,95.5,26363,49177,ok
23:35:14,71.3,96.2,25953,48760,ok
23:35:15,74.4,96.1,26655,49832,ok
23:35:16,71.8,96.4,25172,48050,ok
23:35:17,72.8,96.2,25405,49205,ok
23:35:18,73.0,95.6,25640,49364,ok
23:35:19,70.7,95.5,26304,48465,ok
23:35:20,69.6,96.5,25392,48073,ok
23:35:21,69.8,96.0,26886,49627,ok
23:35:22,68.7,95.4,25597,48897,ok
23:35:23,71.8,95.6,25709,49853,ok
23:35:24,74.0,96.6,25508,48393,ok
23:35:25,68.2,95.8,26817,48459,ok
23:35:26,70.3,97.1,25632,48016,ok
23:35:27,73.2,96.3,26986,49313,ok
23:35:28,74.1,95.6,25980,48687,ok
23:35:29,72.9,95.9,26296,48214,ok
23:35:30,71.8,96.9,25565,48625,ok
23:35:31,72.2,96.5,26404,48221,ok
23:35:32,71.8,96.2,25793,48586,ok
23:35:33,74.4,96.1,26916,48258,ok
23:35:34,74.1,95.4,25573,48340,ok
23:35:35,74.3,96.1,26889,49004,ok
23:35:36,74.5,95.4,26243,48511,ok
23:35:37,69.2,95.7,26354,48812,ok
23:35:38,72.2,96.9,25123,48093,ok
23:35:39,71.8,95.9,26898,48475,ok
23:35:40,68.8,96.3,26635,49146,ok
23:35:41,72.3,96.3,26920,48401,ok
23:35:42,71.3,95.7,25292,49978,ok
23:35:43,75.0,96.2,26209,49719,ok
23:35:44,71.5,96.3,25571,49306,ok
23:35:45,71.5,95.9,26694,48172,ok
23:35:46,74.0,96.6,26533,49873,ok
23:35:47,73.1,95.3,26591,49682,ok
23:35:48,73.1,96.0,25105,48844,ok
23:35:49,75.1,95.8,26550,48808,ok
23:35:50,73.6,96.2,26357,49204,ok
23:35:51,73.0,96.3,26357,49573,ok
23:35:52,71.9,94.9,25093,49643,ok
23:35:53,71.5,95.6,25076,49160,ok
23:35:54,73.5,96.0,26227,48539,ok
23:35:55,73.9,97.1,25109,49112,ok
23:35:56,74.8,95.3,25476,48441,ok
23:35:57,71.6,96.0,25016,48928,ok
23:35:58,69.2,95.5,25496,49313,ok
23:35:59,73.8,96.0,26933,49380,ok
23:36:00,71.1,97.6,25340,49382,ok
23:36:01,65.1,97.7,26058,48446,ok
23:36:02,69.5,97.3,25759,48380,ok
23:36:03,69.5,96.5,26561,49979,ok
23:36:04,69.8,96.2,26339,48686,ok
23:36:05,69.0,97.2,25394,49664,ok
23:36:06,69.2,96.6,26524,48532,ok
23:36:07,67.6,97.0,26668,48346,ok
23:36:08,70.8,97.1,25089,48322,ok
23:36:09,68.1,96.5,25502,48706,ok
23:36:10,74.4,97.1,26768,48605,ok
23:36:11,70.0,96.8,25500,48630,ok
23:36:12,66.6,96.8,25304,48809,ok
23:36:13,70.4,95.9,25363,49029,ok
23:36:14,69.9,96.6,25371,48901,ok
23:36:15,71.5,97.0,25156,49030,ok
23:36:16,68.5,97.1,26371,49779,ok
23:36:17,72.8,97.0,26652,49760,ok
23:36:18,69.7,96.5,26577,49403,ok
23:36:19,68.6,97.1,26176,49162,ok
23:36:20,69.0,96.5,25889,48082,ok
23:36:21,68.9,97.3,25934,49274,ok
23:36:22,71.0,96.6,26973,48926,ok
23:36:23,72.9,96.6,26606,48891,ok
23:36:24,67.1,97.5,25944,48008,ok
23:36:25,68.8,97.3,26546,48058,ok
23:36:26,67.8,97.0,25949,48296,ok
23:36:27,67.3,96.0,25814,48715,ok
23:36:28,71.8,96.9,25727,48574,ok
23:36:29,69.6,96.8,26350,48369,ok
23:36:30,71.0,97.9,25764,48627,ok
23:36:31,68.5,96.4,26206,49325,ok
23:36:32,70.9,97.9,26055,48181,ok
23:36:33,70.9,96.7,26039,48289,ok
23:36:34,72.7,97.6,25103,49437,ok
23:36:35,68.7,95.9,25294,48752,ok
23:36:36,71.2,97.2,26312,49329,ok
23:36:37,69.3,97.5,26266,49949,ok
23:36:38,66.9,96.9,25303,48919,ok
23:36:39,70.9,96.6,25244,48546,ok
23:36:40,69.2,97.1,25025,49457,ok
23:36:41,70.6,97.4,25908,49430,ok
23:36:42,67.0,96.4,26284,49221,ok
23:36:43,72.2,97.2,26849,48179,ok
23:36:44,73.3,96.7,26622,49224,ok
23:36:45,68.4,97.3,25366,48943,ok
23:36:46,67.5,97.1,26493,49383,ok
23:36:47,70.8,97.8,26359,48902,ok
23:36:48,68.6,97.4,25060,49843,ok
23:36:49,68.8,96.8,26020,48168,ok
23:36:50,71.2,96.9,25533,48370,ok
23:36:51,70.0,96.9,26878,49016,ok
23:36:52,68.3,97.5,26402,49719,ok
23:36:53,72.5,97.8,26337,48027,ok
23:36:54,68.8,96.7,26837,48391,ok
23:36:55,66.5,97.3,25861,49551,ok
23:36:56,72.6,97.7,25011,49187,ok
23:36:57,71.8,96.9,25604,49795,ok
23:36:58,67.0,96.3,25971,49863,ok
23:36:59,69.0,96.2,25778,48691,ok
23:37:00,72.8,96.7,26158,49271,ok
23:37:01,71.7,97.4,26933,48465,ok
23:37:02,71.3,97.2,26137,49190,ok
23:37:03,67.3,96.6,26322,48430,ok
23:37:04,68.3,96.4,26267,49320,ok
23:37:05,69.6,96.6,25156,49094,ok
23:37:06,69.3,97.4,26567,49237,ok
23:37:07,68.9,96.8,25924,48756,ok
23:37:08,71.4,97.2,25457,48791,ok
23:37:09,70.4,96.6,26030,48820,ok
23:37:10,69.6,97.2,26227,48755,ok
23:37:11,69.0,97.4,26099,49820,ok
23:37:12,72.9,97.3,26379,48974,ok
23:37:13,73.8,96.8,25034,49835,ok
23:37:14,70.5,96.2,26344,49142,ok
23:37:15,67.3,97.4,25724,48314,ok
23:37:16,70.6,97.1,25859,48310,ok
23:37:17,65.2,97.4,26173,48694,ok
23:37:18,70.6,97.2,26603,48097,ok
23:37:19,69.1,96.7,26131,48430,ok
23:37:20,69.9,97.7,26417,49408,ok
23:37:21,71.6,96.0,26107,49926,ok
23:37:22,69.5,96.3,26010,49523,ok
23:37:23,71.4,96.5,26361,48999,ok
23:37:24,70.4,96.7,25979,48200,ok
23:37:25,71.1,96.9,26885,48054,ok
23:37:26,72.1,97.1,25798,48828,ok
23:37:27,70.4,97.7,25254,49693,ok
23:37:28,65.5,97.3,25916,48835,ok
23:37:29,64.9,96.8,26385,48849,ok
23:37:30,72.3,96.6,25368,48498,ok
23:37:31,70.9,97.4,26573,49760,ok
23:37:32,69.7,96.8,25088,49624,ok
23:37:33,67.7,97.0,25663,48115,ok
23:37:34,73.8,96.9,25310,49735,ok
23:37:35,73.1,96.8,25925,48939,ok
23:37:36,71.0,96.4,26531,49434,ok
23:37:37,68.7,96.9,25059,49930,ok
23:37:38,69.7,96.2,25407,48265,ok
23:37:39,71.5,97.4,25934,49881,ok
23:37:40,72.3,97.5,25923,48949,ok
23:37:41,70.8,96.7,26465,49240,ok
23:37:42,67.3,97.7,26469,48047,ok
23:37:43,67.3,97.3,25550,48714,ok
23:37:44,70.8,96.9,26700,49163,ok
23:37:45,70.9,97.6,26495,49202,ok
23:37:46,71.2,97.5,26994,49007,ok
23:37:47,69.9,97.1,25736,49214,ok
23:37:48,70.4,97.0,25260,48246,ok
23:37:49,67.4,96.9,25156,48173,ok
23:37:50,70.4,96.7,25742,48619,ok
23:37:51,69.4,97.5,26826,49290,ok
23:37:52,71.9,96.3,26861,48099,ok
23:37:53,71.7,96.9,26946,48086,ok
23:37:54,71.4,97.6,25989,49084,ok
23:37:55,69.4,96.9,26397,48616,ok
23:37:56,70.7,96.8,26913,48705,ok
23:37:57,65.2,98.0,25293,48078,ok
23:37:58,71.3,97.8,26577,48875,ok
23:37:59,71.1,97.0,26577,48786,ok
23:38:00,72.1,97.0,26572,49218,ok
23:38:01,70.2,96.2,26322,48887,ok
23:38:02,69.7,95.9,25554,48526,ok
23:38:03,72.4,95.7,26034,49142,ok
23:38:04,71.1,97.4,25175,49064,ok
23:38:05,71.1,97.9,26055,48068,ok
23:38:06,71.0,97.0,25058,49508,ok
23:38:07,70.1,96.9,25207,48936,ok
23:38:08,69.8,96.9,25796,49070,ok
23:38:09,71.6,96.1,26459,48483,ok
23:38:10,71.3,96.7,25856,48152,ok
23:38:11,70.7,96.7,25016,48168,ok
23:38:12,72.5,97.5,25424,48704,ok
23:38:13,66.6,97.2,26190,48679,ok
23:38:14,71.0,97.1,25480,49330,ok
23:38:15,71.4,97.0,26087,48314,ok
23:38:16,71.8,97.6,26049,48131,ok
23:38:17,72.0,97.0,26085,49912,ok
23:38:18,69.7,97.8,26212,48579,ok
23:38:19,71.3,97.3,25098,49815,ok
23:38:20,71.9,96.7,25184,49169,ok
23:38:21,70.4,97.5,25378,49613,ok
23:38:22,71.0,96.9,26152,48006,ok
23:38:23,68.7,97.6,25194,49325,ok
23:38:24,69.6,96.5,26857,49839,ok
23:38:25,70.6,97.3,25348,48255,ok
23:38:26,67.4,97.2,26443,49040,ok
23:38:27,69.0,96.1,25381,48116,ok
23:38:28,70.4,97.1,25274,48270,ok
23:38:29,66.8,96.8,25205,49988,ok
23:38:30,71.0,96.9,26530,49489,ok
23:38:31,73.0,97.2,25428,49281,ok
23:38:32,71.1,96.7,25529,48812,ok
23:38:33,70.8,97.8,25276,49795,ok
23:38:34,69.5,97.6,26106,49489,ok
23:38:35,69.8,96.6,26752,48701,ok
23:38:36,71.5,96.9,26559,48001,ok
23:38:37,69.3,97.0,26898,49813,ok
23:38:38,66.1,95.9,26154,49071,ok
23:38:39,67.9,96.7,25380,48473,ok
23:38:40,68.4,96.3,26128,48552,ok
23:38:41,71.1,97.7,25602,49641,ok
23:38:42,72.7,97.5,25475,49320,ok
23:38:43,67.0,97.0,25312,49954,ok
23:38:44,72.8,96.2,25978,49935,ok
23:38:45,69.7,96.8,25066,49807,ok
23:38:46,70.2,97.3,25321,48694,ok
23:38:47,68.2,97.7,26297,49228,ok
23:38:48,71.6,96.5,25250,49556,ok
23:38:49,69.9,97.0,25668,48940,ok
23:38:50,70.7,96.5,26932,49476,ok
23:38:51,71.3,97.4,25248,49590,ok
23:38:52,69.0,97.0,26972,48083,ok
23:38:53,71.6,97.2,25095,48256,ok
23:38:54,69.7,96.9,26179,48258,ok
23:38:55,65.8,97.6,25537,49785,ok
23:38:56,70.8,97.1,25413,48358,ok
23:38:57,70.8,97.0,26485,49039,ok
23:38:58,69.6,97.9,26199,49877,ok
23:38:59,62.3,97.0,26547,49253,ok
23:39:00,73.5,96.9,25224,49972,ok
23:39:01,72.6,95.8,26538,48745,ok
23:39:02,70.0,97.7,25230,48807,ok
23:39:03,69.5,98.1,25904,49137,ok
23:39:04,66.9,97.0,25950,49516,ok
23:39:05,66.2,97.0,25340,48605,ok
23:39:06,71.7,97.4,25286,49425,ok
23:39:07,68.1,96.2,25786,48372,ok
23:39:08,72.9,97.8,25662,49783,ok
23:39:09,69.0,98.2,26906,48529,ok
23:39:10,70.7,97.3,25359,48722,ok
23:39:11,69.4,96.0,25703,49392,ok
23:39:12,67.4,96.6,26652,49773,ok
23:39:13,71.2,96.4,26368,48983,ok
23:39:14,72.8,97.3,25825,49218,ok
23:39:15,71.9,97.6,25373,49355,ok
23:39:16,71.7,97.3,26049,49176,ok
23:39:17,66.4,96.6,25035,49666,ok
23:39:18,70.9,96.9,25673,49513,ok
23:39:19,72.6,96.6,25874,49623,ok
23:39:20,73.5,97.4,26507,49050,ok
23:39:21,69.0,97.1,25428,49116,ok
23:39:22,66.0,96.8,26838,49188,ok
23:39:23,69.6,98.0,25425,48763,ok
23:39:24,67.3,97.8,26115,49790,ok
23:39:25,69.9,96.9,25624,49476,ok
23:39:26,68.9,97.9,26671,49002,ok
23:39:27,68.7,97.5,25116,49021,ok
23:39:28,66.8,95.5,25526,49214,ok
23:39:29,72.4,96.7,25417,48504,ok
23:39:30,73.0,97.1,25753,49400,ok
23:39:31,69.7,97.3,26750,49344,ok
23:39:32,70.2,97.1,25983,49377,ok
23:39:33,70.4,96.8,25646,48117,ok
23:39:34,68.8,96.6,25254,49209,ok
23:39:35,71.2,96.5,26699,49551,ok
23:39:36,68.8,97.2,25878,48595,ok
23:39:37,71.8,96.5,26774,48226,ok
23:39:38,70.7,97.4,25407,49860,ok
23:39:39,70.4,96.8,26004,48191,ok
23:39:40,71.4,97.1,25817,49418,ok
23:39:41,67.5,97.2,25555,49286,ok
23:39:42,71.8,96.8,25988,48533,ok
23:39:43,66.2,96.9,25573,49883,ok
23:39:44,67.3,97.1,25367,49989,ok
23:39:45,74.6,97.1,26366,48424,ok
23:39:46,69.2,97.0,26499,49426,ok
23:39:47,66.7,97.1,26012,49349,ok
23:39:48,68.3,96.6,25557,49284,ok
23:39:49,69.4,97.3,25984,49693,ok
23:39:50,72.1,95.9,26481,49339,ok
23:39:51,71.1,97.7,26417,48504,ok
23:39:52,72.8,97.3,25659,48740,ok
23:39:53,68.3,97.0,26238,48666,ok
23:39:54,67.3,97.6,25165,48932,ok
23:39:55,71.0,97.2,25423,49056,ok
23:39:56,70.8,97.1,25467,48648,ok
23:39:57,71.2,96.1,25341,49467,ok
23:39:58,73.5,98.2,26973,49613,ok
23:39:59,69.1,97.1,25134,48256,ok
23:40:00,70.3,96.9,26893,49000,ok
23:40:01,70.8,97.0,26629,49718,ok
23:40:02,70.7,96.9,25580,49839,ok
23:40:03,70.9,96.8,25188,48906,ok
23:40:04,68.8,97.0,26246,49509,ok
23:40:05,69.8,96.1,25147,48187,ok
23:40:06,70.1,96.2,26724,48561,ok
23:40:07,71.5,96.6,26193,48832,ok
23:40:08,68.8,97.0,26521,49602,ok
23:40:09,65.4,97.0,25111,48070,ok
23:40:10,68.9,96.7,26471,49737,ok
23:40:11,69.9,97.5,25995,49699,ok
23:40:12,73.2,96.3,26060,49472,ok
23:40:13,66.4,96.9,26079,49314,ok
23:40:14,69.2,96.6,25208,48057,ok
23:40:15,67.9,96.2,26783,48423,ok
23:40:16,70.9,97.5,26680,48793,ok
23:40:17,69.3,96.8,26376,48347,ok
23:40:18,65.3,96.6,26612,48535,ok
23:40:19,72.0,97.2,25140,48511,ok
23:40:20,68.9,96.6,25592,49582,ok
23:40:21,71.0,96.8,26982,49875,ok
23:40:22,73.9,97.1,26375,48935,ok
23:40:23,69.6,97.5,26426,48721,ok
23:40:24,69.3,96.9,26487,48066,ok
23:40:25,68.4,96.5,26153,48316,ok
23:40:26,69.5,97.6,25291,49712,ok
23:40:27,68.2,97.2,25477,49937,ok
23:40:28,71.4,97.7,26800,49547,ok
23:40:29,68.5,96.8,26208,49742,ok
23:40:30,72.9,97.5,26997,48171,ok
23:40:31,70.7,97.6,25419,48670,ok
23:40:32,70.2,96.4,25355,49099,ok
23:40:33,70.1,96.6,25264,48916,ok
23:40:34,72.0,97.0,26237,48556,ok
23:40:35,69.3,97.0,25392,48015,ok
23:40:36,70.2,97.3,25949,49768,ok
23:40:37,65.6,97.8,25330,48074,ok
23:40:38,70.4,97.2,25159,48425,ok
23:40:39,70.3,97.6,26205,49940,ok
23:40:40,75.8,96.5,26040,49307,ok
23:40:41,70.0,97.6,25040,48471,ok
23:40:42,72.4,97.1,26104,48501,ok
23:40:43,68.2,96.7,25926,49929,ok
23:40:44,68.6,96.5,25573,48744,ok
23:40:45,72.8,97.0,25609,49814,ok
23:40:46,70.8,96.9,25029,49915,ok
23:40:47,70.1,97.1,25214,48427,ok
23:40:48,66.5,97.8,26767,49014,ok
23:40:49,73.2,96.5,26920,48875,ok
23:40:50,69.5,97.0,26391,48640,ok
23:40:51,69.6,97.7,26767,48412,ok
23:40:52,70.5,97.3,26847,49427,ok
23:40:53,69.8,96.8,25062,49010,ok
23:40:54,70.4,97.0,26255,49502,ok
23:40:55,69.4,96.2,26170,49176,ok
23:40:56,70.9,97.4,26663,48969,ok
23:40:57,72.7,95.8,26862,49215,ok
23:40:58,69.6,97.1,26815,49455,ok
23:40:59,71.2,96.6,26840,49159,ok
23:41:00,65.4,97.6,25577,49961,ok
23:41:01,66.6,97.4,26085,49929,ok
23:41:02,63.5,96.7,25074,49383,ok
23:41:03,65.5,97.4,26619,49392,ok
23:41:04,66.7,96.6,25839,49070,ok
23:41:05,65.6,97.5,25503,48644,ok
23:41:06,65.0,97.0,26257,49498,ok
23:41:07,65.3,96.6,25226,49694,ok
23:41:08,69.6,97.6,25131,49292,ok
23:41:09,61.6,97.4,26526,49372,ok
23:41:10,62.7,97.6,25898,48646,ok
23:41:11,61.1,97.2,25969,49855,ok
23:41:12,65.2,97.9,26765,48107,ok
23:41:13,63.5,97.3,25052,48249,ok
23:41:14,63.3,96.6,26753,48054,ok
23:41:15,62.2,97.2,25495,48019,ok
23:41:16,65.0,97.1,25192,48232,ok
23:41:17,65.0,97.5,25151,49490,ok
23:41:18,63.6,96.3,25769,49980,ok
23:41:19,62.0,97.3,25748,48347,ok
23:41:20,66.3,96.2,26090,49476,ok
23:41:21,67.3,97.3,26176,48017,ok
23:41:22,63.2,96.8,25038,49622,ok
23:41:23,64.9,97.1,25417,49326,ok
23:41:24,66.4,97.3,25981,48452,ok
23:41:25,66.7,97.6,26695,49211,ok
23:41:26,66.7,96.5,25939,49279,ok
23:41:27,65.6,97.2,26672,49668,ok
23:41:28,68.6,97.5,26623,48713,ok
23:41:29,65.4,96.8,25299,49281,ok
23:41:30,67.2,97.4,25790,48529,ok
23:41:31,63.7,96.8,26728,49947,ok
23:41:32,65.6,97.1,26019,48874,ok
23:41:33,62.9,97.4,26044,48078,ok
23:41:34,65.8,96.4,25744,48624,ok
23:41:35,61.4,97.3,25657,48258,ok
23:41:36,67.7,97.1,26999,49610,ok
23:41:37,64.0,97.1,25912,48504,ok
23:41:38,64.2,96.6,26853,48882,ok
23:41:39,64.4,96.5,25086,49573,ok
23:41:40,61.0,97.6,26086,48114,ok
23:41:41,66.1,96.9,25045,48043,ok
23:41:42,65.2,97.0,26419,48338,ok
23:41:43,65.4,96.5,26334,48139,ok
23:41:44,67.8,97.3,26936,48814,ok
23:41:45,65.0,96.5,26457,49836,ok
23:41:46,67.9,97.0,26035,48530,ok
23:41:47,64.8,97.6,25558,48528,ok
23:41:48,63.0,97.0,26726,48178,ok
23:41:49,66.4,98.4,25733,49923,ok
23:41:50,63.7,97.4,26198,48767,ok
23:41:51,67.4,97.9,25723,49868,ok
23:41:52,65.4,96.8,26654,48768,ok
23:41:53,70.6,96.8,26088,48975,ok
23:41:54,68.7,97.2,25667,49383,ok
23:41:55,62.1,97.6,25090,49607,ok
23:41:56,65.3,97.5,25228,48558,ok
23:41:57,66.7,97.1,25056,49863,ok
23:41:58,63.1,97.3,25727,49064,ok
23:41:59,65.2,97.8,25850,48420,ok
23:42:00,65.6,96.5,25816,49163,ok
23:42:01,65.8,96.1,25983,49584,ok
23:42:02,65.0,96.0,26027,48256,ok
23:42:03,66.6,97.2,26224,48506,ok
23:42:04,62.0,96.5,25430,49380,ok
23:42:05,63.8,96.7,25178,48452,ok
23:42:06,62.9,96.0,26171,49511,ok
23:42:07,63.1,96.3,25672,49717,ok
23:42:08,67.9,97.9,25571,49695,ok
23:42:09,64.0,96.3,26246,48102,ok
23:42:10,65.2,97.6,26105,48713,ok
23:42:11,68.4,97.1,25692,49446,ok
23:42:12,66.7,95.6,25616,48945,ok
23:42:13,65.3,96.7,26512,49924,ok
23:42:14,63.7,96.5,26841,49822,ok
23:42:15,65.5,96.3,25727,49869,ok
23:42:16,63.8,96.4,26583,48816,ok
23:42:17,63.0,96.8,25613,49092,ok
23:42:18,65.8,97.3,26545,49728,ok
23:42:19,65.6,97.4,26018,49002,ok
23:42:20,65.1,96.8,25849,48931,ok
23:42:21,63.9,97.9,25007,49516,ok
23:42:22,65.4,96.4,26652,48333,ok
23:42:23,64.2,96.9,25444,49571,ok
23:42:24,66.1,97.1,26769,49294,ok
23:42:25,65.8,96.8,26633,49656,ok
23:42:26,65.9,96.6,25198,48862,ok
23:42:27,64.0,96.8,25855,48875,ok
23:42:28,65.3,95.7,25135,49377,ok
23:42:29,68.6,97.1,26841,48208,ok
23:42:30,64.3,96.3,26811,48198,ok
23:42:31,67.1,96.9,26161,49192,ok
23:42:32,63.3,96.8,25354,49145,ok
23:42:33,64.6,96.2,25107,48492,ok
23:42:34,65.2,97.1,26782,49981,ok
23:42:35,63.9,96.8,26050,49355,ok
23:42:36,67.1,96.9,25199,48765,ok
23:42:37,62.0,96.6,26209,49435,ok
23:42:38,63.2,97.9,25788,49203,ok
23:42:39,65.8,97.2,26564,49310,ok
23:42:40,64.7,97.5,26532,49690,ok
23:42:41,66.9,97.7,26506,49894,ok
23:42:42,67.0,97.0,25472,48124,ok
23:42:43,67.1,97.4,25333,49521,ok
23:42:44,64.1,96.7,26124,48609,ok
23:42:45,63.0,96.2,25290,48547,ok
23:42:46,60.3,97.7,26169,49918,ok
23:42:47,66.6,97.0,25657,48105,ok
23:42:48,65.6,97.6,25683,48724,ok
23:42:49,66.6,97.4,26550,48885,ok
23:42:50,63.7,97.5,26194,48643,ok
23:42:51,65.9,96.9,25863,48142,ok
23:42:52,64.7,97.0,26581,49758,ok
23:42:53,66.4,97.4,26005,48594,ok
23:42:54,68.7,96.8,26934,48295,ok
23:42:55,62.1,97.6,26845,48968,ok
23:42:56,65.5,97.1,26179,48047,ok
23:42:57,64.3,97.3,26243,49760,ok
23:42:58,65.5,97.4,26886,49838,ok
23:42:59,65.0,97.0,26312,48200,ok
23:43:00,65.1,96.7,26209,48836,ok
23:43:01,69.0,97.0,26898,49464,ok
23:43:02,64.8,97.2,25670,48095,ok
23:43:03,57.8,97.3,25021,48079,ok
23:43:04,64.6,96.5,25187,49281,ok
23:43:05,64.6,97.0,25244,48732,ok
23:43:06,64.7,97.2,25631,49787,ok
23:43:07,65.0,97.0,25737,49508,ok
23:43:08,64.5,96.9,25321,49284,ok
23:43:09,61.3,97.2,25548,49109,ok
23:43:10,67.2,97.5,26593,49852,ok
23:43:11,64.1,97.1,26509,48465,ok
23:43:12,64.1,97.0,25762,48653,ok
23:43:13,65.8,96.8,26436,48022,ok
23:43:14,63.9,96.9,26143,49219,ok
23:43:15,68.2,97.0,25021,49600,ok
23:43:16,67.1,96.4,26120,49051,ok
23:43:17,63.1,97.2,25289,49529,ok
23:43:18,66.7,96.8,25029,48764,ok
23:43:19,68.3,97.4,25416,48841,ok
23:43:20,64.9,97.8,26461,49944,ok
23:43:21,61.8,97.9,25024,49226,ok
23:43:22,63.8,96.8,26411,49533,ok
23:43:23,65.6,95.8,26272,49615,ok
23:43:24,62.2,96.7,26605,49762,ok
23:43:25,64.0,97.2,25741,48373,ok
23:43:26,64.2,96.6,26324,48204,ok
23:43:27,61.0,96.6,25885,48951,ok
23:43:28,61.5,97.0,26758,48948,ok
23:43:29,64.7,97.2,25142,49219,ok
23:43:30,66.4,97.1,26321,48169,ok
23:43:31,65.0,96.8,25162,49492,ok
23:43:32,67.2,97.0,26388,48156,ok
23:43:33,63.1,97.0,25884,49989,ok
23:43:34,65.6,96.5,26513,48972,ok
23:43:35,62.9,97.9,26644,48943,ok
23:43:36,64.1,97.0,26870,48007,ok
23:43:37,62.1,97.7,26410,49471,ok
23:43:38,66.9,97.2,25865,48802,ok
23:43:39,66.8,96.7,26481,48522,ok
23:43:40,64.3,97.7,25502,49872,ok
23:43:41,64.3,97.1,25961,48788,ok
23:43:42,63.4,96.8,25671,49332,ok
23:43:43,63.8,97.2,25225,48214,ok
23:43:44,66.4,97.6,26060,49403,ok
23:43:45,63.9,97.8,25639,48575,ok
23:43:46,65.3,97.2,26261,49678,ok
23:43:47,64.4,96.5,26840,48691,ok
23:43:48,67.1,96.6,26360,48281,ok
23:43:49,65.4,96.8,26602,48098,ok
23:43:50,66.5,96.7,25338,49705,ok
23:43:51,62.8,97.0,25702,48243,ok
23:43:52,64.2,97.4,25518,48470,ok
23:43:53,64.2,96.8,25045,48460,ok
23:43:54,66.7,97.5,26757,48893,ok
23:43:55,64.8,96.8,25057,49755,ok
23:43:56,65.0,96.0,26793,48139,ok
23:43:57,64.6,97.9,25879,48158,ok
23:43:58,67.3,96.4,26215,49706,ok
23:43:59,67.0,96.7,26159,48966,ok
23:44:00,66.7,97.8,26331,48985,ok
23:44:01,66.7,96.5,26558,49779,ok
23:44:02,63.2,97.2,26496,48263,ok
23:44:03,68.4,96.9,26171,48072,ok
23:44:04,65.6,97.0,25394,49932,ok
23:44:05,64.5,97.1,25903,49749,ok
23:44:06,63.8,96.8,25833,49617,ok
23:44:07,68.3,96.3,25019,49841,ok
23:44:08,64.3,96.6,26152,49415,ok
23:44:09,63.8,97.1,25200,49565,ok
23:44:10,59.8,96.8,26668,49605,ok
23:44:11,62.3,96.1,26785,49893,ok
23:44:12,61.6,96.8,25276,49979,ok
23:44:13,62.8,96.6,25016,48787,ok
23:44:14,65.0,96.2,26511,48788,ok
23:44:15,64.4,96.8,26279,48204,ok
23:44:16,65.8,97.8,25541,48880,ok
23:44:17,61.0,96.5,25604,48536,ok
23:44:18,63.8,96.6,25067,49420,ok
23:44:19,64.8,97.5,26571,49274,ok
23:44:20,66.7,97.7,25794,49138,ok
23:44:21,66.0,97.9,26242,49830,ok
23:44:22,65.1,98.1,26635,48973,ok
23:44:23,61.4,98.1,26692,48177,ok
23:44:24,67.5,97.5,26741,48495,ok
23:44:25,64.1,96.1,26755,48558,ok
23:44:26,68.8,97.5,26207,49327,ok
23:44:27,64.5,97.5,25211,48208,ok
23:44:28,64.7,97.5,26920,49289,ok
23:44:29,66.1,96.9,25260,49186,ok
23:44:30,62.7,96.4,25952,48177,ok
23:44:31,62.7,97.7,26298,49460,ok
23:44:32,63.2,96.5,26874,49149,ok
23:44:33,67.3,97.3,26501,49365,ok
23:44:34,65.7,97.5,26563,48044,ok
23:44:35,67.0,97.3,26671,48501,ok
23:44:36,67.3,97.1,25832,48189,ok
23:44:37,65.9,98.0,25918,49431,ok
23:44:38,69.7,97.4,25524,48757,ok
23:44:39,64.9,97.1,26998,48557,ok
23:44:40,63.7,97.4,26280,48736,ok
23:44:41,64.3,96.7,25875,48815,ok
23:44:42,64.8,96.6,26260,48881,ok
23:44:43,64.4,97.0,26492,49840,ok
23:44:44,64.1,97.5,26854,48851,ok
23:44:45,65.5,97.2,25331,48834,ok
23:44:46,66.1,96.6,25866,48434,ok
23:44:47,67.1,96.3,26697,48379,ok
23:44:48,64.2,97.3,25741,48741,ok
23:44:49,65.0,96.9,25195,48757,ok
23:44:50,65.3,96.6,25418,48810,ok
23:44:51,65.4,97.1,25308,49845,ok
23:44:52,64.2,97.5,26094,49714,ok
23:44:53,63.4,95.9,26052,49400,ok
23:44:54,69.6,97.1,25900,49119,ok
23:44:55,63.1,96.7,25771,49284,ok
23:44:56,66.6,97.4,26329,48870,ok
23:44:57,64.9,97.3,26252,49768,ok
23:44:58,63.8,96.8,26209,49931,ok
23:44:59,64.8,97.3,26167,48376,ok
23:45:00,65.5,96.5,26263,49442,ok
23:45:01,63.2,96.1,26020,49901,ok
23:45:02,67.1,96.8,25972,49537,ok
23:45:03,67.2,97.6,25361,48396,ok
23:45:04,63.3,96.7,26127,49950,ok
23:45:05,63.6,96.3,26919,49119,ok
23:45:06,62.5,95.9,25126,48266,ok
23:45:07,66.2,96.9,26843,49829,ok
23:45:08,65.8,98.1,25217,48818,ok
23:45:09,64.0,97.2,25597,49261,ok
23:45:10,65.8,97.1,26036,49350,ok
23:45:11,64.2,96.8,26482,48236,ok
23:45:12,61.8,97.4,25175,49836,ok
23:45:13,66.6,96.5,26228,48606,ok
23:45:14,64.5,96.7,26428,49774,ok
23:45:15,63.2,96.6,26357,49490,ok
23:45:16,66.6,97.0,25299,49716,ok
23:45:17,65.6,96.6,25189,48416,ok
23:45:18,63.7,97.3,25610,48741,ok
23:45:19,60.9,96.9,25751,48974,ok
23:45:20,61.8,97.9,26320,49608,ok
23:45:21,64.2,97.5,25988,49431,ok
23:45:22,66.8,97.6,26319,49586,ok
23:45:23,66.6,96.5,26882,49582,ok
23:45:24,64.4,96.3,25224,48390,ok
23:45:25,63.1,97.2,25666,48120,ok
23:45:26,60.4,98.1,26089,49976,ok
23:45:27,65.8,96.9,26348,48528,ok
23:45:28,64.8,96.8,26812,48212,ok
23:45:29,62.5,96.5,25476,48275,ok
23:45:30,64.4,96.9,25809,49536,ok
23:45:31,65.3,97.8,26617,48374,ok
23:45:32,64.3,96.9,25404,49647,ok
23:45:33,64.4,97.3,26552,49458,ok
23:45:34,65.6,96.8,25343,49768,ok
23:45:35,68.0,96.0,25361,48720,ok
23:45:36,63.8,97.6,25424,49007,ok
23:45:37,64.0,96.5,25874,48282,ok
23:45:38,63.7,97.0,25452,48239,ok
23:45:39,64.8,96.8,26295,48464,ok
23:45:40,66.6,96.1,26268,48435,ok
23:45:41,65.3,97.9,25146,48962,ok
23:45:42,64.4,96.8,25475,49897,ok
23:45:43,63.1,96.9,25523,48745,ok
23:45:44,66.5,97.4,25648,48191,ok
23:45:45,65.6,97.5,25022,48493,ok
23:45:46,63.1,97.7,25524,48192,ok
23:45:47,67.2,96.6,26465,49937,ok
23:45:48,65.5,96.5,26148,49742,ok
23:45:49,66.2,97.4,25870,49414,ok
23:45:50,64.2,96.5,26138,49299,ok
23:45:51,65.1,95.9,26559,49366,ok
23:45:52,65.3,96.7,26307,48358,ok
23:45:53,64.4,96.3,26266,49967,ok
23:45:54,66.2,97.3,26313,48575,ok
23:45:55,66.8,97.0,25062,49732,ok
23:45:56,62.5,97.1,26710,48003,ok
23:45:57,64.8,97.0,26974,48160,ok
23:45:58,66.6,95.8,25063,48841,ok
23:45:59,66.1,96.9,25127,48533,ok
23:46:00,64.8,96.3,26320,49086,ok
23:46:01,67.0,96.8,26676,49897,ok
23:46:02,67.3,96.3,26698,49984,ok
23:46:03,65.1,96.8,25281,49484,ok
23:46:04,66.6,97.2,25717,48710,ok
23:46:05,63.0,97.6,26420,48547,ok
23:46:06,65.4,97.8,25005,48758,ok
23:46:07,60.4,97.0,26423,48089,ok
23:46:08,66.3,97.1,25016,48200,ok
23:46:09,64.8,96.8,26850,49231,ok
23:46:10,64.0,96.8,25871,48677,ok
23:46:11,65.5,97.7,25667,48198,ok
23:46:12,67.7,96.2,26961,49680,ok
23:46:13,68.2,96.5,25620,48064,ok
23:46:14,61.4,96.7,25006,49254,ok
23:46:15,65.0,97.8,25516,48232,ok
23:46:16,65.8,97.8,25607,48493,ok
23:46:17,67.4,96.0,25521,48996,ok
23:46:18,66.5,97.2,26613,48543,ok
23:46:19,64.6,97.0,26737,49424,ok
23:46:20,63.5,97.3,26309,49825,ok
23:46:21,66.9,97.7,26307,49755,ok
23:46:22,63.5,96.2,26761,49519,ok
23:46:23,61.6,96.1,25998,48186,ok
23:46:24,62.8,96.5,25042,49572,ok
23:46:25,64.5,97.5,25053,49943,ok
23:46:26,65.0,97.2,25014,48431,ok
23:46:27,66.1,97.2,26995,48881,ok
23:46:28,62.7,97.5,25646,48349,ok
23:46:29,67.1,97.2,26727,49284,ok
23:46:30,66.1,96.2,26171,48909,ok
23:46:31,59.9,97.3,26386,49602,ok
23:46:32,63.5,97.7,25368,48062,ok
23:46:33,63.8,96.5,26831,49015,ok
23:46:34,61.3,96.5,25217,49699,ok
23:46:35,66.2,97.4,26876,48460,ok
23:46:36,64.0,96.6,25262,49712,ok
23:46:37,66.0,97.0,26087,49163,ok
23:46:38,68.2,97.3,25410,49220,ok
23:46:39,64.8,96.9,26942,49579,ok
23:46:40,65.9,95.4,25970,48805,ok
23:46:41,61.7,96.3,26019,49537,ok
23:46:42,66.0,97.1,26729,48833,ok
23:46:43,63.6,96.5,25728,49736,ok
23:46:44,63.1,96.5,25865,49373,ok
23:46:45,68.5,97.3,26805,49929,ok
23:46:46,64.9,96.6,25199,49863,ok
23:46:47,64.8,96.9,26767,48299,ok
23:46:48,64.7,97.5,25235,49720,ok
23:46:49,61.1,97.2,25598,49742,ok
23:46:50,62.3,97.6,26621,48771,ok
23:46:51,62.8,96.2,25992,48663,ok
23:46:52,64.9,97.1,26843,49765,ok
23:46:53,65.7,96.9,26917,49238,ok
23:46:54,66.0,96.9,26416,48380,ok
23:46:55,65.3,97.4,26492,49807,ok
23:46:56,64.6,97.3,26953,48596,ok
23:46:57,66.7,97.1,26129,49617,ok
23:46:58,64.4,96.6,25755,48680,ok
23:46:59,64.3,97.6,25688,48607,ok
23:47:00,64.0,98.0,25364,49598,ok
23:47:01,65.0,97.3,25711,48608,ok
23:47:02,64.8,96.5,26213,49102,ok
23:47:03,70.0,97.3,26990,48801,ok
23:47:04,64.1,97.1,26478,48305,ok
23:47:05,60.9,97.2,26174,48867,ok
23:47:06,63.7,97.0,25853,49045,ok
23:47:07,64.2,96.8,26103,48269,ok
23:47:08,62.9,96.6,26578,49410,ok
23:47:09,65.3,96.7,26819,48002,ok
23:47:10,67.4,96.9,25886,48598,ok
23:47:11,65.4,97.3,25127,49311,ok
23:47:12,63.6,97.6,26042,49284,ok
23:47:13,66.0,97.5,26392,48533,ok
23:47:14,65.5,97.3,26161,48310,ok
23:47:15,66.4,96.3,26694,49672,ok
23:47:16,63.8,97.1,25360,48493,ok
23:47:17,62.0,96.1,26656,48134,ok
23:47:18,64.2,96.9,25537,49243,ok
23:47:19,60.3,97.6,26373,49916,ok
23:47:20,67.3,95.9,25397,48486,ok
23:47:21,67.6,95.9,26292,48625,ok
23:47:22,64.0,97.7,26559,49300,ok
23:47:23,64.2,96.3,25614,48633,ok
23:47:24,64.4,97.4,26291,48866,ok
23:47:25,64.5,97.1,26941,49131,ok
23:47:26,64.6,96.9,26538,49775,ok
23:47:27,64.8,96.5,26417,49042,ok
23:47:28,66.3,96.7,25772,48810,ok
23:47:29,66.4,98.5,26823,48973,ok
23:47:30,65.1,97.4,26176,48201,ok
23:47:31,64.8,97.9,26760,49393,ok
23:47:32,69.9,96.9,25233,48401,ok
23:47:33,65.6,96.4,25864,49881,ok
23:47:34,64.8,96.6,26004,49752,ok
23:47:35,61.5,96.3,26164,49336,ok
23:47:36,66.4,97.8,26349,49911,ok
23:47:37,62.2,96.2,26474,49222,ok
23:47:38,67.7,96.9,26241,48680,ok
23:47:39,63.1,97.3,26717,49185,ok
23:47:40,65.5,96.8,26677,48869,ok
23:47:41,65.6,96.7,25750,49055,ok
23:47:42,65.2,97.8,26479,48172,ok
23:47:43,64.9,97.2,25006,49776,ok
23:47:44,64.3,97.0,25869,48613,ok
23:47:45,64.8,97.3,26821,48671,ok
23:47:46,65.9,96.9,26838,49157,ok
23:47:47,62.8,97.4,26616,49252,ok
23:47:48,68.1,96.5,26998,48420,ok
23:47:49,65.5,97.6,26125,48239,ok
23:47:50,67.0,97.3,26871,48141,ok
23:47:51,64.2,96.9,25050,48348,ok
23:47:52,61.0,97.4,25494,48046,ok
23:47:53,68.1,97.0,26325,48260,ok
23:47:54,64.4,97.3,25123,48578,ok
23:47:55,66.6,96.9,25794,49899,ok
23:47:56,67.3,97.4,26504,49201,ok
23:47:57,65.5,97.1,26103,48218,ok
23:47:58,66.7,97.1,26779,49176,ok
23:47:59,64.7,97.1,26557,49286,ok
23:48:00,66.3,98.3,25151,49303,ok
23:48:01,62.3,97.5,25200,48448,ok
23:48:02,64.7,96.1,26002,49237,ok
23:48:03,65.6,98.1,26415,48548,ok
23:48:04,62.0,96.5,25379,49812,ok
23:48:05,64.8,97.0,25392,48982,ok
23:48:06,62.7,97.8,25929,49609,ok
23:48:07,63.5,98.1,26075,49382,ok
23:48:08,63.8,96.5,26598,49218,ok
23:48:09,63.9,98.0,25418,49621,ok
23:48:10,64.9,96.0,25390,48294,ok
23:48:11,65.7,98.2,26401,48258,ok
23:48:12,62.9,96.6,25180,49141,ok
23:48:13,67.8,97.0,26897,48935,ok
23:48:14,63.8,97.1,26175,48676,ok
23:48:15,65.8,97.8,26253,48578,ok
23:48:16,65.9,97.6,26402,49478,ok
23:48:17,63.5,96.4,26598,48149,ok
23:48:18,63.4,97.4,26298,48888,ok
23:48:19,61.9,97.9,25392,48419,ok
23:48:20,63.2,96.6,26710,48940,ok
23:48:21,61.3,96.5,25605,49246,ok
23:48:22,63.8,97.0,26429,48273,ok
23:48:23,64.3,97.5,25016,48400,ok
23:48:24,62.2,97.4,26628,49143,ok
23:48:25,63.8,96.4,26049,49163,ok
23:48:26,65.4,97.6,26511,49621,ok
23:48:27,69.4,97.4,25334,48969,ok
23:48:28,62.1,97.2,26637,48706,ok
23:48:29,64.2,97.0,25858,49984,ok
23:48:30,65.8,97.2,25710,49758,ok
23:48:31,68.4,97.4,26697,49639,ok
23:48:32,64.4,96.2,25473,48615,ok
23:48:33,65.7,96.9,26589,48930,ok
23:48:34,64.9,97.8,25003,49397,ok
23:48:35,61.9,97.1,25252,48000,ok
23:48:36,66.2,97.7,25303,49802,ok
23:48:37,68.1,96.6,26839,48640,ok
23:48:38,68.0,96.8,26575,49395,ok
23:48:39,64.1,96.6,26126,48544,ok
23:48:40,67.7,97.7,25205,49577,ok
23:48:41,64.3,95.9,26709,49503,ok
23:48:42,67.7,97.8,25081,48028,ok
23:48:43,63.4,96.9,25145,49833,ok
23:48:44,65.6,97.5,26883,49882,ok
23:48:45,63.0,96.4,26102,49722,ok
23:48:46,63.1,96.1,26893,49979,ok
23:48:47,62.8,97.1,26836,48316,ok
23:48:48,66.5,97.5,26467,48760,ok
23:48:49,68.5,96.8,26147,48845,ok
23:48:50,60.2,97.1,26063,48813,ok
23:48:51,65.1,96.8,26689,49084,ok
23:48:52,65.0,97.7,25156,49835,ok
23:48:53,60.7,97.0,26786,48757,ok
23:48:54,66.6,96.6,26773,48242,ok
23:48:55,65.2,97.3,26906,49661,ok
23:48:56,63.9,96.4,26338,48606,ok
23:48:57,62.0,97.5,25069,48621,ok
23:48:58,66.6,97.1,25052,49312,ok
23:48:59,67.6,96.9,25405,49131,ok
23:49:00,63.4,96.8,25287,49509,ok
23:49:01,65.6,97.3,25724,48927,ok
23:49:02,62.9,97.0,25658,49277,ok
23:49:03,64.3,98.1,25655,48862,ok
23:49:04,65.6,96.8,26990,49881,ok
23:49:05,66.6,96.9,26978,49776,ok
23:49:06,62.7,97.8,25388,48653,ok
23:49:07,64.3,96.9,25842,48139,ok
23:49:08,67.1,96.5,26167,48143,ok
23:49:09,60.9,96.6,25713,48016,ok
23:49:10,64.4,97.4,25446,48313,ok
23:49:11,67.1,96.4,26437,48835,ok
23:49:12,65.4,96.8,26270,48151,ok
23:49:13,62.5,96.0,26831,48801,ok
23:49:14,65.6,97.4,26074,49517,ok
23:49:15,63.2,96.8,25819,49388,ok
23:49:16,65.8,97.3,25405,49925,ok
23:49:17,68.3,97.5,26836,48996,ok
23:49:18,67.3,96.6,25644,49811,ok
23:49:19,66.1,97.2,25004,48746,ok
23:49:20,67.7,97.1,26966,49721,ok
23:49:21,65.5,97.2,26057,49728,ok
23:49:22,65.5,96.0,25690,48976,ok
23:49:23,63.7,96.8,25882,49762,ok
23:49:24,62.6,96.7,26334,48097,ok
23:49:25,63.3,97.1,25813,48826,ok
23:49:26,65.1,97.1,26950,49615,ok
23:49:27,65.5,96.9,26555,49204,ok
23:49:28,64.3,98.0,26549,48748,ok
23:49:29,66.0,97.3,25359,48306,ok
23:49:30,64.6,96.5,25664,49582,ok
23:49:31,62.2,97.4,26569,48241,ok
23:49:32,62.0,96.8,25706,48698,ok
23:49:33,66.8,97.1,26579,49051,ok
23:49:34,67.4,96.6,26192,49782,ok
23:49:35,62.3,96.3,26728,49260,ok
23:49:36,64.1,96.8,26560,49639,ok
23:49:37,62.6,97.4,26275,48307,ok
23:49:38,64.2,96.8,25470,49248,ok
23:49:39,66.2,98.1,25292,49306,ok
23:49:40,64.5,97.3,25917,49231,ok
23:49:41,68.3,96.6,26206,49529,ok
23:49:42,64.5,96.9,25313,49079,ok
23:49:43,65.3,97.5,26953,49605,ok
23:49:44,62.7,97.9,25161,48686,ok
23:49:45,62.2,97.1,25136,48446,ok
23:49:46,67.3,97.2,25748,49414,ok
23:49:47,67.1,97.2,25240,48263,ok
23:49:48,67.7,96.9,26411,49859,ok
23:49:49,65.6,97.2,25499,48250,ok
23:49:50,64.8,97.1,25426,48101,ok
23:49:51,68.2,97.3,26496,48743,ok
23:49:52,67.3,97.2,26891,49581,ok
23:49:53,64.0,96.6,25970,49349,ok
23:49:54,64.6,97.0,26286,49070,ok
23:49:55,68.0,97.7,25677,48759,ok
23:49:56,65.3,96.9,26914,48257,ok
23:49:57,63.3,97.1,25704,49264,ok
23:49:58,66.8,96.7,26049,48342,ok
23:49:59,65.2,97.4,26921,49965,ok
23:50:00,63.7,96.1,26681,48398,ok
23:50:01,63.6,97.0,26267,49615,ok
23:50:02,63.2,96.7,26299,49930,ok
23:50:03,66.0,96.6,25783,48110,ok
23:50:04,67.5,96.8,25857,49107,ok
23:50:05,66.7,97.0,26092,49125,ok
23:50:06,65.4,97.2,26767,48939,ok
23:50:07,65.8,96.9,25822,48821,ok
23:50:08,65.8,97.0,26908,48373,ok
23:50:09,64.4,97.0,25769,49861,ok
23:50:10,68.4,96.8,26307,48502,ok
23:50:11,65.6,97.3,26089,48745,ok
23:50:12,68.8,97.0,26400,49608,ok
23:50:13,67.6,97.1,25618,49346,ok
23:50:14,65.0,96.9,26239,49047,ok
23:50:15,62.5,97.1,25848,49934,ok
23:50:16,63.9,96.9,25339,48399,ok
23:50:17,62.9,96.1,25221,49609,ok
23:50:18,62.5,96.9,26649,49111,ok
23:50:19,66.7,97.0,25578,49784,ok
23:50:20,63.8,97.0,25580,48999,ok
23:50:21,65.0,97.4,26623,48638,ok
23:50:22,61.6,96.7,25003,49675,ok
23:50:23,66.1,97.0,25012,48402,ok
23:50:24,68.1,98.1,26762,48546,ok
23:50:25,65.6,97.0,25142,49595,ok
23:50:26,62.6,97.5,25994,48587,ok
23:50:27,61.7,96.8,25252,48822,ok
23:50:28,64.5,97.0,26539,48335,ok
23:50:29,67.6,96.4,25309,48592,ok
23:50:30,66.4,96.8,25931,48057,ok
23:50:31,65.6,96.8,26358,49135,ok
23:50:32,62.0,97.6,26964,49399,ok
23:50:33,65.7,97.0,26590,48825,ok
23:50:34,64.0,97.2,26439,49072,ok
23:50:35,64.5,96.9,26902,49891,ok
23:50:36,67.2,96.4,26693,49567,ok
23:50:37,64.9,95.8,26908,49256,ok
23:50:38,64.2,96.4,26403,49777,ok
23:50:39,65.5,96.6,26181,48549,ok
23:50:40,62.5,96.8,25096,48052,ok
23:50:41,62.2,97.6,25744,48472,ok
23:50:42,66.3,97.0,26922,48764,ok
23:50:43,62.2,96.2,26194,48486,ok
23:50:44,64.1,97.2,26240,49620,ok
23:50:45,61.6,96.1,25324,48356,ok
23:50:46,60.5,97.0,25313,48469,ok
23:50:47,64.3,96.8,26348,49265,ok
23:50:48,65.4,97.5,25319,49074,ok
23:50:49,61.4,96.9,26118,48459,ok
23:50:50,59.6,97.5,25932,48309,ok
23:50:51,65.1,96.9,25137,48970,ok
23:50:52,68.4,96.7,25319,49420,ok
23:50:53,66.9,97.6,26250,48359,ok
23:50:54,62.8,96.0,25062,48242,ok
23:50:55,66.0,97.8,25969,48410,ok
23:50:56,64.2,96.9,25768,49097,ok
23:50:57,64.3,98.0,25922,49677,ok
23:50:58,67.8,96.8,25098,48670,ok
23:50:59,67.9,98.5,25534,49374,ok
23:51:00,65.9,98.0,26815,49600,ok
23:51:01,64.8,97.0,25714,49290,ok
23:51:02,62.8,97.1,25818,48069,ok
23:51:03,65.6,97.3,25461,48092,ok
23:51:04,65.8,96.4,26379,48589,ok
23:51:05,67.7,97.5,25625,48186,ok
23:51:06,66.4,97.0,26828,48197,ok
23:51:07,66.2,97.3,26937,48600,ok
23:51:08,64.5,96.8,26769,48006,ok
23:51:09,62.0,96.4,25420,48394,ok
23:51:10,64.1,96.4,26627,48733,ok
23:51:11,61.6,97.8,26025,48908,ok
23:51:12,63.4,96.6,26242,49246,ok
23:51:13,63.0,97.0,25135,48316,ok
23:51:14,64.0,97.9,26409,48476,ok
23:51:15,64.4,96.5,26218,49551,ok
23:51:16,65.5,96.6,25078,49823,ok
23:51:17,63.6,96.5,25212,48630,ok
23:51:18,65.9,97.7,26061,48852,ok
23:51:19,66.8,97.0,25593,48058,ok
23:51:20,63.5,96.3,25210,48186,ok
23:51:21,67.0,96.4,25464,48753,ok
23:51:22,65.6,96.9,26520,48637,ok
23:51:23,64.1,96.8,26042,48613,ok
23:51:24,64.0,96.7,26049,49744,ok
23:51:25,62.5,97.0,25998,49969,ok
23:51:26,67.3,96.8,25243,48101,ok
23:51:27,63.3,97.5,26672,48138,ok
23:51:28,65.9,96.6,25141,49600,ok
23:51:29,68.1,96.6,25760,49228,ok
23:51:30,62.1,97.4,25940,49050,ok
23:51:31,66.8,97.0,25429,49549,ok
23:51:32,65.4,96.5,25228,48328,ok
23:51:33,65.0,97.4,25104,49250,ok
23:51:34,65.0,97.8,26428,48873,ok
23:51:35,63.7,96.9,26131,48898,ok
23:51:36,65.1,97.5,26567,48917,ok
23:51:37,62.3,96.6,26989,49202,ok
23:51:38,64.0,96.2,26570,49713,ok
23:51:39,66.4,97.3,25067,49136,ok
23:51:40,67.8,96.9,25019,48110,ok
23:51:41,62.8,97.0,26264,48300,ok
23:51:42,67.4,97.0,26753,48309,ok
23:51:43,64.1,97.8,25501,49917,ok
23:51:44,64.9,97.8,26265,48890,ok
23:51:45,66.0,97.7,25891,48271,ok
23:51:46,64.9,96.4,26069,48964,ok
23:51:47,63.0,97.0,26793,49905,ok
23:51:48,62.0,97.3,25846,49372,ok
23:51:49,65.8,97.1,26021,49396,ok
23:51:50,65.7,97.1,25582,48869,ok
23:51:51,63.7,96.7,26595,48607,ok
23:51:52,65.5,97.4,26348,49200,ok
23:51:53,66.1,96.7,26461,48400,ok
23:51:54,63.9,96.8,26885,48102,ok
23:51:55,63.8,97.6,25933,48306,ok
23:51:56,65.4,97.3,25131,48526,ok
23:51:57,68.1,97.0,25057,48050,ok
23:51:58,67.1,96.6,25764,48093,ok
23:51:59,66.1,97.1,26549,48705,ok
23:52:00,66.3,96.5,26729,49638,ok
23:52:01,67.0,97.2,25882,48406,ok
23:52:02,66.9,97.4,25534,48062,ok
23:52:03,68.2,96.5,25808,49705,ok
23:52:04,64.0,97.3,26279,48470,ok
23:52:05,62.1,96.7,25905,49410,ok
23:52:06,65.4,96.9,26863,49090,ok
23:52:07,66.2,96.9,25887,49901,ok
23:52:08,62.8,97.1,26429,48893,ok
23:52:09,64.7,97.7,25211,48994,ok
23:52:10,62.9,96.7,26617,48731,ok
23:52:11,65.4,96.2,25003,48854,ok
23:52:12,63.6,96.0,26725,48612,ok
23:52:13,66.0,97.1,26074,49866,ok
23:52:14,64.9,97.7,26332,48668,ok
23:52:15,64.8,97.0,25456,48365,ok
23:52:16,63.0,96.6,25865,49107,ok
23:52:17,65.8,96.5,25492,49040,ok
23:52:18,64.4,95.7,26961,49985,ok
23:52:19,64.9,97.6,25828,49510,ok
23:52:20,67.0,96.9,26426,48785,ok
23:52:21,66.1,98.0,26160,49679,ok
23:52:22,64.8,96.8,25280,49038,ok
23:52:23,64.8,96.8,25064,48446,ok
23:52:24,66.3,96.2,25813,49107,ok
23:52:25,66.9,97.7,26381,48389,ok
23:52:26,66.5,96.5,25083,48302,ok
23:52:27,63.6,97.6,26737,49672,ok
23:52:28,68.9,96.9,25825,49461,ok
23:52:29,64.5,97.9,25002,48896,ok
23:52:30,67.1,96.8,26902,48933,ok
23:52:31,66.6,96.6,25517,48106,ok
23:52:32,65.4,97.4,25685,48174,ok
23:52:33,70.0,98.5,26398,48338,ok
23:52:34,65.9,96.9,25260,49431,ok
23:52:35,67.7,96.2,25268,49307,ok
23:52:36,64.2,96.5,26077,49014,ok
23:52:37,63.8,97.5,26719,49945,ok
23:52:38,64.3,95.9,26601,48506,ok
23:52:39,67.5,96.9,26849,49886,ok
23:52:40,64.8,97.7,25789,48584,ok
23:52:41,61.5,97.0,26376,48527,ok
23:52:42,64.3,96.5,26791,48092,ok
23:52:43,67.8,96.5,25875,48953,ok
23:52:44,66.7,97.3,25997,49104,ok
23:52:45,66.0,96.8,25341,49535,ok
23:52:46,68.5,97.6,25220,49408,ok
23:52:47,64.2,96.3,25277,48106,ok
23:52:48,67.6,96.6,25581,49460,ok
23:52:49,62.2,97.8,25720,49757,ok
23:52:50,63.9,97.3,26022,49783,ok
23:52:51,62.8,97.7,26707,48934,ok
23:52:52,61.2,97.1,25454,49405,ok
23:52:53,64.6,96.6,26935,49826,ok
23:52:54,66.1,95.7,26792,48724,ok
23:52:55,65.8,97.6,25950,49090,ok
23:52:56,68.3,97.0,26620,49037,ok
23:52:57,63.5,96.6,25782,48956,ok
23:52:58,68.2,97.5,25463,48531,ok
23:52:59,67.1,96.8,26387,48770,ok
23:53:00,66.6,97.1,26076,49871,ok
23:53:01,67.6,96.0,25629,48477,ok
23:53:02,65.8,96.9,25042,49687,ok
23:53:03,65.5,97.1,25248,49148,ok
23:53:04,64.1,97.4,26225,49212,ok
23:53:05,63.9,96.6,25051,49483,ok
23:53:06,62.2,96.9,26802,49654,ok
23:53:07,64.0,96.7,26708,48344,ok
23:53:08,64.8,96.6,26538,48816,ok
23:53:09,67.8,96.3,25591,48593,ok
23:53:10,61.4,98.0,26523,48314,ok
23:53:11,64.7,96.9,26009,49971,ok
23:53:12,64.3,96.9,25511,48183,ok
23:53:13,64.9,96.5,25962,48611,ok
23:53:14,65.2,97.2,26398,49108,ok
23:53:15,67.0,97.7,26917,48962,ok
23:53:16,65.9,97.0,26586,48199,ok
23:53:17,66.8,96.7,25004,48830,ok
23:53:18,64.6,96.9,25231,49919,ok
23:53:19,65.2,97.7,26690,48175,ok
23:53:20,65.3,96.6,26384,48773,ok
23:53:21,63.6,96.6,25763,49211,ok
23:53:22,65.1,97.0,26188,49363,ok
23:53:23,64.0,97.5,25073,49252,ok
23:53:24,61.7,97.9,26412,49433,ok
23:53:25,67.0,97.0,26119,49620,ok
23:53:26,66.5,96.9,26988,49936,ok
23:53:27,63.4,96.3,25383,49654,ok
23:53:28,66.2,97.5,25726,49122,ok
23:53:29,63.5,98.0,26815,48364,ok
23:53:30,65.6,96.9,25939,48214,ok
23:53:31,68.5,97.1,26395,49242,ok
23:53:32,64.9,96.5,26683,48628,ok
23:53:33,66.3,96.2,26952,48115,ok
23:53:34,60.6,97.1,25178,49507,ok
23:53:35,65.8,97.2,25367,49727,ok
23:53:36,66.2,97.7,25189,49145,ok
23:53:37,67.3,97.1,26293,48641,ok
23:53:38,66.4,96.5,26614,48863,ok
23:53:39,66.3,96.6,26744,48756,ok
23:53:40,63.3,96.3,25009,49456,ok
23:53:41,65.3,96.8,25359,49214,ok
23:53:42,61.2,97.3,26575,48211,ok
23:53:43,63.9,96.8,25534,49737,ok
23:53:44,67.8,97.2,25007,49044,ok
23:53:45,69.2,97.0,25327,48649,ok
23:53:46,62.4,97.1,25487,49899,ok
23:53:47,66.2,96.0,26102,49246,ok
23:53:48,70.1,96.7,26558,49248,ok
23:53:49,66.2,97.7,25256,48047,ok
23:53:50,64.6,97.4,25889,48403,ok
23:53:51,63.3,96.8,26331,48114,ok
23:53:52,67.3,96.6,25444,49860,ok
23:53:53,65.7,96.8,26400,49193,ok
23:53:54,64.3,97.7,25608,48545,ok
23:53:55,65.6,96.7,25030,49681,ok
23:53:56,64.9,98.0,26480,48108,ok
23:53:57,63.7,96.7,26906,49627,ok
23:53:58,66.6,97.3,25122,49869,ok
23:53:59,62.6,97.5,25404,48724,ok
23:54:00,62.8,96.7,26574,49007,ok
23:54:01,62.9,96.4,26510,49239,ok
23:54:02,63.5,97.0,25008,48608,ok
23:54:03,64.0,97.2,25986,49543,ok
23:54:04,65.8,97.1,25590,49560,ok
23:54:05,63.7,97.1,26486,48567,ok
23:54:06,65.6,97.5,25733,49623,ok
23:54:07,65.9,97.8,26762,49727,ok
23:54:08,70.6,97.5,25237,48802,ok
23:54:09,66.9,97.5,25517,49836,ok
23:54:10,62.8,96.9,25978,48987,ok
23:54:11,65.2,97.2,25929,48040,ok
23:54:12,63.8,97.0,25991,49254,ok
23:54:13,68.9,96.0,26107,49592,ok
23:54:14,67.2,96.7,25462,48622,ok
23:54:15,67.4,96.8,25237,49791,ok
23:54:16,64.3,96.7,26489,48623,ok
23:54:17,60.7,97.1,25275,48050,ok
23:54:18,68.0,97.0,25430,49185,ok
23:54:19,63.1,96.7,26380,48807,ok
23:54:20,64.6,96.6,25143,48711,ok
23:54:21,68.7,96.9,25516,48617,ok
23:54:22,66.8,96.8,25544,48526,ok
23:54:23,63.5,97.6,26772,48117,ok
23:54:24,68.2,97.2,25807,49632,ok
23:54:25,66.0,98.1,26105,49814,ok
23:54:26,68.6,97.7,26500,48994,ok
23:54:27,65.8,96.6,26223,48789,ok
23:54:28,65.5,96.6,26390,48912,ok
23:54:29,64.4,97.1,25908,48896,ok
23:54:30,59.8,96.7,25094,48308,ok
23:54:31,60.8,96.6,25562,48672,ok
23:54:32,60.2,96.4,26568,48043,ok
23:54:33,64.6,97.1,25013,48339,ok
23:54:34,62.8,97.0,25851,49118,ok
23:54:35,68.6,97.0,26711,49577,ok
23:54:36,62.8,96.9,25160,48383,ok
23:54:37,68.1,97.1,25902,48598,ok
23:54:38,65.4,96.7,25579,49465,ok
23:54:39,67.7,96.5,25663,49938,ok
23:54:40,61.8,97.1,25974,48814,ok
23:54:41,65.7,96.7,26466,49213,ok
23:54:42,68.0,96.1,26665,48643,ok
23:54:43,63.1,97.5,25510,48304,ok
23:54:44,64.1,97.7,26413,49508,ok
23:54:45,65.5,96.1,26858,48467,ok
23:54:46,67.4,96.5,26141,48278,ok
23:54:47,66.9,97.5,26954,48189,ok
23:54:48,64.9,96.6,26959,49306,ok
23:54:49,65.6,97.2,26688,49067,ok
23:54:50,65.0,97.0,26513,48420,ok
23:54:51,64.1,96.6,25067,48890,ok
23:54:52,66.5,96.8,26402,49722,ok
23:54:53,66.4,97.0,26696,49206,ok
23:54:54,66.1,97.4,26579,49391,ok
23:54:55,64.3,98.1,26506,49774,ok
23:54:56,65.1,97.4,26952,49273,ok
23:54:57,63.8,97.4,25931,48732,ok
23:54:58,63.4,97.1,25272,48873,ok
23:54:59,63.4,96.5,26024,48020,ok
23:55:00,66.2,97.4,26030,48670,ok
23:55:01,64.8,96.8,25932,48027,ok
23:55:02,66.9,97.0,26775,49015,ok
23:55:03,65.1,96.4,26094,49674,ok
23:55:04,65.0,97.2,26053,49238,ok
23:55:05,61.7,97.0,25685,48313,ok
23:55:06,69.7,96.9,25351,49717,ok
23:55:07,62.6,96.6,26162,49529,ok
23:55:08,61.1,97.6,25284,48321,ok
23:55:09,64.3,97.5,25993,48753,ok
23:55:10,65.3,98.5,26196,49133,ok
23:55:11,66.8,97.3,25205,49177,ok
23:55:12,63.6,96.9,25244,48779,ok
23:55:13,67.1,96.4,26513,48137,ok
23:55:14,68.9,96.1,26569,48310,ok
23:55:15,68.8,96.9,26697,49224,ok
23:55:16,65.8,97.4,26711,49486,ok
23:55:17,65.7,96.6,26945,49028,ok
23:55:18,68.3,96.1,26953,48907,ok
23:55:19,64.8,96.8,26128,48026,ok
23:55:20,63.3,96.7,26793,49140,ok
23:55:21,65.2,97.4,25903,48878,ok
23:55:22,66.3,97.7,26544,49600,ok
23:55:23,65.5,96.5,25378,48723,ok
23:55:24,64.1,96.9,25200,49107,ok
23:55:25,62.1,96.7,25961,48283,ok
23:55:26,62.0,96.7,25446,49255,ok
23:55:27,64.7,97.1,25819,48598,ok
23:55:28,62.1,97.0,26842,49284,ok
23:55:29,62.8,97.6,25366,49795,ok
23:55:30,65.1,96.6,26949,49580,ok
23:55:31,68.6,97.4,25984,48056,ok
23:55:32,64.9,96.5,25630,49165,ok
23:55:33,62.7,96.3,26302,49589,ok
23:55:34,65.0,97.8,25290,48740,ok
23:55:35,65.2,97.0,26159,48413,ok
23:55:36,70.4,96.8,26812,48767,ok
23:55:37,66.3,97.4,25780,48356,ok
23:55:38,66.7,97.1,25776,49054,ok
23:55:39,66.8,96.9,25326,48840,ok
23:55:40,65.3,96.4,26253,48297,ok
23:55:41,64.7,96.8,25143,49478,ok
23:55:42,63.3,96.7,25159,48471,ok
23:55:43,65.4,97.1,26385,49310,ok
23:55:44,69.8,97.2,26666,49582,ok
23:55:45,66.1,97.5,25280,48039,ok
23:55:46,66.2,97.1,25146,48489,ok
23:55:47,67.9,96.7,25756,48771,ok
23:55:48,64.4,96.6,26625,48624,ok
23:55:49,63.9,97.0,26684,49833,ok
23:55:50,67.2,96.5,26963,48849,ok
23:55:51,65.3,98.0,26708,49796,ok
23:55:52,68.2,96.8,26174,48464,ok
23:55:53,64.4,97.7,26575,49414,ok
23:55:54,65.0,96.3,25420,48609,ok
23:55:55,67.1,97.3,25787,49749,ok
23:55:56,64.9,96.8,25953,48311,ok
23:55:57,65.9,97.7,25529,48023,ok
23:55:58,64.4,97.0,25233,48467,ok
23:55:59,66.3,97.0,25998,48766,ok
23:56:00,63.9,97.1,26578,48590,ok
23:56:01,64.2,96.7,25845,49639,ok
23:56:02,65.1,97.5,25892,48126,ok
23:56:03,67.8,96.4,26845,49862,ok
23:56:04,59.1,96.9,25477,48779,ok
23:56:05,62.9,96.9,25079,48339,ok
23:56:06,64.7,97.2,25780,49513,ok
23:56:07,67.8,97.4,25082,48121,ok
23:56:08,65.2,96.9,26146,49729,ok
23:56:09,63.1,96.5,26833,48456,ok
23:56:10,65.5,97.6,26109,48101,ok
23:56:11,66.7,97.5,25460,49069,ok
23:56:12,64.2,97.3,25290,48362,ok
23:56:13,67.7,96.9,25422,48445,ok
23:56:14,63.3,96.7,25135,49153,ok
23:56:15,63.4,97.3,26279,49782,ok
23:56:16,62.7,96.8,25324,48153,ok
23:56:17,66.4,96.5,26017,49639,ok
23:56:18,65.8,97.7,26198,49748,ok
23:56:19,65.1,97.3,26220,49058,ok
23:56:20,64.9,97.4,25478,49239,ok
23:56:21,65.1,97.8,25787,48351,ok
23:56:22,65.3,97.1,25970,49192,ok
23:56:23,64.5,97.1,25987,48808,ok
23:56:24,66.0,97.1,25759,48192,ok
23:56:25,64.0,97.7,26952,49572,ok
23:56:26,67.6,97.8,25309,48334,ok
23:56:27,64.5,97.1,26636,49448,ok
23:56:28,67.6,97.0,26537,49747,ok
23:56:29,66.8,96.6,26571,48272,ok
23:56:30,66.4,97.5,26605,48227,ok
23:56:31,63.6,96.8,26794,48567,ok
23:56:32,65.5,97.8,25432,48319,ok
23:56:33,63.9,97.1,26037,48397,ok
23:56:34,64.8,97.0,26394,48247,ok
23:56:35,68.2,96.7,26858,49304,ok
23:56:36,66.5,97.3,25109,49576,ok
23:56:37,62.7,96.7,26454,48708,ok
23:56:38,67.5,96.6,26369,48303,ok
23:56:39,62.7,97.5,26055,48985,ok
23:56:40,64.1,97.0,26136,48230,ok
23:56:41,64.8,96.9,25049,48688,ok
23:56:42,66.8,96.9,26213,49292,ok
23:56:43,64.5,97.7,25561,48906,ok
23:56:44,64.6,96.5,26350,49518,ok
23:56:45,66.9,97.7,25605,49968,ok
23:56:46,63.7,97.2,25572,49901,ok
23:56:47,66.5,96.4,25104,48470,ok
23:56:48,63.3,95.9,25613,48743,ok
23:56:49,64.9,96.0,25859,49267,ok
23:56:50,61.4,96.7,26510,49095,ok
23:56:51,64.1,97.4,25875,49822,ok
23:56:52,62.3,97.7,26961,48539,ok
23:56:53,61.2,96.5,26496,49067,ok
23:56:54,68.9,96.2,26429,49139,ok
23:56:55,65.4,96.8,25945,48617,ok
23:56:56,64.9,97.3,25544,48566,ok
23:56:57,63.1,96.9,25274,48530,ok
23:56:58,64.4,95.5,25122,48726,ok
23:56:59,64.7,97.7,25561,48602,ok
23:57:00,61.3,97.1,26690,49988,ok
23:57:01,63.6,96.3,26666,48939,ok
23:57:02,65.5,97.2,25292,49530,ok
23:57:03,65.8,96.9,26435,49052,ok
23:57:04,64.4,95.7,26925,48774,ok
23:57:05,67.7,96.7,25244,48992,ok
23:57:06,65.9,97.2,25073,48571,ok
23:57:07,67.2,97.6,25172,49786,ok
23:57:08,63.3,96.8,25114,48908,ok
23:57:09,64.9,97.5,26889,49321,ok
23:57:10,63.6,96.8,25672,49499,ok
23:57:11,66.5,97.5,26248,49917,ok
23:57:12,63.8,97.1,26062,48958,ok
23:57:13,64.2,97.9,25593,48793,ok
23:57:14,65.9,97.0,25872,48446,ok
23:57:15,66.2,96.7,26807,48199,ok
23:57:16,61.5,97.0,26388,48085,ok
23:57:17,60.7,97.5,26953,48414,ok
23:57:18,64.3,96.8,25947,48814,ok
23:57:19,66.8,97.2,25939,49912,ok
23:57:20,67.4,97.9,26331,49562,ok
23:57:21,68.2,96.7,26106,49438,ok
23:57:22,63.3,97.2,25576,49392,ok
23:57:23,61.1,96.2,26434,48996,ok
23:57:24,66.1,96.6,26511,49108,ok
23:57:25,61.3,95.8,26897,48556,ok
23:57:26,65.6,97.6,25870,49950,ok
23:57:27,65.6,95.9,26179,48731,ok
23:57:28,67.1,97.2,26509,48989,ok
23:57:29,63.2,97.1,25338,48489,ok
23:57:30,67.7,96.7,26236,49547,ok
23:57:31,66.1,96.6,25497,48735,ok
23:57:32,65.4,96.1,25071,49486,ok
23:57:33,66.9,97.4,25457,49666,ok
23:57:34,63.8,97.1,25905,48681,ok
23:57:35,67.7,98.1,26530,48819,ok
23:57:36,61.5,96.7,26817,49468,ok
23:57:37,63.3,96.3,26696,48655,ok
23:57:38,62.2,97.0,25216,49752,ok
23:57:39,64.9,96.5,26970,49804,ok
23:57:40,60.8,96.9,26254,49680,ok
23:57:41,66.1,96.7,25688,49832,ok
23:57:42,68.4,96.7,26626,48446,ok
23:57:43,64.5,98.1,26966,49577,ok
23:57:44,65.0,96.5,26078,48571,ok
23:57:45,64.0,96.8,26456,49530,ok
23:57:46,63.2,96.8,26922,48350,ok
23:57:47,65.0,98.5,25339,49510,ok
23:57:48,61.6,95.9,26977,49590,ok
23:57:49,60.4,97.6,25104,48457,ok
23:57:50,66.4,96.4,26316,49559,ok
23:57:51,66.7,97.3,25046,49474,ok
23:57:52,65.9,96.4,26915,49993,ok
23:57:53,64.8,97.1,25320,48249,ok
23:57:54,63.4,96.8,26318,49501,ok
23:57:55,65.9,97.4,26409,48554,ok
23:57:56,62.9,97.1,25166,48588,ok
23:57:57,67.4,96.8,26665,49635,ok
23:57:58,64.4,96.0,25540,49487,ok
23:57:59,68.5,97.3,25124,48144,ok
23:58:00,62.6,96.7,25616,49649,ok
23:58:01,62.8,96.4,26501,48709,ok
23:58:02,63.4,97.7,25741,48959,ok
23:58:03,66.4,96.7,25989,49214,ok
23:58:04,65.9,96.9,26526,49109,ok
23:58:05,62.4,97.1,26159,48097,ok
23:58:06,66.0,97.7,26909,49216,ok
23:58:07,65.0,97.0,25377,48665,ok
23:58:08,62.8,96.7,25109,49088,ok
23:58:09,66.6,97.8,26947,48635,ok
23:58:10,67.3,96.6,25250,48742,ok
23:58:11,61.7,96.6,25177,48732,ok
23:58:12,63.1,96.1,25043,49431,ok
23:58:13,64.6,96.9,25040,49111,ok
23:58:14,64.3,96.4,26164,49596,ok
23:58:15,66.2,97.5,26880,48800,ok
23:58:16,64.6,97.4,26417,49306,ok
23:58:17,65.5,96.6,26867,48366,ok
23:58:18,67.1,96.8,25082,48378,ok
23:58:19,66.0,96.6,25432,48783,ok
23:58:20,66.9,97.5,25678,49721,ok
23:58:21,66.5,97.2,25191,48306,ok
23:58:22,65.5,96.3,25463,49849,ok
23:58:23,61.6,96.8,25514,49468,ok
23:58:24,65.5,97.1,25674,48597,ok
23:58:25,61.8,97.6,26561,48844,ok
23:58:26,65.6,97.1,25363,49230,ok
23:58:27,63.5,96.5,25285,48871,ok
23:58:28,63.0,97.9,25673,48892,ok
23:58:29,67.7,97.0,25481,49390,ok
23:58:30,63.2,96.4,25502,48796,ok
23:58:31,67.0,97.1,26439,49001,ok
23:58:32,64.6,97.2,25813,49253,ok
23:58:33,64.6,96.8,26148,48125,ok
23:58:34,64.4,96.1,25916,49850,ok
23:58:35,64.0,96.4,26751,49084,ok
23:58:36,59.0,98.2,26531,49349,ok
23:58:37,68.1,97.0,26280,48397,ok
23:58:38,64.3,96.6,26406,49819,ok
23:58:39,67.4,96.5,26125,48545,ok
23:58:40,62.5,97.3,25646,48615,ok
23:58:41,69.2,97.9,26656,49108,ok
23:58:42,62.5,97.2,25034,48937,ok
23:58:43,67.2,96.5,26929,48610,ok
23:58:44,62.6,97.8,26967,49701,ok
23:58:45,63.9,97.6,25312,48083,ok
23:58:46,66.2,96.1,25811,49479,ok
23:58:47,65.1,97.4,25750,49985,ok
23:58:48,64.7,97.1,26534,48529,ok
23:58:49,67.0,97.0,25906,48437,ok
23:58:50,63.2,98.0,26288,48280,ok
23:58:51,64.8,96.6,26609,48728,ok
23:58:52,64.4,97.2,25610,49134,ok
23:58:53,63.9,96.2,25220,48791,ok
23:58:54,66.5,96.9,25954,48005,ok
23:58:55,65.0,97.1,26988,48404,ok
23:58:56,65.3,97.5,25557,49658,ok
23:58:57,65.5,96.9,26350,49994,ok
23:58:58,63.5,97.4,26131,49940,ok
23:58:59,66.5,97.7,25215,49277,ok
23:59:00,68.2,97.5,26464,49840,ok
23:59:01,63.6,97.8,26274,49750,ok
23:59:02,63.6,96.7,26921,48535,ok
23:59:03,67.4,96.7,25335,48364,ok
23:59:04,67.5,97.1,26653,49882,ok
23:59:05,63.7,97.1,26267,48196,ok
23:59:06,61.9,97.1,25017,48019,ok
23:59:07,62.9,97.4,26085,49254,ok
23:59:08,64.0,97.3,26289,49811,ok
23:59:09,62.3,97.0,25251,49941,ok
23:59:10,68.7,97.3,26375,48877,ok
23:59:11,61.4,97.8,25916,48732,ok
23:59:12,65.0,97.4,25947,48614,ok
23:59:13,66.4,97.5,25991,49327,ok
23:59:14,65.2,97.9,26968,48362,ok
23:59:15,63.0,97.5,25025,49219,ok
23:59:16,63.9,96.7,25333,49197,ok
23:59:17,64.5,97.4,25367,49296,ok
23:59:18,65.3,96.2,26833,48870,ok
23:59:19,63.8,97.2,25420,49481,ok
23:59:20,66.8,96.4,26984,48635,ok
23:59:21,63.0,97.0,25184,49944,ok
23:59:22,64.9,98.0,25961,48473,ok
23:59:23,62.1,96.9,26669,49822,ok
23:59:24,64.6,97.9,26997,49671,ok
23:59:25,66.6,97.2,25606,48779,ok
23:59:26,64.2,97.0,26244,48912,ok
23:59:27,63.2,97.5,25755,49833,ok
23:59:28,67.1,97.0,26646,49824,ok
23:59:29,67.1,97.6,25700,49799,ok
23:59:30,68.5,97.2,25365,48054,ok
23:59:31,63.0,97.2,26479,49641,ok
23:59:32,65.6,97.2,26379,48259,ok
23:59:33,65.6,98.0,25412,49841,ok
23:59:34,67.9,97.7,25472,48338,ok
23:59:35,65.3,97.7,26293,49379,ok
23:59:36,66.1,97.2,26440,49685,ok
23:59:37,63.5,97.6,25753,48001,ok
23:59:38,65.8,97.0,26549,48578,ok
23:59:39,64.1,97.4,26258,48242,ok
23:59:40,65.4,97.6,25514,49546,ok
23:59:41,66.0,96.9,26968,49634,ok
23:59:42,66.5,96.1,26119,48402,ok
23:59:43,64.6,96.8,25994,49122,ok
23:59:44,64.0,97.6,25738,48028,ok
23:59:45,63.5,97.4,26812,48492,ok
23:59:46,63.6,96.5,25891,48165,ok
23:59:47,65.3,96.5,25603,48348,ok
23:59:48,64.7,96.5,26503,49979,ok
23:59:49,61.8,97.9,26293,48211,ok
23:59:50,68.7,96.8,25389,49087,ok
23:59:51,63.6,97.1,25590,48881,ok
23:59:52,68.3,97.0,26913,48412,ok
23:59:53,65.9,97.5,26622,48741,ok
23:59:54,67.1,97.2,26172,49844,ok
23:59:55,67.1,97.2,25348,48797,ok
23:59:56,67.0,96.5,26307,48599,ok
23:59:57,65.4,96.9,25608,49499,ok
23:59:58,62.7,97.0,26260,49210,ok
23:59:59,65.7,96.6,25181,49981,ok
00:00:00,64.7,97.1,25980,49197,ok
00:00:01,66.3,96.9,25683,48685,ok
00:00:02,64.8,96.9,25056,49607,ok
00:00:03,61.6,97.7,26127,48297,ok
00:00:04,67.0,97.1,25758,48095,ok
00:00:05,65.8,97.3,25782,48260,ok
00:00:06,62.9,96.6,25497,48215,ok
00:00:07,64.1,97.8,25743,48751,ok
00:00:08,66.3,97.4,25526,49989,ok
00:00:09,67.5,96.8,26748,49538,ok
00:00:10,63.2,97.6,26595,48832,ok
00:00:11,60.8,96.2,25391,48676,ok
00:00:12,63.9,96.4,25506,48129,ok
00:00:13,69.0,96.9,26818,49742,ok
00:00:14,66.0,97.7,25861,49027,ok
00:00:15,64.9,97.3,25450,49372,ok
00:00:16,62.9,96.5,26899,48507,ok
00:00:17,67.7,96.7,25276,49767,ok
00:00:18,64.2,96.6,26951,48613,ok
00:00:19,67.2,96.7,26722,49510,ok
00:00:20,68.2,97.3,26248,48222,ok
00:00:21,65.6,96.8,26799,49698,ok
00:00:22,65.8,97.6,25371,48091,ok
00:00:23,62.5,96.9,26640,49438,ok
00:00:24,65.8,97.2,26779,48329,ok
00:00:25,66.5,96.6,26574,48689,ok
00:00:26,68.1,97.7,26642,48223,ok
00:00:27,66.8,97.3,26198,49432,ok
00:00:28,66.0,96.9,26399,48190,ok
00:00:29,65.4,96.9,26902,49272,ok
00:00:30,64.6,97.4,25336,49310,ok
00:00:31,61.7,97.2,25165,49379,ok
00:00:32,66.2,97.8,26283,48267,ok
00:00:33,63.0,96.8,25201,48217,ok
00:00:34,66.7,97.5,26867,48619,ok
00:00:35,64.9,95.8,26607,48496,ok
00:00:36,63.7,96.5,26927,49957,ok
00:00:37,62.3,96.7,26074,48796,ok
00:00:38,67.1,96.2,26129,48304,ok
00:00:39,68.7,97.3,25554,49666,ok
00:00:40,65.3,97.1,26700,49977,ok
00:00:41,65.7,96.8,25181,48139,ok
00:00:42,61.1,97.5,26804,49031,ok
00:00:43,64.4,96.6,26134,49054,ok
00:00:44,61.9,97.1,25271,49680,ok
00:00:45,65.3,97.3,26373,49205,ok
00:00:46,62.8,97.5,25773,49965,ok
00:00:47,67.0,95.9,25990,49357,ok
00:00:48,65.3,97.3,26937,49361,ok
00:00:49,66.6,96.3,25193,49024,ok
00:00:50,62.8,96.8,26874,48791,ok
00:00:51,66.6,96.9,26126,49439,ok
00:00:52,64.6,97.2,26938,48259,ok
00:00:53,64.9,96.6,26271,48356,ok
00:00:54,64.2,96.6,26592,49536,ok
00:00:55,63.2,97.7,26246,48494,ok
00:00:56,66.7,96.2,26535,48806,ok
00:00:57,67.1,97.9,26808,49187,ok
00:00:58,66.0,96.5,25202,48215,ok
00:00:59,64.5,96.5,25654,48799,ok
00:01:00,63.1,96.6,25693,48003,ok
00:01:01,62.3,96.9,26394,48847,ok
00:01:02,63.8,97.2,25984,49099,ok
00:01:03,64.4,98.1,26376,48301,ok
00:01:04,63.1,97.1,26927,48818,ok
00:01:05,64.3,97.5,26163,48267,ok
00:01:06,64.3,97.0,26982,48355,ok
00:01:07,68.6,97.4,26695,48186,ok
00:01:08,66.6,97.6,25313,49965,ok
00:01:09,66.6,95.9,26404,49874,ok
00:01:10,67.2,97.1,26814,48003,ok
00:01:11,62.6,97.1,25738,49834,ok
00:01:12,62.0,97.1,25052,48950,ok
00:01:13,65.0,98.1,25474,48127,ok
00:01:14,67.6,97.5,25489,49889,ok
00:01:15,63.0,96.0,25914,48749,ok
00:01:16,65.3,96.7,25912,49544,ok
00:01:17,65.3,97.3,26888,49183,ok
00:01:18,65.2,96.9,25583,48767,ok
00:01:19,66.2,97.7,26069,48243,ok
00:01:20,65.8,97.0,25230,48245,ok
00:01:21,68.2,96.5,26691,49404,ok
00:01:22,65.8,97.1,26945,49746,ok
00:01:23,64.0,96.4,25765,49701,ok
00:01:24,62.1,97.8,25005,48508,ok
00:01:25,65.7,96.5,25596,49702,ok
00:01:26,65.5,97.2,26213,49202,ok
00:01:27,67.5,96.8,25672,48263,ok
00:01:28,65.7,96.5,26844,48728,ok
00:01:29,67.3,97.2,25414,48973,ok
00:01:30,65.5,96.5,25512,49007,ok
00:01:31,66.3,96.7,26647,48937,ok
00:01:32,64.1,96.7,26489,48239,ok
00:01:33,65.9,97.1,26206,48115,ok
00:01:34,63.3,97.0,26104,49249,ok
00:01:35,64.9,97.4,25327,48203,ok
00:01:36,67.7,96.8,25785,49562,ok
00:01:37,65.9,96.9,25957,49014,ok
00:01:38,65.1,96.4,26918,48541,ok
00:01:39,68.4,97.0,26456,48846,ok
00:01:40,63.0,97.1,26283,48486,ok
00:01:41,66.9,95.8,26278,49055,ok
00:01:42,65.2,97.1,25359,49079,ok
00:01:43,64.5,96.3,25875,49965,ok
00:01:44,64.6,96.2,25193,49239,ok
00:01:45,61.9,97.8,26904,48076,ok
00:01:46,63.4,96.0,26522,48808,ok
00:01:47,61.9,97.2,25913,48618,ok
00:01:48,63.5,97.2,25483,48615,ok
00:01:49,63.2,96.4,26288,49956,ok
00:01:50,68.7,96.2,26412,49604,ok
00:01:51,64.2,96.7,25772,48114,ok
00:01:52,69.4,97.8,26316,48067,ok
00:01:53,64.6,96.5,26345,49109,ok
00:01:54,62.0,97.1,25625,49115,ok
00:01:55,64.1,97.1,26137,48667,ok
00:01:56,67.2,96.4,26421,48797,ok
00:01:57,65.5,97.9,26003,48486,ok
00:01:58,64.3,96.6,25578,48189,ok
00:01:59,64.6,97.5,25989,49491,ok
00:02:00,66.0,96.4,26992,48976,ok
00:02:01,66.3,97.6,26349,48328,ok
00:02:02,67.0,96.8,26489,48763,ok
00:02:03,65.5,96.6,26316,49173,ok
00:02:04,63.5,96.2,26833,49629,ok
00:02:05,61.1,97.1,26866,48322,ok
00:02:06,63.9,97.3,25768,48094,ok
00:02:07,63.4,96.2,25415,48769,ok
00:02:08,66.4,96.6,25317,49993,ok
00:02:09,65.9,97.1,26097,48465,ok
00:02:10,66.2,96.8,25437,48633,ok
00:02:11,61.9,97.4,25693,49286,ok
00:02:12,62.1,97.2,26721,48986,ok
00:02:13,63.3,97.6,25010,49577,ok
00:02:14,64.5,97.4,26031,49162,ok
00:02:15,63.4,96.3,25747,48783,ok
00:02:16,63.0,97.2,25874,49616,ok
00:02:17,66.9,96.9,25946,49375,ok
00:02:18,66.1,96.5,26643,49878,ok
00:02:19,63.7,96.1,25611,48029,ok
00:02:20,64.6,97.8,25904,49649,ok
00:02:21,65.6,96.7,25025,49823,ok
00:02:22,65.8,96.5,26426,48140,ok
00:02:23,65.5,97.0,26821,49246,ok
00:02:24,61.6,97.7,26383,48843,ok
00:02:25,65.3,96.3,26134,49563,ok
00:02:26,65.1,97.7,25072,49947,ok
00:02:27,65.6,97.3,26221,48241,ok
00:02:28,67.4,97.4,26056,49928,ok
00:02:29,65.2,97.0,26743,49556,ok
00:02:30,63.5,97.9,25370,49192,ok
00:02:31,67.5,97.7,26203,48962,ok
00:02:32,64.6,96.7,26061,49829,ok
00:02:33,66.3,96.9,26532,49022,ok
00:02:34,65.7,97.3,25291,49269,ok
00:02:35,65.0,97.6,26512,48667,ok
00:02:36,60.1,97.5,26361,48785,ok
00:02:37,63.1,97.0,26971,49890,ok
00:02:38,66.6,97.0,25286,48281,ok
00:02:39,65.0,97.8,26266,49590,ok
00:02:40,65.5,96.8,25911,48219,ok
00:02:41,68.3,96.4,25421,49662,ok
00:02:42,67.6,97.0,26722,48025,ok
00:02:43,63.6,97.0,25550,48208,ok
00:02:44,68.3,97.3,26896,49853,ok
00:02:45,65.9,97.0,26086,49331,ok
00:02:46,68.9,97.0,26471,49590,ok
00:02:47,64.5,98.5,26259,48545,ok
00:02:48,61.8,97.1,25138,48113,ok
00:02:49,65.2,97.0,25875,49244,ok
00:02:50,65.6,97.2,25944,49491,ok
00:02:51,64.1,96.9,26254,49281,ok
00:02:52,65.2,97.6,25883,49804,ok
00:02:53,67.8,96.9,25672,48513,ok
00:02:54,63.2,96.6,25046,48366,ok
00:02:55,68.0,97.8,26527,48523,ok
00:02:56,63.2,96.7,26371,48149,ok
00:02:57,63.5,97.1,25748,48124,ok
00:02:58,65.8,96.9,26871,48035,ok
00:02:59,65.1,97.0,26109,49099,ok
00:03:00,64.5,97.0,26186,49767,ok
00:03:01,63.2,97.1,26329,49450,ok
00:03:02,63.6,97.2,25427,49876,ok
00:03:03,68.7,97.8,26197,48366,ok
00:03:04,67.7,97.1,25437,49458,ok
00:03:05,67.3,96.2,25416,48518,ok
00:03:06,62.8,97.0,26693,49647,ok
00:03:07,68.2,96.5,25336,48051,ok
00:03:08,66.4,97.1,26727,49506,ok
00:03:09,65.0,96.2,25149,48099,ok
00:03:10,66.3,96.1,26416,49456,ok
00:03:11,64.7,97.5,25966,48176,ok
00:03:12,63.6,97.3,25112,48148,ok
00:03:13,65.5,96.4,25882,48420,ok
00:03:14,65.2,97.6,25386,48857,ok
00:03:15,61.9,97.8,26597,49158,ok
00:03:16,67.6,96.8,26616,48811,ok
00:03:17,65.9,97.0,25764,49020,ok
00:03:18,68.0,97.2,26489,49805,ok
00:03:19,60.5,96.4,26437,48979,ok
00:03:20,64.2,96.9,26195,48569,ok
00:03:21,64.0,97.1,26038,49727,ok
00:03:22,66.2,96.4,25095,48658,ok
00:03:23,61.3,96.6,25512,49742,ok
00:03:24,63.4,97.3,26148,48434,ok
00:03:25,64.2,96.7,26098,48285,ok
00:03:26,64.4,96.9,26860,48769,ok
00:03:27,64.3,97.1,25971,49464,ok
00:03:28,68.1,97.6,26737,49948,ok
00:03:29,64.6,96.3,26369,49949,ok
00:03:30,62.2,97.5,26639,49859,ok
00:03:31,66.1,97.5,26296,49803,ok
00:03:32,65.8,97.8,25111,48809,ok
00:03:33,70.3,97.6,26097,49715,ok
00:03:34,66.1,97.1,26705,48297,ok
00:03:35,64.2,96.3,26934,49443,ok
00:03:36,64.6,96.8,26326,49169,ok
00:03:37,68.3,96.5,26738,48399,ok
00:03:38,63.7,96.3,26909,49105,ok
00:03:39,66.1,96.8,26164,49800,ok
00:03:40,66.1,96.5,25895,48818,ok
00:03:41,63.2,96.6,25355,49079,ok
00:03:42,63.9,97.2,25839,48612,ok
00:03:43,64.9,96.8,26624,48888,ok
00:03:44,64.7,96.8,25398,49125,ok
00:03:45,63.5,97.9,26327,49905,ok
00:03:46,66.6,96.9,26874,48268,ok
00:03:47,65.4,97.5,26485,48190,ok
00:03:48,63.2,97.3,25331,49173,ok
00:03:49,70.7,97.3,25585,48255,ok
00:03:50,62.5,96.6,25484,49147,ok
00:03:51,66.0,96.6,25422,48209,ok
00:03:52,69.0,97.0,25434,48242,ok
00:03:53,65.0,97.1,25260,48758,ok
00:03:54,65.0,96.7,26518,49574,ok
00:03:55,64.4,96.8,26321,49246,ok
00:03:56,68.7,98.5,25772,49273,ok
00:03:57,64.9,97.0,26306,49244,ok
00:03:58,67.3,97.4,25592,49278,ok
00:03:59,63.9,96.6,26046,49343,ok
00:04:00,61.9,96.9,25205,48383,ok
00:04:01,65.7,97.7,25535,49594,ok
00:04:02,67.8,97.3,25457,49502,ok
00:04:03,66.7,97.1,26480,49100,ok
00:04:04,63.1,97.3,26176,49644,ok
00:04:05,63.6,97.0,26408,49443,ok
00:04:06,67.5,97.2,25463,48687,ok
00:04:07,64.3,97.1,25161,49168,ok
00:04:08,70.9,97.3,26174,49195,ok
00:04:09,62.1,95.8,26104,48101,ok
00:04:10,66.7,96.9,26996,48321,ok
00:04:11,64.0,97.3,26284,48506,ok
00:04:12,64.1,97.1,25649,48059,ok
00:04:13,65.7,96.0,25050,48681,ok
00:04:14,64.7,97.2,26831,48664,ok
00:04:15,65.7,97.1,25040,49024,ok
00:04:16,66.1,96.3,25193,49128,ok
00:04:17,65.9,97.3,26354,49748,ok
00:04:18,67.6,96.4,25241,48352,ok
00:04:19,63.5,97.2,25763,48539,ok
00:04:20,63.3,98.0,25213,48081,ok
00:04:21,62.6,96.8,26429,48007,ok
00:04:22,64.7,96.5,26213,49490,ok
00:04:23,64.5,96.2,25294,49797,ok
00:04:24,65.8,96.7,26373,49981,ok
00:04:25,62.7,96.9,25667,48577,ok
00:04:26,66.5,96.7,25721,49035,ok
00:04:27,67.3,96.0,26017,48869,ok
00:04:28,65.8,96.8,26142,49011,ok
00:04:29,66.3,96.3,25983,48738,ok
00:04:30,64.1,97.1,25223,49653,ok
00:04:31,65.2,96.4,26669,48850,ok
00:04:32,64.2,97.1,26669,48957,ok
00:04:33,64.9,96.9,26052,48940,ok
00:04:34,62.9,96.0,25711,48981,ok
00:04:35,65.3,97.8,26988,48975,ok
00:04:36,66.7,97.1,26234,48534,ok
00:04:37,62.1,96.1,25505,48740,ok
00:04:38,63.6,97.2,25814,49057,ok
00:04:39,68.2,97.0,25084,49553,ok
00:04:40,63.9,97.4,26407,49129,ok
00:04:41,61.8,96.4,26292,49575,ok
00:04:42,62.4,96.7,25915,48802,ok
00:04:43,69.3,96.6,25938,48011,ok
00:04:44,64.0,97.3,26464,49090,ok
00:04:45,69.3,96.7,25403,49074,ok
00:04:46,60.1,97.6,25435,48393,ok
00:04:47,66.8,96.8,26635,49237,ok
00:04:48,67.3,97.5,26431,49286,ok
00:04:49,67.4,96.6,25898,49937,ok
00:04:50,66.5,97.7,25724,48143,ok
00:04:51,67.7,95.7,26527,48205,ok
00:04:52,65.9,97.3,25471,48866,ok
00:04:53,65.2,96.9,25074,48827,ok
00:04:54,63.7,97.6,26188,49230,ok
00:04:55,65.7,97.1,26764,49342,ok
00:04:56,66.8,97.7,26651,49187,ok
00:04:57,64.5,97.2,26692,49523,ok
00:04:58,62.3,96.8,26667,49255,ok
00:04:59,63.2,97.1,26638,49564,ok
00:05:00,65.6,97.2,26168,49349,ok
00:05:01,64.0,97.9,25321,49982,ok
00:05:02,63.6,97.0,25020,49046,ok
00:05:03,66.4,96.6,26837,49010,ok
00:05:04,65.9,97.3,26417,48254,ok
00:05:05,63.7,97.0,26256,48079,ok
00:05:06,66.1,97.7,25299,49566,ok
00:05:07,66.8,97.2,25909,49105,ok
00:05:08,66.0,97.1,25732,48034,ok
00:05:09,63.8,96.8,25049,48212,ok
00:05:10,63.0,96.3,26986,49988,ok
00:05:11,64.3,96.4,26728,48061,ok
00:05:12,63.8,96.9,26504,48930,ok
00:05:13,67.4,96.9,26039,49017,ok
00:05:14,63.2,97.2,25511,49681,ok
00:05:15,64.7,96.2,26332,48514,ok
00:05:16,62.3,97.4,25559,49746,ok
00:05:17,68.6,97.2,26086,49278,ok
00:05:18,65.9,96.1,25029,48871,ok
00:05:19,64.9,97.4,26380,49205,ok
00:05:20,62.4,97.5,26078,48534,ok
00:05:21,64.7,97.1,26054,48365,ok
00:05:22,64.3,96.4,25458,49338,ok
00:05:23,67.7,96.5,25742,48976,ok
00:05:24,67.7,96.8,26328,48748,ok
00:05:25,62.9,97.7,26245,48289,ok
00:05:26,65.8,96.8,26663,49394,ok
00:05:27,63.3,96.9,26230,48745,ok
00:05:28,62.7,96.7,26226,49515,ok
00:05:29,62.6,97.2,25139,49199,ok
00:05:30,65.8,97.7,25347,48247,ok
00:05:31,69.6,96.5,26727,49406,ok
00:05:32,66.1,97.2,26451,48302,ok
00:05:33,66.5,97.1,25780,49489,ok
00:05:34,66.4,97.2,26394,49699,ok
00:05:35,69.3,97.0,26400,49436,ok
00:05:36,65.3,96.1,25018,48739,ok
00:05:37,63.8,98.1,25038,48374,ok
00:05:38,67.3,97.9,25184,49165,ok
00:05:39,66.7,97.9,25872,48982,ok
00:05:40,65.4,97.2,25902,49493,ok
00:05:41,63.2,96.0,26828,48264,ok
00:05:42,66.1,97.4,26489,48917,ok
00:05:43,65.0,97.0,25787,48720,ok
00:05:44,64.5,97.7,26145,48799,ok
00:05:45,61.3,96.9,26922,48930,ok
00:05:46,67.8,97.0,26659,48465,ok
00:05:47,66.8,97.1,26863,49651,ok
00:05:48,64.9,96.9,26291,49080,ok
00:05:49,66.8,97.0,25598,48896,ok
00:05:50,67.7,96.3,25948,48000,ok
00:05:51,67.6,97.4,26048,48582,ok
00:05:52,61.9,96.8,26308,48548,ok
00:05:53,67.1,97.7,26671,49125,ok
00:05:54,66.4,96.6,26242,49113,ok
00:05:55,65.8,97.0,26861,48952,ok
00:05:56,67.9,96.0,26666,48938,ok
00:05:57,66.2,96.5,26711,48208,ok
00:05:58,62.7,97.3,25762,49117,ok
00:05:59,68.7,97.0,25982,49169,ok
00:06:00,65.4,96.9,26605,49537,ok
00:06:01,67.0,96.7,26056,48634,ok
00:06:02,64.5,97.5,26847,49138,ok
00:06:03,65.8,97.4,25798,49112,ok
00:06:04,66.9,96.8,26186,48761,ok
00:06:05,60.1,97.4,25761,48111,ok
00:06:06,64.0,96.8,26217,49124,ok
00:06:07,65.6,96.5,26696,49698,ok
00:06:08,62.8,97.3,26703,48756,ok
00:06:09,64.7,97.8,25774,49751,ok
00:06:10,68.9,96.0,26337,48246,ok
00:06:11,62.1,97.1,26691,49760,ok
00:06:12,65.7,98.0,26279,48357,ok
00:06:13,64.9,96.4,26211,49131,ok
00:06:14,65.5,97.9,25566,49916,ok
00:06:15,66.7,96.5,26208,49071,ok
00:06:16,68.2,96.9,25905,49138,ok
00:06:17,63.5,97.2,25044,48918,ok
00:06:18,66.7,97.4,26739,48360,ok
00:06:19,62.6,96.8,25315,48537,ok
00:06:20,63.0,98.1,26615,49225,ok
00:06:21,64.8,96.9,25296,49335,ok
00:06:22,62.3,97.3,26362,49026,ok
00:06:23,63.6,96.1,26832,48604,ok
00:06:24,64.4,96.9,26402,49333,ok
00:06:25,63.3,97.6,26174,49630,ok
00:06:26,64.0,97.3,25951,49673,ok
00:06:27,66.7,97.4,25426,49223,ok
00:06:28,66.3,97.2,25578,48086,ok
00:06:29,63.2,97.6,26887,48880,ok
00:06:30,66.8,97.5,26890,49802,ok
00:06:31,66.1,96.8,26504,49847,ok
00:06:32,68.0,96.1,25783,48424,ok
00:06:33,64.4,96.0,26255,49238,ok
00:06:34,62.3,96.6,26154,49193,ok
00:06:35,62.2,96.7,25555,49840,ok
00:06:36,63.8,97.7,25293,49416,ok
00:06:37,64.4,97.2,26742,49495,ok
00:06:38,63.5,96.7,25774,48035,ok
00:06:39,62.5,97.0,25379,48505,ok
00:06:40,65.1,97.6,26904,49368,ok
00:06:41,67.0,97.1,25201,49967,ok
00:06:42,62.2,96.9,25697,48157,ok
00:06:43,64.7,97.4,25984,48446,ok
00:06:44,68.1,96.1,25866,49502,ok
00:06:45,62.3,96.3,25881,49188,ok
00:06:46,63.8,97.8,25607,48187,ok
00:06:47,63.0,96.4,26261,48966,ok
00:06:48,63.0,96.7,26126,48100,ok
00:06:49,62.5,96.8,25615,48460,ok
00:06:50,65.0,96.3,25331,49805,ok
00:06:51,65.5,96.5,26310,48054,ok
00:06:52,65.5,96.5,25391,48945,ok
00:06:53,67.1,97.1,26874,49550,ok
00:06:54,66.3,97.4,26878,48119,ok
00:06:55,67.9,98.3,26167,49693,ok
00:06:56,66.5,97.4,26791,48446,ok
00:06:57,64.1,96.6,26862,49389,ok
00:06:58,64.8,96.7,25595,48388,ok
00:06:59,66.5,96.0,25409,48950,ok
00:07:00,62.8,97.7,25172,48172,ok
00:07:01,68.1,97.1,26808,49662,ok
00:07:02,66.7,95.9,25442,49285,ok
00:07:03,66.9,97.7,25252,48658,ok
00:07:04,64.3,96.6,25048,48577,ok
00:07:05,64.8,97.3,25668,49079,ok
00:07:06,62.8,96.8,25229,49962,ok
00:07:07,63.4,97.0,26409,49215,ok
00:07:08,67.0,97.4,25638,49365,ok
00:07:09,61.7,97.0,26221,48325,ok
00:07:10,64.6,97.2,26167,48142,ok
00:07:11,61.9,96.9,26543,49178,ok
00:07:12,65.0,97.6,26298,49859,ok
00:07:13,62.5,97.5,25568,49938,ok
00:07:14,69.4,96.9,25522,49898,ok
00:07:15,70.0,97.1,25293,48110,ok
00:07:16,62.2,97.1,26346,49062,ok
00:07:17,61.4,96.9,25100,49000,ok
00:07:18,62.6,97.6,25776,48660,ok
00:07:19,62.1,97.2,25492,48719,ok
00:07:20,63.0,96.8,25463,48682,ok
00:07:21,65.9,97.2,25359,48278,ok
00:07:22,66.3,97.5,25423,48242,ok
00:07:23,64.3,96.8,26811,49803,ok
00:07:24,68.3,97.0,25847,49391,ok
00:07:25,67.6,96.8,26378,48321,ok
00:07:26,62.7,96.9,25547,49281,ok
00:07:27,66.8,96.3,26738,48872,ok
00:07:28,64.9,97.2,26851,49774,ok
00:07:29,59.7,97.2,26895,49328,ok
00:07:30,64.1,96.7,26835,48769,ok
00:07:31,67.5,96.3,26688,49005,ok
00:07:32,63.2,97.5,25621,48446,ok
00:07:33,62.8,96.9,25202,48530,ok
00:07:34,64.9,96.7,25254,48851,ok
00:07:35,65.3,96.6,25098,49483,ok
00:07:36,63.8,97.3,25063,48783,ok
00:07:37,66.5,97.2,26465,48484,ok
00:07:38,65.2,96.8,25940,49134,ok
00:07:39,66.9,96.5,25836,49346,ok
00:07:40,64.0,96.2,25385,48043,ok
00:07:41,66.9,97.4,25999,49361,ok
00:07:42,65.0,96.9,26270,49180,ok
00:07:43,69.3,97.5,26864,48834,ok
00:07:44,65.6,97.0,25647,49743,ok
00:07:45,67.6,97.0,25109,48890,ok
00:07:46,64.7,97.8,25107,49504,ok
00:07:47,61.7,96.2,26433,48556,ok
00:07:48,68.2,97.9,25382,48450,ok
00:07:49,67.9,96.6,25751,48171,ok
00:07:50,62.2,97.5,25228,48522,ok
00:07:51,64.9,97.4,25302,48333,ok
00:07:52,64.6,96.3,25051,49904,ok
00:07:53,62.6,97.1,25987,49359,ok
00:07:54,64.4,96.8,25065,48580,ok
00:07:55,64.2,97.2,26000,48200,ok
00:07:56,62.3,97.2,26601,48170,ok
00:07:57,64.5,97.1,25097,49525,ok
00:07:58,61.8,96.3,25173,49218,ok
00:07:59,65.1,96.4,26317,49433,ok
00:08:00,68.1,97.2,26511,49087,ok
00:08:01,66.9,96.9,25248,49831,ok
00:08:02,64.6,96.8,26782,49108,ok
00:08:03,62.6,96.6,26219,49750,ok
00:08:04,64.2,96.9,26718,48057,ok
00:08:05,66.6,97.2,25307,49955,ok
00:08:06,64.6,96.4,26643,49310,ok
00:08:07,62.1,97.5,26502,49630,ok
00:08:08,63.3,97.3,25637,49925,ok
00:08:09,66.6,96.6,25053,48809,ok
00:08:10,64.6,96.9,26653,49940,ok
00:08:11,62.9,96.9,26819,49661,ok
00:08:12,65.4,97.0,26628,49084,ok
00:08:13,64.9,96.8,26340,49447,ok
00:08:14,64.0,95.8,25735,48484,ok
00:08:15,64.2,96.6,26946,48435,ok
00:08:16,66.2,97.2,26109,48847,ok
00:08:17,65.9,96.8,26132,48874,ok
00:08:18,64.8,96.9,26338,48499,ok
00:08:19,65.4,96.5,26618,49420,ok
00:08:20,63.3,97.6,26622,49095,ok
00:08:21,64.3,96.3,25078,49752,ok
00:08:22,64.0,97.9,25815,48547,ok
00:08:23,63.4,97.2,26100,48763,ok
00:08:24,62.9,96.3,26795,48729,ok
00:08:25,62.8,96.1,25444,48651,ok
00:08:26,67.0,97.6,26466,49855,ok
00:08:27,66.8,97.0,25931,48201,ok
00:08:28,63.3,98.2,25437,49866,ok
00:08:29,62.4,97.6,25851,49656,ok
00:08:30,64.4,97.6,26233,48751,ok
00:08:31,62.9,97.2,26695,48357,ok
00:08:32,65.2,97.1,25019,49218,ok
00:08:33,62.3,97.1,26758,49451,ok
00:08:34,60.0,98.0,25331,48577,ok
00:08:35,66.3,96.6,26501,48772,ok
00:08:36,65.0,96.7,26750,49846,ok
00:08:37,64.3,97.9,25639,49568,ok
00:08:38,65.1,97.5,25048,48510,ok
00:08:39,66.1,95.8,26704,48524,ok
00:08:40,64.5,96.3,25923,49591,ok
00:08:41,63.9,97.2,26741,48003,ok
00:08:42,62.8,96.6,26152,49066,ok
00:08:43,69.7,97.4,25962,49814,ok
00:08:44,64.5,96.9,25466,48493,ok
00:08:45,65.0,96.8,25256,49580,ok
00:08:46,61.6,97.5,26596,48554,ok
00:08:47,67.2,97.3,26201,48807,ok
00:08:48,62.4,97.5,25040,49675,ok
00:08:49,65.5,97.1,25741,49814,ok
00:08:50,63.5,97.1,26744,49687,ok
00:08:51,64.3,96.3,26307,49738,ok
00:08:52,63.5,97.1,26052,49984,ok
00:08:53,65.1,96.8,25726,49188,ok
00:08:54,70.3,96.8,25982,48881,ok
00:08:55,61.9,96.9,26884,48470,ok
00:08:56,66.0,96.6,25052,48172,ok
00:08:57,67.8,97.9,25886,49247,ok
00:08:58,64.5,96.9,25896,49827,ok
00:08:59,64.6,96.7,26769,48702,ok
00:09:00,64.6,97.5,26620,48743,ok
00:09:01,64.1,96.9,25130,49883,ok
00:09:02,63.7,97.7,26118,49305,ok
00:09:03,65.9,97.6,26962,48637,ok
00:09:04,62.9,97.4,25298,48904,ok
00:09:05,64.2,97.5,25919,48264,ok
00:09:06,65.6,96.6,25941,48758,ok
00:09:07,63.4,97.3,25529,49256,ok
00:09:08,63.5,96.5,26841,49449,ok
00:09:09,66.1,97.2,25051,49370,ok
00:09:10,62.4,96.5,25644,48993,ok
00:09:11,63.9,97.3,26497,48670,ok
00:09:12,63.1,96.8,26772,49224,ok
00:09:13,65.5,97.5,25044,49751,ok
00:09:14,60.0,97.3,25826,48739,ok
00:09:15,68.1,97.6,26405,49529,ok
00:09:16,66.7,97.0,26566,49485,ok
00:09:17,66.8,96.5,25799,49536,ok
00:09:18,67.7,96.7,26660,48669,ok
00:09:19,66.3,96.9,25287,48167,ok
00:09:20,67.6,96.8,25692,48133,ok
00:09:21,65.6,96.3,26004,49956,ok
00:09:22,67.9,97.4,26742,49232,ok
00:09:23,64.3,97.0,25466,48455,ok
00:09:24,65.7,95.9,25372,49690,ok
00:09:25,67.1,98.7,26180,48457,ok
00:09:26,66.1,97.6,26024,49904,ok
00:09:27,65.8,97.2,25466,49823,ok
00:09:28,66.5,96.7,25630,49246,ok
00:09:29,64.5,96.8,25972,49913,ok
00:09:30,65.1,97.3,25859,48935,ok
00:09:31,65.9,96.9,25805,49704,ok
00:09:32,66.2,95.9,26759,49570,ok
00:09:33,68.0,97.3,26507,48842,ok
00:09:34,67.5,97.3,26819,49127,ok
00:09:35,63.9,97.3,25908,49465,ok
00:09:36,63.5,97.2,26882,48206,ok
00:09:37,64.0,97.2,25549,49116,ok
00:09:38,66.0,97.4,26303,49518,ok
00:09:39,63.1,97.2,26347,49080,ok
00:09:40,67.2,96.9,25245,48784,ok
00:09:41,64.9,97.1,25609,49681,ok
00:09:42,65.0,96.8,26675,49952,ok
00:09:43,63.7,97.3,25933,49029,ok
00:09:44,62.0,98.0,26666,48081,ok
00:09:45,63.7,96.7,26315,49785,ok
00:09:46,64.7,97.1,26383,49256,ok
00:09:47,67.7,96.2,26920,49495,ok
00:09:48,65.8,96.7,25502,49134,ok
00:09:49,66.9,98.0,25682,49934,ok
00:09:50,69.1,96.6,26151,49471,ok
00:09:51,67.5,97.5,25191,48419,ok
00:09:52,64.4,97.0,26131,48388,ok
00:09:53,60.6,96.9,25431,48082,ok
00:09:54,67.5,96.3,25980,48963,ok
00:09:55,65.0,97.9,26984,48183,ok
00:09:56,61.5,95.8,26534,49915,ok
00:09:57,59.5,97.4,26178,48779,ok
00:09:58,64.9,97.1,26283,49861,ok
00:09:59,67.7,96.1,26666,48643,ok
00:10:00,64.5,97.0,25611,48559,ok
00:10:01,65.3,98.0,26817,49258,ok
00:10:02,62.9,97.1,25749,48718,ok
00:10:03,66.4,97.1,25896,48139,ok
00:10:04,64.9,97.8,26717,49219,ok
00:10:05,66.0,96.6,25183,49352,ok
00:10:06,64.9,96.9,25981,49214,ok
00:10:07,64.4,97.6,26958,48624,ok
00:10:08,66.6,96.2,26829,48304,ok
00:10:09,66.3,97.6,26829,48164,ok
00:10:10,66.4,96.8,26727,49239,ok
00:10:11,65.6,96.6,26412,49697,ok
00:10:12,65.7,96.7,25780,48400,ok
00:10:13,62.6,97.0,26138,49009,ok
00:10:14,63.9,96.8,25954,48876,ok
00:10:15,66.1,98.1,25747,49244,ok
00:10:16,68.4,97.7,26552,48766,ok
00:10:17,65.0,97.5,25690,49687,ok
00:10:18,65.2,96.6,25955,48096,ok
00:10:19,61.9,97.1,25512,48951,ok
00:10:20,67.5,97.6,25995,49161,ok
00:10:21,63.5,96.8,25198,49916,ok
00:10:22,64.4,97.0,25496,48645,ok
00:10:23,64.9,97.0,26895,49913,ok
00:10:24,66.9,97.2,25846,48606,ok
00:10:25,66.4,97.2,26389,48832,ok
00:10:26,67.3,97.1,25766,49663,ok
00:10:27,60.8,97.0,25866,48452,ok
00:10:28,65.9,97.3,26682,49785,ok
00:10:29,65.2,96.8,25393,48276,ok
00:10:30,65.9,96.7,26110,48516,ok
00:10:31,64.2,97.3,25912,48626,ok
00:10:32,64.5,97.1,25274,49415,ok
00:10:33,64.2,96.8,25413,48233,ok
00:10:34,64.3,97.4,26170,48430,ok
00:10:35,62.9,96.7,25819,48407,ok
00:10:36,65.8,97.4,26863,48927,ok
00:10:37,64.8,96.5,26391,48068,ok
00:10:38,67.5,95.9,25511,48693,ok
00:10:39,67.3,97.4,26053,49812,ok
00:10:40,66.3,96.7,25220,48461,ok
00:10:41,63.4,97.4,26851,49318,ok
00:10:42,63.5,96.7,25004,49313,ok
00:10:43,63.8,97.5,25317,48883,ok
00:10:44,63.1,97.3,25823,48695,ok
00:10:45,64.2,97.2,26090,49347,ok
00:10:46,64.2,97.6,26433,48546,ok
00:10:47,64.8,97.4,26583,49127,ok
00:10:48,65.7,97.1,26031,48869,ok
00:10:49,69.6,97.4,25011,49560,ok
00:10:50,65.0,98.1,26630,48359,ok
00:10:51,65.9,97.0,26198,48270,ok
00:10:52,66.5,97.3,25665,49501,ok
00:10:53,70.8,96.1,25521,48058,ok
00:10:54,66.0,97.2,26228,49979,ok
00:10:55,66.7,96.0,25767,48428,ok
00:10:56,65.4,96.3,25723,49157,ok
00:10:57,67.0,97.6,25688,49316,ok
00:10:58,66.2,96.9,25074,48274,ok
00:10:59,63.7,96.9,25858,48691,ok
00:11:00,67.1,97.5,25365,48945,ok
00:11:01,65.2,96.8,25845,49397,ok
00:11:02,61.4,97.3,25797,49404,ok
00:11:03,63.8,97.0,26768,48740,ok
00:11:04,65.1,96.7,26816,49875,ok
00:11:05,64.8,97.4,25684,48960,ok
00:11:06,63.5,98.0,26580,49052,ok
00:11:07,67.1,98.1,25849,48487,ok
00:11:08,64.3,95.4,25253,48261,ok
00:11:09,67.7,97.4,26066,49867,ok
00:11:10,69.0,97.2,26403,48648,ok
00:11:11,64.1,96.9,25758,48246,ok
00:11:12,68.1,97.3,25959,48863,ok
00:11:13,66.8,96.9,26053,48431,ok
00:11:14,62.5,96.6,26037,49326,ok
00:11:15,67.8,96.1,25323,49319,ok
00:11:16,63.1,97.0,26552,48435,ok
00:11:17,63.0,97.9,25352,48199,ok
00:11:18,66.2,97.7,25619,48706,ok
00:11:19,63.1,96.5,26513,49124,ok
00:11:20,65.1,97.2,25268,49879,ok
00:11:21,65.6,97.0,25095,48476,ok
00:11:22,67.0,96.7,25199,49809,ok
00:11:23,67.3,96.6,25087,48355,ok
00:11:24,64.5,98.0,26271,49623,ok
00:11:25,66.7,96.1,26758,49471,ok
00:11:26,64.2,96.8,26047,49896,ok
00:11:27,66.1,97.2,26312,49390,ok
00:11:28,68.4,96.8,25935,49254,ok
00:11:29,59.7,97.8,25076,49305,ok
00:11:30,65.2,97.0,25593,48932,ok
00:11:31,62.5,97.1,25069,49666,ok
00:11:32,65.8,97.2,26294,48339,ok
00:11:33,63.3,96.2,26090,48803,ok
00:11:34,66.0,97.5,25271,49925,ok
00:11:35,63.6,97.0,25558,48764,ok
00:11:36,61.8,97.4,26020,49164,ok
00:11:37,67.0,96.3,26324,49063,ok
00:11:38,63.6,97.8,25871,48726,ok
00:11:39,64.7,96.7,25491,49594,ok
00:11:40,65.6,96.8,25304,48186,ok
00:11:41,63.6,97.0,26605,48437,ok
00:11:42,62.4,97.4,26223,48432,ok
00:11:43,62.4,97.9,25663,48807,ok
00:11:44,65.5,97.0,25246,49946,ok
00:11:45,64.5,97.7,25540,48610,ok
00:11:46,66.1,95.8,26719,49902,ok
00:11:47,63.1,96.9,26966,49747,ok
00:11:48,65.2,97.1,25331,49409,ok
00:11:49,66.9,96.5,25866,49496,ok
00:11:50,66.2,97.4,25130,48752,ok
00:11:51,64.8,96.5,25451,48799,ok
00:11:52,66.1,96.9,25028,48692,ok
00:11:53,66.1,97.5,25735,48983,ok
00:11:54,65.5,98.0,26050,49449,ok
00:11:55,65.6,97.2,26903,49550,ok
00:11:56,63.7,97.3,25773,49627,ok
00:11:57,62.7,96.4,26270,49624,ok
00:11:58,69.6,97.3,26168,48314,ok
00:11:59,66.9,97.4,25083,49633,ok
00:12:00,59.1,96.6,26478,49142,ok
00:12:01,68.4,96.7,25759,48854,ok
00:12:02,63.4,97.4,25790,49171,ok
00:12:03,64.0,97.8,26167,49477,ok
00:12:04,63.7,95.5,25782,48286,ok
00:12:05,65.5,97.9,25596,49898,ok
00:12:06,66.4,97.0,25073,48831,ok
00:12:07,63.2,97.8,25495,49057,ok
00:12:08,61.4,96.7,26411,49352,ok
00:12:09,64.8,96.7,25541,49462,ok
00:12:10,64.7,97.9,26349,48352,ok
00:12:11,64.2,96.4,25725,49875,ok
00:12:12,63.4,97.6,26432,49280,ok
00:12:13,63.6,97.7,25747,49414,ok
00:12:14,65.3,97.8,25424,49798,ok
00:12:15,65.9,96.6,25623,48695,ok
00:12:16,63.1,96.4,25666,48504,ok
00:12:17,64.3,96.8,26323,49042,ok
00:12:18,64.8,95.3,25220,48314,ok
00:12:19,69.0,97.1,26123,48277,ok
00:12:20,67.8,96.4,25410,48920,ok
00:12:21,65.6,96.6,25240,49306,ok
00:12:22,67.9,97.1,26936,49224,ok
00:12:23,63.2,98.1,26905,49897,ok
00:12:24,64.2,97.1,25643,48910,ok
00:12:25,67.4,96.6,26876,49063,ok
00:12:26,67.0,96.6,26005,49401,ok
00:12:27,65.4,96.9,25542,48297,ok
00:12:28,64.8,96.7,25885,49620,ok
00:12:29,64.5,96.8,26714,48155,ok
00:12:30,66.7,97.0,26453,49340,ok
00:12:31,63.2,97.1,25268,49390,ok
00:12:32,71.1,96.9,26113,49413,ok
00:12:33,65.1,96.6,26111,49451,ok
00:12:34,64.6,97.3,26130,48507,ok
00:12:35,65.7,97.1,26476,49131,ok
00:12:36,63.2,96.9,25724,48539,ok
00:12:37,62.9,97.6,25836,48840,ok
00:12:38,64.0,97.1,25903,48502,ok
00:12:39,63.7,97.4,25208,49007,ok
00:12:40,66.5,97.8,26794,49222,ok
00:12:41,64.7,97.6,26474,49133,ok
00:12:42,65.8,96.8,26839,48264,ok
00:12:43,66.0,97.4,25455,48212,ok
00:12:44,65.8,97.9,25288,48997,ok
00:12:45,67.0,96.8,25115,48829,ok
00:12:46,63.3,97.4,25817,49885,ok
00:12:47,65.7,98.1,26991,48307,ok
00:12:48,63.3,97.3,25692,49766,ok
00:12:49,67.9,96.9,25288,49119,ok
00:12:50,65.5,96.8,26273,48114,ok
00:12:51,66.3,96.7,25208,49867,ok
00:12:52,67.9,96.9,25985,48464,ok
00:12:53,66.7,96.8,26769,49363,ok
00:12:54,67.9,95.8,25159,48445,ok
00:12:55,60.2,96.4,26473,48710,ok
00:12:56,66.0,97.8,25850,49302,ok
00:12:57,64.5,97.6,25849,49216,ok
00:12:58,65.2,96.8,26876,48956,ok
00:12:59,66.3,96.8,26711,48605,ok
00:13:00,65.5,97.1,25391,48663,ok
00:13:01,64.1,96.4,26277,48667,ok
00:13:02,63.9,96.6,26092,48489,ok
00:13:03,63.1,97.2,25832,48078,ok
00:13:04,69.4,96.5,25983,48792,ok
00:13:05,66.6,97.7,26143,49774,ok
00:13:06,60.6,96.8,26874,49009,ok
00:13:07,62.1,97.5,25957,48949,ok
00:13:08,70.6,97.2,26650,49737,ok
00:13:09,69.7,97.9,25983,49195,ok
00:13:10,64.8,96.5,25639,49115,ok
00:13:11,66.0,97.0,26030,49520,ok
00:13:12,66.7,97.6,26855,49739,ok
00:13:13,67.9,97.0,26409,48980,ok
00:13:14,62.8,97.5,25051,48191,ok
00:13:15,66.6,98.3,25563,48151,ok
00:13:16,66.5,96.6,25625,49075,ok
00:13:17,66.6,98.5,26097,49281,ok
00:13:18,65.0,96.2,25511,48270,ok
00:13:19,64.4,97.2,26278,48198,ok
00:13:20,69.1,96.2,25579,48188,ok
00:13:21,64.5,97.0,25034,48431,ok
00:13:22,67.0,97.1,26515,49597,ok
00:13:23,62.7,96.7,26028,48608,ok
00:13:24,65.1,96.4,26277,49063,ok
00:13:25,65.9,97.8,26771,49074,ok
00:13:26,67.4,97.1,26807,49440,ok
00:13:27,64.5,97.2,25340,49313,ok
00:13:28,63.3,97.0,26312,48218,ok
00:13:29,68.2,96.5,25900,48486,ok
00:13:30,65.2,96.9,25188,48242,ok
00:13:31,63.5,96.9,25290,49328,ok
00:13:32,65.5,97.2,26591,48127,ok
00:13:33,66.7,97.5,25577,49327,ok
00:13:34,65.3,97.3,25944,48055,ok
00:13:35,60.6,97.1,25385,49432,ok
00:13:36,66.9,96.7,25904,48762,ok
00:13:37,65.1,96.7,25456,49847,ok
00:13:38,61.3,97.1,26606,48549,ok
00:13:39,64.4,97.1,26197,49637,ok
00:13:40,63.8,97.4,25213,49899,ok
00:13:41,65.3,96.8,25499,49279,ok
00:13:42,63.1,97.0,25194,48843,ok
00:13:43,65.8,97.4,25076,48773,ok
00:13:44,66.9,97.2,26535,49931,ok
00:13:45,67.8,96.6,26674,49696,ok
00:13:46,66.6,97.1,25649,48972,ok
00:13:47,66.7,96.1,26503,49332,ok
00:13:48,69.0,96.7,26803,49467,ok
00:13:49,65.1,96.8,25501,49313,ok
00:13:50,65.7,96.9,25088,49691,ok
00:13:51,70.7,96.7,25279,49273,ok
00:13:52,62.0,97.0,25560,49096,ok
00:13:53,65.3,97.7,26597,48553,ok
00:13:54,63.2,97.0,25901,49690,ok
00:13:55,63.7,97.0,26445,48005,ok
00:13:56,62.2,96.3,25258,48616,ok
00:13:57,67.5,97.4,25716,49738,ok
00:13:58,64.6,96.6,25540,48014,ok
00:13:59,62.9,97.1,25175,48282,ok
00:14:00,66.5,97.9,26743,49668,ok
00:14:01,65.0,96.8,26831,48029,ok
00:14:02,66.0,95.4,26662,48909,ok
00:14:03,64.9,96.7,26335,49616,ok
00:14:04,67.6,97.0,25693,48180,ok
00:14:05,63.8,96.2,25846,49343,ok
00:14:06,67.1,96.9,26064,49971,ok
00:14:07,65.9,97.6,25473,49545,ok
00:14:08,63.7,96.6,26158,49808,ok
00:14:09,66.3,97.6,26909,49436,ok
00:14:10,65.4,97.0,26525,48927,ok
00:14:11,67.8,95.7,26997,48887,ok
00:14:12,63.7,97.1,25546,49287,ok
00:14:13,67.5,96.8,25587,48682,ok
00:14:14,68.9,97.5,25255,49606,ok
00:14:15,66.5,96.0,26536,49005,ok
00:14:16,62.9,97.1,26748,49771,ok
00:14:17,66.7,96.8,25963,49262,ok
00:14:18,66.5,96.9,25445,48702,ok
00:14:19,68.8,97.0,25622,49291,ok
00:14:20,66.2,97.5,26187,49055,ok
00:14:21,65.5,97.0,25122,49568,ok
00:14:22,67.7,97.8,26183,48945,ok
00:14:23,66.7,96.8,26670,49063,ok
00:14:24,65.7,96.7,25024,49286,ok
00:14:25,63.6,96.2,26467,48598,ok
00:14:26,64.8,97.1,25790,48898,ok
00:14:27,66.4,96.1,25144,48990,ok
00:14:28,65.8,97.1,26967,48149,ok
00:14:29,63.5,97.0,25900,49853,ok
00:14:30,65.1,97.2,25987,49044,ok
00:14:31,65.4,95.8,25210,48965,ok
00:14:32,68.9,97.1,25121,49977,ok
00:14:33,64.4,97.6,26033,48876,ok
00:14:34,66.9,96.2,26168,49774,ok
00:14:35,66.6,97.2,26211,49822,ok
00:14:36,65.2,97.3,26946,48398,ok
00:14:37,64.6,97.1,26407,49978,ok
00:14:38,65.4,97.4,25840,48675,ok
00:14:39,65.0,97.1,26371,48122,ok
00:14:40,66.8,97.9,25761,49824,ok
00:14:41,66.1,97.3,26624,49647,ok
00:14:42,67.6,96.9,26753,48162,ok
00:14:43,66.6,96.2,26144,48520,ok
00:14:44,66.1,97.8,26150,49126,ok
00:14:45,68.7,97.4,25120,49308,ok
00:14:46,67.1,96.0,25981,48596,ok
00:14:47,64.4,97.4,26424,48095,ok
00:14:48,63.5,97.3,26956,49761,ok
00:14:49,61.0,97.3,26968,48816,ok
00:14:50,67.5,97.3,26802,49645,ok
00:14:51,66.9,97.1,26258,49688,ok
00:14:52,63.4,97.4,26434,49138,ok
00:14:53,66.3,97.2,25541,49831,ok
00:14:54,66.0,96.3,25657,49162,ok
00:14:55,59.6,97.5,26256,48393,ok
00:14:56,60.6,97.9,25328,48514,ok
00:14:57,63.0,96.8,25173,49297,ok
00:14:58,64.8,97.2,25406,48582,ok
00:14:59,67.9,97.1,25146,49692,ok
00:15:00,64.5,96.4,25926,48676,ok
00:15:01,61.0,97.3,26877,48854,ok
00:15:02,66.7,97.3,25882,49396,ok
00:15:03,65.3,96.7,26073,49898,ok
00:15:04,69.9,97.0,26589,49962,ok
00:15:05,63.1,97.0,25897,49837,ok
00:15:06,64.1,97.0,26920,48209,ok
00:15:07,63.7,96.5,26353,48647,ok
00:15:08,66.9,97.1,25420,49391,ok
00:15:09,64.5,97.4,26286,48807,ok
00:15:10,64.4,97.2,26839,49529,ok
00:15:11,68.4,97.7,26553,49354,ok
00:15:12,65.0,96.8,26649,48802,ok
00:15:13,64.5,96.5,25767,48968,ok
00:15:14,67.0,97.1,25403,49262,ok
00:15:15,65.6,97.3,26420,49705,ok
00:15:16,66.5,97.2,25950,49272,ok
00:15:17,62.9,97.3,26158,48028,ok
00:15:18,61.7,96.7,25354,49343,ok
00:15:19,65.5,96.7,25024,48915,ok
00:15:20,65.5,97.5,26922,48040,ok
00:15:21,66.3,97.0,25411,48786,ok
00:15:22,66.9,97.7,25886,49024,ok
00:15:23,68.8,97.0,25145,48971,ok
00:15:24,66.8,97.2,25914,48278,ok
00:15:25,65.9,96.9,26177,48701,ok
00:15:26,64.0,97.4,25693,49787,ok
00:15:27,62.2,97.3,25402,49446,ok
00:15:28,65.3,96.6,26829,49901,ok
00:15:29,67.9,97.5,26150,48037,ok
00:15:30,66.5,97.5,26153,49905,ok
00:15:31,63.8,97.2,25158,48134,ok
00:15:32,67.1,97.3,25185,48299,ok
00:15:33,64.1,96.6,26823,49582,ok
00:15:34,64.1,97.1,25150,49339,ok
00:15:35,62.3,97.1,26596,49728,ok
00:15:36,66.1,97.1,26867,48034,ok
00:15:37,69.5,97.2,26790,48822,ok
00:15:38,63.8,97.9,25454,48715,ok
00:15:39,64.9,97.2,26996,49377,ok
00:15:40,66.5,96.6,25804,49398,ok
00:15:41,63.2,96.4,25106,49119,ok
00:15:42,60.3,97.3,26908,49193,ok
00:15:43,63.2,97.5,26954,49226,ok
00:15:44,65.4,97.1,26217,49413,ok
00:15:45,62.0,97.1,25255,49767,ok
00:15:46,66.4,97.1,25945,49681,ok
00:15:47,64.2,96.2,26591,48264,ok
00:15:48,66.0,97.1,26305,49340,ok
00:15:49,64.4,97.1,26572,48787,ok
00:15:50,66.3,96.9,26342,48175,ok
00:15:51,63.4,98.2,25720,48402,ok
00:15:52,65.3,97.0,25885,49657,ok
00:15:53,66.0,97.3,25728,49455,ok
00:15:54,64.1,96.7,25890,49411,ok
00:15:55,61.8,95.9,26213,49091,ok
00:15:56,66.1,97.6,26471,49166,ok
00:15:57,64.9,97.5,26692,48817,ok
00:15:58,67.4,96.7,25327,48100,ok
00:15:59,65.8,96.6,25986,49063,ok
00:16:00,66.0,97.1,26490,48531,ok
00:16:01,67.5,97.2,26105,49648,ok
00:16:02,69.8,96.3,25957,49114,ok
00:16:03,65.4,97.3,26708,49067,ok
00:16:04,67.8,97.1,25183,49398,ok
00:16:05,63.7,96.0,26311,48047,ok
00:16:06,66.4,96.1,26570,49387,ok
00:16:07,62.4,96.7,25640,49921,ok
00:16:08,67.1,97.1,25484,49428,ok
00:16:09,62.6,96.3,25511,49835,ok
00:16:10,62.1,97.1,25440,48901,ok
00:16:11,66.2,97.5,26312,49375,ok
00:16:12,64.2,97.1,25457,49132,ok
00:16:13,63.5,97.6,26546,49902,ok
00:16:14,68.4,97.2,26825,48478,ok
00:16:15,65.6,97.8,26175,48911,ok
00:16:16,63.2,97.6,25500,49346,ok
00:16:17,62.6,96.8,26080,49956,ok
00:16:18,63.1,97.1,26322,49556,ok
00:16:19,64.6,97.3,25667,48528,ok
00:16:20,63.9,97.0,25742,49588,ok
00:16:21,65.2,96.7,26370,49059,ok
00:16:22,64.8,97.1,26297,48559,ok
00:16:23,65.0,96.8,25877,49277,ok
00:16:24,64.9,96.9,26135,49282,ok
00:16:25,66.0,98.0,26879,49395,ok
00:16:26,66.5,96.8,26927,48062,ok
00:16:27,65.2,97.4,25734,49292,ok
00:16:28,61.7,97.3,25111,49364,ok
00:16:29,65.3,97.0,25928,48949,ok
00:16:30,62.7,96.4,25744,48334,ok
00:16:31,63.9,96.4,26875,48286,ok
00:16:32,67.1,98.2,25837,49490,ok
00:16:33,67.1,97.4,26898,48777,ok
00:16:34,62.1,97.4,25780,48271,ok
00:16:35,67.4,97.9,26461,49362,ok
00:16:36,63.1,97.4,25293,48356,ok
00:16:37,65.7,97.1,25748,48776,ok
00:16:38,64.1,96.8,25810,49847,ok
00:16:39,66.8,97.4,25278,48227,ok
00:16:40,66.3,97.3,25978,49032,ok
00:16:41,61.8,97.1,26106,48604,ok
00:16:42,63.7,96.9,25804,49246,ok
00:16:43,63.9,97.2,25469,49626,ok
00:16:44,66.0,97.8,26639,49023,ok
00:16:45,65.4,96.9,26862,48410,ok
00:16:46,65.3,96.9,25941,49966,ok
00:16:47,69.2,97.0,25882,48079,ok
00:16:48,64.0,96.7,25497,48277,ok
00:16:49,65.5,96.9,26819,49703,ok
00:16:50,64.1,96.6,25243,49345,ok
00:16:51,67.3,96.7,25200,49774,ok
00:16:52,63.5,97.5,26726,49212,ok
00:16:53,61.6,96.6,25565,49836,ok
00:16:54,62.8,96.2,26009,49680,ok
00:16:55,64.2,96.9,26403,48980,ok
00:16:56,64.4,97.2,25171,48487,ok
00:16:57,65.7,97.3,25906,48288,ok
00:16:58,60.4,96.9,26489,49995,ok
00:16:59,63.6,97.5,26573,49506,ok
00:17:00,64.6,97.3,25895,49038,ok
00:17:01,65.8,96.7,25928,48113,ok
00:17:02,64.7,97.0,26229,48836,ok
00:17:03,60.8,97.5,26771,49358,ok
00:17:04,63.5,96.4,25298,48365,ok
00:17:05,61.2,97.1,26529,49838,ok
00:17:06,67.0,97.2,26988,49031,ok
00:17:07,64.1,96.3,26197,49912,ok
00:17:08,63.8,97.5,25595,48025,ok
00:17:09,63.1,96.5,25800,49326,ok
00:17:10,64.4,96.7,25957,48269,ok
00:17:11,62.0,97.0,25383,49226,ok
00:17:12,67.5,97.4,25661,49348,ok
00:17:13,61.5,96.5,26369,49083,ok
00:17:14,62.1,97.0,26728,48394,ok
00:17:15,65.5,96.2,25161,48510,ok
00:17:16,63.5,96.7,25450,49699,ok
00:17:17,65.0,96.2,26716,49446,ok
00:17:18,61.9,96.7,25503,48182,ok
00:17:19,66.9,97.3,26122,49563,ok
00:17:20,65.1,97.3,25219,49548,ok
00:17:21,66.5,96.7,26399,48474,ok
00:17:22,63.7,96.9,26225,48301,ok
00:17:23,65.5,96.4,26167,49904,ok
00:17:24,71.2,97.2,26506,48802,ok
00:17:25,65.0,96.7,26133,48385,ok
00:17:26,67.2,96.9,25310,48596,ok
00:17:27,69.0,97.7,26400,49446,ok
00:17:28,64.9,96.4,26427,49096,ok
00:17:29,63.5,97.3,26131,49932,ok
00:17:30,65.3,97.5,25421,49701,ok
00:17:31,66.7,97.2,25630,48275,ok
00:17:32,64.5,97.2,25941,49462,ok
00:17:33,63.6,96.7,26299,48443,ok
00:17:34,65.1,97.0,26720,48000,ok
00:17:35,64.3,96.8,25709,49011,ok
00:17:36,66.1,97.6,26439,49655,ok
00:17:37,68.9,97.6,25612,48141,ok
00:17:38,65.5,96.4,25092,48578,ok
00:17:39,66.7,96.8,25297,48106,ok
00:17:40,66.2,96.9,26810,48910,ok
00:17:41,65.4,97.1,25096,48646,ok
00:17:42,64.9,96.4,25325,49769,ok
00:17:43,62.9,97.3,26059,49976,ok
00:17:44,62.0,96.5,25005,48067,ok
00:17:45,65.8,97.0,25259,48412,ok
00:17:46,63.8,96.6,26168,49292,ok
00:17:47,66.1,97.2,26451,49570,ok
00:17:48,63.5,97.3,25783,49585,ok
00:17:49,66.1,96.7,26911,49576,ok
00:17:50,65.5,96.4,25020,48144,ok
00:17:51,65.9,96.6,26384,49643,ok
00:17:52,66.4,97.0,25862,48315,ok
00:17:53,66.0,96.9,25985,48973,ok
00:17:54,66.2,96.6,26735,48101,ok
00:17:55,64.3,97.4,25138,48564,ok
00:17:56,66.0,96.7,26016,49485,ok
00:17:57,64.7,97.3,25268,49887,ok
00:17:58,64.8,96.8,26746,49173,ok
00:17:59,64.8,97.4,26848,48523,ok
00:18:00,64.4,96.7,26504,48314,ok
00:18:01,69.1,96.8,26770,48427,ok
00:18:02,63.5,97.6,26139,49515,ok
00:18:03,66.1,96.1,26170,49950,ok
00:18:04,62.2,98.0,26166,48248,ok
00:18:05,64.8,97.2,26131,49727,ok
00:18:06,68.8,97.3,26324,49254,ok
00:18:07,65.3,97.3,25311,48061,ok
00:18:08,68.5,97.4,26674,49769,ok
00:18:09,65.6,96.5,26406,49393,ok
00:18:10,66.0,97.3,26336,48811,ok
00:18:11,65.2,98.1,26844,48675,ok
00:18:12,66.2,96.6,26760,48146,ok
00:18:13,65.2,96.5,26873,49131,ok
00:18:14,65.6,96.0,26220,48195,ok
00:18:15,65.7,97.4,25048,49510,ok
00:18:16,68.8,97.2,26800,48207,ok
00:18:17,64.8,97.1,25824,48742,ok
00:18:18,68.3,97.7,26146,49398,ok
00:18:19,63.8,96.4,26545,49042,ok
00:18:20,65.8,95.7,25121,49889,ok
00:18:21,64.4,96.7,26936,49358,ok
00:18:22,64.1,95.8,25219,49358,ok
00:18:23,66.1,97.5,25258,49661,ok
00:18:24,65.3,96.5,26560,49984,ok
00:18:25,67.4,97.5,25276,49697,ok
00:18:26,63.0,96.8,25597,49696,ok
00:18:27,67.0,96.7,26538,49841,ok
00:18:28,64.5,96.4,25509,48592,ok
00:18:29,62.7,96.7,26026,49261,ok
00:18:30,65.9,97.0,26112,48466,ok
00:18:31,58.7,97.6,25225,48421,ok
00:18:32,65.8,97.3,26666,49147,ok
00:18:33,68.2,97.2,26493,48209,ok
00:18:34,67.3,96.7,26028,48932,ok
00:18:35,64.6,97.0,26198,48114,ok
00:18:36,62.9,96.5,25293,48234,ok
00:18:37,67.3,96.7,25204,48678,ok
00:18:38,66.3,96.9,26914,48543,ok
00:18:39,64.8,96.8,26212,48749,ok
00:18:40,65.9,96.9,25004,48382,ok
00:18:41,62.3,97.0,26913,49287,ok
00:18:42,65.3,97.8,25530,48938,ok
00:18:43,68.3,96.5,26496,48729,ok
00:18:44,66.1,96.9,25536,48890,ok
00:18:45,64.1,97.9,26631,49319,ok
00:18:46,66.2,97.2,26838,49471,ok
00:18:47,62.4,96.6,25224,48603,ok
00:18:48,62.6,96.6,25613,49871,ok
00:18:49,67.2,96.8,26871,49257,ok
00:18:50,64.9,97.3,26533,49903,ok
00:18:51,67.1,97.3,25058,49722,ok
00:18:52,61.6,97.6,25812,48153,ok
00:18:53,66.1,96.8,25286,49461,ok
00:18:54,68.3,96.9,25963,48591,ok
00:18:55,67.4,97.0,26155,49485,ok
00:18:56,63.9,96.5,26404,48208,ok
00:18:57,65.3,96.2,26209,48700,ok
00:18:58,66.7,97.7,26033,48888,ok
00:18:59,62.5,96.2,26826,49616,ok
00:19:00,64.6,97.8,25279,48956,ok
00:19:01,63.4,96.7,25908,49506,ok
00:19:02,62.7,96.4,25138,49067,ok
00:19:03,66.4,96.2,25888,49697,ok
00:19:04,65.7,96.2,26185,48429,ok
00:19:05,63.6,96.9,25607,49558,ok
00:19:06,61.7,96.1,26333,48851,ok
00:19:07,63.2,96.1,25355,48009,ok
00:19:08,62.8,96.5,25034,48415,ok
00:19:09,64.5,97.2,26444,49226,ok
00:19:10,67.1,97.0,26563,49999,ok
00:19:11,64.0,97.2,25447,48817,ok
00:19:12,66.3,97.4,26496,49409,ok
00:19:13,68.7,96.9,25459,48275,ok
00:19:14,65.7,96.1,26868,48016,ok
00:19:15,62.2,96.5,26325,48914,ok
00:19:16,66.6,96.8,26338,48193,ok
00:19:17,67.2,96.2,25237,48475,ok
00:19:18,64.3,97.5,26502,49648,ok
00:19:19,64.9,97.2,25071,49745,ok
00:19:20,64.5,96.4,26065,48741,ok
00:19:21,65.1,96.8,25827,48473,ok
00:19:22,61.3,96.9,26072,48501,ok
00:19:23,64.2,97.2,26049,48889,ok
00:19:24,65.8,97.9,26306,48565,ok
00:19:25,67.8,97.2,26618,49945,ok
00:19:26,66.2,97.0,25091,48839,ok
00:19:27,65.3,97.4,26082,49373,ok
00:19:28,62.6,96.9,26645,49333,ok
00:19:29,64.4,96.4,25495,49737,ok
00:19:30,63.0,96.2,25621,48773,ok
00:19:31,65.4,96.7,26637,49836,ok
00:19:32,66.3,95.7,26947,48224,ok
00:19:33,66.0,97.0,26572,48279,ok
00:19:34,65.5,97.2,25411,48469,ok
00:19:35,67.9,96.8,26933,49595,ok
00:19:36,65.3,96.7,26060,48055,ok
00:19:37,66.1,97.3,25586,49679,ok
00:19:38,67.0,96.1,26830,48634,ok
00:19:39,68.4,97.2,25437,49077,ok
00:19:40,64.5,97.0,25602,48040,ok
00:19:41,64.2,96.6,25024,49679,ok
00:19:42,64.5,97.9,25599,49431,ok
00:19:43,64.1,96.7,26338,48065,ok
00:19:44,59.1,96.5,26502,48846,ok
00:19:45,63.6,96.1,25072,49205,ok
00:19:46,62.5,97.0,25346,49702,ok
00:19:47,63.0,96.1,25776,49681,ok
00:19:48,64.7,97.0,26068,48464,ok
00:19:49,67.3,97.3,25183,49735,ok
00:19:50,65.6,96.2,25438,48947,ok
00:19:51,65.5,97.3,25442,48891,ok
00:19:52,62.1,96.1,25355,48125,ok
00:19:53,68.1,97.1,25537,49746,ok
00:19:54,68.2,96.9,25410,49667,ok
00:19:55,65.4,97.2,25325,48137,ok
00:19:56,66.9,96.6,26349,49964,ok
00:19:57,63.0,97.1,26226,49409,ok
00:19:58,63.3,97.1,26197,49415,ok
00:19:59,65.5,96.1,25677,48391,ok
00:20:00,64.3,96.6,25891,48738,ok
00:20:01,67.5,96.6,26813,49268,ok
00:20:02,69.3,97.0,26990,49513,ok
00:20:03,63.2,96.9,25732,48977,ok
00:20:04,62.3,96.6,26962,49784,ok
00:20:05,67.2,96.2,25642,49566,ok
00:20:06,63.7,97.8,26029,49338,ok
00:20:07,67.2,96.6,26075,48994,ok
00:20:08,66.5,95.7,26303,48583,ok
00:20:09,66.3,97.3,26885,48094,ok
00:20:10,64.9,97.5,26755,48224,ok
00:20:11,63.7,96.8,25704,48067,ok
00:20:12,63.4,97.4,26373,48031,ok
00:20:13,68.7,96.5,26424,49350,ok
00:20:14,64.3,96.0,26870,49570,ok
00:20:15,65.6,96.8,25638,49567,ok
00:20:16,65.7,97.6,25605,48154,ok
00:20:17,65.3,98.1,26032,48819,ok
00:20:18,65.4,97.3,26030,49130,ok
00:20:19,63.7,97.2,25286,49819,ok
00:20:20,61.2,97.1,26642,49288,ok
00:20:21,66.2,96.2,26481,49735,ok
00:20:22,60.5,97.1,25004,48848,ok
00:20:23,65.1,97.0,25518,48536,ok
00:20:24,64.4,97.8,25699,49624,ok
00:20:25,64.6,96.1,26191,49586,ok
00:20:26,65.0,97.5,26805,49894,ok
00:20:27,66.6,96.6,26535,48502,ok
00:20:28,64.3,97.4,25190,49412,ok
00:20:29,64.8,96.7,26982,48106,ok
00:20:30,66.7,97.4,25841,48219,ok
00:20:31,65.8,97.8,25927,49245,ok
00:20:32,64.2,97.0,26702,49022,ok
00:20:33,66.0,96.9,25444,49690,ok
00:20:34,64.8,97.4,25359,48213,ok
00:20:35,63.5,97.4,25248,48740,ok
00:20:36,65.3,97.3,25982,49118,ok
00:20:37,69.1,97.0,25097,48109,ok
00:20:38,64.3,96.3,25833,48570,ok
00:20:39,64.6,97.7,25564,49547,ok
00:20:40,64.4,97.3,26869,48432,ok
00:20:41,65.0,97.0,25919,48806,ok
00:20:42,65.8,97.1,26271,49534,ok
00:20:43,66.3,96.8,25981,48561,ok
00:20:44,66.8,96.9,26373,48758,ok
00:20:45,64.4,96.2,25843,49133,ok
00:20:46,65.1,97.6,25078,48237,ok
00:20:47,65.4,95.6,26489,48472,ok
00:20:48,67.2,96.7,25423,49652,ok
00:20:49,62.1,96.7,25915,48753,ok
00:20:50,63.8,97.0,25031,48047,ok
00:20:51,65.3,97.0,26527,48129,ok
00:20:52,62.8,96.6,26743,49453,ok
00:20:53,63.1,97.1,25037,49476,ok
00:20:54,64.7,97.0,25735,49871,ok
00:20:55,64.7,97.1,26355,48860,ok
00:20:56,69.4,96.3,26158,49278,ok
00:20:57,65.3,96.0,26546,48732,ok
00:20:58,67.8,96.6,26056,48914,ok
00:20:59,68.6,96.9,25610,48216,ok
00:21:00,66.6,97.7,25575,48881,ok
00:21:01,65.7,97.1,26701,48952,ok
00:21:02,69.6,97.4,26631,48906,ok
00:21:03,63.0,96.9,25390,49879,ok
00:21:04,66.8,97.2,25726,49577,ok
00:21:05,65.6,97.3,26959,48117,ok
00:21:06,66.1,96.0,25834,48564,ok
00:21:07,62.3,96.7,25369,49057,ok
00:21:08,63.5,97.2,26690,49296,ok
00:21:09,69.5,97.0,25104,48162,ok
00:21:10,65.5,97.3,26427,48237,ok
00:21:11,61.2,97.3,25721,49543,ok
00:21:12,63.6,96.8,26052,49381,ok
00:21:13,66.1,96.5,26355,48443,ok
00:21:14,65.2,96.7,26148,48285,ok
00:21:15,64.3,97.4,26897,48699,ok
00:21:16,65.9,96.9,25648,49536,ok
00:21:17,62.9,96.9,26983,48087,ok
00:21:18,62.8,97.1,25506,48961,ok
00:21:19,64.0,97.6,25876,48449,ok
00:21:20,66.2,96.2,26157,48155,ok
00:21:21,66.0,97.2,26022,49844,ok
00:21:22,68.2,97.8,26693,48196,ok
00:21:23,62.3,96.8,25174,48567,ok
00:21:24,67.6,96.5,26045,49841,ok
00:21:25,67.4,97.7,25579,49771,ok
00:21:26,61.1,97.0,26375,49315,ok
00:21:27,66.0,96.4,26700,49322,ok
00:21:28,66.0,97.5,26820,48757,ok
00:21:29,66.4,97.0,26741,48301,ok
00:21:30,63.1,96.5,25421,49391,ok
00:21:31,62.0,97.2,25633,49806,ok
00:21:32,64.1,96.8,25937,49433,ok
00:21:33,66.2,96.9,25490,48851,ok
00:21:34,66.5,96.8,25390,49144,ok
00:21:35,65.5,97.5,26657,49335,ok
00:21:36,62.0,96.8,25451,48081,ok
00:21:37,60.6,98.0,26957,48200,ok
00:21:38,65.2,97.7,26725,49216,ok
00:21:39,65.0,96.3,25014,49190,ok
00:21:40,66.6,96.9,25529,48707,ok
00:21:41,67.6,97.2,26711,48312,ok
00:21:42,63.0,97.7,25324,48917,ok
00:21:43,65.9,97.2,26895,48863,ok
00:21:44,64.6,97.1,25465,49685,ok
00:21:45,63.4,96.8,25350,49207,ok
00:21:46,65.2,97.3,25666,48093,ok
00:21:47,65.4,97.5,26509,48087,ok
00:21:48,59.6,96.2,26901,48269,ok
00:21:49,64.1,96.9,26248,49275,ok
00:21:50,63.5,96.7,25311,49803,ok
00:21:51,63.6,97.6,26019,49399,ok
00:21:52,63.6,96.8,25092,49725,ok
00:21:53,66.0,97.2,26628,48352,ok
00:21:54,64.6,96.9,26390,49556,ok
00:21:55,66.2,96.9,26328,48173,ok
00:21:56,62.1,96.4,25187,48018,ok
00:21:57,64.9,96.5,25965,49932,ok
00:21:58,66.1,96.7,26071,48586,ok
00:21:59,64.0,96.7,26789,48522,ok
00:22:00,63.3,96.9,25790,49614,ok
00:22:01,65.3,97.8,25437,48214,ok
00:22:02,64.2,98.0,25079,49291,ok
00:22:03,68.8,96.8,26998,49494,ok
00:22:04,65.3,96.2,25572,48233,ok
00:22:05,63.5,97.0,25201,49137,ok
00:22:06,64.2,96.9,25707,48060,ok
00:22:07,64.4,97.7,26488,49489,ok
00:22:08,65.1,97.9,25875,48775,ok
00:22:09,64.3,96.8,25987,48577,ok
00:22:10,62.7,97.5,25913,48994,ok
00:22:11,63.0,96.7,25989,49890,ok
00:22:12,62.9,97.3,26763,48336,ok
00:22:13,62.9,97.0,25186,49539,ok
00:22:14,64.6,97.1,26169,49364,ok
00:22:15,63.2,96.7,25563,48656,ok
00:22:16,65.9,97.4,26650,48274,ok
00:22:17,70.9,96.7,25854,49273,ok
00:22:18,66.5,97.3,26485,49483,ok
00:22:19,66.8,96.7,26457,48834,ok
00:22:20,62.7,97.2,26397,48004,ok
00:22:21,65.4,98.0,25035,48642,ok
00:22:22,64.1,96.9,26289,48042,ok
00:22:23,66.3,97.2,26212,49554,ok
00:22:24,65.1,96.3,26073,49800,ok
00:22:25,64.8,96.3,25988,49304,ok
00:22:26,65.0,96.9,26723,49161,ok
00:22:27,63.7,97.3,25318,48858,ok
00:22:28,64.1,96.4,26689,49607,ok
00:22:29,65.7,97.7,26288,49984,ok
00:22:30,66.1,97.1,26286,49877,ok
00:22:31,66.0,97.1,25832,49110,ok
00:22:32,69.0,97.5,26594,49438,ok
00:22:33,63.6,97.7,25183,48490,ok
00:22:34,65.6,97.3,25771,49877,ok
00:22:35,61.7,97.3,26233,49965,ok
00:22:36,62.6,96.5,26306,49865,ok
00:22:37,62.8,97.0,26955,48181,ok
00:22:38,63.2,97.8,25520,49002,ok
00:22:39,67.7,96.8,26626,49990,ok
00:22:40,67.2,97.2,26393,48030,ok
00:22:41,64.4,97.1,25543,48198,ok
00:22:42,66.2,96.5,26478,49112,ok
00:22:43,67.9,97.0,26609,48756,ok
00:22:44,64.8,97.3,25576,49418,ok
00:22:45,62.5,97.5,26940,48473,ok
00:22:46,66.2,96.5,25421,49919,ok
00:22:47,64.3,96.8,26876,49721,ok
00:22:48,66.1,98.0,25835,49282,ok
00:22:49,62.7,96.3,26075,49299,ok
00:22:50,66.0,98.1,25289,48857,ok
00:22:51,64.4,98.2,26409,48438,ok
00:22:52,66.1,97.5,25441,49047,ok
00:22:53,63.9,96.8,25479,48288,ok
00:22:54,64.0,98.1,26688,49964,ok
00:22:55,64.2,96.0,25879,49326,ok
00:22:56,62.8,96.9,26811,49554,ok
00:22:57,65.1,97.2,26384,48849,ok
00:22:58,61.7,97.3,26480,49298,ok
00:22:59,68.2,96.7,25556,48001,ok
00:23:00,65.9,96.9,26999,48354,ok
00:23:01,68.9,97.4,26324,49669,ok
00:23:02,65.8,97.7,26841,49008,ok
00:23:03,67.0,97.6,26017,48191,ok
00:23:04,63.7,97.5,25578,48114,ok
00:23:05,70.7,97.7,25500,49967,ok
00:23:06,68.6,98.0,25405,48555,ok
00:23:07,65.7,97.2,26322,49715,ok
00:23:08,65.2,96.9,25659,48111,ok
00:23:09,66.3,96.8,26589,49517,ok
00:23:10,64.7,97.2,26598,49551,ok
00:23:11,67.7,97.6,26952,48398,ok
00:23:12,66.9,97.2,25114,49071,ok
00:23:13,63.7,97.2,26540,48731,ok
00:23:14,62.6,97.6,25045,48045,ok
00:23:15,66.7,97.2,25719,48642,ok
00:23:16,63.8,96.7,25797,48790,ok
00:23:17,63.1,96.5,26799,49330,ok
00:23:18,66.0,96.9,25532,49950,ok
00:23:19,66.5,97.6,26062,49874,ok
00:23:20,65.2,97.1,26723,49925,ok
00:23:21,62.2,97.7,25760,49195,ok
00:23:22,65.1,97.3,26651,49666,ok
00:23:23,65.9,97.6,26038,48268,ok
00:23:24,65.6,96.3,25286,48212,ok
00:23:25,62.3,96.9,26595,48494,ok
00:23:26,62.9,96.5,25164,48870,ok
00:23:27,63.5,96.4,26130,48059,ok
00:23:28,65.0,97.1,26652,48252,ok
00:23:29,64.7,97.2,25395,49718,ok
00:23:30,62.1,96.6,25143,48266,ok
00:23:31,69.1,96.7,25270,49461,ok
00:23:32,66.1,97.4,25778,49130,ok
00:23:33,64.2,97.1,25899,49006,ok
00:23:34,67.7,96.9,25651,49992,ok
00:23:35,65.3,96.8,26266,48474,ok
00:23:36,65.0,96.5,25559,48647,ok
00:23:37,67.2,97.7,25456,49183,ok
00:23:38,65.7,97.4,25927,48648,ok
00:23:39,63.2,97.2,26385,49152,ok
00:23:40,63.0,97.3,26838,48160,ok
00:23:41,68.0,96.6,26425,49184,ok
00:23:42,64.5,97.4,26199,49575,ok
00:23:43,61.9,96.8,26883,48379,ok
00:23:44,66.7,97.7,26873,49802,ok
00:23:45,65.1,96.3,26736,49862,ok
00:23:46,65.4,97.4,26146,48185,ok
00:23:47,66.2,97.5,25264,49711,ok
00:23:48,59.6,96.8,25530,49263,ok
00:23:49,65.4,97.0,26893,48715,ok
00:23:50,66.7,97.6,25600,49538,ok
00:23:51,66.2,97.2,26310,49149,ok
00:23:52,66.1,97.2,26417,48106,ok
00:23:53,66.2,98.3,25919,49975,ok
00:23:54,60.9,97.4,25558,48309,ok
00:23:55,66.1,96.7,26220,49009,ok
00:23:56,64.1,96.6,26630,49202,ok
00:23:57,63.5,95.8,25560,49693,ok
00:23:58,66.1,96.9,25201,48833,ok
00:23:59,65.3,97.4,25456,49575,ok
00:24:00,54.4,97.2,26482,48832,ok
00:24:01,57.0,98.0,26871,48039,ok
00:24:02,53.3,97.8,25991,48632,ok
00:24:03,54.8,98.0,26204,49175,ok
00:24:04,52.5,97.5,25184,48626,ok
00:24:05,56.2,97.7,26117,48841,ok
00:24:06,56.0,97.2,25806,49145,ok
00:24:07,57.1,97.9,25480,49797,ok
00:24:08,55.5,97.7,26608,48257,ok
00:24:09,56.1,97.8,26909,49521,ok
00:24:10,53.3,97.7,25000,49039,ok
00:24:11,53.6,98.5,26001,49865,ok
00:24:12,55.3,98.3,25231,49994,ok
00:24:13,56.0,97.1,26644,48248,ok
00:24:14,57.2,97.7,25256,49163,ok
00:24:15,55.7,98.7,26923,48542,ok
00:24:16,55.5,97.2,26264,49258,ok
00:24:17,55.6,98.2,25097,48534,ok
00:24:18,53.2,97.9,25114,49822,ok
00:24:19,56.5,97.8,26592,48911,ok
00:24:20,54.6,98.4,25550,49739,ok
00:24:21,52.6,98.2,25988,49534,ok
00:24:22,55.2,97.7,26996,49861,ok
00:24:23,56.2,97.7,25788,48525,ok
00:24:24,56.7,98.5,26216,49660,ok
00:24:25,54.4,97.7,25403,49308,ok
00:24:26,57.5,97.5,26903,48274,ok
00:24:27,57.0,97.1,26477,49163,ok
00:24:28,58.1,98.6,26134,49884,ok
00:24:29,54.9,98.7,26554,48851,ok
00:24:30,53.9,97.2,26771,48962,ok
00:24:31,54.7,97.7,25150,49524,ok
00:24:32,57.3,98.2,25407,48199,ok
00:24:33,52.2,98.3,25543,48780,ok
00:24:34,56.1,98.7,25305,48992,ok
00:24:35,54.0,98.2,25994,49899,ok
00:24:36,55.9,98.2,26131,49963,ok
00:24:37,55.3,98.2,25254,48331,ok
00:24:38,54.0,98.1,26330,49404,ok
00:24:39,55.1,97.6,25643,49522,ok
00:24:40,52.4,98.4,26972,49931,ok
00:24:41,55.4,98.4,26681,49199,ok
00:24:42,56.2,97.6,26546,48886,ok
00:24:43,56.2,97.9,26139,49079,ok
00:24:44,54.8,98.3,25848,48776,ok
00:24:45,51.1,98.6,26587,49161,ok
00:24:46,57.6,97.8,25899,48136,ok
00:24:47,56.6,97.8,25508,48013,ok
00:24:48,56.6,98.9,26242,49824,ok
00:24:49,57.5,98.3,26521,48512,ok
00:24:50,56.4,97.3,25275,49989,ok
00:24:51,55.0,98.0,26137,49005,ok
00:24:52,56.0,97.8,26653,49233,ok
00:24:53,55.3,98.2,26790,48028,ok
00:24:54,53.0,97.5,26767,48401,ok
00:24:55,55.3,99.1,25017,49729,ok
00:24:56,53.4,97.4,26768,49773,ok
00:24:57,53.9,98.8,26734,48569,ok
00:24:58,56.4,98.5,26596,49478,ok
00:24:59,58.5,98.0,25187,48006,ok
00:25:00,56.5,97.9,25523,49252,ok
00:25:01,54.9,98.3,26015,48287,ok
00:25:02,50.2,97.6,25100,48724,ok
00:25:03,51.6,97.5,25356,49328,ok
00:25:04,55.2,98.0,25121,48744,ok
00:25:05,54.0,97.9,26816,49044,ok
00:25:06,55.5,98.3,26882,48596,ok
00:25:07,57.9,97.3,25238,48447,ok
00:25:08,55.1,97.3,25074,48764,ok
00:25:09,53.8,97.5,26911,49558,ok
00:25:10,56.1,98.0,25360,49533,ok
00:25:11,56.5,98.4,25920,48944,ok
00:25:12,57.0,98.2,25151,48211,ok
00:25:13,56.2,98.6,26274,49508,ok
00:25:14,53.8,98.2,25877,48173,ok
00:25:15,60.6,97.4,25787,48014,ok
00:25:16,54.0,97.9,25733,49953,ok
00:25:17,56.9,98.8,26083,48982,ok
00:25:18,55.1,98.5,25060,48508,ok
00:25:19,55.2,97.6,26481,48874,ok
00:25:20,57.0,98.0,26346,48725,ok
00:25:21,56.6,99.3,25774,49959,ok
00:25:22,52.8,98.4,26326,48705,ok
00:25:23,49.9,98.0,25232,48827,ok
00:25:24,56.2,97.8,26257,48571,ok
00:25:25,54.1,98.2,25493,49177,ok
00:25:26,53.4,97.3,26264,49238,ok
00:25:27,52.9,97.9,25249,48289,ok
00:25:28,55.4,98.1,26922,49479,ok
00:25:29,54.1,98.3,25562,49106,ok
00:25:30,53.9,98.9,25266,49722,ok
00:25:31,56.2,98.8,26637,48375,ok
00:25:32,56.0,98.1,26292,49340,ok
00:25:33,55.3,98.4,26036,48892,ok
00:25:34,58.0,98.6,25465,48250,ok
00:25:35,53.4,98.1,25380,49398,ok
00:25:36,53.3,97.9,25711,49270,ok
00:25:37,57.4,98.0,26103,49911,ok
00:25:38,53.5,97.6,25888,48842,ok
00:25:39,51.6,99.1,25705,49427,ok
00:25:40,56.9,97.4,26732,49439,ok
00:25:41,55.4,97.7,26710,48651,ok
00:25:42,54.0,99.6,26866,49849,ok
00:25:43,58.7,97.9,26438,49572,ok
00:25:44,52.1,98.2,26224,48594,ok
00:25:45,53.6,98.1,25669,48649,ok
00:25:46,52.6,98.5,25675,48930,ok
00:25:47,58.6,98.1,26291,49092,ok
00:25:48,52.8,97.2,26964,49187,ok
00:25:49,57.0,98.1,26620,49383,ok
00:25:50,58.7,97.7,26924,48413,ok
00:25:51,52.7,98.2,25738,49562,ok
00:25:52,56.8,98.0,26616,48219,ok
00:25:53,51.8,99.0,25512,48554,ok
00:25:54,55.5,99.4,26089,49815,ok
00:25:55,55.6,99.1,25840,48695,ok
00:25:56,56.6,97.9,26547,48152,ok
00:25:57,53.4,97.6,26901,48037,ok
00:25:58,56.3,98.5,25335,49285,ok
00:25:59,56.5,98.2,25908,49414,ok
00:26:00,54.1,97.8,25720,48074,ok
00:26:01,53.5,98.9,26246,48410,ok
00:26:02,57.6,98.1,25060,48792,ok
00:26:03,50.8,98.4,26746,48948,ok
00:26:04,55.7,98.0,25245,49664,ok
00:26:05,54.7,98.5,26730,48199,ok
00:26:06,56.7,97.9,26726,49849,ok
00:26:07,55.6,99.6,25985,48877,ok
00:26:08,52.6,97.9,25730,48482,ok
00:26:09,57.5,98.0,26795,48845,ok
00:26:10,51.5,98.0,26831,48917,ok
00:26:11,55.1,97.5,25596,49671,ok
00:26:12,57.4,98.1,26666,49155,ok
00:26:13,56.0,98.2,26411,48406,ok
00:26:14,53.2,97.2,25198,49879,ok
00:26:15,53.6,96.7,25026,49692,ok
00:26:16,55.0,97.9,25074,48719,ok
00:26:17,52.5,98.0,25350,49458,ok
00:26:18,54.4,97.8,25651,49015,ok
00:26:19,54.7,97.5,26433,49110,ok
00:26:20,56.2,98.6,25809,49971,ok
00:26:21,59.1,97.9,26027,49849,ok
00:26:22,51.2,97.9,25101,49617,ok
00:26:23,54.4,97.4,26884,49287,ok
00:26:24,55.6,98.2,26247,49440,ok
00:26:25,52.3,98.7,26516,48817,ok
00:26:26,53.8,98.4,26176,49581,ok
00:26:27,54.7,97.5,26566,48723,ok
00:26:28,53.8,98.4,25089,49822,ok
00:26:29,50.1,98.1,25755,48778,ok
00:26:30,52.1,98.2,26779,48065,ok
00:26:31,54.0,97.2,26404,49236,ok
00:26:32,54.0,97.4,26490,48991,ok
00:26:33,52.4,98.4,26713,49161,ok
00:26:34,56.5,99.2,26561,48308,ok
00:26:35,57.3,97.4,26416,49066,ok
00:26:36,55.2,98.1,26489,48454,ok
00:26:37,57.3,98.1,25108,49216,ok
00:26:38,57.1,97.1,25499,48618,ok
00:26:39,54.8,97.7,26233,49321,ok
00:26:40,52.0,98.4,26316,48300,ok
00:26:41,54.1,98.5,25303,48092,ok
00:26:42,55.6,98.1,26042,49860,ok
00:26:43,52.9,97.1,25669,48332,ok
00:26:44,55.7,98.3,25995,48305,ok
00:26:45,57.0,98.0,26426,49434,ok
00:26:46,55.8,97.7,25906,48919,ok
00:26:47,58.7,97.4,26194,49447,ok
00:26:48,54.2,98.0,26862,48571,ok
00:26:49,52.8,98.0,26256,48992,ok
00:26:50,55.2,98.0,26014,49122,ok
00:26:51,54.2,98.4,25200,49080,ok
00:26:52,56.8,97.6,26651,49995,ok
00:26:53,54.1,97.9,25314,48634,ok
00:26:54,52.1,98.0,26673,48571,ok
00:26:55,53.1,98.3,26518,48536,ok
00:26:56,59.0,97.9,25531,49060,ok
00:26:57,56.1,97.3,26390,48837,ok
00:26:58,56.8,98.0,25916,49986,ok
00:26:59,55.0,97.7,26620,48287,ok
00:27:00,60.1,98.6,25419,48350,ok
00:27:01,57.4,97.2,25690,49880,ok
00:27:02,57.6,98.1,26850,49768,ok
00:27:03,54.8,97.1,25255,49562,ok
00:27:04,56.1,97.7,25037,48450,ok
00:27:05,55.3,97.8,25095,49752,ok
00:27:06,52.2,99.2,25351,48725,ok
00:27:07,56.1,98.2,25119,48975,ok
00:27:08,55.1,97.7,26919,48864,ok
00:27:09,56.7,98.2,26661,48220,ok
00:27:10,54.3,97.8,25923,48119,ok
00:27:11,54.2,98.6,25754,49081,ok
00:27:12,51.3,98.1,25120,48272,ok
00:27:13,51.5,98.6,25299,48401,ok
00:27:14,53.4,98.3,25040,49254,ok
00:27:15,54.6,98.7,26214,48737,ok
00:27:16,54.9,98.6,25435,48084,ok
00:27:17,54.4,97.7,25622,48740,ok
00:27:18,58.5,97.5,26091,48348,ok
00:27:19,54.7,97.9,25141,48659,ok
00:27:20,54.6,97.4,26146,48971,ok
00:27:21,59.1,98.1,25018,48902,ok
00:27:22,57.3,97.7,26999,48433,ok
00:27:23,53.7,98.1,25015,49101,ok
00:27:24,57.8,98.9,25773,48068,ok
00:27:25,55.1,99.2,26252,48173,ok
00:27:26,53.9,97.2,26842,48311,ok
00:27:27,57.3,97.9,26371,48589,ok
00:27:28,57.1,97.7,25631,49761,ok
00:27:29,53.7,98.6,26196,49428,ok
00:27:30,55.7,98.3,25531,48392,ok
00:27:31,54.6,97.8,25362,49740,ok
00:27:32,54.7,98.4,25438,49326,ok
00:27:33,54.8,98.1,25410,48212,ok
00:27:34,57.2,97.7,25406,48605,ok
00:27:35,58.1,98.2,25635,48507,ok
00:27:36,52.5,97.7,26474,48337,ok
00:27:37,55.9,97.9,26846,49976,ok
00:27:38,57.7,98.8,25378,48266,ok
00:27:39,55.8,97.2,26402,49318,ok
00:27:40,53.0,98.3,26431,49269,ok
00:27:41,54.6,98.5,26161,49824,ok
00:27:42,51.5,98.1,26834,49702,ok
00:27:43,56.3,97.9,26121,48829,ok
00:27:44,56.8,96.9,26054,48146,ok
00:27:45,53.8,97.3,25101,49642,ok
00:27:46,57.1,98.1,25902,49001,ok
00:27:47,54.6,98.7,25394,48675,ok
00:27:48,56.1,97.5,26687,49335,ok
00:27:49,56.8,97.4,26383,49058,ok
00:27:50,55.9,98.6,25969,48287,ok
00:27:51,56.6,98.0,26024,49867,ok
00:27:52,52.0,98.3,25437,49107,ok
00:27:53,52.3,97.7,25868,48716,ok
00:27:54,57.5,98.2,25216,49320,ok
00:27:55,54.2,98.1,25228,48786,ok
00:27:56,55.4,98.5,25734,48385,ok
00:27:57,56.1,98.8,25192,49020,ok
00:27:58,54.8,98.3,25130,49546,ok
00:27:59,52.2,98.2,26097,48367,ok
00:28:00,54.4,98.1,26395,48562,ok
00:28:01,52.9,98.4,25439,49786,ok
00:28:02,60.7,98.0,26427,49547,ok
00:28:03,57.3,98.6,25597,48999,ok
00:28:04,54.9,98.1,26959,48374,ok
00:28:05,54.2,98.6,26100,48907,ok
00:28:06,53.6,97.4,26424,48912,ok
00:28:07,58.0,98.6,25526,48216,ok
00:28:08,52.9,98.5,26363,48814,ok
00:28:09,56.8,97.8,26983,49897,ok
00:28:10,52.8,97.8,25024,49069,ok
00:28:11,54.8,97.8,25519,49740,ok
00:28:12,54.2,99.1,26934,48266,ok
00:28:13,55.4,97.7,25295,48950,ok
00:28:14,52.2,98.2,25786,48502,ok
00:28:15,57.9,98.5,25251,48221,ok
00:28:16,51.3,98.3,26285,48271,ok
00:28:17,54.0,99.0,25277,49190,ok
00:28:18,53.8,98.9,25912,48695,ok
00:28:19,55.3,98.1,25607,49625,ok
00:28:20,57.5,98.0,26441,49207,ok
00:28:21,54.3,97.9,26073,48292,ok
00:28:22,54.1,98.0,25685,48354,ok
00:28:23,55.3,97.4,26654,49665,ok
00:28:24,54.1,97.6,26642,49534,ok
00:28:25,55.0,98.4,26168,48171,ok
00:28:26,55.8,97.5,25305,48821,ok
00:28:27,53.2,98.6,25498,48665,ok
00:28:28,53.3,98.1,26836,48390,ok
00:28:29,53.4,98.5,25200,48529,ok
00:28:30,56.6,97.1,25216,49119,ok
00:28:31,56.0,98.2,25518,48268,ok
00:28:32,55.8,97.9,25743,48250,ok
00:28:33,54.3,98.1,26614,49177,ok
00:28:34,53.9,97.8,26625,49437,ok
00:28:35,54.4,98.1,25995,48450,ok
00:28:36,53.7,97.8,25642,49380,ok
00:28:37,57.5,97.9,26197,48515,ok
00:28:38,53.0,98.0,26974,49092,ok
00:28:39,56.2,98.0,26601,48769,ok
00:28:40,55.0,98.7,25858,49903,ok
00:28:41,55.5,98.0,25879,48201,ok
00:28:42,55.4,98.4,26954,48279,ok
00:28:43,57.2,97.7,25873,49583,ok
00:28:44,53.8,98.6,25943,48530,ok
00:28:45,55.0,98.7,26889,49449,ok
00:28:46,53.0,98.0,26453,48234,ok
00:28:47,53.0,98.3,25888,48697,ok
00:28:48,53.4,97.5,26787,48096,ok
00:28:49,53.3,97.8,26339,49738,ok
00:28:50,58.9,98.2,25333,48422,ok
00:28:51,52.4,98.4,25232,48601,ok
00:28:52,55.3,97.5,25087,49066,ok
00:28:53,55.2,98.4,25041,49216,ok
00:28:54,55.8,97.7,26943,48567,ok
00:28:55,58.6,97.0,26976,48280,ok
00:28:56,55.6,97.7,25535,48623,ok
00:28:57,53.7,97.3,25010,48856,ok
00:28:58,51.4,98.3,25995,49068,ok
00:28:59,55.4,97.4,25284,48063,ok
00:29:00,57.2,98.2,25865,49339,ok
00:29:01,54.4,97.8,25739,48373,ok
00:29:02,52.4,97.3,26516,48771,ok
00:29:03,55.0,97.5,25383,48024,ok
00:29:04,55.2,98.3,25998,49534,ok
00:29:05,52.7,97.8,25808,48255,ok
00:29:06,53.5,97.6,25631,49883,ok
00:29:07,55.2,97.4,26420,49537,ok
00:29:08,54.9,98.0,26785,49966,ok
00:29:09,55.3,98.2,26415,48350,ok
00:29:10,56.8,98.7,25691,49150,ok
00:29:11,56.7,98.8,25014,48569,ok
00:29:12,50.2,98.7,25922,48358,ok
00:29:13,59.1,97.2,25667,49532,ok
00:29:14,56.4,97.9,25895,48484,ok
00:29:15,52.5,98.2,26713,49819,ok
00:29:16,56.5,97.5,25558,49296,ok
00:29:17,53.4,98.3,25264,49339,ok
00:29:18,58.0,97.8,26462,49566,ok
00:29:19,58.4,99.1,25101,49298,ok
00:29:20,54.6,98.9,26020,48257,ok
00:29:21,50.9,98.4,25953,48315,ok
00:29:22,54.0,98.6,26228,48829,ok
00:29:23,55.7,98.2,26718,49040,ok
00:29:24,54.7,97.8,26752,49780,ok
00:29:25,56.5,99.0,25528,49917,ok
00:29:26,55.8,97.2,26310,48483,ok
00:29:27,55.4,98.4,26826,48452,ok
00:29:28,53.7,98.0,25663,48704,ok
00:29:29,56.2,98.5,25769,48508,ok
00:29:30,55.8,98.5,26837,49174,ok
00:29:31,51.8,97.0,25544,48759,ok
00:29:32,54.2,98.3,26817,49775,ok
00:29:33,57.0,98.3,26266,49165,ok
00:29:34,53.9,98.0,25003,48666,ok
00:29:35,56.4,97.8,26606,49757,ok
00:29:36,52.8,98.1,26227,49449,ok
00:29:37,53.3,98.7,26012,49758,ok
00:29:38,54.0,98.2,25327,48191,ok
00:29:39,53.0,97.8,26639,49206,ok
00:29:40,53.6,97.3,26412,48400,ok
00:29:41,53.2,97.2,26895,48520,ok
00:29:42,53.6,97.7,26375,48672,ok
00:29:43,52.0,98.1,25927,49917,ok
00:29:44,54.7,98.2,26685,48212,ok
00:29:45,56.4,98.0,25290,48236,ok
00:29:46,59.4,97.7,26699,48055,ok
00:29:47,51.7,98.4,26652,49262,ok
00:29:48,55.9,99.0,25303,49618,ok
00:29:49,54.1,98.8,25064,48903,ok
00:29:50,55.9,97.9,25288,49074,ok
00:29:51,58.0,98.4,25267,49903,ok
00:29:52,57.5,97.0,26003,48501,ok
00:29:53,58.6,98.0,26420,49282,ok
00:29:54,53.9,98.0,26730,49176,ok
00:29:55,54.2,97.5,26226,48517,ok
00:29:56,56.4,98.2,26818,48080,ok
00:29:57,56.8,98.1,25207,48205,ok
00:29:58,54.8,98.3,26959,48470,ok
00:29:59,55.1,97.8,25008,48629,ok
00:30:00,52.9,97.4,26335,49604,ok
00:30:01,50.9,97.8,26515,48080,ok
00:30:02,56.5,98.5,26614,48596,ok
00:30:03,56.1,98.6,26539,48385,ok
00:30:04,57.8,97.7,25606,49496,ok
00:30:05,54.8,98.2,26003,49209,ok
00:30:06,58.0,97.8,26815,49820,ok
00:30:07,57.6,99.0,26532,48610,ok
00:30:08,52.0,98.0,25026,49211,ok
00:30:09,56.8,98.1,26822,49630,ok
00:30:10,54.6,97.7,25882,49418,ok
00:30:11,53.3,98.2,25612,48538,ok
00:30:12,50.5,97.9,26405,48162,ok
00:30:13,57.1,98.1,26344,49186,ok
00:30:14,51.6,97.8,25124,49513,ok
00:30:15,54.0,97.7,25999,49393,ok
00:30:16,55.8,98.3,26707,49139,ok
00:30:17,53.7,98.9,25845,49144,ok
00:30:18,52.4,98.4,26080,49079,ok
00:30:19,57.8,97.9,25322,48697,ok
00:30:20,53.2,98.4,25504,49405,ok
00:30:21,57.1,97.3,25486,49126,ok
00:30:22,49.8,97.9,26907,48893,ok
00:30:23,53.7,98.0,26995,48161,ok
00:30:24,55.2,98.5,26323,48515,ok
00:30:25,53.1,98.1,25581,49468,ok
00:30:26,58.2,97.3,26349,49839,ok
00:30:27,57.6,97.6,26789,49375,ok
00:30:28,49.9,97.4,25590,48361,ok
00:30:29,58.0,97.9,25742,49328,ok
00:30:30,53.5,98.2,25820,48644,ok
00:30:31,54.0,97.5,25100,48402,ok
00:30:32,56.4,98.6,25447,48504,ok
00:30:33,53.7,97.9,25908,48185,ok
00:30:34,54.8,98.7,25073,49667,ok
00:30:35,54.2,98.3,25079,48993,ok
00:30:36,55.9,97.8,25872,49434,ok
00:30:37,52.9,98.3,26604,49609,ok
00:30:38,57.7,97.6,26171,48297,ok
00:30:39,57.1,97.6,25854,48238,ok
00:30:40,52.2,98.6,25037,49623,ok
00:30:41,53.3,97.5,25779,49469,ok
00:30:42,57.0,98.9,26789,49328,ok
00:30:43,54.5,97.9,26334,49377,ok
00:30:44,53.1,98.5,25384,49813,ok
00:30:45,53.0,98.1,25147,48397,ok
00:30:46,51.6,97.9,25702,49130,ok
00:30:47,53.9,97.2,26929,48924,ok
00:30:48,54.8,97.2,26132,49947,ok
00:30:49,52.3,98.2,25568,48658,ok
00:30:50,53.8,98.4,26754,48889,ok
00:30:51,58.6,97.8,26286,49597,ok
00:30:52,56.5,97.9,26347,49596,ok
00:30:53,56.6,97.8,25212,49774,ok
00:30:54,54.4,97.5,25597,49631,ok
00:30:55,56.2,97.9,25146,49933,ok
00:30:56,54.1,98.8,26688,48244,ok
00:30:57,57.9,98.4,26968,49145,ok
00:30:58,54.2,98.3,25931,49812,ok
00:30:59,54.6,97.6,26567,49944,ok
00:31:00,53.2,97.3,26219,49404,ok
00:31:01,55.1,96.6,25739,49101,ok
00:31:02,53.8,98.2,25981,49228,ok
00:31:03,56.3,98.3,25057,48201,ok
00:31:04,57.4,97.9,26056,48621,ok
00:31:05,57.3,97.3,26831,48445,ok
00:31:06,53.3,97.5,26879,49695,ok
00:31:07,54.5,98.7,25404,49769,ok
00:31:08,54.3,97.6,25401,49308,ok
00:31:09,56.8,98.0,25858,48147,ok
00:31:10,55.7,97.7,25616,48205,ok
00:31:11,53.1,97.2,25527,48653,ok
00:31:12,53.5,97.5,25442,49467,ok
00:31:13,56.7,97.9,26578,48345,ok
00:31:14,54.1,97.7,26140,49773,ok
00:31:15,53.7,98.7,26127,48288,ok
00:31:16,60.9,98.2,26559,48107,ok
00:31:17,52.6,97.7,26090,49162,ok
00:31:18,55.9,97.0,25827,49884,ok
00:31:19,51.7,98.7,25953,48693,ok
00:31:20,53.6,98.0,25901,48187,ok
00:31:21,54.3,97.9,26600,48255,ok
00:31:22,55.3,98.7,25197,48506,ok
00:31:23,53.9,98.6,25369,48589,ok
00:31:24,57.3,97.7,26222,48897,ok
00:31:25,59.1,97.5,26942,49002,ok
00:31:26,54.6,98.4,26455,48861,ok
00:31:27,54.8,97.9,25425,49204,ok
00:31:28,53.3,98.0,26625,49297,ok
00:31:29,55.9,98.5,25202,49426,ok
00:31:30,56.2,98.2,26801,49798,ok
00:31:31,56.6,98.1,25042,48036,ok
00:31:32,53.3,98.1,26910,48152,ok
00:31:33,53.0,97.2,25274,48271,ok
00:31:34,56.5,98.2,25644,48579,ok
00:31:35,56.4,98.3,25877,48650,ok
00:31:36,54.9,98.2,26817,48844,ok
00:31:37,56.0,97.6,25535,49196,ok
00:31:38,51.1,97.7,25260,49555,ok
00:31:39,54.7,97.8,26599,48537,ok
00:31:40,53.7,98.1,25826,49207,ok
00:31:41,52.7,97.2,25342,49254,ok
00:31:42,56.8,99.5,25821,49625,ok
00:31:43,56.2,97.4,25167,49415,ok
00:31:44,58.3,98.0,25992,49108,ok
00:31:45,52.9,98.1,26232,48657,ok
00:31:46,53.1,98.0,25189,48653,ok
00:31:47,57.7,98.4,26936,48887,ok
00:31:48,53.7,98.3,25215,49027,ok
00:31:49,54.6,97.1,26554,48145,ok
00:31:50,58.8,98.7,25860,49280,ok
00:31:51,56.0,98.2,25896,48063,ok
00:31:52,54.5,97.8,25480,49556,ok
00:31:53,55.5,98.1,25669,49312,ok
00:31:54,55.0,98.2,26681,48614,ok
00:31:55,53.5,98.0,26232,49972,ok
00:31:56,51.5,98.4,25496,49266,ok
00:31:57,56.5,97.4,25983,49260,ok
00:31:58,56.9,98.2,26629,49230,ok
00:31:59,56.0,97.6,26312,49166,ok
00:32:00,53.2,97.5,25928,48796,ok
00:32:01,57.2,97.5,26286,48150,ok
00:32:02,55.6,98.6,25315,48873,ok
00:32:03,58.3,98.7,26557,49787,ok
00:32:04,54.9,97.8,25904,48542,ok
00:32:05,55.4,97.8,26067,49749,ok
00:32:06,55.5,98.6,26118,49766,ok
00:32:07,57.8,98.4,26833,48590,ok
00:32:08,53.3,98.2,26432,48185,ok
00:32:09,54.9,99.5,26200,49827,ok
00:32:10,55.3,98.4,25466,48876,ok
00:32:11,51.6,97.6,25283,48169,ok
00:32:12,55.1,97.9,25425,48549,ok
00:32:13,55.8,97.5,25239,49509,ok
00:32:14,54.3,98.1,26465,49298,ok
00:32:15,54.1,97.7,26710,48394,ok
00:32:16,51.9,97.8,25400,49878,ok
00:32:17,51.6,98.6,26669,49951,ok
00:32:18,53.2,98.7,26523,48681,ok
00:32:19,54.4,97.9,25862,48106,ok
00:32:20,56.8,98.0,26829,48771,ok
00:32:21,57.6,97.7,25659,49775,ok
00:32:22,57.8,97.7,26253,49372,ok
00:32:23,52.7,98.5,26705,49137,ok
00:32:24,57.1,98.1,26909,49655,ok
00:32:25,55.8,97.9,25568,49433,ok
00:32:26,57.3,98.7,26348,48446,ok
00:32:27,55.2,97.6,26071,48788,ok
00:32:28,57.4,97.9,26609,49806,ok
00:32:29,59.8,97.7,25292,48814,ok
00:32:30,53.1,97.5,25750,48705,ok
00:32:31,55.1,98.3,25773,48161,ok
00:32:32,53.5,98.3,26541,49416,ok
00:32:33,54.1,97.7,25453,49290,ok
00:32:34,55.7,98.1,26417,48574,ok
00:32:35,52.6,97.7,25660,49517,ok
00:32:36,56.0,98.3,25968,48715,ok
00:32:37,56.3,96.6,25101,48672,ok
00:32:38,55.9,97.9,25430,48595,ok
00:32:39,55.6,97.9,25708,49388,ok
00:32:40,55.0,98.1,26163,48937,ok
00:32:41,55.4,98.3,26379,48267,ok
00:32:42,52.6,98.3,25678,49334,ok
00:32:43,52.6,98.7,26846,48589,ok
00:32:44,53.3,98.2,26075,48637,ok
00:32:45,57.4,97.6,25235,49416,ok
00:32:46,55.1,97.7,26680,49569,ok
00:32:47,53.7,97.2,26446,49771,ok
00:32:48,52.7,97.6,25522,48195,ok
00:32:49,54.3,97.3,26092,49174,ok
00:32:50,57.9,97.9,26115,48791,ok
00:32:51,56.1,98.3,26318,49951,ok
00:32:52,57.2,97.8,25349,49099,ok
00:32:53,55.9,97.3,26521,48455,ok
00:32:54,56.5,98.0,25032,48931,ok
00:32:55,55.7,97.8,25137,49954,ok
00:32:56,59.6,97.7,26351,48344,ok
00:32:57,54.5,98.1,26687,49133,ok
00:32:58,57.4,98.5,26216,48213,ok
00:32:59,55.0,98.9,26936,48532,ok
00:33:00,55.9,98.2,25072,49768,ok
00:33:01,53.3,97.2,26176,49283,ok
00:33:02,53.0,98.7,26148,49442,ok
00:33:03,54.4,97.3,26005,48250,ok
00:33:04,56.5,97.1,25308,49295,ok
00:33:05,51.9,98.4,25999,48997,ok
00:33:06,53.6,97.2,26119,49450,ok
00:33:07,58.2,99.2,25465,49879,ok
00:33:08,53.1,97.8,25821,49167,ok
00:33:09,55.5,98.2,25975,48629,ok
00:33:10,50.7,98.0,25882,48916,ok
00:33:11,52.8,98.6,26928,48543,ok
00:33:12,54.8,98.7,26334,49747,ok
00:33:13,53.8,99.0,26405,49299,ok
00:33:14,53.2,98.6,25384,48407,ok
00:33:15,53.5,98.2,25186,48100,ok
00:33:16,54.3,98.9,25683,49735,ok
00:33:17,55.7,97.3,26665,48846,ok
00:33:18,53.9,98.2,25484,48439,ok
00:33:19,56.7,97.8,25217,48801,ok
00:33:20,56.2,98.8,25045,48894,ok
00:33:21,53.3,98.0,26109,49701,ok
00:33:22,53.9,98.2,26614,49749,ok
00:33:23,56.6,98.0,25300,49363,ok
00:33:24,51.0,99.0,26501,48398,ok
00:33:25,53.3,97.8,26855,48205,ok
00:33:26,54.7,97.9,25660,49103,ok
00:33:27,53.2,98.4,26637,48092,ok
00:33:28,56.3,98.5,25566,49147,ok
00:33:29,53.5,98.3,25907,48280,ok
00:33:30,57.1,97.9,26395,48405,ok
00:33:31,54.2,98.0,25524,48471,ok
00:33:32,53.4,97.9,25938,49379,ok
00:33:33,54.9,97.9,25425,49976,ok
00:33:34,55.2,97.8,25952,49209,ok
00:33:35,56.5,98.0,25010,49192,ok
00:33:36,53.7,97.9,25524,48515,ok
00:33:37,54.7,97.7,26254,49012,ok
00:33:38,55.4,98.0,26167,49905,ok
00:33:39,55.0,98.2,25458,49861,ok
00:33:40,56.8,97.3,26807,48056,ok
00:33:41,56.9,98.0,26081,49966,ok
00:33:42,55.9,97.5,26450,48794,ok
00:33:43,55.6,98.3,25735,49346,ok
00:33:44,56.3,98.1,25558,48819,ok
00:33:45,56.6,97.6,25387,49993,ok
00:33:46,54.5,98.1,26652,48862,ok
00:33:47,56.7,98.1,26349,48260,ok
00:33:48,53.4,97.5,26304,48643,ok
00:33:49,52.1,98.5,26292,49465,ok
00:33:50,56.1,98.3,25694,48464,ok
00:33:51,55.4,98.1,25287,48263,ok
00:33:52,54.8,97.8,25777,49180,ok
00:33:53,56.3,97.4,25176,48878,ok
00:33:54,53.8,98.4,26461,48747,ok
00:33:55,55.8,98.6,26699,49463,ok
00:33:56,54.6,97.8,26368,48322,ok
00:33:57,55.9,98.2,25516,49529,ok
00:33:58,55.2,97.8,25648,48768,ok
00:33:59,56.7,97.8,26906,48558,ok
00:34:00,56.9,97.9,25115,48103,ok
00:34:01,54.3,98.0,25237,48564,ok
00:34:02,54.9,98.0,26921,49545,ok
00:34:03,53.6,97.9,25017,48758,ok
00:34:04,55.8,97.5,26130,49036,ok
00:34:05,57.3,97.5,26450,48235,ok
00:34:06,54.4,98.8,25621,49208,ok
00:34:07,56.9,97.7,25067,49367,ok
00:34:08,55.5,97.5,25557,49228,ok
00:34:09,54.5,98.1,25847,49571,ok
00:34:10,54.7,97.6,25283,49041,ok
00:34:11,54.7,97.2,26734,49927,ok
00:34:12,55.9,98.2,26835,48070,ok
00:34:13,54.7,97.9,26381,48812,ok
00:34:14,54.8,98.8,25376,48209,ok
00:34:15,55.7,98.1,26726,48597,ok
00:34:16,53.3,98.6,26557,49915,ok
00:34:17,54.4,98.6,26718,49687,ok
00:34:18,53.0,99.0,25893,49644,ok
00:34:19,54.9,97.6,25099,49778,ok
00:34:20,56.2,97.3,26599,49531,ok
00:34:21,55.8,96.6,25502,48292,ok
00:34:22,54.9,98.3,25001,48711,ok
00:34:23,54.1,97.4,25941,48683,ok
00:34:24,56.4,97.9,25049,49455,ok
00:34:25,55.8,98.1,25093,49367,ok
00:34:26,54.1,97.6,26786,48079,ok
00:34:27,56.0,98.0,25250,49962,ok
00:34:28,54.3,97.8,26096,49878,ok
00:34:29,52.0,97.9,26037,48665,ok
00:34:30,54.3,99.0,25300,48912,ok
00:34:31,56.9,98.5,26522,49610,ok
00:34:32,53.7,99.1,25308,48979,ok
00:34:33,55.5,98.8,25406,49777,ok
00:34:34,57.3,98.3,25309,48410,ok
00:34:35,54.2,98.1,26659,49029,ok
00:34:36,51.6,98.2,25624,48986,ok
00:34:37,53.9,98.0,25453,48166,ok
00:34:38,54.1,97.5,26742,48955,ok
00:34:39,57.7,97.8,26709,49099,ok
00:34:40,50.1,98.2,26584,49064,ok
00:34:41,52.2,98.6,26848,48226,ok
00:34:42,54.7,98.6,26476,49526,ok
00:34:43,55.3,98.8,25179,49368,ok
00:34:44,55.1,99.1,25757,49951,ok
00:34:45,53.1,97.8,25327,49428,ok
00:34:46,59.1,98.2,25945,48451,ok
00:34:47,53.1,98.1,26775,49199,ok
00:34:48,52.2,97.7,25840,49310,ok
00:34:49,56.5,98.4,26907,48276,ok
00:34:50,52.2,97.7,25537,49796,ok
00:34:51,57.2,98.2,26303,49047,ok
00:34:52,56.4,97.5,26177,48901,ok
00:34:53,54.4,98.2,26990,48719,ok
00:34:54,56.5,97.0,25066,49393,ok
00:34:55,55.2,97.8,25203,49159,ok
00:34:56,56.9,97.6,26358,49369,ok
00:34:57,55.6,97.6,25830,49179,ok
00:34:58,55.7,98.0,25646,49230,ok
00:34:59,51.8,97.6,26976,48675,ok
00:35:00,55.1,97.2,25667,49137,ok
00:35:01,57.8,97.9,25007,48902,ok
00:35:02,59.3,99.0,25247,48134,ok
00:35:03,54.6,98.7,25512,48517,ok
00:35:04,56.2,98.0,25199,49692,ok
00:35:05,56.7,98.2,26967,49010,ok
00:35:06,54.5,98.9,25244,49194,ok
00:35:07,56.2,97.7,26683,48314,ok
00:35:08,57.1,97.8,25049,48240,ok
00:35:09,55.9,98.5,26472,48603,ok
00:35:10,56.2,98.1,26045,49726,ok
00:35:11,59.4,98.8,25301,48052,ok
00:35:12,53.3,97.7,25845,48065,ok
00:35:13,54.9,98.3,26413,49109,ok
00:35:14,52.8,98.5,25758,48973,ok
00:35:15,53.5,97.6,25214,48205,ok
00:35:16,54.0,97.1,25366,48305,ok
00:35:17,59.0,98.1,26848,48128,ok
00:35:18,55.0,97.8,25531,48016,ok
00:35:19,55.0,97.6,25615,49277,ok
00:35:20,50.3,97.6,25605,48530,ok
00:35:21,55.0,97.1,25127,49127,ok
00:35:22,51.3,98.0,26078,49733,ok
00:35:23,56.1,98.0,26061,49373,ok
00:35:24,55.6,98.1,26065,49343,ok
00:35:25,57.5,98.3,26261,48627,ok
00:35:26,55.0,98.6,26403,48160,ok
00:35:27,52.7,97.9,25091,49706,ok
00:35:28,56.2,98.6,25093,48834,ok
00:35:29,55.2,97.6,26129,49352,ok
00:35:30,54.3,97.4,26782,48447,ok
00:35:31,53.5,98.1,26631,48966,ok
00:35:32,54.5,97.9,25448,49442,ok
00:35:33,50.9,97.8,25333,49190,ok
00:35:34,52.6,98.1,25652,49351,ok
00:35:35,57.8,98.7,26591,49313,ok
00:35:36,55.9,98.1,26429,48912,ok
00:35:37,56.4,97.7,26064,48434,ok
00:35:38,54.3,98.3,26534,48050,ok
00:35:39,54.3,98.4,26335,48151,ok
00:35:40,53.7,97.4,25320,49018,ok
00:35:41,53.6,98.1,26173,49523,ok
00:35:42,52.8,97.8,26859,49366,ok
00:35:43,54.5,98.7,26035,49410,ok
00:35:44,53.3,97.5,26194,48890,ok
00:35:45,53.6,97.4,26123,48516,ok
00:35:46,57.9,97.7,26935,49923,ok
00:35:47,54.8,98.2,25904,48963,ok
00:35:48,52.7,98.1,25778,48820,ok
00:35:49,53.4,98.1,25104,49026,ok
00:35:50,56.9,97.9,26034,48886,ok
00:35:51,52.6,98.4,26443,48470,ok
00:35:52,56.7,98.6,26964,48820,ok
00:35:53,53.4,98.0,26670,49610,ok
00:35:54,54.9,97.6,25855,49513,ok
00:35:55,53.2,97.4,26058,48913,ok
00:35:56,53.4,98.7,26648,49825,ok
00:35:57,54.1,97.4,26476,48488,ok
00:35:58,55.5,98.3,25369,49575,ok
00:35:59,53.7,97.8,25203,48913,ok
00:36:00,53.2,98.1,26072,48660,ok
00:36:01,56.4,97.7,26754,48183,ok
00:36:02,54.1,98.2,26495,49784,ok
00:36:03,57.2,97.9,26683,49858,ok
00:36:04,57.6,98.4,26489,49997,ok
00:36:05,51.5,97.6,26670,49543,ok
00:36:06,53.9,97.6,26973,48530,ok
00:36:07,55.6,97.9,26885,48689,ok
00:36:08,54.3,97.7,25519,48078,ok
00:36:09,60.2,97.2,26985,49473,ok
00:36:10,57.9,98.9,26845,49539,ok
00:36:11,53.9,97.6,26867,49261,ok
00:36:12,55.4,97.9,26484,49704,ok
00:36:13,54.2,97.2,25912,48127,ok
00:36:14,57.7,97.9,25538,48967,ok
00:36:15,56.3,98.6,25988,48429,ok
00:36:16,51.8,98.6,25266,49496,ok
00:36:17,58.4,97.8,25500,48535,ok
00:36:18,55.4,98.3,26161,48802,ok
00:36:19,56.1,97.8,25039,49950,ok
00:36:20,54.4,97.4,26333,48551,ok
00:36:21,56.8,98.3,25022,49698,ok
00:36:22,55.9,98.3,26202,49871,ok
00:36:23,59.6,98.7,26999,48492,ok
00:36:24,54.4,97.7,26494,49110,ok
00:36:25,54.4,96.0,26328,48941,ok
00:36:26,56.0,97.9,26749,49153,ok
00:36:27,56.0,98.5,25847,49730,ok
00:36:28,56.5,98.5,25730,48026,ok
00:36:29,53.5,98.0,26299,49694,ok
00:36:30,52.2,98.3,26258,49544,ok
00:36:31,52.8,98.1,26194,49169,ok
00:36:32,55.7,97.9,26802,48746,ok
00:36:33,54.3,98.5,25872,49103,ok
00:36:34,51.7,97.2,26085,49761,ok
00:36:35,53.3,97.9,26125,49418,ok
00:36:36,54.5,97.2,25757,48339,ok
00:36:37,54.2,98.5,25760,49017,ok
00:36:38,56.3,97.5,26726,48729,ok
00:36:39,54.1,98.5,26540,48214,ok
00:36:40,57.5,97.7,26843,49932,ok
00:36:41,56.7,98.4,26253,49141,ok
00:36:42,53.9,97.1,25302,49525,ok
00:36:43,55.8,97.9,25830,48009,ok
00:36:44,57.5,97.6,25104,49542,ok
00:36:45,55.3,98.5,25563,49216,ok
00:36:46,56.8,98.1,26152,49390,ok
00:36:47,59.3,97.7,25514,49720,ok
00:36:48,57.9,97.8,25147,49846,ok
00:36:49,52.7,98.1,26989,48964,ok
00:36:50,55.9,98.1,26283,48481,ok
00:36:51,52.5,98.9,25910,49113,ok
00:36:52,58.4,97.0,26556,49629,ok
00:36:53,56.6,98.2,26473,49238,ok
00:36:54,54.5,98.0,26873,49295,ok
00:36:55,54.9,97.6,26515,48255,ok
00:36:56,54.5,98.0,25052,48789,ok
00:36:57,52.3,98.0,26218,49647,ok
00:36:58,57.6,98.1,26707,48922,ok
00:36:59,55.0,97.7,26539,48802,ok
00:37:00,53.4,98.4,26359,49551,ok
00:37:01,53.8,98.6,26689,48449,ok
00:37:02,55.1,98.0,26712,49682,ok
00:37:03,56.0,98.5,26180,48910,ok
00:37:04,57.6,98.6,25733,49471,ok
00:37:05,52.0,97.7,26027,48723,ok
00:37:06,52.5,98.3,26802,48724,ok
00:37:07,60.7,97.6,25188,49226,ok
00:37:08,52.8,97.3,25903,49604,ok
00:37:09,53.6,98.1,26512,49619,ok
00:37:10,53.5,98.3,25708,49793,ok
00:37:11,57.6,98.1,25725,48784,ok
00:37:12,54.9,97.4,26559,49342,ok
00:37:13,54.5,98.6,25439,48517,ok
00:37:14,55.1,98.5,26120,48495,ok
00:37:15,52.7,98.3,25883,49972,ok
00:37:16,54.1,98.0,25767,48616,ok
00:37:17,51.6,98.4,26695,48891,ok
00:37:18,56.1,97.8,26271,49739,ok
00:37:19,52.0,98.2,26403,49408,ok
00:37:20,58.6,98.6,26530,49626,ok
00:37:21,55.6,98.9,26550,49911,ok
00:37:22,56.4,98.6,26286,48346,ok
00:37:23,55.0,98.5,25657,48016,ok
00:37:24,56.3,98.1,25807,48555,ok
00:37:25,58.2,97.4,26333,48415,ok
00:37:26,53.5,97.6,26137,49770,ok
00:37:27,53.8,99.4,26428,49074,ok
00:37:28,58.0,98.3,25071,48508,ok
00:37:29,55.7,97.5,26099,48788,ok
00:37:30,55.1,98.3,25031,49699,ok
00:37:31,50.5,98.0,25738,48693,ok
00:37:32,56.9,98.7,26089,49642,ok
00:37:33,53.8,97.6,25040,48683,ok
00:37:34,56.9,97.8,26164,48652,ok
00:37:35,51.6,98.2,26351,49648,ok
00:37:36,54.9,98.0,26868,49334,ok
00:37:37,55.8,97.7,25585,49711,ok
00:37:38,57.2,98.1,25989,48193,ok
00:37:39,59.1,99.3,25567,49923,ok
00:37:40,54.2,98.9,25404,49267,ok
00:37:41,55.6,98.8,25443,48527,ok
00:37:42,55.5,98.5,25553,48828,ok
00:37:43,54.8,98.2,25495,49177,ok
00:37:44,54.5,97.8,26109,49706,ok
00:37:45,54.2,98.3,25203,49596,ok
00:37:46,57.6,97.4,25428,49733,ok
00:37:47,57.6,97.4,25916,49026,ok
00:37:48,55.9,97.5,26912,49676,ok
00:37:49,53.3,97.4,25470,48953,ok
00:37:50,53.9,98.1,26301,49041,ok
00:37:51,53.5,97.3,25217,48221,ok
00:37:52,55.8,97.9,25096,48700,ok
00:37:53,52.4,97.5,25712,48130,ok
00:37:54,54.8,97.7,25843,49254,ok
00:37:55,59.1,98.0,25980,48544,ok
00:37:56,53.6,98.3,26348,48796,ok
00:37:57,56.8,98.2,25820,49965,ok
00:37:58,55.5,97.9,26276,49635,ok
00:37:59,55.9,97.4,26065,48260,ok
00:38:00,53.9,97.9,26207,48025,ok
00:38:01,55.3,99.1,26958,48997,ok
00:38:02,50.5,99.0,25181,48582,ok
00:38:03,56.1,97.8,26832,48992,ok
00:38:04,54.9,98.0,26202,49326,ok
00:38:05,53.9,97.7,26285,48504,ok
00:38:06,58.9,98.4,26514,49087,ok
00:38:07,57.0,98.6,25616,48763,ok
00:38:08,52.6,97.9,26527,49269,ok
00:38:09,58.4,98.6,25049,48448,ok
00:38:10,59.2,97.7,26340,49161,ok
00:38:11,53.6,100.1,26440,48497,ok
00:38:12,55.2,96.9,25123,48950,ok
00:38:13,53.1,98.1,25228,49663,ok
00:38:14,54.0,97.2,25374,48465,ok
00:38:15,54.7,97.5,25062,49603,ok
00:38:16,56.7,97.2,25819,48898,ok
00:38:17,52.3,97.8,25634,48097,ok
00:38:18,55.4,98.5,25606,48878,ok
00:38:19,57.4,98.2,26322,48527,ok
00:38:20,58.3,98.0,25458,49790,ok
00:38:21,54.5,97.5,26270,48847,ok
00:38:22,55.2,98.1,26198,48522,ok
00:38:23,56.4,98.2,25705,48822,ok
00:38:24,58.5,98.1,26798,49615,ok
00:38:25,52.3,97.5,26203,48723,ok
00:38:26,56.7,98.2,25335,49550,ok
00:38:27,55.7,97.3,26924,48197,ok
00:38:28,56.0,98.7,25941,48416,ok
00:38:29,53.1,97.7,26587,48956,ok
00:38:30,58.7,97.7,25951,49342,ok
00:38:31,52.5,98.1,25675,49443,ok
00:38:32,54.2,98.9,26221,49442,ok
00:38:33,56.4,98.1,25693,49233,ok
00:38:34,54.4,98.3,26119,49449,ok
00:38:35,56.4,98.3,25148,49301,ok
00:38:36,53.5,97.4,26515,49356,ok
00:38:37,53.1,97.4,25176,48995,ok
00:38:38,54.7,98.9,25770,49090,ok
00:38:39,49.8,98.8,26574,49752,ok
00:38:40,55.2,98.6,26749,49362,ok
00:38:41,55.1,98.4,25563,49312,ok
00:38:42,56.1,98.3,26577,48382,ok
00:38:43,58.1,97.0,26333,49414,ok
00:38:44,54.5,97.6,25362,49836,ok
00:38:45,55.4,97.7,26565,48042,ok
00:38:46,54.8,98.8,25948,48690,ok
00:38:47,58.4,98.2,25314,49236,ok
00:38:48,54.4,98.0,25691,49214,ok
00:38:49,56.7,97.5,26721,49772,ok
00:38:50,53.1,97.9,25389,48386,ok
00:38:51,52.4,97.9,25152,49387,ok
00:38:52,50.3,98.5,26463,48533,ok
00:38:53,56.8,98.1,25568,49382,ok
00:38:54,54.3,97.2,25974,49665,ok
00:38:55,55.0,98.6,25571,49794,ok
00:38:56,51.4,98.5,26185,49165,ok
00:38:57,53.9,97.5,26230,49748,ok
00:38:58,54.4,97.5,25878,48471,ok
00:38:59,53.4,98.3,26118,48359,ok
00:39:00,55.1,98.3,25962,48863,ok
00:39:01,55.3,97.9,25563,49734,ok
00:39:02,54.5,98.5,25011,49880,ok
00:39:03,54.2,97.9,26826,49392,ok
00:39:04,54.3,98.4,25183,48517,ok
00:39:05,58.2,98.4,26502,48252,ok
00:39:06,59.3,97.3,25822,48312,ok
00:39:07,54.1,97.4,25048,49772,ok
00:39:08,52.1,98.0,26520,48788,ok
00:39:09,49.4,98.0,25204,48646,ok
00:39:10,56.9,98.4,26578,49945,ok
00:39:11,55.1,98.1,25220,49478,ok
00:39:12,53.9,96.9,25559,49553,ok
00:39:13,53.6,97.7,25717,48743,ok
00:39:14,56.2,97.6,26819,49628,ok
00:39:15,56.6,98.0,25998,48749,ok
00:39:16,50.4,98.8,26517,48242,ok
00:39:17,59.6,99.0,25597,48106,ok
00:39:18,53.1,97.5,25386,49525,ok
00:39:19,55.7,98.1,26108,48263,ok
00:39:20,54.7,98.8,25347,48914,ok
00:39:21,54.1,98.8,26608,49456,ok
00:39:22,55.8,97.9,25071,48887,ok
00:39:23,56.6,98.4,25219,49696,ok
00:39:24,56.0,97.2,25754,48694,ok
00:39:25,53.0,97.1,25560,49368,ok
00:39:26,56.0,97.9,26297,49702,ok
00:39:27,56.5,98.0,25688,48052,ok
00:39:28,55.3,97.7,26748,49648,ok
00:39:29,53.4,97.8,26028,49398,ok
00:39:30,52.1,98.2,26763,48944,ok
00:39:31,56.8,97.6,26286,49735,ok
00:39:32,56.2,97.8,25321,48169,ok
00:39:33,57.3,97.8,25118,48941,ok
00:39:34,55.4,97.5,26845,49029,ok
00:39:35,53.4,98.3,25979,49610,ok
00:39:36,54.3,98.1,26283,48984,ok
00:39:37,55.4,98.6,25713,49080,ok
00:39:38,57.8,98.7,26123,48249,ok
00:39:39,56.2,97.8,26095,49366,ok
00:39:40,50.2,97.3,26763,49345,ok
00:39:41,54.7,98.5,25544,48351,ok
00:39:42,55.3,97.6,26373,49971,ok
00:39:43,54.0,97.7,26689,48434,ok
00:39:44,57.4,98.1,26292,49934,ok
00:39:45,57.5,97.7,26227,49560,ok
00:39:46,55.6,98.3,25416,49011,ok
00:39:47,53.8,98.5,26691,48203,ok
00:39:48,53.0,98.8,26480,48818,ok
00:39:49,53.1,97.9,26831,49002,ok
00:39:50,55.1,98.1,26997,49769,ok
00:39:51,53.1,98.2,25898,49387,ok
00:39:52,55.7,98.5,26192,49074,ok
00:39:53,54.0,97.9,25411,48770,ok
00:39:54,53.5,97.7,25951,48886,ok
00:39:55,62.6,98.3,26354,48528,ok
00:39:56,58.3,98.9,26089,48474,ok
00:39:57,55.8,98.7,25665,48043,ok
00:39:58,54.7,98.0,26395,48187,ok
00:39:59,56.1,98.1,25946,49708,ok
00:40:00,53.0,97.5,26381,49489,ok
00:40:01,55.8,98.2,26853,48239,ok
00:40:02,53.5,98.1,25326,48069,ok
00:40:03,53.8,98.2,26011,49517,ok
00:40:04,58.1,98.6,25202,48235,ok
00:40:05,53.4,97.7,26642,48010,ok
00:40:06,55.7,98.2,25302,49292,ok
00:40:07,55.6,98.3,25428,48944,ok
00:40:08,52.2,97.8,26527,49192,ok
00:40:09,54.0,98.4,26734,49389,ok
00:40:10,54.6,98.1,25411,48976,ok
00:40:11,52.2,97.8,25072,49457,ok
00:40:12,54.3,97.3,25009,48310,ok
00:40:13,59.1,98.3,25696,48615,ok
00:40:14,59.5,97.6,25381,49903,ok
00:40:15,52.4,97.8,26097,49896,ok
00:40:16,54.6,97.8,26968,48580,ok
00:40:17,56.5,98.2,25455,48513,ok
00:40:18,55.3,97.6,25231,48264,ok
00:40:19,56.5,98.3,26900,48341,ok
00:40:20,54.8,98.8,26929,49940,ok
00:40:21,54.6,98.7,26347,48469,ok
00:40:22,56.5,97.8,26271,49553,ok
00:40:23,55.9,98.8,25563,48107,ok
00:40:24,55.0,97.8,25875,49184,ok
00:40:25,57.1,98.2,26177,48307,ok
00:40:26,54.6,98.5,25709,48323,ok
00:40:27,52.9,98.3,25573,48314,ok
00:40:28,54.4,98.6,26982,48266,ok
00:40:29,60.2,97.6,26584,49449,ok
00:40:30,56.7,97.5,25491,48101,ok
00:40:31,56.5,97.4,25817,48582,ok
00:40:32,57.2,97.5,25462,48587,ok
00:40:33,52.7,98.2,26159,48813,ok
00:40:34,53.0,98.1,26180,48949,ok
00:40:35,54.4,98.5,26793,48292,ok
00:40:36,50.1,98.5,25394,48843,ok
00:40:37,53.2,98.8,25309,48456,ok
00:40:38,55.9,98.7,26017,49808,ok
00:40:39,54.9,97.8,25934,49741,ok
00:40:40,55.7,97.8,25758,48217,ok
00:40:41,59.0,98.3,26188,49767,ok
00:40:42,53.0,98.1,26663,49715,ok
00:40:43,56.5,97.9,25128,48514,ok
00:40:44,55.3,98.2,25196,48330,ok
00:40:45,54.4,98.2,25496,49289,ok
00:40:46,56.0,98.1,26181,49478,ok
00:40:47,52.4,98.3,26006,49853,ok
00:40:48,54.0,97.4,25897,49866,ok
00:40:49,53.8,97.2,25376,48322,ok
00:40:50,56.9,98.4,25441,49617,ok
00:40:51,57.7,98.2,25643,48254,ok
00:40:52,53.0,97.3,26728,48456,ok
00:40:53,55.5,98.5,25772,49837,ok
00:40:54,54.4,98.7,25833,49357,ok
00:40:55,55.8,98.1,26497,49959,ok
00:40:56,51.5,97.9,26070,49242,ok
00:40:57,54.8,97.8,26222,48767,ok
00:40:58,55.7,97.7,26405,49863,ok
00:40:59,52.3,98.9,25786,49939,ok
00:41:00,54.5,97.8,25541,48799,ok
00:41:01,57.8,98.0,25985,48448,ok
00:41:02,54.2,97.7,25405,49525,ok
00:41:03,55.3,98.6,25308,48685,ok
00:41:04,52.4,98.7,25947,48150,ok
00:41:05,58.0,98.1,26866,49736,ok
00:41:06,57.8,98.7,26881,48296,ok
00:41:07,57.5,97.8,25678,48164,ok
00:41:08,56.8,98.4,26300,49554,ok
00:41:09,56.2,98.1,25292,49108,ok
00:41:10,54.9,98.1,26527,48202,ok
00:41:11,54.7,99.3,25955,48660,ok
00:41:12,52.2,98.1,26847,48065,ok
00:41:13,53.6,97.4,26590,49900,ok
00:41:14,55.9,98.8,26114,48048,ok
00:41:15,54.8,97.6,25629,48273,ok
00:41:16,51.0,98.3,26483,48095,ok
00:41:17,55.7,97.9,25246,48424,ok
00:41:18,60.8,97.5,26041,48954,ok
00:41:19,52.9,98.3,26127,48103,ok
00:41:20,53.8,97.7,25883,48264,ok
00:41:21,56.7,97.7,26498,49722,ok
00:41:22,57.7,98.2,25470,48597,ok
00:41:23,52.2,98.6,26540,48909,ok
00:41:24,53.9,97.8,25071,49369,ok
00:41:25,54.6,97.8,26822,49790,ok
00:41:26,52.6,98.0,25082,48788,ok
00:41:27,54.1,98.2,26978,48680,ok
00:41:28,53.9,98.7,25582,48233,ok
00:41:29,55.3,99.6,26932,48344,ok
00:41:30,51.0,98.5,25149,48613,ok
00:41:31,54.7,98.3,25379,49757,ok
00:41:32,55.3,97.3,26497,48864,ok
00:41:33,56.8,97.9,25569,48531,ok
00:41:34,53.7,97.8,25281,48943,ok
00:41:35,55.4,98.0,26461,48638,ok
00:41:36,55.9,97.8,26226,49925,ok
00:41:37,53.9,98.0,26046,49195,ok
00:41:38,55.5,97.8,26118,48496,ok
00:41:39,58.8,98.6,26299,48576,ok
00:41:40,51.6,97.6,25899,49268,ok
00:41:41,55.2,97.8,25940,48160,ok
00:41:42,53.5,97.4,26681,49968,ok
00:41:43,53.7,97.5,25068,48629,ok
00:41:44,51.5,99.0,25117,49936,ok
00:41:45,55.2,98.1,25686,49503,ok
00:41:46,54.8,98.3,25306,48310,ok
00:41:47,52.3,98.1,25628,48287,ok
00:41:48,51.5,98.8,26161,48459,ok
00:41:49,56.4,98.0,26906,48092,ok
00:41:50,55.6,99.1,26493,49691,ok
00:41:51,53.9,97.9,25711,49463,ok
00:41:52,55.0,97.3,25557,48585,ok
00:41:53,55.2,98.0,25146,49829,ok
00:41:54,53.7,97.7,26699,49960,ok
00:41:55,53.6,98.0,26072,49238,ok
00:41:56,54.5,98.1,26685,48931,ok
00:41:57,53.1,98.1,25581,49225,ok
00:41:58,54.7,98.4,26451,48578,ok
00:41:59,54.6,97.5,26335,49880,ok
00:42:00,51.2,98.6,26214,49310,ok
00:42:01,53.4,98.3,26696,49887,ok
00:42:02,51.1,98.1,25581,48475,ok
00:42:03,58.8,98.5,25494,49884,ok
00:42:04,55.5,97.8,26423,48648,ok
00:42:05,58.6,98.1,25139,49816,ok
00:42:06,55.2,97.9,25578,49970,ok
00:42:07,56.8,98.3,25966,49878,ok
00:42:08,55.2,98.5,25184,48504,ok
00:42:09,56.3,97.8,25087,48968,ok
00:42:10,54.5,99.0,25501,49340,ok
00:42:11,56.6,97.8,25086,49101,ok
00:42:12,54.6,98.1,26833,49398,ok
00:42:13,56.0,98.9,26234,48923,ok
00:42:14,54.7,98.0,25215,49748,ok
00:42:15,49.9,97.7,25323,48272,ok
00:42:16,52.2,97.1,25241,49902,ok
00:42:17,54.6,97.0,26875,49431,ok
00:42:18,55.4,96.9,25557,48138,ok
00:42:19,54.5,97.7,25440,49966,ok
00:42:20,55.6,98.0,26953,48467,ok
00:42:21,56.2,96.9,26152,49902,ok
00:42:22,53.8,98.7,25793,49343,ok
00:42:23,57.7,98.3,25645,48178,ok
00:42:24,54.8,97.0,25161,49171,ok
00:42:25,57.1,97.6,26520,48825,ok
00:42:26,55.2,98.9,25037,49448,ok
00:42:27,53.7,97.3,25486,49346,ok
00:42:28,53.0,97.9,26913,48392,ok
00:42:29,56.5,97.9,26388,48689,ok
00:42:30,54.1,98.5,25727,48188,ok
00:42:31,53.5,97.5,26010,48915,ok
00:42:32,54.4,98.1,26694,48277,ok
00:42:33,56.8,98.8,26668,48366,ok
00:42:34,58.7,97.8,26097,48190,ok
00:42:35,50.8,98.3,25893,49566,ok
00:42:36,54.7,97.9,26786,49008,ok
00:42:37,56.7,97.7,26693,48031,ok
00:42:38,52.7,98.5,26613,49515,ok
00:42:39,57.3,98.2,26464,48951,ok
00:42:40,52.7,97.5,26813,48534,ok
00:42:41,54.4,98.0,25395,48888,ok
00:42:42,58.9,98.7,26217,48526,ok
00:42:43,54.4,98.9,25792,49425,ok
00:42:44,56.9,97.5,26853,49935,ok
00:42:45,57.2,98.0,26162,49927,ok
00:42:46,54.7,98.0,25033,48212,ok
00:42:47,58.3,96.7,26562,48644,ok
00:42:48,56.6,97.4,25888,49697,ok
00:42:49,55.4,98.5,26128,49202,ok
00:42:50,53.3,97.8,26167,49179,ok
00:42:51,54.2,98.1,25711,48933,ok
00:42:52,58.8,97.6,25166,49990,ok
00:42:53,53.4,99.4,25476,48182,ok
00:42:54,57.4,97.7,26056,48642,ok
00:42:55,55.3,97.2,26317,48031,ok
00:42:56,53.7,97.8,25892,49826,ok
00:42:57,56.9,98.4,26158,49997,ok
00:42:58,54.1,97.3,26756,49517,ok
00:42:59,53.9,98.5,25345,49251,ok
00:43:00,54.8,98.1,26255,48473,ok
00:43:01,54.0,97.5,25736,49405,ok
00:43:02,55.2,98.2,25986,48225,ok
00:43:03,52.1,98.0,26410,49633,ok
00:43:04,55.3,98.0,26608,48392,ok
00:43:05,55.6,97.8,25555,48447,ok
00:43:06,54.0,97.4,26007,49248,ok
00:43:07,55.4,97.8,26428,48360,ok
00:43:08,57.9,97.8,25200,48172,ok
00:43:09,51.0,99.0,25362,49611,ok
00:43:10,55.5,97.1,26926,48720,ok
00:43:11,53.9,98.0,25175,48601,ok
00:43:12,58.4,97.9,26715,49714,ok
00:43:13,57.1,97.2,25831,49063,ok
00:43:14,58.0,97.4,25781,48387,ok
00:43:15,57.2,97.6,25453,48794,ok
00:43:16,54.0,97.3,26141,49672,ok
00:43:17,58.4,97.4,25734,48344,ok
00:43:18,55.8,97.8,26816,48650,ok
00:43:19,56.7,98.1,25718,49065,ok
00:43:20,52.7,98.2,26134,49369,ok
00:43:21,54.8,98.9,26408,49388,ok
00:43:22,58.2,97.9,26722,48687,ok
00:43:23,55.0,98.3,25628,49828,ok
00:43:24,56.5,98.1,25627,49888,ok
00:43:25,55.8,97.7,26614,49114,ok
00:43:26,50.0,98.1,26782,48720,ok
00:43:27,57.0,98.0,26117,49017,ok
00:43:28,53.6,97.9,25935,48790,ok
00:43:29,53.2,98.8,25805,49195,ok
00:43:30,56.0,97.0,25988,48421,ok
00:43:31,56.9,98.4,26077,48752,ok
00:43:32,57.8,98.3,25701,48583,ok
00:43:33,54.3,98.0,26719,48215,ok
00:43:34,51.9,97.5,25627,49279,ok
00:43:35,56.2,99.0,25938,48257,ok
00:43:36,54.9,99.3,26169,48121,ok
00:43:37,54.3,98.4,25137,49714,ok
00:43:38,51.9,98.5,26726,48841,ok
00:43:39,54.5,98.0,26991,49071,ok
00:43:40,55.0,98.7,26606,48706,ok
00:43:41,54.1,97.7,26006,48937,ok
00:43:42,52.8,98.3,25124,49180,ok
00:43:43,53.0,98.0,25649,48581,ok
00:43:44,56.8,98.9,26876,48933,ok
00:43:45,53.3,97.8,25475,49330,ok
00:43:46,56.5,98.8,26548,49025,ok
00:43:47,55.8,98.4,25649,48562,ok
00:43:48,55.8,98.3,26076,49675,ok
00:43:49,56.5,97.3,25893,48189,ok
00:43:50,56.1,97.7,26660,49817,ok
00:43:51,55.6,97.8,25038,48240,ok
00:43:52,53.9,98.4,25300,49452,ok
00:43:53,55.9,98.5,26882,48461,ok
00:43:54,55.3,97.8,26864,49805,ok
00:43:55,53.6,98.0,25988,48938,ok
00:43:56,52.7,98.6,26303,49573,ok
00:43:57,55.3,97.7,26798,49662,ok
00:43:58,56.3,98.0,26114,48352,ok
00:43:59,52.6,98.1,26747,48364,ok
00:44:00,55.4,98.3,26634,48091,ok
00:44:01,58.3,98.8,25407,49745,ok
00:44:02,52.9,97.8,26108,49270,ok
00:44:03,60.8,98.5,25164,48226,ok
00:44:04,53.7,97.4,26085,48328,ok
00:44:05,57.1,98.1,26986,48327,ok
00:44:06,57.2,97.4,25465,48953,ok
00:44:07,53.2,97.3,26685,48115,ok
00:44:08,55.1,98.1,25792,48041,ok
00:44:09,55.3,98.1,26902,48178,ok
00:44:10,50.2,97.7,25391,49481,ok
00:44:11,52.0,98.5,26038,48365,ok
00:44:12,55.3,98.0,25026,48244,ok
00:44:13,55.9,97.3,26480,48298,ok
00:44:14,54.7,97.0,26707,49217,ok
00:44:15,54.3,98.8,25216,49312,ok
00:44:16,53.1,98.3,26136,49101,ok
00:44:17,56.6,97.1,25814,49245,ok
00:44:18,57.4,98.4,26446,49851,ok
00:44:19,54.9,99.0,25496,49409,ok
00:44:20,54.4,98.6,26215,48532,ok
00:44:21,52.4,97.9,25420,48584,ok
00:44:22,57.1,98.2,25727,48766,ok
00:44:23,56.0,97.7,26412,48886,ok
00:44:24,56.5,97.7,25369,49075,ok
00:44:25,53.2,97.8,25103,49594,ok
00:44:26,54.6,98.4,25758,48899,ok
00:44:27,53.2,98.0,25860,49456,ok
00:44:28,57.4,98.5,25676,49271,ok
00:44:29,52.1,98.5,26113,49135,ok
00:44:30,58.2,98.3,25342,49681,ok
00:44:31,53.8,97.7,25799,49461,ok
00:44:32,54.2,98.6,26790,49015,ok
00:44:33,53.3,97.9,26641,48513,ok
00:44:34,54.7,97.8,26856,49127,ok
00:44:35,55.5,98.0,26938,49988,ok
00:44:36,57.3,98.1,26751,49274,ok
00:44:37,56.9,98.5,26270,48681,ok
00:44:38,51.8,97.7,25850,48864,ok
00:44:39,57.5,98.6,25527,48881,ok
00:44:40,56.0,98.0,25222,49844,ok
00:44:41,54.8,97.9,25066,48232,ok
00:44:42,54.9,97.5,25401,48943,ok
00:44:43,55.0,99.0,26171,48533,ok
00:44:44,54.4,98.8,25258,49020,ok
00:44:45,55.5,98.0,25289,49037,ok
00:44:46,56.5,98.1,25362,49134,ok
00:44:47,57.4,97.9,25063,48050,ok
00:44:48,53.2,98.1,25139,49738,ok
00:44:49,48.5,97.8,26121,49924,ok
00:44:50,54.8,97.2,26113,49077,ok
00:44:51,54.3,98.0,25038,48337,ok
00:44:52,56.4,97.8,25753,48297,ok
00:44:53,53.1,97.9,25778,49130,ok
00:44:54,53.6,97.4,26805,49848,ok
00:44:55,53.3,97.9,25333,49764,ok
00:44:56,57.3,98.2,26939,49310,ok
00:44:57,57.1,98.2,26060,48891,ok
00:44:58,53.7,97.3,25599,48676,ok
00:44:59,55.7,98.2,26083,49564,ok
00:45:00,53.9,98.9,26822,49914,ok
00:45:01,54.4,97.9,26653,48279,ok
00:45:02,54.6,98.1,26992,48224,ok
00:45:03,53.2,98.4,25051,48859,ok
00:45:04,54.5,97.6,25404,48209,ok
00:45:05,56.9,97.3,25594,48686,ok
00:45:06,53.9,97.8,25872,49919,ok
00:45:07,57.9,97.7,26629,48698,ok
00:45:08,53.7,97.9,26952,49341,ok
00:45:09,54.6,97.8,26178,48801,ok
00:45:10,56.6,98.7,25806,48727,ok
00:45:11,54.4,97.4,26191,48530,ok
00:45:12,53.5,98.2,25644,48132,ok
00:45:13,55.0,97.6,26026,48309,ok
00:45:14,54.6,98.0,26821,49615,ok
00:45:15,51.6,98.3,26254,48540,ok
00:45:16,55.8,98.7,25235,49007,ok
00:45:17,55.8,97.9,25639,48566,ok
00:45:18,52.6,98.3,25493,49094,ok
00:45:19,54.6,98.8,26247,48680,ok
00:45:20,54.1,97.9,25680,49831,ok
00:45:21,55.1,98.8,26926,48895,ok
00:45:22,56.5,98.3,26244,48479,ok
00:45:23,52.1,97.2,26000,49943,ok
00:45:24,56.4,97.0,26557,48992,ok
00:45:25,54.5,97.8,26823,48141,ok
00:45:26,55.9,97.8,25091,48804,ok
00:45:27,54.7,97.8,25737,49902,ok
00:45:28,54.1,98.1,26974,49740,ok
00:45:29,54.1,98.9,26297,49422,ok
00:45:30,56.2,97.2,26346,48192,ok
00:45:31,54.2,99.2,25414,48693,ok
00:45:32,55.2,97.8,25823,49145,ok
00:45:33,56.5,97.1,26281,48674,ok
00:45:34,51.7,97.8,26945,49954,ok
00:45:35,53.0,99.0,26647,48631,ok
00:45:36,55.4,98.6,26093,49635,ok
00:45:37,58.0,98.0,25980,49358,ok
00:45:38,54.4,97.5,25214,49771,ok
00:45:39,56.5,98.4,26056,49758,ok
00:45:40,55.4,98.2,26998,48065,ok
00:45:41,56.2,97.4,25279,49295,ok
00:45:42,56.9,97.4,25255,48699,ok
00:45:43,53.5,98.0,26987,49842,ok
00:45:44,56.7,97.8,25750,48628,ok
00:45:45,52.0,97.8,25254,48838,ok
00:45:46,51.6,97.9,25188,48443,ok
00:45:47,53.1,98.1,26369,49659,ok
00:45:48,57.4,98.0,25024,49256,ok
00:45:49,56.3,98.0,25033,48208,ok
00:45:50,57.3,98.1,26149,49608,ok
00:45:51,53.3,97.5,25480,48936,ok
00:45:52,54.5,98.4,26798,49640,ok
00:45:53,54.8,98.6,25146,49899,ok
00:45:54,56.3,98.0,25799,48344,ok
00:45:55,55.0,98.7,26894,49050,ok
00:45:56,55.4,98.0,26353,49408,ok
00:45:57,53.4,96.9,26439,49995,ok
00:45:58,59.4,97.7,25496,49762,ok
00:45:59,55.0,98.3,25556,48688,ok
00:46:00,56.7,97.8,25902,49121,ok
00:46:01,50.8,98.1,26283,49441,ok
00:46:02,59.7,98.2,26802,49944,ok
00:46:03,53.3,97.0,25519,48816,ok
00:46:04,55.9,98.1,26408,48430,ok
00:46:05,54.7,97.8,26306,48298,ok
00:46:06,58.5,96.6,25464,48046,ok
00:46:07,54.4,97.9,25511,48634,ok
00:46:08,54.8,97.6,25622,49446,ok
00:46:09,57.8,97.8,26244,49375,ok
00:46:10,56.0,98.5,26320,49857,ok
00:46:11,55.1,98.2,26411,48568,ok
00:46:12,53.6,98.0,26345,49754,ok
00:46:13,57.5,97.7,26645,49288,ok
00:46:14,54.9,99.0,25331,49552,ok
00:46:15,57.5,98.5,26269,48853,ok
00:46:16,54.2,98.2,26664,48414,ok
00:46:17,56.2,98.4,25967,49835,ok
00:46:18,55.4,99.2,26454,48163,ok
00:46:19,54.8,98.5,25074,48182,ok
00:46:20,53.8,97.7,25013,48501,ok
00:46:21,56.9,98.1,25233,49838,ok
00:46:22,59.0,98.4,26148,48033,ok
00:46:23,58.3,97.6,26898,48823,ok
00:46:24,53.8,97.7,25239,49146,ok
00:46:25,58.4,97.8,26592,49235,ok
00:46:26,55.8,97.7,26009,49744,ok
00:46:27,53.9,98.1,25830,49152,ok
00:46:28,53.1,97.5,25212,48007,ok
00:46:29,54.2,98.0,26611,49668,ok
00:46:30,55.2,98.5,25371,48847,ok
00:46:31,56.3,98.3,25432,48659,ok
00:46:32,56.0,97.8,25390,49656,ok
00:46:33,56.4,97.8,26748,49331,ok
00:46:34,52.8,98.7,26388,48634,ok
00:46:35,58.0,97.4,25294,48953,ok
00:46:36,52.1,98.5,25664,48938,ok
00:46:37,55.8,98.2,26988,48790,ok
00:46:38,57.6,98.2,25880,48438,ok
00:46:39,54.8,97.8,26792,48528,ok
00:46:40,53.8,98.3,25455,49977,ok
00:46:41,52.3,98.1,25927,49737,ok
00:46:42,55.3,98.7,26402,48376,ok
00:46:43,56.0,98.1,25652,49206,ok
00:46:44,55.4,97.8,26941,48330,ok
00:46:45,55.7,96.9,26884,49460,ok
00:46:46,58.0,97.9,25897,49762,ok
00:46:47,56.3,98.5,26251,49039,ok
00:46:48,54.1,98.2,25715,48197,ok
00:46:49,54.9,98.1,26108,48617,ok
00:46:50,56.9,97.3,25951,49705,ok
00:46:51,57.6,97.5,25917,49912,ok
00:46:52,58.8,97.9,26892,49840,ok
00:46:53,53.3,97.9,25929,49572,ok
00:46:54,53.4,98.1,25904,49133,ok
00:46:55,51.2,97.6,25084,49458,ok
00:46:56,54.1,97.7,25966,48846,ok
00:46:57,55.8,98.5,26379,48186,ok
00:46:58,53.2,97.8,25087,48272,ok
00:46:59,55.0,97.1,25275,49704,ok
00:47:00,69.7,96.6,25885,48131,ok
00:47:01,74.7,96.1,25754,49648,ok
00:47:02,73.7,96.6,25202,49122,ok
00:47:03,72.9,95.6,26552,48749,ok
00:47:04,70.9,96.9,26248,49712,ok
00:47:05,72.5,95.7,25422,49704,ok
00:47:06,72.3,96.0,26812,49374,ok
00:47:07,71.3,96.3,26939,49828,ok
00:47:08,76.5,95.7,25587,49515,ok
00:47:09,71.8,95.2,25305,49599,ok
00:47:10,73.3,96.1,26630,48805,ok
00:47:11,74.2,96.1,26896,48559,ok
00:47:12,69.3,96.8,25789,48346,ok
00:47:13,75.1,96.7,26383,48240,ok
00:47:14,72.5,95.3,26446,48859,ok
00:47:15,72.8,96.1,25652,49390,ok
00:47:16,73.5,95.7,25709,48240,ok
00:47:17,71.7,96.9,25899,48552,ok
00:47:18,71.7,95.3,25254,49158,ok
00:47:19,70.6,96.3,26971,48048,ok
00:47:20,70.4,96.6,25707,48002,ok
00:47:21,71.4,96.6,26650,49762,ok
00:47:22,73.7,95.9,26241,48643,ok
00:47:23,69.8,95.9,25316,49282,ok
00:47:24,71.1,95.7,26622,49330,ok
00:47:25,70.6,96.1,25584,49310,ok
00:47:26,71.4,96.0,25351,49730,ok
00:47:27,70.4,95.7,26830,49742,ok
00:47:28,71.5,95.2,26000,48853,ok
00:47:29,70.5,95.2,25837,49676,ok
00:47:30,72.9,94.8,26710,48459,ok
00:47:31,70.7,96.3,25111,48313,ok
00:47:32,73.2,95.4,25446,49014,ok
00:47:33,70.7,97.2,25381,48347,ok
00:47:34,74.3,96.0,26341,48824,ok
00:47:35,73.8,96.6,25554,48046,ok
00:47:36,73.8,96.0,25485,48856,ok
00:47:37,73.9,96.3,25799,49095,ok
00:47:38,70.6,95.8,26125,49865,ok
00:47:39,68.6,95.7,25092,48654,ok
00:47:40,74.1,96.5,26523,48828,ok
00:47:41,71.4,95.7,25821,49033,ok
00:47:42,71.8,96.2,25175,49177,ok
00:47:43,70.3,94.7,25320,48078,ok
00:47:44,72.4,96.3,25071,49977,ok
00:47:45,72.3,96.2,26383,48882,ok
00:47:46,70.3,96.9,25073,48153,ok
00:47:47,72.0,95.9,25012,48471,ok
00:47:48,72.3,95.6,25578,49544,ok
00:47:49,73.2,96.3,26410,48968,ok
00:47:50,69.2,94.8,26014,48948,ok
00:47:51,72.2,95.7,26388,49533,ok
00:47:52,68.9,96.1,25054,49384,ok
00:47:53,69.6,96.6,26447,48782,ok
00:47:54,68.8,96.1,25350,49754,ok
00:47:55,68.7,95.3,26230,49956,ok
00:47:56,71.6,96.2,26377,48333,ok
00:47:57,69.0,95.1,26888,49381,ok
00:47:58,73.0,96.2,26892,49337,ok
00:47:59,73.1,96.9,26082,49222,ok
00:48:00,72.8,95.1,25498,48180,ok
00:48:01,72.9,97.4,25501,49321,ok
00:48:02,77.0,96.3,26917,49413,ok
00:48:03,71.1,95.4,25811,48210,ok
00:48:04,72.4,96.2,25245,49548,ok
00:48:05,72.5,95.6,26023,48365,ok
00:48:06,71.7,95.4,26547,49467,ok
00:48:07,70.2,96.1,25106,48119,ok
00:48:08,71.2,96.2,26781,49396,ok
00:48:09,69.2,96.8,25640,49875,ok
00:48:10,68.5,95.9,26899,49682,ok
00:48:11,73.4,95.3,25548,48326,ok
00:48:12,75.8,95.6,26901,48849,ok
00:48:13,71.6,95.9,26781,49329,ok
00:48:14,71.9,96.7,26998,48272,ok
00:48:15,72.1,95.8,26053,48661,ok
00:48:16,73.9,96.3,25336,49130,ok
00:48:17,70.7,95.7,26492,49834,ok
00:48:18,71.2,96.4,25517,49122,ok
00:48:19,74.3,95.9,26017,48818,ok
00:48:20,71.4,96.4,26176,49223,ok
00:48:21,72.3,95.5,25855,48326,ok
00:48:22,74.1,96.6,25466,49232,ok
00:48:23,72.6,95.0,25442,49951,ok
00:48:24,75.0,96.3,26592,49637,ok
00:48:25,72.6,95.5,25792,49181,ok
00:48:26,68.9,95.8,26677,48699,ok
00:48:27,73.2,96.1,25670,49577,ok
00:48:28,69.2,95.8,25083,48771,ok
00:48:29,71.2,95.6,26599,49850,ok
00:48:30,68.2,95.5,26504,49121,ok
00:48:31,71.8,96.0,25469,49190,ok
00:48:32,70.4,96.3,26906,48615,ok
00:48:33,74.7,96.2,26153,49670,ok
00:48:34,72.5,96.8,26795,49105,ok
00:48:35,68.5,96.5,26040,49560,ok
00:48:36,74.8,96.1,26946,48830,ok
00:48:37,72.8,96.1,26576,49658,ok
00:48:38,68.2,96.3,25616,49258,ok
00:48:39,72.1,96.8,26900,48659,ok
00:48:40,72.8,95.7,26049,48424,ok
00:48:41,72.3,96.3,26515,49597,ok
00:48:42,73.4,95.2,26251,49038,ok
00:48:43,71.5,96.7,26956,49629,ok
00:48:44,73.1,95.2,26065,48745,ok
00:48:45,72.2,95.9,25940,49331,ok
00:48:46,70.7,95.5,26976,48336,ok
00:48:47,72.1,96.6,26079,48151,ok
00:48:48,77.6,96.5,25877,48377,ok
00:48:49,73.2,95.9,25415,48756,ok
00:48:50,72.2,96.0,26567,48591,ok
00:48:51,70.1,95.7,25038,49163,ok
00:48:52,71.8,94.7,25565,49267,ok
00:48:53,70.3,97.1,26516,49902,ok
00:48:54,72.1,96.0,26532,48666,ok
00:48:55,71.8,96.0,26185,49503,ok
00:48:56,75.2,95.8,25486,48125,ok
00:48:57,71.9,96.6,25575,48690,ok
00:48:58,68.2,95.7,26697,48042,ok
00:48:59,69.7,96.4,25834,49771,ok
00:49:00,73.5,95.7,25798,49692,ok
00:49:01,71.2,96.4,25775,49072,ok
00:49:02,73.2,95.6,26444,49918,ok
00:49:03,68.6,96.0,26833,48165,ok
00:49:04,70.2,95.4,26470,48066,ok
00:49:05,70.7,96.6,25839,48861,ok
00:49:06,71.4,95.4,26346,49650,ok
00:49:07,68.1,97.3,25639,48592,ok
00:49:08,67.9,95.8,26474,49409,ok
00:49:09,73.0,95.8,26293,48586,ok
00:49:10,73.3,96.0,25980,49696,ok
00:49:11,73.7,95.1,26608,48014,ok
00:49:12,71.9,95.4,26154,49002,ok
00:49:13,71.3,95.9,25456,48385,ok
00:49:14,72.6,96.2,25031,48255,ok
00:49:15,70.5,96.3,26335,48213,ok
00:49:16,73.5,95.2,25121,48550,ok
00:49:17,72.1,95.8,25078,49173,ok
00:49:18,75.3,95.3,26829,49105,ok
00:49:19,70.9,96.6,26550,48653,ok
00:49:20,69.5,95.5,25599,48205,ok
00:49:21,72.8,96.4,26068,48070,ok
00:49:22,69.8,96.4,26827,48100,ok
00:49:23,72.9,95.8,26534,48366,ok
00:49:24,72.6,96.2,25208,48500,ok
00:49:25,73.9,95.9,25535,48277,ok
00:49:26,71.7,95.8,26353,48128,ok
00:49:27,70.5,96.2,25260,48448,ok
00:49:28,70.2,97.2,25786,48346,ok
00:49:29,72.4,96.8,25882,48576,ok
00:49:30,74.2,94.5,25118,49842,ok
00:49:31,71.4,96.1,25027,48184,ok
00:49:32,70.2,95.3,26979,49181,ok
00:49:33,72.0,96.3,25989,48497,ok
00:49:34,72.3,96.2,25350,48480,ok
00:49:35,72.8,95.4,25401,49361,ok
00:49:36,73.7,95.9,26702,49254,ok
00:49:37,71.1,96.2,25940,48832,ok
00:49:38,72.0,96.4,26642,48042,ok
00:49:39,75.1,96.2,26596,48467,ok
00:49:40,72.9,95.9,25311,48315,ok
00:49:41,72.6,96.5,25855,48532,ok
00:49:42,70.6,95.5,26081,48164,ok
00:49:43,74.0,95.6,25731,48713,ok
00:49:44,73.7,96.4,26578,48670,ok
00:49:45,73.9,95.9,25768,48662,ok
00:49:46,75.5,95.9,26815,48843,ok
00:49:47,70.5,96.1,26185,49084,ok
00:49:48,71.3,96.9,26146,48335,ok
00:49:49,73.3,95.8,26497,49133,ok
00:49:50,72.1,96.2,25212,48351,ok
00:49:51,72.1,96.0,25383,49002,ok
00:49:52,72.9,95.5,26474,48901,ok
00:49:53,70.4,95.6,26672,48543,ok
00:49:54,71.0,96.5,25735,48067,ok
00:49:55,70.3,96.1,26666,48783,ok
00:49:56,69.2,96.0,26546,48213,ok
00:49:57,73.9,96.9,26797,49734,ok
00:49:58,69.3,95.2,25584,49350,ok
00:49:59,70.0,95.6,26156,48837,ok
00:50:00,71.0,95.8,25361,48447,ok
00:50:01,69.4,95.3,25502,49940,ok
00:50:02,71.2,95.8,26437,48955,ok
00:50:03,71.1,96.3,26061,49082,ok
00:50:04,72.4,95.8,26480,49190,ok
00:50:05,73.2,95.8,26689,49811,ok
00:50:06,73.5,95.3,26611,48571,ok
00:50:07,69.8,95.8,25716,48586,ok
00:50:08,72.9,95.7,25153,48380,ok
00:50:09,67.7,95.9,26257,48638,ok
00:50:10,76.1,95.6,25442,49881,ok
00:50:11,67.7,95.7,26083,49318,ok
00:50:12,73.9,96.2,25808,49035,ok
00:50:13,71.1,95.5,26333,49636,ok
00:50:14,74.7,96.0,25179,48609,ok
00:50:15,70.3,96.3,26886,49978,ok
00:50:16,71.9,95.7,25712,49237,ok
00:50:17,70.4,96.8,26633,49696,ok
00:50:18,71.1,96.6,25751,48589,ok
00:50:19,71.9,96.8,25216,48089,ok
00:50:20,69.6,96.1,25623,48817,ok
00:50:21,69.8,95.5,25529,48629,ok
00:50:22,67.5,95.3,26998,48775,ok
00:50:23,72.9,96.2,25132,48105,ok
00:50:24,70.6,96.5,26953,49325,ok
00:50:25,71.9,95.2,26055,49731,ok
00:50:26,69.9,96.2,25132,49449,ok
00:50:27,74.1,95.9,26285,48513,ok
00:50:28,69.1,95.8,25289,48700,ok
00:50:29,75.9,96.1,26606,48908,ok
00:50:30,73.2,96.2,25301,49984,ok
00:50:31,70.6,97.2,26414,48866,ok
00:50:32,73.8,96.5,25526,49404,ok
00:50:33,68.6,95.9,25438,49366,ok
00:50:34,72.8,95.5,25798,48597,ok
00:50:35,71.2,96.3,26641,48771,ok
00:50:36,72.8,96.8,25619,49409,ok
00:50:37,71.7,95.9,25218,48011,ok
00:50:38,74.8,95.9,26590,49875,ok
00:50:39,67.3,96.0,25974,48846,ok
00:50:40,73.0,95.7,25074,48500,ok
00:50:41,72.9,94.9,26044,48958,ok
00:50:42,69.4,95.8,25738,48192,ok
00:50:43,74.0,96.5,25934,48236,ok
00:50:44,70.1,96.7,25460,48671,ok
00:50:45,74.1,96.5,26035,49541,ok
00:50:46,72.8,96.1,26982,49899,ok
00:50:47,73.7,96.9,26277,49609,ok
00:50:48,75.6,96.7,26126,49234,ok
00:50:49,71.0,96.7,26253,48618,ok
00:50:50,73.2,95.8,25417,48447,ok
00:50:51,70.8,95.9,26075,48098,ok
00:50:52,73.4,95.6,26194,49531,ok
00:50:53,69.7,96.2,25240,48646,ok
00:50:54,68.8,95.1,25128,49661,ok
00:50:55,70.8,95.2,25494,48605,ok
00:50:56,71.4,95.4,26685,48889,ok
00:50:57,71.2,95.4,26956,49767,ok
00:50:58,66.7,95.6,26907,49726,ok
00:50:59,72.2,95.4,25274,48956,ok
00:51:00,73.4,96.3,25793,48381,ok
00:51:01,73.0,96.0,26909,48753,ok
00:51:02,70.1,95.6,25561,49621,ok
00:51:03,69.8,95.5,26881,49786,ok
00:51:04,71.1,96.0,26170,48489,ok
00:51:05,71.3,96.7,26160,49967,ok
00:51:06,73.8,96.5,25653,48464,ok
00:51:07,76.8,96.1,25957,49361,ok
00:51:08,71.6,96.0,25092,49642,ok
00:51:09,72.4,96.2,26336,48926,ok
00:51:10,76.9,95.7,26938,48140,ok
00:51:11,72.3,96.4,25571,49709,ok
00:51:12,74.8,96.7,25468,49097,ok
00:51:13,68.0,96.5,25512,48145,ok
00:51:14,72.7,95.4,26827,49761,ok
00:51:15,74.1,95.9,26759,48133,ok
00:51:16,66.5,95.4,26017,49494,ok
00:51:17,69.3,96.4,26549,49113,ok
00:51:18,71.5,96.0,25424,48351,ok
00:51:19,73.0,95.9,25843,48417,ok
00:51:20,73.7,95.9,25411,49126,ok
00:51:21,70.7,95.5,25449,49605,ok
00:51:22,68.3,95.2,26111,48458,ok
00:51:23,71.1,95.0,25717,49592,ok
00:51:24,70.8,96.4,26212,48515,ok
00:51:25,70.5,95.9,26705,48275,ok
00:51:26,71.0,95.8,25639,49696,ok
00:51:27,71.7,95.7,25085,49354,ok
00:51:28,75.7,96.3,26773,48875,ok
00:51:29,68.3,96.1,26172,49990,ok
00:51:30,72.4,96.1,25110,48632,ok
00:51:31,72.3,96.3,26527,49402,ok
00:51:32,71.9,95.7,25823,48035,ok
00:51:33,74.3,96.0,25836,49800,ok
00:51:34,74.6,95.6,26241,49363,ok
00:51:35,69.8,96.1,26401,48880,ok
00:51:36,71.1,95.9,26637,49685,ok
00:51:37,72.4,95.9,26431,49953,ok
00:51:38,73.4,96.4,26894,49541,ok
00:51:39,75.3,95.8,25924,48556,ok
00:51:40,66.8,95.9,26603,49794,ok
00:51:41,70.4,95.4,26239,48988,ok
00:51:42,69.5,96.1,26270,48681,ok
00:51:43,75.4,95.7,25210,48074,ok
00:51:44,70.2,95.6,25305,49308,ok
00:51:45,72.1,95.2,26895,48842,ok
00:51:46,74.1,96.1,25494,48094,ok
00:51:47,71.9,95.7,25151,49922,ok
00:51:48,74.4,96.0,25054,49740,ok
00:51:49,71.0,96.4,26052,49904,ok
00:51:50,70.1,96.7,25184,48228,ok
00:51:51,72.6,95.5,26586,49322,ok
00:51:52,72.2,96.2,25419,49621,ok
00:51:53,75.2,97.2,26027,48106,ok
00:51:54,68.5,96.6,25181,49314,ok
00:51:55,72.0,96.4,26274,49300,ok
00:51:56,73.0,96.6,26909,48045,ok
00:51:57,72.8,95.9,26419,49463,ok
00:51:58,68.1,95.5,26164,49422,ok
00:51:59,78.4,96.1,26417,48570,ok
00:52:00,72.7,96.4,26180,49708,ok
00:52:01,71.0,96.1,26106,48117,ok
00:52:02,69.4,95.4,25156,48219,ok
00:52:03,72.9,96.0,26056,49322,ok
00:52:04,70.4,95.5,26296,49528,ok
00:52:05,68.3,96.1,26174,48401,ok
00:52:06,72.2,95.2,26438,49529,ok
00:52:07,68.4,96.1,26330,49979,ok
00:52:08,70.3,96.2,25032,49699,ok
00:52:09,71.6,95.9,26617,48056,ok
00:52:10,72.1,97.0,26769,48563,ok
00:52:11,72.4,96.6,26003,49432,ok
00:52:12,72.5,96.0,25782,48906,ok
00:52:13,68.8,96.3,26036,49108,ok
00:52:14,76.9,96.3,26578,49522,ok
00:52:15,71.8,95.5,26140,49770,ok
00:52:16,74.8,96.4,25177,49287,ok
00:52:17,71.4,96.4,26766,48320,ok
00:52:18,69.6,96.3,26676,49204,ok
00:52:19,73.1,95.9,26809,49230,ok
00:52:20,71.9,95.3,25923,49509,ok
00:52:21,71.6,96.4,26574,48780,ok
00:52:22,67.1,97.1,26578,48460,ok
00:52:23,72.9,95.9,26558,49652,ok
00:52:24,74.4,96.1,26711,48675,ok
00:52:25,69.0,95.9,25600,49626,ok
00:52:26,74.6,95.8,25639,49394,ok
00:52:27,70.6,96.2,25918,48494,ok
00:52:28,71.4,95.1,25554,48678,ok
00:52:29,70.2,96.0,26236,48482,ok
00:52:30,73.9,95.7,25927,49652,ok
00:52:31,70.6,95.9,25891,49653,ok
00:52:32,71.8,95.4,26849,49761,ok
00:52:33,73.3,95.8,26724,49356,ok
00:52:34,70.8,96.0,25449,48800,ok
00:52:35,71.6,96.8,26448,48813,ok
00:52:36,71.6,95.3,26459,48919,ok
00:52:37,70.9,96.4,26846,49157,ok
00:52:38,68.2,96.0,26868,48856,ok
00:52:39,73.4,95.3,26344,48683,ok
00:52:40,75.1,95.8,25842,48888,ok
00:52:41,72.3,95.1,25802,49448,ok
00:52:42,73.5,97.1,26116,48498,ok
00:52:43,70.5,95.6,26571,48622,ok
00:52:44,69.1,95.9,26870,48507,ok
00:52:45,70.8,95.8,26932,49211,ok
00:52:46,74.0,95.9,25602,48366,ok
00:52:47,74.5,95.5,25134,48019,ok
00:52:48,71.1,95.5,26755,49048,ok
00:52:49,71.6,96.3,26604,49024,ok
00:52:50,75.1,97.2,26361,48792,ok
00:52:51,73.9,95.2,26333,48336,ok
00:52:52,72.3,95.9,26591,49086,ok
00:52:53,71.2,96.1,26281,48341,ok
00:52:54,68.3,95.6,26059,48771,ok
00:52:55,68.6,95.6,26391,48977,ok
00:52:56,71.3,96.1,26714,49897,ok
00:52:57,75.6,96.1,25510,49582,ok
00:52:58,74.2,95.7,26532,48355,ok
00:52:59,71.3,96.1,25497,49418,ok
00:53:00,71.7,95.6,25932,48501,ok
00:53:01,72.8,96.1,26442,48335,ok
00:53:02,74.5,95.0,25128,49898,ok
00:53:03,72.1,96.1,25005,49120,ok
00:53:04,73.2,95.7,25206,48814,ok
00:53:05,70.7,96.4,26027,48921,ok
00:53:06,71.8,95.6,26702,48066,ok
00:53:07,74.3,96.7,26757,48109,ok
00:53:08,70.4,96.3,26686,49209,ok
00:53:09,72.3,95.8,25177,48250,ok
00:53:10,72.0,96.4,26684,48212,ok
00:53:11,68.8,96.1,25066,48632,ok
00:53:12,73.0,95.8,26940,48008,ok
00:53:13,75.0,96.0,26472,49544,ok
00:53:14,73.1,96.0,25312,49208,ok
00:53:15,74.8,96.1,26428,49411,ok
00:53:16,77.8,95.5,26295,49770,ok
00:53:17,74.7,96.8,26306,48099,ok
00:53:18,73.3,96.0,26639,48515,ok
00:53:19,73.3,95.6,25629,48994,ok
00:53:20,73.6,96.0,25405,48415,ok
00:53:21,72.3,96.4,26629,48916,ok
00:53:22,72.4,96.7,26420,48019,ok
00:53:23,71.3,96.0,25694,49482,ok
00:53:24,71.5,95.4,26842,48856,ok
00:53:25,71.0,97.1,26432,48958,ok
00:53:26,70.2,96.1,26247,48488,ok
00:53:27,73.7,95.8,25883,48502,ok
00:53:28,69.5,96.5,25123,49528,ok
00:53:29,71.6,96.7,26202,48925,ok
00:53:30,67.9,95.4,25520,49656,ok
00:53:31,73.1,95.4,25844,49206,ok
00:53:32,75.1,96.5,25252,49176,ok
00:53:33,72.2,96.3,26874,49523,ok
00:53:34,74.6,96.5,25907,49869,ok
00:53:35,72.3,96.0,26749,49316,ok
00:53:36,74.8,96.3,25429,49243,ok
00:53:37,71.3,95.7,25855,48756,ok
00:53:38,72.8,96.3,25328,49704,ok
00:53:39,73.6,95.3,26883,49043,ok
00:53:40,71.8,95.6,25921,48551,ok
00:53:41,69.8,97.0,25195,48010,ok
00:53:42,70.8,95.9,25334,49609,ok
00:53:43,73.0,96.3,26491,49467,ok
00:53:44,73.1,96.3,26946,48659,ok
00:53:45,70.1,96.7,25908,49036,ok
00:53:46,66.0,95.7,26206,48396,ok
00:53:47,68.4,96.2,25230,48256,ok
00:53:48,69.4,95.4,25366,49269,ok
00:53:49,73.9,95.8,26764,49254,ok
00:53:50,69.9,96.3,25251,48369,ok
00:53:51,69.4,95.7,26393,48861,ok
00:53:52,72.0,95.6,26346,48342,ok
00:53:53,71.2,95.5,25257,48057,ok
00:53:54,72.6,96.1,26305,48667,ok
00:53:55,67.5,96.5,26494,48723,ok
00:53:56,75.8,97.1,25858,49633,ok
00:53:57,71.3,96.3,25856,48649,ok
00:53:58,74.3,95.9,25210,48890,ok
00:53:59,69.3,96.8,25380,48417,ok
00:54:00,71.3,96.0,26317,48337,ok
00:54:01,71.5,95.2,25618,48567,ok
00:54:02,71.4,96.5,26314,49239,ok
00:54:03,69.4,96.0,26524,49871,ok
00:54:04,70.3,96.2,26761,48152,ok
00:54:05,72.1,96.1,26847,49343,ok
00:54:06,71.5,95.7,26326,49444,ok
00:54:07,73.6,95.7,26359,49288,ok
00:54:08,71.5,95.8,26162,48650,ok
00:54:09,69.4,96.2,26998,49317,ok
00:54:10,70.4,96.0,26736,49524,ok
00:54:11,73.3,94.8,26470,48656,ok
00:54:12,73.8,96.4,25979,48791,ok
00:54:13,70.6,96.5,26869,48699,ok
00:54:14,76.3,95.9,25126,48967,ok
00:54:15,72.0,95.7,26420,48189,ok
00:54:16,70.7,95.7,26619,48729,ok
00:54:17,69.6,95.1,26285,48870,ok
00:54:18,71.2,95.8,25763,48914,ok
00:54:19,71.8,95.2,26869,49944,ok
00:54:20,67.4,95.3,25965,48213,ok
00:54:21,71.7,96.2,26686,48148,ok
00:54:22,71.0,96.5,25877,48132,ok
00:54:23,72.6,95.8,25704,49535,ok
00:54:24,71.7,95.7,26206,48608,ok
00:54:25,70.0,96.6,26412,49108,ok
00:54:26,73.0,96.6,25753,48132,ok
00:54:27,68.5,95.7,26586,48907,ok
00:54:28,73.0,96.0,26906,49877,ok
00:54:29,71.5,96.8,25488,48261,ok
00:54:30,73.9,96.3,26047,48627,ok
00:54:31,71.0,95.9,26032,48921,ok
00:54:32,72.7,96.3,26718,48188,ok
00:54:33,70.8,95.3,25026,49884,ok
00:54:34,73.8,96.0,26566,49579,ok
00:54:35,66.8,96.3,25533,48539,ok
00:54:36,71.4,95.7,25373,48210,ok
00:54:37,71.5,96.9,26846,49763,ok
00:54:38,74.7,96.1,25531,48750,ok
00:54:39,71.8,96.7,26199,49051,ok
00:54:40,71.2,96.2,25051,49449,ok
00:54:41,70.7,95.6,25187,48623,ok
00:54:42,70.0,95.3,26495,49124,ok
00:54:43,69.8,96.0,25619,48608,ok
00:54:44,72.2,96.4,25623,49332,ok
00:54:45,75.7,96.1,25904,48846,ok
00:54:46,75.0,96.6,26493,49261,ok
00:54:47,71.4,95.3,26687,49613,ok
00:54:48,70.3,95.7,25422,49846,ok
00:54:49,70.3,96.2,25251,49738,ok
00:54:50,71.2,96.2,26365,49017,ok
00:54:51,69.9,96.2,25313,49765,ok
00:54:52,70.3,95.2,25203,49524,ok
00:54:53,69.9,96.5,26290,48806,ok
00:54:54,70.7,96.8,25784,48655,ok
00:54:55,71.2,96.2,26555,49810,ok
00:54:56,69.2,95.8,25326,48190,ok
00:54:57,72.6,95.5,25431,48566,ok
00:54:58,75.5,96.5,25156,48787,ok
00:54:59,75.1,95.3,26707,49012,ok
00:55:00,71.4,94.9,26954,48919,ok
00:55:01,73.9,96.4,26092,49938,ok
00:55:02,72.7,95.6,26315,48607,ok
00:55:03,74.0,96.2,26281,48096,ok
00:55:04,72.9,96.2,25546,49567,ok
00:55:05,71.3,96.7,25048,48042,ok
00:55:06,73.1,95.5,26939,49171,ok
00:55:07,72.0,95.8,26678,48927,ok
00:55:08,68.8,96.5,25350,49415,ok
00:55:09,69.5,96.1,25933,49206,ok
00:55:10,71.3,96.4,26783,48797,ok
00:55:11,72.8,96.5,25199,49909,ok
00:55:12,69.5,95.7,26657,49721,ok
00:55:13,73.7,96.2,26119,49501,ok
00:55:14,72.5,95.9,25884,48603,ok
00:55:15,73.9,96.7,26480,48628,ok
00:55:16,73.9,96.2,25441,48670,ok
00:55:17,72.7,95.8,26621,48757,ok
00:55:18,75.2,96.4,25598,49893,ok
00:55:19,68.3,95.9,26266,49778,ok
00:55:20,75.9,96.3,25274,48834,ok
00:55:21,65.4,96.0,25079,49869,ok
00:55:22,68.4,95.9,26498,48749,ok
00:55:23,75.2,96.3,25175,49038,ok
00:55:24,76.1,96.6,25931,49013,ok
00:55:25,71.5,95.8,26375,48207,ok
00:55:26,71.9,96.2,25831,48489,ok
00:55:27,70.7,95.7,25316,48703,ok
00:55:28,73.1,95.8,26892,49487,ok
00:55:29,72.2,95.5,25258,48351,ok
00:55:30,74.3,96.0,26812,49932,ok
00:55:31,70.9,95.8,26523,49073,ok
00:55:32,69.6,95.3,25477,49199,ok
00:55:33,69.4,96.0,26972,49189,ok
00:55:34,71.3,95.6,26739,48093,ok
00:55:35,72.4,96.9,25460,49729,ok
00:55:36,71.2,95.8,25706,48654,ok
00:55:37,71.5,95.7,25521,48272,ok
00:55:38,71.6,96.1,25017,49539,ok
00:55:39,72.8,96.0,26735,49951,ok
00:55:40,72.1,96.3,25930,49300,ok
00:55:41,69.7,96.0,26950,48583,ok
00:55:42,70.4,96.1,25474,48470,ok
00:55:43,71.4,97.0,26089,49453,ok
00:55:44,70.9,96.1,26055,48592,ok
00:55:45,74.8,96.0,25092,49163,ok
00:55:46,74.1,97.1,26064,48113,ok
00:55:47,73.5,95.8,25154,49269,ok
00:55:48,70.4,96.4,26680,49920,ok
00:55:49,71.5,95.3,26424,48838,ok
00:55:50,69.6,96.2,26501,49388,ok
00:55:51,68.8,96.7,25680,48952,ok
00:55:52,69.7,96.8,25366,49733,ok
00:55:53,73.7,96.1,26372,48152,ok
00:55:54,71.1,95.7,25551,48759,ok
00:55:55,66.6,95.9,25466,48365,ok
00:55:56,72.3,96.0,25674,48199,ok
00:55:57,69.8,96.0,25866,49368,ok
00:55:58,71.6,95.8,25796,48998,ok
00:55:59,70.6,95.4,26603,49006,ok
00:56:00,70.6,95.8,25447,49691,ok
00:56:01,74.6,96.2,25570,48530,ok
00:56:02,73.4,95.8,25761,49795,ok
00:56:03,76.5,96.0,26677,49449,ok
00:56:04,72.3,96.7,25031,49370,ok
00:56:05,70.8,96.2,25537,48902,ok
00:56:06,70.7,95.5,26424,49440,ok
00:56:07,72.2,96.5,26808,48249,ok
00:56:08,71.5,96.3,26625,49192,ok
00:56:09,73.7,95.9,25824,48053,ok
00:56:10,70.6,95.9,26010,48955,ok
00:56:11,73.6,95.4,26511,49738,ok
00:56:12,72.6,96.1,25918,48324,ok
00:56:13,72.8,95.9,25977,49549,ok
00:56:14,71.8,96.9,25999,49483,ok
00:56:15,71.3,96.2,25812,49236,ok
00:56:16,66.7,95.8,26622,49874,ok
00:56:17,71.3,96.5,26965,49943,ok
00:56:18,73.9,97.4,25484,49515,ok
00:56:19,72.5,96.3,25994,48056,ok
00:56:20,70.6,95.7,26109,49212,ok
00:56:21,72.4,95.3,26631,48058,ok
00:56:22,77.3,96.1,25537,49297,ok
00:56:23,70.2,95.4,26029,49960,ok
00:56:24,72.4,95.5,25898,49691,ok
00:56:25,67.5,96.1,26308,49800,ok
00:56:26,72.4,96.0,26823,49193,ok
00:56:27,67.5,95.8,25947,48652,ok
00:56:28,74.4,96.5,25545,48915,ok
00:56:29,68.9,96.5,26095,48552,ok
00:56:30,74.0,95.6,25599,49839,ok
00:56:31,69.3,96.1,26277,48343,ok
00:56:32,72.5,96.1,25996,49625,ok
00:56:33,71.5,96.0,25184,48123,ok
00:56:34,73.4,97.0,26148,49807,ok
00:56:35,76.2,95.8,25084,48381,ok
00:56:36,68.3,95.9,26105,48765,ok
00:56:37,74.4,96.3,26343,48788,ok
00:56:38,71.3,96.3,26152,49103,ok
00:56:39,72.9,96.3,25195,48698,ok
00:56:40,73.1,96.2,26465,49816,ok
00:56:41,71.5,95.8,25090,48041,ok
00:56:42,70.5,96.0,25542,48973,ok
00:56:43,68.7,96.1,25091,49075,ok
00:56:44,71.1,95.6,25086,48426,ok
00:56:45,73.1,96.1,26058,48418,ok
00:56:46,71.5,95.9,25728,48591,ok
00:56:47,70.2,96.5,25699,49957,ok
00:56:48,75.6,96.3,25515,48314,ok
00:56:49,72.5,96.1,25297,48445,ok
00:56:50,70.0,96.2,26936,49950,ok
00:56:51,70.8,95.3,26652,49484,ok
00:56:52,67.1,96.4,26391,48924,ok
00:56:53,72.8,95.6,26148,48918,ok
00:56:54,72.5,95.9,25475,48718,ok
00:56:55,73.7,96.6,25330,49085,ok
00:56:56,73.8,95.7,26581,49808,ok
00:56:57,72.3,96.8,25296,49526,ok
00:56:58,71.9,95.6,25382,48008,ok
00:56:59,70.0,95.8,26758,49224,ok
00:57:00,72.3,95.4,26474,48798,ok
00:57:01,72.1,95.8,26527,49546,ok
00:57:02,73.3,95.0,25087,48747,ok
00:57:03,72.7,96.1,25017,49715,ok
00:57:04,69.3,96.2,25606,48061,ok
00:57:05,73.6,95.9,26826,48218,ok
00:57:06,71.3,96.5,26514,49785,ok
00:57:07,70.3,96.5,25404,48415,ok
00:57:08,69.1,96.7,26519,48371,ok
00:57:09,71.9,96.4,25683,48977,ok
00:57:10,72.8,96.9,26619,48415,ok
00:57:11,74.1,95.4,26675,49117,ok
00:57:12,72.6,95.6,26020,49406,ok
00:57:13,73.9,95.7,26790,48647,ok
00:57:14,77.8,95.8,26165,49618,ok
00:57:15,74.9,95.0,26418,49577,ok
00:57:16,72.1,96.5,25519,48461,ok
00:57:17,71.0,95.8,26734,49457,ok
00:57:18,72.4,95.4,26904,49561,ok
00:57:19,72.9,96.1,25511,49480,ok
00:57:20,70.1,95.7,26614,48036,ok
00:57:21,72.7,95.6,25068,49160,ok
00:57:22,73.1,96.0,26167,48699,ok
00:57:23,72.0,96.8,26505,48609,ok
00:57:24,72.8,96.3,26803,48627,ok
00:57:25,73.4,96.1,25284,48344,ok
00:57:26,72.6,95.4,25233,48111,ok
00:57:27,74.3,95.3,25820,49895,ok
00:57:28,71.8,96.1,25504,48135,ok
00:57:29,72.8,96.4,25068,48830,ok
00:57:30,71.6,95.8,26089,48178,ok
00:57:31,73.6,97.0,26323,48345,ok
00:57:32,72.9,96.5,26273,48517,ok
00:57:33,70.6,96.2,25792,49736,ok
00:57:34,69.2,96.0,25917,48576,ok
00:57:35,68.0,96.5,25184,49592,ok
00:57:36,72.0,95.9,25650,49092,ok
00:57:37,72.9,96.7,25400,49557,ok
00:57:38,75.2,96.4,26059,49754,ok
00:57:39,71.9,95.0,26268,48747,ok
00:57:40,71.1,95.9,25464,48109,ok
00:57:41,73.4,95.8,26641,48326,ok
00:57:42,75.1,96.1,26978,48780,ok
00:57:43,72.1,96.9,25946,49465,ok
00:57:44,74.8,95.6,25139,49372,ok
00:57:45,72.1,95.8,25533,49653,ok
00:57:46,71.4,96.1,25381,49314,ok
00:57:47,70.1,96.5,26693,48885,ok
00:57:48,76.7,96.5,26227,49318,ok
00:57:49,72.9,95.2,25782,48062,ok
00:57:50,69.4,95.9,25320,49283,ok
00:57:51,70.5,95.7,26318,48010,ok
00:57:52,72.3,95.5,26849,48126,ok
00:57:53,72.9,96.0,26185,49270,ok
00:57:54,68.2,96.4,25161,49784,ok
00:57:55,72.9,96.4,26312,49105,ok
00:57:56,72.8,96.2,26629,49475,ok
00:57:57,68.3,96.4,26121,49619,ok
00:57:58,75.3,96.1,25898,48721,ok
00:57:59,74.8,96.0,26683,49687,ok
00:58:00,73.0,95.9,26434,49677,ok
00:58:01,69.5,96.0,26135,49899,ok
00:58:02,67.2,95.5,25854,49051,ok
00:58:03,73.0,96.7,25558,49644,ok
00:58:04,70.3,96.3,26943,49191,ok
00:58:05,72.4,95.6,26433,49171,ok
00:58:06,68.8,95.7,25422,49926,ok
00:58:07,74.4,96.4,26505,48123,ok
00:58:08,73.7,96.8,26329,48570,ok
00:58:09,72.7,96.6,25724,48044,ok
00:58:10,71.8,96.7,26004,49584,ok
00:58:11,71.1,95.1,26816,49068,ok
00:58:12,70.7,95.9,25562,49835,ok
00:58:13,71.1,96.2,25231,49389,ok
00:58:14,69.6,96.5,26301,49009,ok
00:58:15,74.1,95.1,26433,49086,ok
00:58:16,74.5,96.3,26472,49945,ok
00:58:17,73.2,95.3,25486,48099,ok
00:58:18,67.8,96.2,25161,49186,ok
00:58:19,69.7,96.7,26330,48032,ok
00:58:20,73.7,95.8,26863,49065,ok
00:58:21,72.3,95.6,26101,48177,ok
00:58:22,70.3,95.4,25880,49069,ok
00:58:23,71.7,96.8,26732,49297,ok
00:58:24,72.0,95.6,26958,48039,ok
00:58:25,73.5,96.1,25699,49643,ok
00:58:26,73.8,96.2,26277,48516,ok
00:58:27,73.4,94.9,25731,49786,ok
00:58:28,72.8,96.0,25021,49519,ok
00:58:29,73.7,95.8,25098,48312,ok
00:58:30,72.8,95.4,25220,48952,ok
00:58:31,73.3,95.9,26904,48044,ok
00:58:32,69.5,96.3,26731,48478,ok
00:58:33,67.7,96.7,25433,49679,ok
00:58:34,74.3,96.6,26144,48814,ok
00:58:35,70.8,95.9,26657,49394,ok
00:58:36,72.3,96.2,26696,49163,ok
00:58:37,73.3,96.9,26450,49536,ok
00:58:38,74.1,95.7,25004,49665,ok
00:58:39,64.8,95.9,25736,49148,ok
00:58:40,68.1,95.9,25757,48383,ok
00:58:41,71.2,95.7,25856,48262,ok
00:58:42,71.2,95.8,25696,48497,ok
00:58:43,70.8,95.9,26480,48948,ok
00:58:44,71.6,96.3,25875,48318,ok
00:58:45,69.7,95.4,26009,48245,ok
00:58:46,71.8,96.3,26135,49473,ok
00:58:47,70.3,96.1,25776,49018,ok
00:58:48,74.8,96.6,25920,49892,ok
00:58:49,70.0,96.5,26785,48698,ok
00:58:50,70.6,95.2,25422,48114,ok
00:58:51,72.2,96.4,26003,49810,ok
00:58:52,72.0,95.6,25986,49430,ok
00:58:53,72.3,95.6,25176,48890,ok
00:58:54,74.3,96.5,25123,48754,ok
00:58:55,74.3,95.6,25615,49647,ok
00:58:56,71.1,97.8,25375,48820,ok
00:58:57,67.3,96.5,26999,48416,ok
00:58:58,73.6,96.1,25936,48806,ok
00:58:59,71.7,95.9,25943,49624,ok
00:59:00,72.8,96.3,25401,49208,ok
00:59:01,70.7,95.5,26773,49774,ok
00:59:02,73.6,95.8,25369,49006,ok
00:59:03,70.8,96.4,26776,48516,ok
00:59:04,70.7,95.8,25027,49740,ok
00:59:05,72.2,96.0,26210,48085,ok
00:59:06,73.3,96.4,26877,48305,ok
00:59:07,71.6,95.6,26001,49228,ok
00:59:08,72.7,96.5,26052,48240,ok
00:59:09,70.9,95.8,26560,48848,ok
00:59:10,71.7,96.7,25036,49468,ok
00:59:11,76.4,96.1,25851,48323,ok
00:59:12,71.9,94.9,25840,48050,ok
00:59:13,71.5,96.4,25747,49169,ok
00:59:14,72.3,96.2,26831,49175,ok
00:59:15,70.8,95.6,25346,48878,ok
00:59:16,70.5,96.2,25237,49654,ok
00:59:17,72.9,96.0,26074,49500,ok
00:59:18,69.2,95.9,26630,48666,ok
00:59:19,71.7,95.1,25461,48994,ok
00:59:20,71.0,95.6,26684,49666,ok
00:59:21,69.2,95.3,25053,48895,ok
00:59:22,71.3,95.6,25279,48676,ok
00:59:23,70.7,94.9,26934,48127,ok
00:59:24,69.2,95.7,25733,48424,ok
00:59:25,74.4,95.5,26755,48688,ok
00:59:26,67.1,96.2,26084,48080,ok
00:59:27,70.7,96.5,25797,48660,ok
00:59:28,73.3,95.9,26679,48779,ok
00:59:29,70.8,96.0,26958,48254,ok
00:59:30,73.2,96.0,25710,48154,ok
00:59:31,71.4,96.3,26300,49238,ok
00:59:32,71.9,96.6,26607,48679,ok
00:59:33,74.2,96.5,26299,48754,ok
00:59:34,68.0,95.9,26807,48607,ok
00:59:35,74.1,96.2,25728,49046,ok
00:59:36,72.6,96.3,25777,48003,ok
00:59:37,73.5,95.8,25366,49859,ok
00:59:38,73.2,95.2,25430,48610,ok
00:59:39,71.3,95.5,25314,48413,ok
00:59:40,74.7,96.2,25755,49883,ok
00:59:41,69.6,96.1,25677,49014,ok
00:59:42,69.0,96.3,26924,48103,ok
00:59:43,68.6,95.5,26085,48605,ok
00:59:44,69.0,96.4,26869,48298,ok
00:59:45,71.5,95.8,26190,49207,ok
00:59:46,76.8,97.1,25670,48018,ok
00:59:47,72.5,95.9,26405,48956,ok
00:59:48,72.3,95.9,25574,48579,ok
00:59:49,70.8,95.7,26557,48632,ok
00:59:50,69.8,95.6,25754,48595,ok
00:59:51,74.4,95.8,25547,49842,ok
00:59:52,69.7,95.4,26185,49722,ok
00:59:53,71.2,96.8,26655,48546,ok
00:59:54,71.1,96.5,26576,48446,ok
00:59:55,73.3,96.5,26989,49983,ok
00:59:56,71.6,96.5,25131,48578,ok
00:59:57,72.7,96.1,26766,48588,ok
00:59:58,70.7,96.2,25988,48056,ok
00:59:59,70.0,94.8,26598,49740,ok
01:00:00,74.6,96.4,26157,49001,ok
01:00:01,69.5,96.3,25580,48327,ok
01:00:02,71.5,95.8,25637,48309,ok
01:00:03,73.6,95.6,26083,48506,ok
01:00:04,70.0,95.8,25220,49017,ok
01:00:05,72.3,95.7,25493,49759,ok
01:00:06,66.4,96.3,25612,48653,ok
01:00:07,70.9,96.3,26686,49367,ok
01:00:08,71.6,95.5,25489,49902,ok
01:00:09,71.1,96.9,26597,48153,ok
01:00:10,69.9,96.6,25644,48045,ok
01:00:11,75.0,96.3,25994,49752,ok
01:00:12,71.3,96.5,25463,49864,ok
01:00:13,71.7,96.1,25197,48808,ok
01:00:14,72.7,96.6,25048,49729,ok
01:00:15,72.3,95.4,26742,49498,ok
01:00:16,70.1,95.8,25751,49892,ok
01:00:17,69.3,96.0,25154,49005,ok
01:00:18,73.9,95.9,25141,48299,ok
01:00:19,76.4,95.5,26972,48305,ok
01:00:20,68.8,96.0,25943,49531,ok
01:00:21,71.2,95.9,25546,48252,ok
01:00:22,72.5,96.0,26369,48906,ok
01:00:23,70.5,96.4,25897,48569,ok
01:00:24,74.0,95.5,25045,49805,ok
01:00:25,69.3,96.9,25488,48040,ok
01:00:26,71.6,96.3,26301,49387,ok
01:00:27,71.4,95.6,26174,49554,ok
01:00:28,71.2,97.4,25996,48414,ok
01:00:29,72.3,94.6,25621,48066,ok
01:00:30,70.1,96.3,25140,49035,ok
01:00:31,71.8,95.9,26105,48633,ok
01:00:32,68.3,95.6,26030,49142,ok
01:00:33,72.1,95.8,26318,49515,ok
01:00:34,74.9,95.1,26879,49143,ok
01:00:35,71.2,95.8,25160,49001,ok
01:00:36,73.3,95.9,25862,48456,ok
01:00:37,70.5,95.5,25685,48524,ok
01:00:38,70.3,96.7,25940,48466,ok
01:00:39,72.9,95.5,25863,49287,ok
01:00:40,71.5,96.6,26498,48071,ok
01:00:41,71.8,95.9,26270,48796,ok
01:00:42,68.4,96.0,25528,49391,ok
01:00:43,73.8,96.1,26948,49631,ok
01:00:44,71.7,95.9,25512,49868,ok
01:00:45,71.1,95.7,26076,49264,ok
01:00:46,69.1,95.7,26148,48514,ok
01:00:47,72.5,96.1,25174,49030,ok
01:00:48,71.4,95.0,25492,49763,ok
01:00:49,75.3,96.0,25569,48025,ok
01:00:50,69.9,96.2,25029,48274,ok
01:00:51,71.7,96.9,26688,49750,ok
01:00:52,72.9,96.5,26746,49764,ok
01:00:53,72.9,96.0,25860,49988,ok
01:00:54,72.3,95.6,25291,49431,ok
01:00:55,68.1,95.0,26322,49055,ok
01:00:56,71.5,95.9,26500,49160,ok
01:00:57,69.4,96.1,25144,48484,ok
01:00:58,75.0,96.0,26740,49200,ok
01:00:59,71.4,96.8,25782,48127,ok
01:01:00,69.6,96.1,26301,49880,ok
01:01:01,73.0,96.7,26371,49723,ok
01:01:02,71.9,95.9,25003,49056,ok
01:01:03,75.0,95.8,26962,48829,ok
01:01:04,69.9,95.9,25440,48306,ok
01:01:05,72.8,96.3,26402,48384,ok
01:01:06,72.0,95.8,25622,48986,ok
01:01:07,70.8,96.0,26050,48749,ok
01:01:08,69.9,95.4,26995,49142,ok
01:01:09,71.2,95.9,26163,49288,ok
01:01:10,72.3,95.9,26462,49361,ok
01:01:11,73.9,96.3,26713,48323,ok
01:01:12,68.7,96.2,25764,49575,ok
01:01:13,73.4,96.3,26072,48290,ok
01:01:14,73.7,96.3,25716,49449,ok
01:01:15,73.7,95.6,26750,49897,ok
01:01:16,76.0,96.2,25681,48866,ok
01:01:17,71.8,95.9,25454,48005,ok
01:01:18,71.7,95.8,25821,49306,ok
01:01:19,77.1,95.4,26407,49018,ok
01:01:20,73.0,96.2,26474,48463,ok
01:01:21,72.7,96.5,26605,49198,ok
01:01:22,71.8,96.4,25549,49642,ok
01:01:23,71.2,95.5,25698,49774,ok
01:01:24,74.2,96.5,25052,49878,ok
01:01:25,73.6,96.0,26964,48536,ok
01:01:26,73.7,95.5,25397,49568,ok
01:01:27,72.1,96.5,25047,49890,ok
01:01:28,67.8,96.8,26121,49293,ok
01:01:29,72.4,96.2,25781,48637,ok
01:01:30,71.5,96.6,26799,49310,ok
01:01:31,74.9,96.3,26523,49757,ok
01:01:32,73.5,95.5,25843,48655,ok
01:01:33,70.1,96.2,26196,48759,ok
01:01:34,69.4,96.1,25119,49258,ok
01:01:35,74.8,96.5,25444,48526,ok
01:01:36,70.9,95.9,25651,48024,ok
01:01:37,72.3,95.8,26982,49966,ok
01:01:38,73.4,96.0,26222,48284,ok
01:01:39,67.2,96.0,26417,48855,ok
01:01:40,71.3,95.7,25178,48272,ok
01:01:41,71.7,96.8,25436,48078,ok
01:01:42,69.4,95.1,25355,49695,ok
01:01:43,72.7,96.0,26495,48895,ok
01:01:44,76.0,95.7,26445,48286,ok
01:01:45,75.1,97.2,25495,48424,ok
01:01:46,71.2,96.2,26092,48750,ok
01:01:47,69.6,95.7,25773,48889,ok
01:01:48,71.1,95.5,26365,49428,ok
01:01:49,70.5,96.0,26693,48354,ok
01:01:50,72.1,96.0,25700,48913,ok
01:01:51,72.6,96.4,26287,48091,ok
01:01:52,71.8,96.3,26056,49762,ok
01:01:53,72.8,95.9,26014,49924,ok
01:01:54,72.1,96.5,26328,48749,ok
01:01:55,70.6,96.4,26724,49670,ok
01:01:56,71.7,96.1,26752,48964,ok
01:01:57,71.0,95.4,26988,48373,ok
01:01:58,74.3,95.7,26225,48396,ok
01:01:59,72.7,95.8,26005,48316,ok
01:02:00,70.9,96.6,25171,48635,ok
01:02:01,70.2,96.1,26150,48902,ok
01:02:02,73.2,96.0,25256,48237,ok
01:02:03,75.0,96.0,26954,49730,ok
01:02:04,72.2,96.9,26160,48980,ok
01:02:05,69.7,95.9,26345,49936,ok
01:02:06,70.8,96.1,26784,48295,ok
01:02:07,72.5,96.3,25460,49111,ok
01:02:08,73.7,96.2,26222,49824,ok
01:02:09,71.8,96.7,26534,49235,ok
01:02:10,78.6,95.5,26152,49786,ok
01:02:11,72.9,95.9,26352,48480,ok
01:02:12,73.7,96.0,26280,49910,ok
01:02:13,70.9,95.6,26592,49130,ok
01:02:14,70.7,96.2,25660,48172,ok
01:02:15,71.1,95.6,25639,49584,ok
01:02:16,74.9,97.1,25006,49383,ok
01:02:17,69.0,96.7,25325,48127,ok
01:02:18,69.7,95.4,26956,48455,ok
01:02:19,70.7,96.4,25928,49472,ok
01:02:20,70.1,95.5,26824,48005,ok
01:02:21,77.5,96.4,26918,48678,ok
01:02:22,71.7,95.9,26676,49220,ok
01:02:23,74.5,96.2,25502,49269,ok
01:02:24,72.4,96.2,25231,48569,ok
01:02:25,69.6,96.0,25455,49416,ok
01:02:26,70.7,96.2,26414,49210,ok
01:02:27,73.5,95.4,25207,49477,ok
01:02:28,74.2,95.8,25036,48352,ok
01:02:29,73.1,96.4,26183,49602,ok
01:02:30,74.5,96.4,25007,48096,ok
01:02:31,72.0,95.9,26537,49963,ok
01:02:32,74.0,95.6,25531,49709,ok
01:02:33,66.3,96.0,26464,49822,ok
01:02:34,71.1,95.4,26508,48290,ok
01:02:35,72.1,96.3,26213,48014,ok
01:02:36,71.1,96.0,26316,49654,ok
01:02:37,69.8,96.1,25774,49627,ok
01:02:38,71.2,96.1,26949,48134,ok
01:02:39,72.6,95.4,26108,49427,ok
01:02:40,73.2,97.5,26724,48996,ok
01:02:41,70.7,96.3,26920,48535,ok
01:02:42,69.5,95.8,25550,48617,ok
01:02:43,72.0,95.7,25188,49323,ok
01:02:44,75.0,96.0,26355,48310,ok
01:02:45,75.1,95.6,25724,48081,ok
01:02:46,71.3,96.0,25670,49072,ok
01:02:47,74.6,95.4,26422,48735,ok
01:02:48,73.7,95.5,26788,49330,ok
01:02:49,72.3,95.3,26461,49176,ok
01:02:50,67.4,95.0,26369,49610,ok
01:02:51,74.8,95.8,25239,48436,ok
01:02:52,70.6,95.8,25632,48652,ok
01:02:53,69.9,95.8,26995,49263,ok
01:02:54,74.0,95.4,25874,48963,ok
01:02:55,70.0,97.1,25956,49432,ok
01:02:56,75.2,96.5,26743,49925,ok
01:02:57,71.1,96.3,26928,48584,ok
01:02:58,75.7,96.3,26112,49311,ok
01:02:59,72.3,96.7,26483,48640,ok
01:03:00,73.1,96.1,26105,48232,ok
01:03:01,70.5,95.7,25507,49087,ok
01:03:02,74.6,97.2,25879,49839,ok
01:03:03,70.5,96.7,25698,48789,ok
01:03:04,72.8,95.7,26710,49569,ok
01:03:05,72.2,96.2,26735,49225,ok
01:03:06,72.6,95.3,26261,48291,ok
01:03:07,72.0,95.1,25592,48834,ok
01:03:08,74.3,95.7,25879,49707,ok
01:03:09,72.4,95.0,25720,48831,ok
01:03:10,73.0,96.1,26443,48867,ok
01:03:11,68.8,96.2,26214,49477,ok
01:03:12,74.7,96.1,25045,48869,ok
01:03:13,73.9,95.2,25918,48864,ok
01:03:14,71.5,96.3,25061,48694,ok
01:03:15,71.9,96.0,25492,48230,ok
01:03:16,71.9,95.1,26036,49758,ok
01:03:17,71.6,96.6,26832,49461,ok
01:03:18,70.0,95.8,25484,48725,ok
01:03:19,72.0,96.2,25491,48328,ok
01:03:20,70.4,95.7,25753,49772,ok
01:03:21,68.1,96.0,25617,49508,ok
01:03:22,70.9,95.5,25834,48060,ok
01:03:23,69.4,95.5,26496,49812,ok
01:03:24,73.2,95.8,26227,48688,ok
01:03:25,74.1,96.2,25712,49092,ok
01:03:26,73.5,95.2,25705,48578,ok
01:03:27,70.4,96.0,26538,49949,ok
01:03:28,72.7,95.6,26849,48276,ok
01:03:29,71.3,95.7,26124,49747,ok
01:03:30,73.0,96.3,26860,48591,ok
01:03:31,71.7,96.1,25379,48811,ok
01:03:32,75.0,96.0,26531,49072,ok
01:03:33,72.4,95.2,26866,49234,ok
01:03:34,71.9,96.4,25969,48864,ok
01:03:35,70.9,96.7,25944,48879,ok
01:03:36,69.0,96.2,26192,49158,ok
01:03:37,71.4,96.4,26474,48821,ok
01:03:38,70.8,95.2,25609,48800,ok
01:03:39,71.0,96.5,25481,48269,ok
01:03:40,72.5,95.4,25929,49385,ok
01:03:41,76.4,95.5,25950,48394,ok
01:03:42,74.9,96.0,26639,49432,ok
01:03:43,70.0,96.0,25613,49768,ok
01:03:44,68.8,97.1,25379,49701,ok
01:03:45,69.8,96.7,25932,48094,ok
01:03:46,70.1,94.8,26443,49684,ok
01:03:47,73.5,96.0,25971,49657,ok
01:03:48,70.6,96.2,26233,49385,ok
01:03:49,73.7,97.3,25812,49287,ok
01:03:50,71.5,96.7,26644,49462,ok
01:03:51,70.4,95.6,26341,48998,ok
01:03:52,73.3,95.7,26889,49880,ok
01:03:53,71.1,95.9,26366,48345,ok
01:03:54,73.1,95.2,25433,49935,ok
01:03:55,68.8,95.8,25090,49767,ok
01:03:56,73.0,96.4,26086,49860,ok
01:03:57,72.9,95.6,26858,48323,ok
01:03:58,72.8,96.4,26660,48207,ok
01:03:59,70.8,96.2,25518,49345,ok
01:04:00,73.1,95.3,25191,48613,ok
01:04:01,71.8,97.2,25184,49606,ok
01:04:02,74.6,96.3,26824,49398,ok
01:04:03,71.0,95.9,25232,49395,ok
01:04:04,74.3,95.2,25625,48628,ok
01:04:05,70.9,95.3,26617,48739,ok
01:04:06,70.8,96.5,25201,48827,ok
01:04:07,70.5,96.4,26270,48725,ok
01:04:08,70.9,96.3,25604,48391,ok
01:04:09,70.1,95.9,25437,48400,ok
01:04:10,72.8,96.4,25312,49159,ok
01:04:11,72.0,95.8,26842,48857,ok
01:04:12,71.9,95.4,25578,49297,ok
01:04:13,67.3,95.9,25959,48866,ok
01:04:14,73.5,95.9,25398,49821,ok
01:04:15,71.8,95.6,25458,48420,ok
01:04:16,72.5,95.2,26414,48533,ok
01:04:17,69.4,96.5,26235,49965,ok
01:04:18,72.0,96.1,25299,48333,ok
01:04:19,67.5,96.3,26517,48839,ok
01:04:20,72.3,96.1,25884,49532,ok
01:04:21,71.4,96.8,26045,48437,ok
01:04:22,71.7,96.2,26428,49643,ok
01:04:23,71.7,95.8,26545,48499,ok
01:04:24,70.9,95.3,26885,49841,ok
01:04:25,71.7,95.6,25858,49466,ok
01:04:26,70.7,96.0,26422,49474,ok
01:04:27,71.0,95.8,26362,48920,ok
01:04:28,72.5,95.3,25375,48947,ok
01:04:29,72.4,95.4,25072,49696,ok
01:04:30,71.3,96.1,26931,49097,ok
01:04:31,73.1,95.7,25262,48596,ok
01:04:32,71.9,95.7,25454,49220,ok
01:04:33,72.1,95.4,26709,48623,ok
01:04:34,72.0,96.5,25676,48629,ok
01:04:35,71.0,96.0,26616,48034,ok
01:04:36,71.8,96.5,26835,48282,ok
01:04:37,71.6,96.5,25574,49230,ok
01:04:38,75.3,96.0,25173,48569,ok
01:04:39,69.6,95.1,25149,49843,ok
01:04:40,70.6,96.5,26021,48256,ok
01:04:41,71.9,96.0,25491,49941,ok
01:04:42,71.0,95.3,26408,49988,ok
01:04:43,72.2,95.5,25563,48081,ok
01:04:44,74.1,95.6,26934,49201,ok
01:04:45,72.9,95.2,25318,48738,ok
01:04:46,72.4,94.9,25481,49270,ok
01:04:47,75.2,94.9,25173,48887,ok
01:04:48,72.3,96.1,25030,49305,ok
01:04:49,70.2,96.2,26700,48337,ok
01:04:50,70.2,95.9,25773,48627,ok
01:04:51,71.5,96.0,26146,48835,ok
01:04:52,71.6,96.2,25326,49556,ok
01:04:53,72.8,96.0,26918,49763,ok
01:04:54,72.3,95.5,26920,48648,ok
01:04:55,71.0,96.0,26829,49260,ok
01:04:56,75.3,95.6,26511,48338,ok
01:04:57,71.1,96.7,26434,48297,ok
01:04:58,74.0,97.0,25371,48442,ok
01:04:59,71.3,95.8,25371,49186,ok
01:05:00,73.1,96.1,26891,48231,ok
01:05:01,74.0,96.2,26155,48212,ok
01:05:02,70.7,96.5,25673,48906,ok
01:05:03,71.9,96.6,26374,49915,ok
01:05:04,70.3,96.0,25531,49228,ok
01:05:05,72.5,96.4,26408,49127,ok
01:05:06,69.9,95.8,26899,49297,ok
01:05:07,69.6,96.6,25140,48841,ok
01:05:08,71.8,96.7,25566,49552,ok
01:05:09,72.6,95.9,25346,49821,ok
01:05:10,71.8,95.8,26250,48329,ok
01:05:11,69.6,96.1,25007,49697,ok
01:05:12,70.8,96.7,26401,48823,ok
01:05:13,70.9,95.4,26323,49541,ok
01:05:14,76.1,95.8,25848,49825,ok
01:05:15,69.7,95.8,26502,49898,ok
01:05:16,73.7,95.2,26439,48976,ok
01:05:17,70.1,95.6,25943,49298,ok
01:05:18,72.6,95.0,25046,49747,ok
01:05:19,72.3,96.4,26262,49849,ok
01:05:20,72.2,96.8,26493,49985,ok
01:05:21,68.6,95.7,26856,48253,ok
01:05:22,74.1,96.6,26752,49961,ok
01:05:23,70.9,96.1,25796,48805,ok
01:05:24,70.9,95.5,26505,48421,ok
01:05:25,70.3,96.3,25861,49476,ok
01:05:26,73.4,97.2,25196,49964,ok
01:05:27,74.9,95.4,26690,49310,ok
01:05:28,71.1,96.1,25473,49287,ok
01:05:29,74.9,96.6,26705,49438,ok
01:05:30,69.7,95.4,25817,48329,ok
01:05:31,73.3,96.0,26613,48668,ok
01:05:32,70.1,96.0,26700,48651,ok
01:05:33,74.0,96.1,25664,49290,ok
01:05:34,74.4,95.5,26342,49167,ok
01:05:35,71.1,95.4,26903,49358,ok
01:05:36,72.5,96.0,25851,49801,ok
01:05:37,69.9,95.9,26555,49908,ok
01:05:38,73.8,96.9,26021,48112,ok
01:05:39,72.8,96.2,26158,49782,ok
01:05:40,74.2,94.6,26713,48702,ok
01:05:41,70.7,95.2,26447,48911,ok
01:05:42,70.4,97.0,25483,48256,ok
01:05:43,70.1,96.2,25846,48617,ok
01:05:44,70.2,95.9,25785,48917,ok
01:05:45,67.9,96.2,25089,48743,ok
01:05:46,70.9,96.8,26634,48575,ok
01:05:47,74.2,96.5,26550,49218,ok
01:05:48,72.4,95.5,25815,48788,ok
01:05:49,72.1,96.0,26153,49876,ok
01:05:50,72.5,95.8,26631,49945,ok
01:05:51,72.3,96.6,26384,49105,ok
01:05:52,77.7,95.5,25115,49775,ok
01:05:53,72.1,96.6,26598,49672,ok
01:05:54,72.9,96.1,26028,48798,ok
01:05:55,68.8,95.7,26978,49303,ok
01:05:56,68.6,96.2,26897,49284,ok
01:05:57,70.4,95.6,25418,48646,ok
01:05:58,72.9,95.9,25843,49274,ok
01:05:59,71.2,96.4,25862,49788,ok
01:06:00,70.7,96.1,26906,48666,ok
01:06:01,70.0,95.8,25633,49518,ok
01:06:02,69.0,95.8,25883,48764,ok
01:06:03,71.2,96.2,26258,48163,ok
01:06:04,73.4,95.9,26853,49768,ok
01:06:05,73.1,95.8,25115,49121,ok
01:06:06,70.5,95.3,26220,48917,ok
01:06:07,72.1,96.8,26920,48439,ok
01:06:08,75.1,96.1,26955,48302,ok
01:06:09,72.1,95.8,25434,48516,ok
01:06:10,69.7,95.3,26038,49013,ok
01:06:11,72.9,95.7,25015,48670,ok
01:06:12,72.6,95.5,25888,49790,ok
01:06:13,73.8,96.1,26748,48900,ok
01:06:14,72.8,95.7,26124,48778,ok
01:06:15,75.0,95.9,25660,48824,ok
01:06:16,71.5,95.1,26759,49244,ok
01:06:17,74.2,96.2,26449,48466,ok
01:06:18,70.3,96.5,25313,48483,ok
01:06:19,72.1,95.5,26662,48772,ok
01:06:20,71.5,95.4,26845,49730,ok
01:06:21,70.7,96.1,26322,48638,ok
01:06:22,72.7,95.4,26235,49209,ok
01:06:23,72.7,95.8,25279,48831,ok
01:06:24,72.9,95.7,25396,49388,ok
01:06:25,74.5,96.6,26671,49781,ok
01:06:26,72.1,96.0,26199,48022,ok
01:06:27,69.3,95.8,25947,48048,ok
01:06:28,70.3,95.9,26976,49004,ok
01:06:29,73.3,95.8,25438,49796,ok
01:06:30,69.4,96.1,26469,48271,ok
01:06:31,69.8,96.7,25267,49454,ok
01:06:32,68.7,96.0,26600,48547,ok
01:06:33,68.3,97.0,26212,48995,ok
01:06:34,72.8,95.8,26829,48299,ok
01:06:35,70.1,96.3,26419,48932,ok
01:06:36,70.5,97.0,25974,48869,ok
01:06:37,74.6,96.1,26576,48054,ok
01:06:38,72.6,95.9,26933,48662,ok
01:06:39,71.1,95.9,26606,48888,ok
01:06:40,71.2,95.9,26607,48594,ok
01:06:41,68.6,95.3,25479,49000,ok
01:06:42,65.9,96.4,26815,48724,ok
01:06:43,69.1,96.1,26651,49578,ok
01:06:44,69.4,96.9,25157,48499,ok
01:06:45,70.9,96.9,25020,48569,ok
01:06:46,72.7,96.6,25702,48152,ok
01:06:47,72.1,95.7,25521,49419,ok
01:06:48,79.0,96.0,26707,48604,ok
01:06:49,73.2,96.6,26227,49614,ok
01:06:50,71.0,96.0,26756,48910,ok
01:06:51,72.9,96.5,25761,48883,ok
01:06:52,72.3,96.2,26951,48804,ok
01:06:53,70.2,96.4,26241,48980,ok
01:06:54,70.3,96.4,25718,48728,ok
01:06:55,72.2,95.9,26439,49751,ok
01:06:56,72.6,95.7,26398,49730,ok
01:06:57,75.1,96.9,26795,48344,ok
01:06:58,71.2,95.5,25738,48248,ok
01:06:59,74.2,96.0,26532,48880,ok
01:07:00,70.6,96.1,25839,49806,ok
01:07:01,69.8,96.0,26684,49093,ok
01:07:02,71.1,96.8,26939,48647,ok
01:07:03,70.5,95.7,26484,48946,ok
01:07:04,70.3,96.4,25664,48061,ok
01:07:05,67.1,95.7,26346,49885,ok
01:07:06,69.0,96.7,26979,49409,ok
01:07:07,74.3,96.2,26584,49858,ok
01:07:08,74.5,97.3,25085,48238,ok
01:07:09,72.6,96.4,25102,48056,ok
01:07:10,72.9,96.2,26584,48032,ok
01:07:11,71.6,96.2,25915,49438,ok
01:07:12,69.3,96.6,26278,48293,ok
01:07:13,72.3,96.2,25494,49052,ok
01:07:14,69.7,96.3,25534,48840,ok
01:07:15,72.6,96.4,25779,49609,ok
01:07:16,71.6,96.1,25157,48189,ok
01:07:17,78.1,96.3,26900,49185,ok
01:07:18,74.5,95.5,26796,49168,ok
01:07:19,72.0,95.3,26010,48624,ok
01:07:20,72.8,95.7,26575,48395,ok
01:07:21,73.0,96.0,25199,48718,ok
01:07:22,73.8,96.7,25796,49633,ok
01:07:23,71.0,95.4,26915,49133,ok
01:07:24,71.4,97.2,25964,49850,ok
01:07:25,73.7,95.3,25966,49915,ok
01:07:26,71.6,95.0,25816,48796,ok
01:07:27,72.9,95.8,25762,49496,ok
01:07:28,73.6,96.0,26891,48979,ok
01:07:29,72.6,95.3,25215,49627,ok
01:07:30,72.5,96.4,26262,49862,ok
01:07:31,73.9,96.0,25584,49326,ok
01:07:32,70.2,96.1,26912,49156,ok
01:07:33,72.2,96.6,26621,49544,ok
01:07:34,74.4,97.1,26172,49806,ok
01:07:35,71.9,96.4,26143,48550,ok
01:07:36,70.8,96.5,25848,49087,ok
01:07:37,69.9,96.1,25191,49802,ok
01:07:38,71.3,95.5,25587,48846,ok
01:07:39,73.9,95.5,26100,48026,ok
01:07:40,72.4,95.4,26555,48936,ok
01:07:41,75.0,96.5,26477,49227,ok
01:07:42,71.6,96.2,26081,48750,ok
01:07:43,73.8,96.3,26647,48032,ok
01:07:44,70.9,95.7,26347,48244,ok
01:07:45,76.1,95.7,26339,49361,ok
01:07:46,73.8,95.8,25779,48455,ok
01:07:47,71.2,96.2,25397,49945,ok
01:07:48,71.0,96.0,26699,49960,ok
01:07:49,73.0,95.8,25777,48158,ok
01:07:50,77.6,95.5,25593,49448,ok
01:07:51,71.7,96.7,26930,48826,ok
01:07:52,69.5,96.4,26823,49346,ok
01:07:53,72.4,95.9,25195,48538,ok
01:07:54,72.5,96.4,25691,48268,ok
01:07:55,73.1,95.6,25303,49726,ok
01:07:56,72.5,95.3,26648,49869,ok
01:07:57,72.7,95.8,26315,49149,ok
01:07:58,72.8,96.1,25689,49530,ok
01:07:59,71.3,96.6,25834,49374,ok
01:08:00,72.9,95.2,25877,49489,ok
01:08:01,69.0,96.8,26487,49719,ok
01:08:02,69.8,95.6,25933,49312,ok
01:08:03,76.1,96.0,26746,48364,ok
01:08:04,74.3,94.8,25233,48643,ok
01:08:05,69.8,96.3,25600,49173,ok
01:08:06,76.3,95.8,25396,48407,ok
01:08:07,69.8,95.3,25195,49620,ok
01:08:08,75.0,95.4,26990,48660,ok
01:08:09,71.3,96.3,25564,48270,ok
01:08:10,72.1,96.3,26293,48383,ok
01:08:11,68.4,95.6,25728,48134,ok
01:08:12,72.9,96.2,26893,49185,ok
01:08:13,71.4,96.2,25877,49007,ok
01:08:14,69.8,96.0,26206,48847,ok
01:08:15,75.9,96.3,25362,49512,ok
01:08:16,74.4,95.9,25375,48438,ok
01:08:17,73.8,96.5,26284,49436,ok
01:08:18,72.0,95.2,26962,48085,ok
01:08:19,74.3,95.6,25035,49070,ok
01:08:20,70.1,95.5,26310,49441,ok
01:08:21,68.6,96.0,25023,48351,ok
01:08:22,72.3,95.9,25484,49689,ok
01:08:23,73.1,96.0,25026,49016,ok
01:08:24,76.4,96.0,26809,48896,ok
01:08:25,72.6,95.9,26268,49995,ok
01:08:26,72.8,96.0,25373,49580,ok
01:08:27,74.6,95.6,26848,48011,ok
01:08:28,74.7,96.1,25065,48497,ok
01:08:29,72.2,95.3,26301,49558,ok
01:08:30,75.3,96.0,25114,48118,ok
01:08:31,70.0,96.7,25427,48972,ok
01:08:32,73.8,95.9,26614,49702,ok
01:08:33,72.4,96.6,26480,49544,ok
01:08:34,70.4,94.9,25716,48625,ok
01:08:35,71.6,96.3,25131,49614,ok
01:08:36,69.9,95.7,25529,49587,ok
01:08:37,72.7,96.2,25341,48016,ok
01:08:38,72.1,95.3,25763,49245,ok
01:08:39,71.9,96.8,26779,48362,ok
01:08:40,71.0,96.0,25933,49317,ok
01:08:41,73.1,96.0,25881,49268,ok
01:08:42,70.5,95.2,25464,49915,ok
01:08:43,70.2,95.7,25187,48743,ok
01:08:44,69.8,96.3,25441,49635,ok
01:08:45,74.6,95.8,26486,49373,ok
01:08:46,70.1,96.1,26039,48908,ok
01:08:47,71.8,96.1,26532,49185,ok
01:08:48,73.2,95.7,25695,49193,ok
01:08:49,73.6,95.8,26931,49365,ok
01:08:50,74.2,96.9,26829,48743,ok
01:08:51,71.6,96.3,25131,48275,ok
01:08:52,74.4,96.6,26909,48081,ok
01:08:53,72.2,95.6,26808,48003,ok
01:08:54,72.0,96.5,25644,49356,ok
01:08:55,74.6,96.2,26294,49300,ok
01:08:56,68.4,95.6,26852,49678,ok
01:08:57,75.7,97.0,26441,48931,ok
01:08:58,71.6,96.5,25332,48765,ok
01:08:59,72.5,96.7,25071,49099,ok
01:09:00,73.5,95.1,25803,48590,ok
01:09:01,71.4,95.3,25907,48010,ok
01:09:02,71.1,96.3,26551,48910,ok
01:09:03,69.1,95.6,26545,48955,ok
01:09:04,72.1,96.2,25239,48184,ok
01:09:05,73.1,96.2,25319,48263,ok
01:09:06,71.4,96.0,25484,49505,ok
01:09:07,68.6,96.1,26300,48344,ok
01:09:08,71.3,96.1,25453,48542,ok
01:09:09,74.1,95.8,26882,49219,ok
01:09:10,71.9,95.6,25239,49930,ok
01:09:11,73.4,96.0,25610,48548,ok
01:09:12,71.6,96.6,25305,49975,ok
01:09:13,67.8,95.5,25548,49204,ok
01:09:14,71.2,95.5,25680,48882,ok
01:09:15,71.5,95.5,26952,48365,ok
01:09:16,71.8,95.5,26655,49118,ok
01:09:17,71.6,96.4,26397,49534,ok
01:09:18,72.4,95.8,25099,49109,ok
01:09:19,72.3,95.7,25510,49850,ok
01:09:20,76.6,96.1,26698,48884,ok
01:09:21,75.7,95.3,25571,48708,ok
01:09:22,73.4,94.6,25062,48804,ok
01:09:23,71.9,96.2,25243,49374,ok
01:09:24,71.7,95.5,26912,49079,ok
01:09:25,72.8,96.3,26669,49651,ok
01:09:26,74.7,96.1,25831,48220,ok
01:09:27,72.9,95.6,26251,49450,ok
01:09:28,72.9,94.7,26439,48976,ok
01:09:29,69.3,95.9,26979,48765,ok
01:09:30,71.6,95.4,25408,49924,ok
01:09:31,70.7,96.2,25488,49037,ok
01:09:32,73.9,96.1,26325,49080,ok
01:09:33,68.6,96.0,26195,49818,ok
01:09:34,69.5,95.2,25193,48352,ok
01:09:35,71.8,95.5,26679,49817,ok
01:09:36,73.2,95.9,25126,49175,ok
01:09:37,77.7,95.8,26055,49435,ok
01:09:38,72.7,96.5,25801,48229,ok
01:09:39,74.4,95.8,25011,49493,ok
01:09:40,70.8,96.9,26181,49518,ok
01:09:41,72.2,96.7,25544,48519,ok
01:09:42,72.4,95.4,25293,49280,ok
01:09:43,69.7,97.0,26499,48533,ok
01:09:44,69.4,95.7,25177,49396,ok
01:09:45,70.7,96.8,25867,48474,ok
01:09:46,72.7,96.7,26371,49691,ok
01:09:47,72.1,96.2,26995,49467,ok
01:09:48,71.6,96.7,25640,48075,ok
01:09:49,71.0,96.0,26107,48902,ok
01:09:50,71.1,96.3,25036,49570,ok
01:09:51,74.1,96.6,25388,48939,ok
01:09:52,74.2,95.7,25486,49377,ok
01:09:53,74.5,96.1,26450,48639,ok
01:09:54,71.5,95.6,26680,48556,ok
01:09:55,73.4,96.8,26024,48549,ok
01:09:56,72.2,96.2,26629,48376,ok
01:09:57,71.3,96.0,26861,48141,ok
01:09:58,70.4,95.3,25655,49410,ok
01:09:59,74.3,94.9,25315,48931,ok
01:10:00,68.2,96.0,25419,49146,ok
01:10:01,74.8,96.2,25224,48047,ok
01:10:02,72.3,95.8,26534,48124,ok
01:10:03,73.4,95.6,26421,48170,ok
01:10:04,71.8,96.6,25225,49905,ok
01:10:05,74.6,95.2,25613,48242,ok
01:10:06,73.3,95.8,25743,48432,ok
01:10:07,73.0,95.9,26597,48656,ok
01:10:08,73.3,94.7,25568,48908,ok
01:10:09,73.0,96.1,26424,48557,ok
01:10:10,73.3,96.5,26879,49892,ok
01:10:11,68.9,94.7,26678,49947,ok
01:10:12,73.8,96.2,26117,49577,ok
01:10:13,72.6,96.4,25326,49528,ok
01:10:14,70.3,96.3,26004,49963,ok
01:10:15,72.1,95.2,26858,49194,ok
01:10:16,74.3,96.1,26887,49437,ok
01:10:17,70.7,96.6,26698,49775,ok
01:10:18,69.6,96.2,26042,48226,ok
01:10:19,72.9,96.0,26084,49828,ok
01:10:20,74.0,96.7,26075,48491,ok
01:10:21,73.7,95.7,26568,48850,ok
01:10:22,76.1,95.6,25291,49148,ok
01:10:23,73.3,96.8,26379,48670,ok
01:10:24,68.7,96.2,26727,49042,ok
01:10:25,72.6,96.2,26309,48352,ok
01:10:26,72.2,95.8,25757,48302,ok
01:10:27,70.9,95.9,25172,49818,ok
01:10:28,72.6,96.1,26654,48731,ok
01:10:29,74.3,96.4,25796,48156,ok
01:10:30,72.0,96.1,25448,49881,ok
01:10:31,71.7,95.8,26812,49156,ok
01:10:32,71.0,96.6,26711,49616,ok
01:10:33,71.7,96.3,26901,48994,ok
01:10:34,73.7,96.5,25907,49234,ok
01:10:35,72.1,97.0,25224,48432,ok
01:10:36,71.5,96.5,26609,49894,ok
01:10:37,71.4,96.2,26581,48424,ok
01:10:38,73.4,96.1,26042,49007,ok
01:10:39,75.8,96.2,26209,48807,ok
01:10:40,68.6,95.9,26149,49497,ok
01:10:41,72.5,96.0,26183,49476,ok
01:10:42,74.2,96.2,26748,48168,ok
01:10:43,70.2,96.5,25659,49966,ok
01:10:44,73.1,95.8,25718,49403,ok
01:10:45,76.0,96.6,26159,49446,ok
01:10:46,72.1,96.4,25996,49303,ok
01:10:47,72.6,96.0,25015,48000,ok
01:10:48,69.3,95.9,26251,49149,ok
01:10:49,72.9,95.6,26906,48866,ok
01:10:50,71.2,96.3,26819,48503,ok
01:10:51,70.3,96.2,25904,49506,ok
01:10:52,75.7,96.8,25323,49188,ok
01:10:53,70.1,96.3,25991,49329,ok
01:10:54,73.9,96.2,25694,48432,ok
01:10:55,69.2,95.8,26352,48596,ok
01:10:56,73.3,96.7,25270,49357,ok
01:10:57,69.5,96.4,25033,49730,ok
01:10:58,75.7,96.7,26154,49817,ok
01:10:59,72.6,96.0,25908,49832,ok
01:11:00,74.2,96.0,26047,48112,ok
01:11:01,70.2,95.7,25874,49548,ok
01:11:02,69.3,95.4,26670,48805,ok
01:11:03,69.8,96.0,26007,48042,ok
01:11:04,72.7,96.3,26574,49012,ok
01:11:05,69.3,97.5,26253,48205,ok
01:11:06,70.6,95.3,25255,48758,ok
01:11:07,73.6,96.1,25757,49940,ok
01:11:08,72.9,96.2,26755,48705,ok
01:11:09,73.0,95.7,26821,49743,ok
01:11:10,71.7,96.2,26208,48197,ok
01:11:11,71.1,96.8,26961,49919,ok
01:11:12,71.1,96.4,26123,48405,ok
01:11:13,69.7,96.3,25882,48607,ok
01:11:14,69.4,95.3,25072,48148,ok
01:11:15,71.7,96.2,25358,48162,ok
01:11:16,71.9,95.5,26062,49018,ok
01:11:17,68.8,95.8,26021,48827,ok
01:11:18,73.1,95.8,26314,49067,ok
01:11:19,72.9,96.3,25908,48741,ok
01:11:20,73.2,96.1,26213,48828,ok
01:11:21,69.5,95.7,26343,48405,ok
01:11:22,73.1,95.9,25124,48362,ok
01:11:23,71.5,95.8,26226,48796,ok
01:11:24,74.5,94.9,25784,48992,ok
01:11:25,69.3,96.8,25281,49667,ok
01:11:26,73.4,96.1,26015,49552,ok
01:11:27,72.5,95.7,26217,49811,ok
01:11:28,73.8,96.7,26014,49122,ok
01:11:29,69.3,96.0,26266,49372,ok
01:11:30,71.0,95.4,26859,49662,ok
01:11:31,73.0,96.5,26316,49731,ok
01:11:32,69.4,95.8,25302,48261,ok
01:11:33,74.1,96.0,25558,48921,ok
01:11:34,75.1,96.2,26037,48382,ok
01:11:35,71.8,95.4,26464,49444,ok
01:11:36,70.7,95.9,26520,49628,ok
01:11:37,73.0,96.3,26228,48182,ok
01:11:38,74.3,95.3,25883,48217,ok
01:11:39,72.7,96.6,25526,48842,ok
01:11:40,70.5,95.6,25561,48914,ok
01:11:41,71.1,96.3,25575,48235,ok
01:11:42,70.2,96.1,26880,49732,ok
01:11:43,73.1,96.0,26359,49922,ok
01:11:44,68.8,95.4,26361,49479,ok
01:11:45,71.1,95.7,26669,49470,ok
01:11:46,70.7,96.1,25868,48121,ok
01:11:47,75.3,95.6,25254,49370,ok
01:11:48,73.4,96.3,26219,49133,ok
01:11:49,72.2,96.8,26401,48300,ok
01:11:50,70.3,95.7,25871,48945,ok
01:11:51,67.0,96.1,26725,48959,ok
01:11:52,71.2,95.9,25453,49318,ok
01:11:53,69.7,95.7,26626,49871,ok
01:11:54,69.1,95.4,26188,49844,ok
01:11:55,70.0,96.6,26376,48074,ok
01:11:56,72.3,96.7,26415,49484,ok
01:11:57,71.1,96.3,26610,48221,ok
01:11:58,69.9,95.8,25357,49538,ok
01:11:59,71.8,95.7,26367,48828,ok
01:12:00,68.2,96.3,26206,48661,ok
01:12:01,72.5,96.9,26779,49067,ok
01:12:02,71.7,97.5,25872,48674,ok
01:12:03,68.6,97.2,26410,48580,ok
01:12:04,68.9,97.6,25644,49466,ok
01:12:05,67.5,96.9,26612,49038,ok
01:12:06,72.2,97.5,26439,48496,ok
01:12:07,67.5,97.0,25339,49260,ok
01:12:08,66.1,96.9,25937,49333,ok
01:12:09,70.3,96.6,25185,49527,ok
01:12:10,69.2,96.5,25183,48288,ok
01:12:11,66.1,97.4,26486,49727,ok
01:12:12,67.7,97.1,26709,49186,ok
01:12:13,70.8,97.1,25940,48703,ok
01:12:14,71.1,97.1,26045,49861,ok
01:12:15,73.7,96.9,25954,49547,ok
01:12:16,71.1,96.6,25262,48824,ok
01:12:17,68.3,97.0,26265,49039,ok
01:12:18,69.2,97.0,26370,49881,ok
01:12:19,72.3,97.2,26135,48550,ok
01:12:20,72.1,97.3,25194,49483,ok
01:12:21,67.2,96.4,26594,49254,ok
01:12:22,68.6,97.1,25731,48419,ok
01:12:23,70.3,97.1,26281,48099,ok
01:12:24,67.3,97.0,26922,49180,ok
01:12:25,68.4,97.1,26714,48834,ok
01:12:26,70.5,96.3,26530,49944,ok
01:12:27,68.9,97.2,25600,49059,ok
01:12:28,70.0,96.9,25098,48447,ok
01:12:29,69.4,95.7,26706,48443,ok
01:12:30,70.0,97.0,26484,48944,ok
01:12:31,70.5,96.5,26390,49654,ok
01:12:32,70.7,97.7,26579,48029,ok
01:12:33,70.7,97.0,26486,49998,ok
01:12:34,71.9,96.8,26051,49293,ok
01:12:35,71.7,96.2,25116,49307,ok
01:12:36,70.2,97.1,25964,48899,ok
01:12:37,66.9,96.0,26370,49531,ok
01:12:38,69.9,97.7,26479,48336,ok
01:12:39,73.0,97.0,26651,48167,ok
01:12:40,71.0,97.4,25993,48483,ok
01:12:41,71.0,96.9,25400,48822,ok
01:12:42,68.6,97.1,25614,48854,ok
01:12:43,68.0,97.1,25315,49352,ok
01:12:44,68.5,97.2,26782,49646,ok
01:12:45,70.0,97.2,26546,48954,ok
01:12:46,68.8,96.9,26930,49476,ok
01:12:47,70.5,97.5,26909,49020,ok
01:12:48,71.6,97.2,26758,49391,ok
01:12:49,66.0,97.4,26897,49189,ok
01:12:50,68.4,97.1,25413,48135,ok
01:12:51,66.0,96.9,26754,48893,ok
01:12:52,67.1,96.9,26191,48592,ok
01:12:53,67.7,96.0,26860,48596,ok
01:12:54,71.9,96.7,26113,49718,ok
01:12:55,72.3,96.6,26099,48729,ok
01:12:56,70.1,96.7,26801,48505,ok
01:12:57,76.0,96.1,26413,49217,ok
01:12:58,70.8,96.5,26647,49936,ok
01:12:59,69.3,96.7,25117,48961,ok
01:13:00,68.3,97.7,25322,49023,ok
01:13:01,69.0,96.2,26064,48872,ok
01:13:02,71.4,97.4,26467,49511,ok
01:13:03,73.5,97.1,26548,48529,ok
01:13:04,70.4,97.4,25041,49713,ok
01:13:05,68.1,96.7,26200,49282,ok
01:13:06,72.8,96.7,25729,48218,ok
01:13:07,71.6,96.7,25321,48917,ok
01:13:08,67.2,97.0,25339,49469,ok
01:13:09,69.3,96.8,26458,49835,ok
01:13:10,69.3,97.6,25390,48658,ok
01:13:11,68.9,97.3,26576,48908,ok
01:13:12,75.4,96.7,26917,49930,ok
01:13:13,72.8,98.1,25452,48388,ok
01:13:14,70.8,96.7,25952,48780,ok
01:13:15,68.7,97.0,25448,49328,ok
01:13:16,66.3,96.4,25470,48440,ok
01:13:17,68.5,96.8,26626,48785,ok
01:13:18,71.9,97.0,25103,48653,ok
01:13:19,73.6,96.8,25844,48832,ok
01:13:20,68.4,96.4,26117,48385,ok
01:13:21,72.7,97.2,25072,48318,ok
01:13:22,69.1,96.8,26427,49068,ok
01:13:23,68.9,98.3,26182,48850,ok
01:13:24,72.6,96.4,25205,49424,ok
01:13:25,69.1,96.7,26530,48108,ok
01:13:26,70.5,97.6,26958,49895,ok
01:13:27,69.1,97.8,26486,49182,ok
01:13:28,69.2,96.9,26927,49685,ok
01:13:29,68.0,97.8,26151,48229,ok
01:13:30,67.0,96.7,26940,49225,ok
01:13:31,67.7,97.0,26643,48855,ok
01:13:32,69.1,96.7,26576,49607,ok
01:13:33,72.6,97.1,26171,48533,ok
01:13:34,75.1,97.4,26635,49176,ok
01:13:35,69.7,97.5,25523,48519,ok
01:13:36,69.6,96.8,25146,48820,ok
01:13:37,69.8,96.7,25780,48839,ok
01:13:38,72.2,97.1,26976,49655,ok
01:13:39,71.8,97.4,25294,49667,ok
01:13:40,68.4,97.0,26154,48053,ok
01:13:41,71.6,97.0,25375,48999,ok
01:13:42,68.7,97.3,26295,49478,ok
01:13:43,68.4,96.8,26705,49567,ok
01:13:44,68.6,97.2,26875,49664,ok
01:13:45,68.3,96.7,26466,48483,ok
01:13:46,70.5,97.5,26986,48471,ok
01:13:47,73.3,97.4,26283,48676,ok
01:13:48,70.1,96.7,26821,48169,ok
01:13:49,67.8,97.0,25717,48769,ok
01:13:50,70.7,96.9,26991,49302,ok
01:13:51,71.2,97.3,25271,48603,ok
01:13:52,71.6,96.4,26086,49941,ok
01:13:53,67.7,97.1,26944,48546,ok
01:13:54,66.8,97.2,25327,49489,ok
01:13:55,70.2,96.7,26661,49073,ok
01:13:56,68.3,97.3,25555,49982,ok
01:13:57,70.0,96.3,25084,48688,ok
01:13:58,70.9,98.3,25957,48713,ok
01:13:59,70.5,96.9,26048,49581,ok
01:14:00,70.4,96.7,26464,49271,ok
01:14:01,68.6,96.8,26228,49952,ok
01:14:02,70.7,96.4,25411,49413,ok
01:14:03,70.2,97.3,26874,48198,ok
01:14:04,70.2,96.3,26013,48434,ok
01:14:05,71.6,96.7,26629,49406,ok
01:14:06,70.7,96.9,25993,49925,ok
01:14:07,71.4,96.4,26276,49920,ok
01:14:08,69.7,96.9,25425,48196,ok
01:14:09,67.3,96.9,25298,49378,ok
01:14:10,69.4,96.6,26667,49781,ok
01:14:11,69.1,96.8,25340,48904,ok
01:14:12,69.4,97.2,25226,49634,ok
01:14:13,67.2,97.5,25512,49450,ok
01:14:14,71.3,96.6,26848,49202,ok
01:14:15,69.6,96.4,26442,49339,ok
01:14:16,68.3,96.6,25284,48427,ok
01:14:17,70.7,96.9,25231,48945,ok
01:14:18,70.5,97.4,25080,48110,ok
01:14:19,72.5,96.5,26498,49280,ok
01:14:20,67.8,96.7,26798,48370,ok
01:14:21,68.9,96.6,26112,49924,ok
01:14:22,71.4,95.8,25745,49128,ok
01:14:23,69.8,96.9,25602,48824,ok
01:14:24,69.5,97.6,25524,48696,ok
01:14:25,69.4,96.7,25574,48148,ok
01:14:26,68.7,97.1,25013,49927,ok
01:14:27,67.0,97.1,25053,48278,ok
01:14:28,72.4,96.4,26253,48206,ok
01:14:29,69.3,96.8,25947,48627,ok
01:14:30,68.1,98.0,25134,49949,ok
01:14:31,72.6,96.9,25847,49977,ok
01:14:32,71.3,95.7,26843,48181,ok
01:14:33,71.9,96.4,26185,49632,ok
01:14:34,69.0,96.6,26757,49227,ok
01:14:35,67.5,96.8,25835,48644,ok
01:14:36,73.6,97.3,25141,49231,ok
01:14:37,70.3,97.0,25817,49357,ok
01:14:38,69.9,97.1,25979,49116,ok
01:14:39,70.1,97.0,25858,48504,ok
01:14:40,69.2,97.3,25585,48264,ok
01:14:41,70.3,97.1,25943,49043,ok
01:14:42,71.4,97.4,26286,48155,ok
01:14:43,68.7,96.6,25447,48278,ok
01:14:44,70.3,97.7,25615,48004,ok
01:14:45,68.4,96.6,26495,48835,ok
01:14:46,68.7,96.5,25858,49621,ok
01:14:47,67.4,98.0,25034,48619,ok
01:14:48,70.9,97.0,25796,48352,ok
01:14:49,65.4,96.2,26625,49405,ok
01:14:50,66.2,97.1,26380,48366,ok
01:14:51,67.0,96.2,25815,49697,ok
01:14:52,66.9,96.9,26764,48799,ok
01:14:53,67.9,97.3,25935,49955,ok
01:14:54,71.6,96.8,26773,48869,ok
01:14:55,71.2,97.1,26890,49091,ok
01:14:56,68.4,97.5,26070,48406,ok
01:14:57,71.7,97.3,26877,48365,ok
01:14:58,72.0,97.0,25886,49762,ok
01:14:59,68.1,96.4,25190,48186,ok
01:15:00,73.7,96.0,25850,48912,ok
01:15:01,72.2,97.6,26537,49377,ok
01:15:02,67.6,96.8,26936,49938,ok
01:15:03,71.0,97.1,25873,49872,ok
01:15:04,68.6,97.0,26546,49579,ok
01:15:05,67.5,97.2,25923,49759,ok
01:15:06,71.8,97.0,26557,49575,ok
01:15:07,68.7,96.3,26244,49569,ok
01:15:08,67.1,97.1,26739,48530,ok
01:15:09,68.2,97.7,26963,48991,ok
01:15:10,66.5,97.4,25782,49599,ok
01:15:11,69.2,97.3,26198,48191,ok
01:15:12,70.2,96.5,26920,48565,ok
01:15:13,67.1,97.1,25106,48336,ok
01:15:14,67.8,96.9,25583,49953,ok
01:15:15,70.3,97.0,25734,48594,ok
01:15:16,69.2,96.9,26742,49214,ok
01:15:17,71.1,96.6,25618,48939,ok
01:15:18,73.6,97.2,25096,49276,ok
01:15:19,71.5,97.3,25245,49310,ok
01:15:20,67.9,97.7,25455,49356,ok
01:15:21,70.2,96.3,26865,48248,ok
01:15:22,73.8,96.6,25588,48988,ok
01:15:23,67.6,97.4,25219,49023,ok
01:15:24,67.8,96.4,25187,49694,ok
01:15:25,71.4,96.8,26231,48373,ok
01:15:26,68.3,96.9,25033,48068,ok
01:15:27,70.8,97.2,25871,48278,ok
01:15:28,71.9,95.9,26990,49551,ok
01:15:29,69.7,97.2,26603,48385,ok
01:15:30,68.5,97.3,26019,49404,ok
01:15:31,72.1,96.8,25343,48238,ok
01:15:32,71.2,96.5,25555,49821,ok
01:15:33,69.5,96.5,26117,48527,ok
01:15:34,67.4,96.7,26366,49155,ok
01:15:35,68.5,96.6,26934,48864,ok
01:15:36,66.5,97.1,25514,48830,ok
01:15:37,66.6,97.1,25213,48243,ok
01:15:38,67.3,96.4,26420,49500,ok
01:15:39,70.3,97.0,26738,48087,ok
01:15:40,73.3,97.4,25929,48182,ok
01:15:41,69.3,97.2,25837,48475,ok
01:15:42,71.0,97.0,25345,49372,ok
01:15:43,70.8,96.8,25647,48893,ok
01:15:44,73.4,97.1,26851,49777,ok
01:15:45,68.3,97.0,26058,48004,ok
01:15:46,67.5,96.8,25550,49798,ok
01:15:47,71.3,95.8,25002,49957,ok
01:15:48,68.0,96.5,25297,48227,ok
01:15:49,69.1,97.1,26279,48266,ok
01:15:50,68.1,97.3,25478,49603,ok
01:15:51,71.6,95.8,26535,49215,ok
01:15:52,71.4,97.1,25071,49786,ok
01:15:53,70.1,97.3,25013,49004,ok
01:15:54,70.7,97.5,25299,49998,ok
01:15:55,68.4,97.6,26705,49574,ok
01:15:56,70.1,97.0,26261,49009,ok
01:15:57,69.4,96.2,25108,49251,ok
01:15:58,67.8,96.9,26334,49226,ok
01:15:59,71.3,96.7,25042,48986,ok
01:16:00,73.2,98.1,25486,48932,ok
01:16:01,67.3,97.5,26762,48209,ok
01:16:02,69.9,97.9,25115,48520,ok
01:16:03,70.5,97.4,26690,48599,ok
01:16:04,69.6,96.4,26556,48521,ok
01:16:05,70.2,97.3,25064,48162,ok
01:16:06,70.9,97.6,25901,49910,ok
01:16:07,72.0,96.2,25924,48896,ok
01:16:08,69.8,96.5,26140,49495,ok
01:16:09,69.0,97.4,25802,48161,ok
01:16:10,69.6,96.8,25966,49577,ok
01:16:11,73.5,97.1,26715,48666,ok
01:16:12,68.2,96.7,26913,49238,ok
01:16:13,71.8,96.1,26828,48822,ok
01:16:14,72.0,95.8,25195,49790,ok
01:16:15,72.7,97.3,25352,48899,ok
01:16:16,68.1,96.7,26270,48905,ok
01:16:17,69.4,97.0,26762,49327,ok
01:16:18,70.7,97.8,25908,49314,ok
01:16:19,75.8,96.9,25519,48689,ok
01:16:20,72.2,97.0,25146,49538,ok
01:16:21,71.2,97.5,26164,49503,ok
01:16:22,71.8,97.4,26946,49638,ok
01:16:23,71.6,97.1,25205,48537,ok
01:16:24,67.3,97.4,25595,49354,ok
01:16:25,66.5,96.7,26588,48260,ok
01:16:26,71.4,96.3,26568,49049,ok
01:16:27,67.7,97.6,25694,48660,ok
01:16:28,70.4,97.2,26801,49951,ok
01:16:29,70.6,97.0,26514,48455,ok
01:16:30,69.1,97.6,26318,49852,ok
01:16:31,76.4,97.7,26356,48369,ok
01:16:32,64.8,96.9,25829,49540,ok
01:16:33,71.3,96.8,25186,48040,ok
01:16:34,71.2,97.1,26739,49166,ok
01:16:35,71.4,96.9,25146,49713,ok
01:16:36,67.8,97.7,26349,48642,ok
01:16:37,68.8,97.0,25056,49813,ok
01:16:38,69.9,96.6,25998,48579,ok
01:16:39,68.3,97.4,26774,49624,ok
01:16:40,68.3,97.0,25942,49603,ok
01:16:41,69.2,96.9,26345,48883,ok
01:16:42,65.7,96.6,25090,48570,ok
01:16:43,72.6,96.8,26657,48036,ok
01:16:44,69.2,96.7,25714,49693,ok
01:16:45,67.8,96.1,26883,49625,ok
01:16:46,69.5,97.3,25931,49782,ok
01:16:47,67.6,97.7,26491,49314,ok
01:16:48,69.9,97.7,26731,48986,ok
01:16:49,72.0,97.0,25612,49895,ok
01:16:50,67.6,96.9,26514,48902,ok
01:16:51,71.0,97.8,26143,48711,ok
01:16:52,72.7,97.1,26104,48154,ok
01:16:53,68.3,96.1,26539,49667,ok
01:16:54,67.7,97.5,25917,49673,ok
01:16:55,72.9,97.8,26656,48536,ok
01:16:56,67.3,97.4,26341,48795,ok
01:16:57,73.1,97.2,25519,49541,ok
01:16:58,75.8,97.3,25602,48906,ok
01:16:59,70.1,97.5,26170,48949,ok
01:17:00,63.1,96.7,25360,49454,ok
01:17:01,67.3,96.5,25133,49018,ok
01:17:02,67.2,96.4,26486,48279,ok
01:17:03,65.6,96.1,26207,49872,ok
01:17:04,63.3,97.5,26544,48165,ok
01:17:05,63.2,96.8,26597,49529,ok
01:17:06,65.5,96.7,26888,48304,ok
01:17:07,65.2,96.4,25540,48242,ok
01:17:08,66.1,96.9,26738,48403,ok
01:17:09,63.6,96.6,25408,48681,ok
01:17:10,68.9,97.5,26103,49105,ok
01:17:11,67.4,96.7,25655,49182,ok
01:17:12,66.7,97.0,25246,48647,ok
01:17:13,67.8,97.0,25827,49547,ok
01:17:14,66.1,97.2,25977,48116,ok
01:17:15,68.1,96.7,26238,48298,ok
01:17:16,64.8,97.5,25504,49427,ok
01:17:17,68.1,98.2,26140,49575,ok
01:17:18,67.3,96.4,25601,49673,ok
01:17:19,64.7,97.3,26482,48593,ok
01:17:20,63.2,96.9,25050,49197,ok
01:17:21,61.4,97.0,26628,48520,ok
01:17:22,64.4,96.9,26965,49952,ok
01:17:23,66.9,96.9,26518,48800,ok
01:17:24,64.0,96.8,26049,48815,ok
01:17:25,66.2,97.2,25391,48257,ok
01:17:26,62.6,96.9,26872,49688,ok
01:17:27,66.4,96.1,26473,48599,ok
01:17:28,66.6,96.9,26980,48034,ok
01:17:29,64.6,96.8,26022,48693,ok
01:17:30,63.4,97.0,25934,49626,ok
01:17:31,66.3,97.1,25022,49530,ok
01:17:32,64.5,97.8,26139,48802,ok
01:17:33,60.4,96.3,26161,49140,ok
01:17:34,62.5,97.7,26204,49436,ok
01:17:35,63.4,97.3,26550,48614,ok
01:17:36,64.3,97.4,26672,49829,ok
01:17:37,67.7,96.6,26608,48927,ok
01:17:38,65.8,97.4,25581,49246,ok
01:17:39,63.6,96.9,25295,49341,ok
01:17:40,68.4,96.7,26672,48234,ok
01:17:41,65.0,96.2,25948,48241,ok
01:17:42,66.6,97.2,26071,48063,ok
01:17:43,64.0,97.2,25934,48026,ok
01:17:44,65.8,96.6,26825,48693,ok
01:17:45,62.5,96.8,26260,49226,ok
01:17:46,62.6,97.4,26733,49228,ok
01:17:47,64.8,97.9,25801,49123,ok
01:17:48,65.0,97.2,26147,48690,ok
01:17:49,62.5,97.0,26233,48249,ok
01:17:50,67.6,97.3,25176,49680,ok
01:17:51,66.4,97.5,25969,49960,ok
01:17:52,66.5,96.7,25501,49671,ok
01:17:53,67.2,96.1,26439,49420,ok
01:17:54,65.0,97.2,25907,49965,ok
01:17:55,62.3,97.4,26253,49971,ok
01:17:56,63.7,96.7,26161,49661,ok
01:17:57,65.2,96.6,26893,48213,ok
01:17:58,62.8,96.6,25927,49353,ok
01:17:59,63.9,97.1,25116,49824,ok
01:18:00,66.3,96.6,26703,49124,ok
01:18:01,67.2,96.5,26944,49964,ok
01:18:02,67.2,97.5,26108,49629,ok
01:18:03,66.3,97.7,26573,49421,ok
01:18:04,67.0,97.6,26000,49097,ok
01:18:05,63.7,96.6,25163,49872,ok
01:18:06,64.6,97.8,25262,49006,ok
01:18:07,64.1,96.9,25162,49236,ok
01:18:08,65.8,96.9,25098,48100,ok
01:18:09,64.9,96.6,26597,48376,ok
01:18:10,61.6,96.9,26733,48133,ok
01:18:11,64.3,96.3,26010,49318,ok
01:18:12,63.5,96.8,26828,49922,ok
01:18:13,63.6,97.0,25686,48849,ok
01:18:14,61.8,97.3,25049,48858,ok
01:18:15,67.8,96.8,25553,48650,ok
01:18:16,64.6,96.6,25259,49161,ok
01:18:17,68.1,96.8,26248,49380,ok
01:18:18,66.8,97.0,25541,49046,ok
01:18:19,68.0,97.1,26779,48459,ok
01:18:20,66.0,97.6,26868,48844,ok
01:18:21,66.7,98.4,26110,49524,ok
01:18:22,62.1,97.8,26561,48559,ok
01:18:23,64.8,97.9,26177,48648,ok
01:18:24,65.8,97.5,26441,49533,ok
01:18:25,65.9,97.8,26398,48888,ok
01:18:26,61.5,97.8,26585,48114,ok
01:18:27,67.7,97.7,26370,49139,ok
01:18:28,61.3,97.6,26522,49985,ok
01:18:29,63.9,96.6,25803,48716,ok
01:18:30,65.5,97.2,25756,49309,ok
01:18:31,65.3,97.2,26896,49115,ok
01:18:32,63.0,97.4,25630,48333,ok
01:18:33,63.5,96.5,26784,48603,ok
01:18:34,64.8,96.7,25522,49675,ok
01:18:35,64.2,97.2,26213,49494,ok
01:18:36,66.3,97.4,25512,49250,ok
01:18:37,62.3,97.2,25126,49065,ok
01:18:38,66.2,96.0,26019,49903,ok
01:18:39,62.9,97.4,25960,49885,ok
01:18:40,66.7,97.4,25012,49123,ok
01:18:41,67.8,97.5,25550,49657,ok
01:18:42,65.8,96.5,25992,49954,ok
01:18:43,64.9,96.5,26147,48004,ok
01:18:44,61.3,97.2,25478,48161,ok
01:18:45,64.2,97.1,26651,49806,ok
01:18:46,65.6,97.9,25358,48194,ok
01:18:47,66.7,97.5,26847,48084,ok
01:18:48,65.0,97.0,26336,49517,ok
01:18:49,62.8,96.9,25470,49408,ok
01:18:50,64.9,97.6,26829,48659,ok
01:18:51,65.8,97.2,26799,48120,ok
01:18:52,67.7,97.0,25245,48016,ok
01:18:53,64.9,97.5,26584,48809,ok
01:18:54,63.7,97.1,25353,48348,ok
01:18:55,64.2,97.0,26068,48637,ok
01:18:56,65.7,97.1,26966,48133,ok
01:18:57,65.5,97.0,26743,49876,ok
01:18:58,67.5,97.6,25362,49342,ok
01:18:59,65.0,97.4,25220,49803,ok
01:19:00,68.2,96.2,25544,49591,ok
01:19:01,64.5,96.4,26220,48429,ok
01:19:02,62.8,97.6,25721,48533,ok
01:19:03,65.3,96.4,26706,49670,ok
01:19:04,62.8,95.9,26772,48446,ok
01:19:05,63.5,96.5,25949,48500,ok
01:19:06,64.1,97.1,26844,49283,ok
01:19:07,66.2,96.9,26982,49391,ok
01:19:08,64.8,96.1,25941,49802,ok
01:19:09,62.1,97.0,26991,49872,ok
01:19:10,67.0,97.7,26337,49655,ok
01:19:11,60.5,97.2,25166,48136,ok
01:19:12,65.1,97.2,25822,48944,ok
01:19:13,66.7,96.6,25597,48796,ok
01:19:14,64.5,96.9,26500,49185,ok
01:19:15,61.7,96.4,25890,48924,ok
01:19:16,67.1,97.8,25634,49713,ok
01:19:17,63.0,97.3,25126,49215,ok
01:19:18,69.0,97.0,25890,48453,ok
01:19:19,64.9,96.8,25610,48667,ok
01:19:20,69.2,96.9,26757,48055,ok
01:19:21,64.4,96.9,25097,49537,ok
01:19:22,67.0,97.2,26070,48666,ok
01:19:23,67.5,96.6,25729,48814,ok
01:19:24,63.3,97.6,26483,48381,ok
01:19:25,65.4,97.3,25260,48882,ok
01:19:26,68.7,97.1,25823,48262,ok
01:19:27,65.8,96.3,25899,48582,ok
01:19:28,64.4,96.6,26944,49171,ok
01:19:29,69.6,97.5,25033,49933,ok
01:19:30,62.8,96.9,26259,49231,ok
01:19:31,64.3,96.7,26382,49095,ok
01:19:32,59.8,97.2,26801,48516,ok
01:19:33,66.2,96.9,25223,49742,ok
01:19:34,66.6,97.6,26081,48830,ok
01:19:35,66.8,97.1,25000,48703,ok
01:19:36,67.6,96.3,25171,48016,ok
01:19:37,65.7,96.6,25766,49502,ok
01:19:38,65.1,97.4,26713,48918,ok
01:19:39,65.6,96.6,25702,49250,ok
01:19:40,66.1,96.5,26585,48821,ok
01:19:41,64.5,97.9,25876,48576,ok
01:19:42,65.0,97.7,25041,49107,ok
01:19:43,63.7,96.9,25007,48509,ok
01:19:44,66.6,98.0,25143,48242,ok
01:19:45,63.3,96.6,25128,49386,ok
01:19:46,65.1,96.8,25559,48632,ok
01:19:47,69.5,97.0,26926,49419,ok
01:19:48,66.7,97.2,26111,49744,ok
01:19:49,65.3,97.0,25133,49605,ok
01:19:50,67.6,97.1,26491,49291,ok
01:19:51,65.1,98.1,25822,49097,ok
01:19:52,62.7,97.7,25958,49909,ok
01:19:53,60.5,97.1,25215,48028,ok
01:19:54,67.2,97.0,26669,49604,ok
01:19:55,63.6,97.5,25892,48514,ok
01:19:56,68.7,96.7,25370,49027,ok
01:19:57,65.0,96.6,25790,49334,ok
01:19:58,64.5,96.5,26027,48968,ok
01:19:59,58.7,97.1,25841,49645,ok
01:20:00,63.7,97.3,26412,49400,ok
01:20:01,65.0,96.9,25460,49391,ok
01:20:02,62.9,96.6,25784,48339,ok
01:20:03,66.9,97.5,26717,49297,ok
01:20:04,62.2,96.6,26594,49159,ok
01:20:05,64.2,96.8,26055,48871,ok
01:20:06,65.1,96.9,26287,49411,ok
01:20:07,67.2,97.6,25176,48074,ok
01:20:08,69.4,96.8,26032,48597,ok
01:20:09,64.7,97.7,26122,49807,ok
01:20:10,66.1,96.4,26827,49411,ok
01:20:11,65.0,96.9,25334,49234,ok
01:20:12,64.4,96.2,25316,48621,ok
01:20:13,65.1,97.1,26324,48243,ok
01:20:14,62.0,96.5,26570,48620,ok
01:20:15,61.1,96.7,26248,49161,ok
01:20:16,64.7,97.0,26791,48159,ok
01:20:17,69.5,96.9,26281,48365,ok
01:20:18,64.1,96.2,26526,48165,ok
01:20:19,66.1,97.1,25034,48986,ok
01:20:20,63.3,97.1,25872,49294,ok
01:20:21,64.4,96.8,25476,49201,ok
01:20:22,63.4,97.0,26955,49229,ok
01:20:23,62.3,96.7,26555,48622,ok
01:20:24,65.1,96.2,26797,48594,ok
01:20:25,66.2,97.0,25372,49369,ok
01:20:26,61.5,97.2,26664,48357,ok
01:20:27,64.1,97.3,26951,48167,ok
01:20:28,65.5,97.1,26925,49947,ok
01:20:29,62.5,97.2,25803,49553,ok
01:20:30,65.4,96.7,26333,49164,ok
01:20:31,66.2,97.5,25763,49013,ok
01:20:32,68.5,97.5,26360,49789,ok
01:20:33,68.4,96.6,26638,49668,ok
01:20:34,64.0,97.0,25475,48946,ok
01:20:35,66.4,96.2,25416,49155,ok
01:20:36,63.9,96.6,25689,49156,ok
01:20:37,68.7,96.6,25486,49631,ok
01:20:38,65.6,98.1,26622,49622,ok
01:20:39,67.2,97.1,25326,49542,ok
01:20:40,62.7,97.3,25344,49159,ok
01:20:41,64.7,98.0,26843,48645,ok
01:20:42,65.8,97.3,26328,48227,ok
01:20:43,66.1,96.4,25826,48533,ok
01:20:44,63.6,97.5,26290,49210,ok
01:20:45,63.9,98.0,26972,49072,ok
01:20:46,68.2,96.1,25235,48306,ok
01:20:47,63.0,96.2,26595,48731,ok
01:20:48,66.1,97.3,25189,49213,ok
01:20:49,65.0,97.3,25601,48633,ok
01:20:50,67.6,96.9,25019,48704,ok
01:20:51,64.0,97.0,26845,48904,ok
01:20:52,64.4,97.4,26426,49431,ok
01:20:53,70.0,97.1,26280,48460,ok
01:20:54,63.0,96.2,26812,48443,ok
01:20:55,64.7,97.3,25650,48268,ok
01:20:56,62.6,97.0,25033,49935,ok
01:20:57,69.7,97.7,25699,49815,ok
01:20:58,64.0,97.4,25074,49765,ok
01:20:59,69.0,96.6,25636,48630,ok
01:21:00,62.1,97.4,25314,49716,ok
01:21:01,63.3,97.0,26713,48022,ok
01:21:02,66.3,96.9,25273,49882,ok
01:21:03,67.4,97.3,25677,49029,ok
01:21:04,63.9,96.5,25543,49572,ok
01:21:05,64.9,96.5,26230,48585,ok
01:21:06,63.8,96.5,25789,48758,ok
01:21:07,64.9,97.3,25656,49397,ok
01:21:08,68.4,96.5,26297,49607,ok
01:21:09,64.9,97.4,26171,49790,ok
01:21:10,67.1,97.0,26988,49668,ok
01:21:11,63.8,98.1,25731,48822,ok
01:21:12,64.9,97.4,26947,49195,ok
01:21:13,60.1,97.1,25700,48901,ok
01:21:14,61.9,96.9,26278,49615,ok
01:21:15,65.5,97.2,25186,48367,ok
01:21:16,66.5,97.4,25894,49227,ok
01:21:17,66.5,96.5,26046,48484,ok
01:21:18,63.5,97.7,26887,48523,ok
01:21:19,65.4,96.9,25809,48432,ok
01:21:20,66.6,96.7,25509,49203,ok
01:21:21,66.4,97.4,26588,48762,ok
01:21:22,68.0,97.2,25446,49561,ok
01:21:23,67.1,97.7,26867,49758,ok
01:21:24,63.3,96.4,26428,48131,ok
01:21:25,60.6,97.6,25740,48719,ok
01:21:26,65.3,96.5,25509,48649,ok
01:21:27,63.8,98.0,25823,48877,ok
01:21:28,63.6,97.5,26088,48501,ok
01:21:29,62.1,97.8,26820,49312,ok
01:21:30,67.4,97.1,25459,49930,ok
01:21:31,65.7,96.6,26209,49420,ok
01:21:32,64.6,97.4,25461,48617,ok
01:21:33,63.3,96.5,25911,48380,ok
01:21:34,63.7,97.4,26293,49986,ok
01:21:35,67.7,96.8,25958,48262,ok
01:21:36,65.6,97.2,25893,48946,ok
01:21:37,64.1,97.9,25074,49176,ok
01:21:38,70.6,96.5,25899,48554,ok
01:21:39,65.4,97.3,25031,49760,ok
01:21:40,64.1,96.7,26343,48347,ok
01:21:41,63.6,97.8,26158,48601,ok
01:21:42,64.8,97.9,26662,48302,ok
01:21:43,65.7,96.8,26674,48230,ok
01:21:44,62.3,97.4,26223,49806,ok
01:21:45,63.9,97.6,26258,49596,ok
01:21:46,68.6,96.4,26910,49780,ok
01:21:47,62.6,96.3,26673,48320,ok
01:21:48,66.7,95.9,26516,48584,ok
01:21:49,65.9,96.1,25252,48753,ok
01:21:50,66.4,97.1,25176,48752,ok
01:21:51,63.8,97.6,25962,48731,ok
01:21:52,65.8,96.9,25226,49336,ok
01:21:53,70.4,96.7,26274,48115,ok
01:21:54,66.2,97.5,25797,48145,ok
01:21:55,62.4,96.2,26990,49291,ok
01:21:56,66.4,97.3,25388,49516,ok
01:21:57,64.2,97.6,26674,49671,ok
01:21:58,61.5,97.4,25864,48712,ok
01:21:59,62.1,97.4,25031,49074,ok
01:22:00,59.5,98.2,25714,48060,ok
01:22:01,66.9,97.3,26993,49424,ok
01:22:02,66.7,97.2,26110,48409,ok
01:22:03,65.7,96.8,26092,49838,ok
01:22:04,65.0,97.7,26813,49769,ok
01:22:05,62.8,96.6,25087,49214,ok
01:22:06,63.4,97.4,26053,48863,ok
01:22:07,66.8,96.4,26517,49408,ok
01:22:08,64.5,96.8,26410,48650,ok
01:22:09,64.0,97.2,25671,48169,ok
01:22:10,61.8,96.3,26156,49988,ok
01:22:11,64.4,96.4,26229,48065,ok
01:22:12,63.6,96.2,26357,49849,ok
01:22:13,65.0,97.1,26768,48126,ok
01:22:14,67.5,96.2,25602,48798,ok
01:22:15,63.4,97.2,26185,48210,ok
01:22:16,64.6,97.4,26210,49974,ok
01:22:17,64.5,97.1,25595,49221,ok
01:22:18,63.9,97.7,25903,48435,ok
01:22:19,64.5,97.9,26814,49977,ok
01:22:20,65.4,96.7,26419,49486,ok
01:22:21,67.2,96.6,25193,48452,ok
01:22:22,63.8,97.7,26372,48072,ok
01:22:23,64.2,96.6,25433,48980,ok
01:22:24,66.5,97.4,25589,49588,ok
01:22:25,61.6,96.8,25225,48109,ok
01:22:26,65.1,97.6,26789,48683,ok
01:22:27,63.9,98.1,25424,49787,ok
01:22:28,64.2,97.0,25445,49358,ok
01:22:29,64.6,97.3,25385,49151,ok
01:22:30,62.4,96.0,25693,48127,ok
01:22:31,61.4,97.1,25152,48121,ok
01:22:32,59.8,96.5,25827,48318,ok
01:22:33,63.4,96.5,26174,49442,ok
01:22:34,64.0,97.4,25022,49760,ok
01:22:35,65.3,96.4,25779,48376,ok
01:22:36,66.1,97.3,25121,48941,ok
01:22:37,68.3,96.8,26500,48678,ok
01:22:38,65.1,97.0,25543,49926,ok
01:22:39,63.5,97.4,25527,49742,ok
01:22:40,66.2,98.0,26033,48852,ok
01:22:41,67.1,97.8,25058,48624,ok
01:22:42,68.6,96.8,26542,48166,ok
01:22:43,62.4,96.7,26262,48573,ok
01:22:44,65.5,97.2,26098,49149,ok
01:22:45,64.8,96.5,26189,49397,ok
01:22:46,67.7,97.1,25347,48849,ok
01:22:47,64.0,97.3,26349,48939,ok
01:22:48,64.2,96.5,26301,48872,ok
01:22:49,65.6,96.7,25186,49187,ok
01:22:50,63.5,96.8,26993,49183,ok
01:22:51,62.5,96.2,26702,49758,ok
01:22:52,64.6,96.9,25464,48257,ok
01:22:53,66.1,97.1,26881,49199,ok
01:22:54,64.3,97.0,25470,49554,ok
01:22:55,62.1,96.3,26237,48219,ok
01:22:56,64.9,98.0,25030,49462,ok
01:22:57,68.6,96.9,25305,48767,ok
01:22:58,66.7,97.2,26527,48673,ok
01:22:59,63.5,97.2,26180,48349,ok
01:23:00,65.1,96.9,26174,48356,ok
01:23:01,67.3,97.2,25873,48538,ok
01:23:02,63.7,96.6,25008,49847,ok
01:23:03,67.5,97.0,25161,48279,ok
01:23:04,63.1,96.8,25127,49966,ok
01:23:05,71.6,96.1,25091,48364,ok
01:23:06,64.4,96.7,26242,49095,ok
01:23:07,65.7,97.7,26690,48805,ok
01:23:08,62.6,97.5,25211,48642,ok
01:23:09,64.8,97.9,26146,48106,ok
01:23:10,66.1,97.3,26934,49594,ok
01:23:11,65.5,97.0,25764,49750,ok
01:23:12,65.0,97.6,25183,49407,ok
01:23:13,64.6,96.8,26284,49546,ok
01:23:14,69.0,97.8,25484,48324,ok
01:23:15,60.6,97.4,25671,48452,ok
01:23:16,63.4,96.7,26437,49182,ok
01:23:17,66.0,95.9,25024,48046,ok
01:23:18,66.5,95.8,25223,48225,ok
01:23:19,63.3,97.0,26992,49779,ok
01:23:20,64.9,96.9,26523,49531,ok
01:23:21,62.9,97.1,25299,48525,ok
01:23:22,67.4,97.1,26665,49341,ok
01:23:23,66.6,97.5,25873,49712,ok
01:23:24,64.4,96.7,25492,49245,ok
01:23:25,66.1,96.1,25277,48880,ok
01:23:26,63.8,96.9,26338,48283,ok
01:23:27,65.1,96.6,25699,49225,ok
01:23:28,66.7,97.2,25402,48835,ok
01:23:29,64.4,96.8,26668,49547,ok
01:23:30,66.2,96.7,26706,49824,ok
01:23:31,63.6,97.3,25024,48807,ok
01:23:32,64.2,97.5,25309,49009,ok
01:23:33,64.9,97.7,26676,49620,ok
01:23:34,66.3,97.7,25262,49756,ok
01:23:35,66.5,97.1,26581,48691,ok
01:23:36,68.2,95.7,26380,48855,ok
01:23:37,66.6,95.5,26661,49961,ok
01:23:38,66.6,97.7,25847,49515,ok
01:23:39,64.9,96.7,26502,48977,ok
01:23:40,66.5,97.7,25437,48559,ok
01:23:41,64.5,97.0,26350,49020,ok
01:23:42,67.2,97.8,26545,48848,ok
01:23:43,65.0,96.9,26985,49435,ok
01:23:44,65.2,97.7,25661,48673,ok
01:23:45,63.6,97.6,26211,48258,ok
01:23:46,65.4,97.0,25742,49041,ok
01:23:47,64.0,96.5,26445,48132,ok
01:23:48,67.3,96.5,25198,49246,ok
01:23:49,63.7,97.0,25528,49227,ok
01:23:50,63.2,96.8,26168,49008,ok
01:23:51,61.1,97.4,26987,49438,ok
01:23:52,64.6,96.9,26212,48496,ok
01:23:53,64.4,97.0,26507,48067,ok
01:23:54,67.2,96.8,26923,48279,ok
01:23:55,65.9,97.2,26266,48403,ok
01:23:56,61.9,96.9,25205,48170,ok
01:23:57,66.1,96.8,25652,48781,ok
01:23:58,64.4,97.3,25623,49852,ok
01:23:59,61.7,96.3,25297,48444,ok
01:24:00,63.2,96.9,26870,49114,ok
01:24:01,70.1,96.8,25390,49480,ok
01:24:02,64.9,97.6,25957,49516,ok
01:24:03,70.1,97.5,26527,49633,ok
01:24:04,64.1,97.7,26500,48218,ok
01:24:05,68.2,96.7,25030,49934,ok
01:24:06,62.2,97.5,25918,48459,ok
01:24:07,67.4,95.8,25463,48109,ok
01:24:08,62.2,96.5,26099,49233,ok
01:24:09,64.0,96.2,25802,48328,ok
01:24:10,63.8,97.2,26615,49667,ok
01:24:11,65.6,96.8,26714,48281,ok
01:24:12,62.5,96.5,26026,48231,ok
01:24:13,63.1,96.7,25766,48699,ok
01:24:14,66.3,97.3,25621,49882,ok
01:24:15,61.7,97.0,25725,49661,ok
01:24:16,65.4,97.7,26774,49093,ok
01:24:17,64.6,96.5,25265,48030,ok
01:24:18,64.7,96.8,25832,48581,ok
01:24:19,63.9,97.1,26389,48596,ok
01:24:20,64.7,96.8,25575,49268,ok
01:24:21,66.4,97.3,26382,48646,ok
01:24:22,69.1,96.5,25634,48408,ok
01:24:23,65.8,97.2,25633,48159,ok
01:24:24,65.1,97.0,25467,49729,ok
01:24:25,62.8,96.8,26304,48864,ok
01:24:26,66.0,97.1,26766,48224,ok
01:24:27,66.6,96.8,25287,48548,ok
01:24:28,64.2,97.6,25962,48910,ok
01:24:29,66.6,96.7,26329,48052,ok
01:24:30,62.9,95.9,26654,49813,ok
01:24:31,63.5,97.6,26741,49431,ok
01:24:32,65.9,97.3,26500,49509,ok
01:24:33,65.8,97.8,25711,49485,ok
01:24:34,64.0,97.4,26111,48935,ok
01:24:35,67.7,97.2,25465,48250,ok
01:24:36,62.7,96.8,26883,49291,ok
01:24:37,69.4,97.2,26774,49640,ok
01:24:38,64.7,96.8,26295,48518,ok
01:24:39,64.0,96.7,26361,48545,ok
01:24:40,63.1,96.4,25750,49998,ok
01:24:41,63.8,97.1,26558,49892,ok
01:24:42,66.3,97.2,25695,48647,ok
01:24:43,60.0,96.2,25541,49196,ok
01:24:44,66.3,97.4,25487,48428,ok
01:24:45,62.5,97.5,26846,48792,ok
01:24:46,62.6,97.0,26916,48370,ok
01:24:47,67.8,98.0,25061,49169,ok
01:24:48,64.8,95.9,25442,49701,ok
01:24:49,63.7,97.0,25577,49430,ok
01:24:50,63.2,97.4,26861,48351,ok
01:24:51,63.9,96.3,26613,49428,ok
01:24:52,66.1,97.4,25529,49764,ok
01:24:53,65.6,96.4,26598,49973,ok
01:24:54,65.1,98.0,26297,48637,ok
01:24:55,63.7,97.2,25754,49891,ok
01:24:56,67.4,96.8,25319,49811,ok
01:24:57,66.6,97.4,25981,48951,ok
01:24:58,66.3,98.1,26729,48117,ok
01:24:59,62.7,98.0,26724,49559,ok
01:25:00,67.7,98.5,26231,49229,ok
01:25:01,64.2,96.5,26427,48055,ok
01:25:02,64.2,96.8,26846,49526,ok
01:25:03,66.3,96.9,25005,49816,ok
01:25:04,63.2,96.2,26677,48531,ok
01:25:05,63.7,96.8,25362,49363,ok
01:25:06,62.1,96.8,26485,48766,ok
01:25:07,65.3,97.1,25228,49957,ok
01:25:08,62.4,97.1,25742,49591,ok
01:25:09,61.6,97.4,25720,48615,ok
01:25:10,67.5,96.6,25917,49763,ok
01:25:11,65.4,96.8,25009,49046,ok
01:25:12,66.2,97.6,26532,49288,ok
01:25:13,64.8,97.1,26802,49818,ok
01:25:14,65.5,98.5,26314,49949,ok
01:25:15,67.6,97.2,25333,49583,ok
01:25:16,66.6,96.9,25039,48400,ok
01:25:17,65.2,97.0,26021,48160,ok
01:25:18,64.8,97.3,26046,48017,ok
01:25:19,66.5,96.6,26520,49243,ok
01:25:20,66.3,97.5,25834,48426,ok
01:25:21,63.8,96.8,26593,48414,ok
01:25:22,64.6,97.8,25266,48974,ok
01:25:23,67.7,97.3,25332,48978,ok
01:25:24,65.9,96.9,26178,49928,ok
01:25:25,63.5,97.2,25160,49599,ok
01:25:26,66.1,95.6,26294,49999,ok
01:25:27,66.4,96.4,26827,48364,ok
01:25:28,63.0,96.6,26859,48073,ok
01:25:29,63.5,97.5,26120,48116,ok
01:25:30,65.1,96.3,25750,48099,ok
01:25:31,64.3,96.8,25535,48391,ok
01:25:32,67.3,97.1,26122,48028,ok
01:25:33,67.8,97.8,25613,49653,ok
01:25:34,66.9,96.6,25828,48416,ok
01:25:35,66.4,97.0,26687,49860,ok
01:25:36,65.0,97.5,26646,48970,ok
01:25:37,63.7,97.4,26275,48371,ok
01:25:38,62.3,95.6,26947,48589,ok
01:25:39,67.8,96.9,26350,48558,ok
01:25:40,63.3,97.4,26908,48447,ok
01:25:41,68.4,97.5,25412,48142,ok
01:25:42,64.1,96.4,25071,49132,ok
01:25:43,62.5,96.7,25198,49849,ok
01:25:44,62.8,97.3,26646,49398,ok
01:25:45,63.0,96.9,25360,48127,ok
01:25:46,67.1,97.6,25598,48716,ok
01:25:47,68.9,97.6,25586,48377,ok
01:25:48,64.8,97.4,25575,49666,ok
01:25:49,66.2,96.5,26449,49179,ok
01:25:50,64.8,97.1,26808,48646,ok
01:25:51,63.8,96.7,25022,49396,ok
01:25:52,65.4,96.2,25513,49357,ok
01:25:53,64.8,97.8,26980,48994,ok
01:25:54,62.9,96.8,25677,48498,ok
01:25:55,65.8,96.5,26675,48554,ok
01:25:56,64.7,97.5,26212,48711,ok
01:25:57,64.5,97.5,25385,48232,ok
01:25:58,64.3,96.8,26875,48564,ok
01:25:59,62.9,96.8,25769,48722,ok
01:26:00,67.7,97.3,25128,49332,ok
01:26:01,64.9,97.6,26670,49541,ok
01:26:02,65.2,97.6,26863,49911,ok
01:26:03,67.6,96.8,25362,48787,ok
01:26:04,60.2,97.4,26540,48742,ok
01:26:05,64.7,95.9,25757,48189,ok
01:26:06,64.3,96.7,26988,49474,ok
01:26:07,63.6,97.3,26259,48745,ok
01:26:08,63.4,96.8,26689,48675,ok
01:26:09,68.4,96.5,26664,49832,ok
01:26:10,62.9,96.2,25504,48069,ok
01:26:11,65.2,97.3,25293,49180,ok
01:26:12,66.4,96.1,25359,49028,ok
01:26:13,63.3,96.9,25672,48713,ok
01:26:14,62.1,96.0,26219,49576,ok
01:26:15,64.7,97.2,26745,49944,ok
01:26:16,67.4,97.0,26791,48938,ok
01:26:17,64.5,97.4,26889,48019,ok
01:26:18,63.5,97.5,25149,48547,ok
01:26:19,63.6,96.3,25844,49703,ok
01:26:20,66.0,97.8,25111,48504,ok
01:26:21,65.3,96.9,26125,49595,ok
01:26:22,66.3,97.3,26372,48302,ok
01:26:23,63.1,97.1,25835,49453,ok
01:26:24,62.2,96.9,26421,49072,ok
01:26:25,68.0,96.7,26807,48450,ok
01:26:26,66.2,98.0,25415,49539,ok
01:26:27,62.8,96.4,26452,49512,ok
01:26:28,67.0,96.3,25249,48093,ok
01:26:29,62.7,97.2,26956,48238,ok
01:26:30,65.2,96.7,25522,49492,ok
01:26:31,65.3,96.6,25384,48080,ok
01:26:32,63.5,96.5,25580,49564,ok
01:26:33,63.0,97.8,26797,48777,ok
01:26:34,62.4,97.0,25057,49134,ok
01:26:35,63.3,96.5,26942,48036,ok
01:26:36,64.3,96.9,25611,49670,ok
01:26:37,65.8,96.7,26825,48741,ok
01:26:38,64.8,98.0,25261,49512,ok
01:26:39,65.4,95.8,25033,49562,ok
01:26:40,67.6,97.2,26760,48635,ok
01:26:41,61.8,97.2,25056,48074,ok
01:26:42,62.7,97.1,26243,49650,ok
01:26:43,63.4,97.0,26211,48494,ok
01:26:44,65.2,96.4,26475,48644,ok
01:26:45,66.4,96.8,26445,49678,ok
01:26:46,65.5,98.0,25264,48511,ok
01:26:47,64.8,96.5,25455,49225,ok
01:26:48,66.2,96.9,26560,49999,ok
01:26:49,63.1,97.8,25801,49797,ok
01:26:50,67.2,97.4,26756,48631,ok
01:26:51,64.6,96.9,25359,48080,ok
01:26:52,66.7,97.2,26618,48315,ok
01:26:53,60.3,97.1,26753,49819,ok
01:26:54,63.6,96.8,25175,48777,ok
01:26:55,66.9,97.1,26707,48224,ok
01:26:56,61.6,97.3,25029,49368,ok
01:26:57,65.2,97.3,25787,48478,ok
01:26:58,68.8,97.5,26329,48925,ok
01:26:59,62.8,96.9,25276,49520,ok
01:27:00,66.8,97.3,26900,48917,ok
01:27:01,68.4,97.0,25574,49208,ok
01:27:02,66.2,97.6,26119,49293,ok
01:27:03,63.2,95.5,26821,48413,ok
01:27:04,69.0,96.7,26801,48160,ok
01:27:05,65.0,97.4,26330,49708,ok
01:27:06,64.1,96.5,25901,48088,ok
01:27:07,64.9,98.2,26394,48381,ok
01:27:08,65.1,97.6,26964,49308,ok
01:27:09,63.9,97.4,25665,48190,ok
01:27:10,61.3,97.3,25232,48937,ok
01:27:11,67.7,96.7,26076,48440,ok
01:27:12,64.8,97.9,25227,49332,ok
01:27:13,65.3,97.6,26749,48065,ok
01:27:14,66.1,97.1,25722,49884,ok
01:27:15,63.3,97.3,26564,49854,ok
01:27:16,68.4,96.3,26393,49021,ok
01:27:17,60.4,97.3,25469,49123,ok
01:27:18,68.5,95.9,26158,48592,ok
01:27:19,65.2,96.5,25232,48858,ok
01:27:20,65.0,97.7,26431,48803,ok
01:27:21,66.3,97.1,26506,49775,ok
01:27:22,66.9,96.9,25726,48677,ok
01:27:23,64.9,97.3,25596,49085,ok
01:27:24,63.9,96.3,26305,48530,ok
01:27:25,68.5,97.2,26849,48763,ok
01:27:26,69.8,95.9,26999,48480,ok
01:27:27,65.6,97.3,25217,48579,ok
01:27:28,64.6,97.2,26247,48474,ok
01:27:29,62.6,97.0,26718,48533,ok
01:27:30,62.5,97.1,25526,48780,ok
01:27:31,63.2,96.7,25746,48540,ok
01:27:32,68.2,97.0,26274,48500,ok
01:27:33,64.2,97.3,25929,48609,ok
01:27:34,66.3,96.8,26433,49994,ok
01:27:35,65.5,97.2,26395,49400,ok
01:27:36,66.9,97.4,25850,49292,ok
01:27:37,67.0,96.8,26378,49897,ok
01:27:38,60.5,97.5,25537,48657,ok
01:27:39,67.4,96.8,26302,48377,ok
01:27:40,60.9,96.5,25629,49013,ok
01:27:41,66.4,97.1,26064,48079,ok
01:27:42,67.2,96.4,25589,49826,ok
01:27:43,70.1,97.3,25531,49768,ok
01:27:44,65.1,97.1,26563,49757,ok
01:27:45,64.2,97.6,25333,48598,ok
01:27:46,60.4,96.8,25167,48973,ok
01:27:47,64.4,97.4,26809,49712,ok
01:27:48,66.7,96.4,25408,48516,ok
01:27:49,65.9,97.6,25320,49505,ok
01:27:50,63.4,96.4,26626,49532,ok
01:27:51,64.7,96.7,25356,48585,ok
01:27:52,62.8,97.7,25349,48769,ok
01:27:53,62.9,96.6,25343,49662,ok
01:27:54,69.8,97.4,25090,49143,ok
01:27:55,65.5,96.7,26902,48346,ok
01:27:56,64.6,97.3,26317,48720,ok
01:27:57,67.7,97.1,25474,48307,ok
01:27:58,66.3,97.6,25881,48675,ok
01:27:59,64.5,97.2,25658,48103,ok
01:28:00,60.9,98.1,25293,49340,ok
01:28:01,62.6,97.4,26979,48395,ok
01:28:02,65.9,97.0,25283,49350,ok
01:28:03,64.7,97.5,26951,49157,ok
01:28:04,66.5,96.8,25774,48993,ok
01:28:05,67.8,96.8,25669,49429,ok
01:28:06,68.9,96.4,25270,48350,ok
01:28:07,64.6,97.2,25432,49165,ok
01:28:08,61.5,97.3,26785,48321,ok
01:28:09,69.1,97.6,25755,49891,ok
01:28:10,61.8,96.6,25763,48150,ok
01:28:11,67.4,97.4,25725,48073,ok
01:28:12,63.7,96.1,26946,48151,ok
01:28:13,66.5,97.1,26657,48155,ok
01:28:14,65.8,98.2,26072,49606,ok
01:28:15,67.5,97.4,26829,48522,ok
01:28:16,63.3,96.7,26282,49298,ok
01:28:17,62.7,97.1,25921,49598,ok
01:28:18,65.7,96.5,25080,49663,ok
01:28:19,63.9,97.4,25025,49697,ok
01:28:20,63.5,96.6,25984,48737,ok
01:28:21,63.1,97.6,25122,48555,ok
01:28:22,66.2,97.6,26237,48791,ok
01:28:23,66.4,96.3,26556,48188,ok
01:28:24,66.0,97.3,26130,48105,ok
01:28:25,65.2,96.9,25127,48102,ok
01:28:26,65.6,97.7,26641,48188,ok
01:28:27,66.0,97.1,26436,48065,ok
01:28:28,65.4,97.8,25962,48039,ok
01:28:29,61.7,96.9,26412,49672,ok
01:28:30,67.0,97.3,25040,49462,ok
01:28:31,64.7,96.2,25914,48428,ok
01:28:32,62.5,96.4,25927,49719,ok
01:28:33,63.8,96.7,25049,48428,ok
01:28:34,70.4,96.0,25932,49832,ok
01:28:35,62.9,96.8,26360,49507,ok
01:28:36,65.0,97.4,26100,48491,ok
01:28:37,68.5,97.4,25991,48703,ok
01:28:38,65.3,96.4,25834,48670,ok
01:28:39,63.9,96.8,26213,49457,ok
01:28:40,64.0,96.7,25081,49003,ok
01:28:41,68.1,97.4,25206,48898,ok
01:28:42,67.7,97.0,25268,49177,ok
01:28:43,65.8,96.9,25349,49116,ok
01:28:44,65.6,97.4,25812,49957,ok
01:28:45,64.6,97.1,26869,48183,ok
01:28:46,66.7,97.7,25692,48376,ok
01:28:47,61.9,96.3,26524,48297,ok
01:28:48,61.8,96.6,25110,48730,ok
01:28:49,67.1,96.7,25898,49409,ok
01:28:50,62.5,97.5,25372,48308,ok
01:28:51,63.7,97.5,26833,48341,ok
01:28:52,67.3,97.9,25774,48354,ok
01:28:53,67.7,96.7,25292,49763,ok
01:28:54,64.4,97.4,26805,48273,ok
01:28:55,65.9,97.4,25934,49425,ok
01:28:56,65.9,96.7,25291,49036,ok
01:28:57,65.3,97.0,25534,48786,ok
01:28:58,68.4,97.0,25917,48850,ok
01:28:59,64.1,97.3,26777,49689,ok
01:29:00,65.2,97.4,26471,48863,ok
01:29:01,64.0,96.4,25559,49221,ok
01:29:02,66.5,95.8,25441,48230,ok
01:29:03,66.3,97.3,25783,48318,ok
01:29:04,66.0,97.1,26462,49439,ok
01:29:05,67.3,97.4,25541,49126,ok
01:29:06,62.9,96.2,25139,49872,ok
01:29:07,61.3,97.7,26162,49159,ok
01:29:08,61.1,96.5,26836,48624,ok
01:29:09,65.3,97.4,26393,49830,ok
01:29:10,63.9,97.3,26594,48565,ok
01:29:11,62.6,97.1,26012,48846,ok
01:29:12,64.4,96.6,25608,49384,ok
01:29:13,70.0,97.8,26190,49598,ok
01:29:14,64.9,96.4,26021,48121,ok
01:29:15,63.6,96.9,25150,48593,ok
01:29:16,65.2,96.9,25119,49826,ok
01:29:17,61.9,97.1,25029,48315,ok
01:29:18,70.8,97.2,25446,49942,ok
01:29:19,62.6,96.9,25516,49627,ok
01:29:20,62.7,96.1,25997,49165,ok
01:29:21,66.2,96.8,25667,48962,ok
01:29:22,66.5,97.1,25054,49024,ok
01:29:23,61.6,97.1,26984,49556,ok
01:29:24,64.2,97.0,25835,48254,ok
01:29:25,65.0,96.8,25289,49443,ok
01:29:26,63.7,97.3,26198,48562,ok
01:29:27,63.0,97.8,25241,49482,ok
01:29:28,66.0,97.4,25256,48726,ok
01:29:29,63.2,96.5,25714,49361,ok
01:29:30,61.8,97.3,26311,48395,ok
01:29:31,63.3,96.7,25404,48000,ok
01:29:32,61.2,96.3,25896,49105,ok
01:29:33,66.3,96.0,26874,49494,ok
01:29:34,66.3,96.7,26523,49872,ok
01:29:35,64.9,97.2,26981,49513,ok
01:29:36,61.5,97.4,25717,49884,ok
01:29:37,66.3,96.0,26537,48132,ok
01:29:38,67.1,96.4,26508,49278,ok
01:29:39,61.6,97.4,26879,49127,ok
01:29:40,63.5,96.4,25202,48901,ok
01:29:41,65.9,96.8,26081,48421,ok
01:29:42,65.7,96.8,26839,48996,ok
01:29:43,63.5,97.3,25079,49331,ok
01:29:44,63.9,97.3,26739,49671,ok
01:29:45,65.2,97.1,25268,49809,ok
01:29:46,66.8,97.7,26144,48254,ok
01:29:47,63.6,96.6,25020,49389,ok
01:29:48,64.2,96.7,25328,48267,ok
01:29:49,64.0,96.9,25542,48257,ok
01:29:50,63.7,97.5,26763,49252,ok
01:29:51,68.7,97.6,26633,48904,ok
01:29:52,61.9,97.3,25723,48913,ok
01:29:53,61.5,96.2,25438,48844,ok
01:29:54,67.2,96.9,26681,49279,ok
01:29:55,63.8,97.0,26189,48483,ok
01:29:56,67.0,97.5,26317,49288,ok
01:29:57,65.4,96.5,25755,49259,ok
01:29:58,61.4,97.3,25395,49050,ok
01:29:59,65.7,97.2,26891,48184,ok
01:30:00,68.7,96.9,26758,48222,ok
01:30:01,64.0,97.1,25964,49909,ok
01:30:02,63.2,97.1,26189,48730,ok
01:30:03,65.7,96.5,25596,49596,ok
01:30:04,63.5,96.8,25232,48990,ok
01:30:05,66.1,97.9,26111,49991,ok
01:30:06,67.2,97.3,26427,48554,ok
01:30:07,68.8,96.2,25905,48117,ok
01:30:08,63.9,97.4,26970,49989,ok
01:30:09,63.4,97.1,25252,49260,ok
01:30:10,65.6,96.9,26178,48184,ok
01:30:11,67.7,97.2,25794,48089,ok
01:30:12,63.1,97.6,26873,49449,ok
01:30:13,69.2,96.5,26772,48684,ok
01:30:14,64.6,97.5,26738,48095,ok
01:30:15,65.5,96.8,26577,49119,ok
01:30:16,61.9,98.4,26539,48659,ok
01:30:17,64.9,97.3,25074,48962,ok
01:30:18,65.7,96.7,25870,48836,ok
01:30:19,64.5,97.1,25657,48206,ok
01:30:20,68.1,96.6,26059,49678,ok
01:30:21,63.0,96.6,25597,48785,ok
01:30:22,63.8,97.2,26453,49555,ok
01:30:23,64.7,97.4,26208,48114,ok
01:30:24,67.6,96.1,25835,48019,ok
01:30:25,65.8,96.6,25005,49249,ok
01:30:26,64.1,97.6,26847,49870,ok
01:30:27,65.0,96.9,25421,48137,ok
01:30:28,64.8,97.3,26108,49599,ok
01:30:29,64.1,96.9,26675,48034,ok
01:30:30,62.8,97.8,25988,49752,ok
01:30:31,64.9,97.4,25757,48227,ok
01:30:32,66.2,97.1,26739,48960,ok
01:30:33,62.2,96.9,26689,49623,ok
01:30:34,64.9,96.8,25598,48580,ok
01:30:35,65.7,97.0,26329,48536,ok
01:30:36,64.5,97.0,25547,49187,ok
01:30:37,67.2,97.5,26189,48509,ok
01:30:38,65.4,97.1,26426,49377,ok
01:30:39,65.3,96.6,26854,48058,ok
01:30:40,66.0,96.7,26471,49565,ok
01:30:41,65.3,96.4,26504,49351,ok
01:30:42,66.0,97.6,26294,49728,ok
01:30:43,66.2,96.8,25691,48036,ok
01:30:44,65.1,97.6,26122,49518,ok
01:30:45,63.5,97.6,26977,49768,ok
01:30:46,67.9,96.5,26106,48509,ok
01:30:47,65.1,97.0,25134,48128,ok
01:30:48,63.8,96.9,26247,49231,ok
01:30:49,62.3,97.0,25642,48537,ok
01:30:50,66.1,97.6,26454,48792,ok
01:30:51,63.7,95.9,26347,48751,ok
01:30:52,63.7,96.7,26447,49787,ok
01:30:53,60.6,96.7,25529,49531,ok
01:30:54,65.0,97.6,25841,48468,ok
01:30:55,64.6,97.2,26809,49666,ok
01:30:56,64.3,97.8,25866,49230,ok
01:30:57,66.3,97.0,26477,49878,ok
01:30:58,65.4,97.2,25230,49409,ok
01:30:59,61.6,96.7,26571,49387,ok
01:31:00,63.0,97.6,26204,48420,ok
01:31:01,67.3,97.2,25136,48452,ok
01:31:02,62.5,96.3,25945,49519,ok
01:31:03,65.6,96.8,26782,48866,ok
01:31:04,66.8,96.8,26664,49274,ok
01:31:05,66.2,97.4,26601,49298,ok
01:31:06,66.6,96.8,25153,48439,ok
01:31:07,61.9,96.4,25609,48965,ok
01:31:08,61.6,96.8,25061,49440,ok
01:31:09,64.7,97.1,25843,49693,ok
01:31:10,63.6,95.6,25049,49172,ok
01:31:11,66.2,96.6,25111,49718,ok
01:31:12,65.8,96.8,26894,49365,ok
01:31:13,68.7,97.6,25633,48258,ok
01:31:14,61.5,96.9,25441,48670,ok
01:31:15,63.4,96.8,26072,49031,ok
01:31:16,66.2,97.1,25990,48136,ok
01:31:17,66.4,97.4,26330,48614,ok
01:31:18,64.1,97.5,25566,49490,ok
01:31:19,66.7,96.5,25238,49368,ok
01:31:20,65.3,97.8,25471,49233,ok
01:31:21,66.7,97.1,26032,48094,ok
01:31:22,67.1,96.6,25656,48065,ok
01:31:23,66.7,96.8,25728,49364,ok
01:31:24,64.4,97.1,26899,48524,ok
01:31:25,64.3,97.4,25763,49258,ok
01:31:26,67.7,97.2,26231,49710,ok
01:31:27,65.7,96.9,25403,48449,ok
01:31:28,67.6,97.3,25881,49644,ok
01:31:29,63.8,96.5,25865,48804,ok
01:31:30,65.2,96.8,25893,48429,ok
01:31:31,68.4,96.3,26261,49943,ok
01:31:32,65.8,96.6,26109,49440,ok
01:31:33,63.7,95.8,26516,48493,ok
01:31:34,66.2,97.6,25473,48566,ok
01:31:35,65.2,97.2,25178,49566,ok
01:31:36,65.3,96.2,26865,49474,ok
01:31:37,63.4,97.0,26493,48800,ok
01:31:38,64.6,96.6,25296,48247,ok
01:31:39,65.8,97.2,25295,48748,ok
01:31:40,64.5,97.3,25385,48206,ok
01:31:41,67.5,97.5,26868,49569,ok
01:31:42,63.6,97.5,26559,49653,ok
01:31:43,60.4,96.6,25424,49689,ok
01:31:44,67.7,97.1,26181,48801,ok
01:31:45,63.9,96.6,25892,49693,ok
01:31:46,66.3,97.0,26116,48044,ok
01:31:47,64.5,97.0,26464,49788,ok
01:31:48,65.8,97.4,25045,48157,ok
01:31:49,64.2,96.2,25007,49531,ok
01:31:50,65.4,97.1,25398,48650,ok
01:31:51,65.3,97.4,26052,48085,ok
01:31:52,64.4,96.7,25518,48327,ok
01:31:53,68.3,97.1,25100,48776,ok
01:31:54,68.4,96.7,25042,48648,ok
01:31:55,60.6,97.8,25321,49997,ok
01:31:56,68.2,97.6,25743,49870,ok
01:31:57,64.4,96.8,26625,48801,ok
01:31:58,65.2,96.9,26503,49104,ok
01:31:59,69.5,96.7,26421,48078,ok
01:32:00,67.9,96.5,25430,48951,ok
01:32:01,66.0,97.3,25512,48978,ok
01:32:02,63.5,97.6,25454,48324,ok
01:32:03,66.6,97.8,26123,49357,ok
01:32:04,63.2,98.2,26281,49831,ok
01:32:05,64.9,97.4,26044,48754,ok
01:32:06,64.9,96.9,26630,48705,ok
01:32:07,63.9,96.2,25670,48488,ok
01:32:08,66.0,97.6,25472,49653,ok
01:32:09,64.1,95.8,26638,48834,ok
01:32:10,63.7,97.3,25812,48478,ok
01:32:11,64.2,98.1,26968,48527,ok
01:32:12,63.5,96.5,26095,49141,ok
01:32:13,67.7,97.1,26337,48055,ok
01:32:14,61.2,97.3,26374,48374,ok
01:32:15,63.3,97.2,26759,48088,ok
01:32:16,66.6,96.1,26085,48330,ok
01:32:17,63.1,97.5,26847,48357,ok
01:32:18,65.4,96.8,25458,48235,ok
01:32:19,66.4,96.1,25810,48768,ok
01:32:20,63.8,96.6,25068,48004,ok
01:32:21,68.5,96.9,26082,48331,ok
01:32:22,69.7,96.8,25304,49180,ok
01:32:23,63.4,97.3,25195,49350,ok
01:32:24,65.5,96.6,26797,48120,ok
01:32:25,61.9,98.0,26457,49032,ok
01:32:26,65.1,97.7,26975,48729,ok
01:32:27,64.0,97.7,25380,49608,ok
01:32:28,63.0,96.9,25871,48747,ok
01:32:29,65.7,96.5,25576,48141,ok
01:32:30,66.9,97.5,26818,48631,ok
01:32:31,63.2,97.5,26446,48236,ok
01:32:32,67.4,96.8,26420,48570,ok
01:32:33,66.0,96.9,26762,48218,ok
01:32:34,61.2,97.7,26670,49799,ok
01:32:35,65.5,97.5,26418,48621,ok
01:32:36,64.8,97.3,25796,49932,ok
01:32:37,66.1,96.6,26932,48351,ok
01:32:38,65.7,96.6,25517,48331,ok
01:32:39,65.5,97.2,26863,49956,ok
01:32:40,66.0,96.0,25234,48129,ok
01:32:41,66.5,97.5,26165,48880,ok
01:32:42,63.0,98.1,26166,48037,ok
01:32:43,65.0,97.3,26578,48305,ok
01:32:44,63.4,96.9,26938,48035,ok
01:32:45,65.6,96.3,26800,49583,ok
01:32:46,59.7,97.0,26531,48986,ok
01:32:47,66.3,97.4,25206,48827,ok
01:32:48,65.7,97.1,25046,49538,ok
01:32:49,62.8,96.4,25810,48533,ok
01:32:50,66.1,96.5,25541,48909,ok
01:32:51,66.7,97.3,26125,49032,ok
01:32:52,66.2,97.4,26774,49794,ok
01:32:53,66.0,98.4,26818,48027,ok
01:32:54,65.0,97.1,26855,49693,ok
01:32:55,66.3,97.1,26130,49337,ok
01:32:56,63.0,96.7,25551,48484,ok
01:32:57,67.5,96.4,25708,49034,ok
01:32:58,63.1,96.4,25181,49031,ok
01:32:59,67.3,96.6,25072,48007,ok
01:33:00,68.3,96.5,26580,48967,ok
01:33:01,62.9,97.3,25661,48706,ok
01:33:02,62.7,97.1,25480,49746,ok
01:33:03,63.4,96.6,25198,48297,ok
01:33:04,64.5,96.6,26846,48098,ok
01:33:05,67.5,97.6,25755,48791,ok
01:33:06,67.5,96.8,26654,48628,ok
01:33:07,64.5,97.7,26086,49003,ok
01:33:08,66.4,97.1,25805,48019,ok
01:33:09,63.9,97.0,26561,48221,ok
01:33:10,64.5,97.0,26231,48936,ok
01:33:11,64.5,97.1,25850,48442,ok
01:33:12,63.1,97.0,26326,48419,ok
01:33:13,62.1,97.3,25691,49830,ok
01:33:14,62.9,96.0,26690,48687,ok
01:33:15,64.7,97.3,25474,48380,ok
01:33:16,65.3,97.1,26903,49028,ok
01:33:17,67.8,97.2,26279,49940,ok
01:33:18,64.8,96.8,26232,48470,ok
01:33:19,63.7,96.6,25902,48280,ok
01:33:20,60.0,97.3,25437,48482,ok
01:33:21,62.4,97.2,25296,48476,ok
01:33:22,64.2,97.4,25200,48945,ok
01:33:23,65.6,96.8,25990,48980,ok
01:33:24,65.8,96.6,25884,49152,ok
01:33:25,67.5,95.8,26473,48605,ok
01:33:26,63.1,96.3,26401,49448,ok
01:33:27,66.1,97.1,25903,48680,ok
01:33:28,64.0,97.1,25562,48746,ok
01:33:29,66.0,97.0,26477,49677,ok
01:33:30,64.5,98.1,26766,49230,ok
01:33:31,64.1,97.1,26503,48019,ok
01:33:32,66.2,97.8,26429,48547,ok
01:33:33,63.9,97.2,26102,48883,ok
01:33:34,67.2,96.3,25812,48975,ok
01:33:35,62.3,96.9,26777,48673,ok
01:33:36,62.3,97.0,25033,49347,ok
01:33:37,61.7,96.1,26316,48586,ok
01:33:38,63.5,97.2,25008,49388,ok
01:33:39,65.1,96.4,26728,48736,ok
01:33:40,67.9,96.7,26427,48713,ok
01:33:41,64.2,96.8,26167,48744,ok
01:33:42,63.8,96.8,25694,48825,ok
01:33:43,64.2,97.0,25980,49366,ok
01:33:44,62.8,96.8,25200,49062,ok
01:33:45,66.4,96.8,26522,49544,ok
01:33:46,65.2,97.0,25425,49547,ok
01:33:47,65.1,96.9,25489,48169,ok
01:33:48,65.8,97.4,25748,48005,ok
01:33:49,68.0,96.6,25550,48457,ok
01:33:50,67.8,96.7,26435,49905,ok
01:33:51,66.6,97.7,25508,48331,ok
01:33:52,66.9,96.9,25320,48048,ok
01:33:53,61.5,96.6,26768,48839,ok
01:33:54,67.8,97.3,25900,48812,ok
01:33:55,66.1,97.1,25875,49343,ok
01:33:56,66.8,97.2,26229,48945,ok
01:33:57,66.9,97.3,26413,49768,ok
01:33:58,63.9,97.9,26273,49420,ok
01:33:59,64.9,98.4,25706,49766,ok
01:34:00,66.4,95.4,25085,49802,ok
01:34:01,68.0,97.5,25826,49575,ok
01:34:02,68.3,97.6,25922,48686,ok
01:34:03,65.9,96.9,25094,48365,ok
01:34:04,68.6,96.6,26022,49277,ok
01:34:05,60.7,97.1,26559,49069,ok
01:34:06,64.0,97.0,25415,49001,ok
01:34:07,63.9,96.7,25348,49332,ok
01:34:08,61.7,97.2,25856,48559,ok
01:34:09,65.4,97.4,26651,48404,ok
01:34:10,66.2,98.4,25550,49827,ok
01:34:11,63.6,96.8,26247,48285,ok
01:34:12,64.2,97.0,25536,49269,ok
01:34:13,64.5,96.8,26149,48398,ok
01:34:14,66.7,96.4,26216,48370,ok
01:34:15,62.3,96.7,26348,48643,ok
01:34:16,66.6,97.1,25651,49681,ok
01:34:17,65.9,97.5,26789,49391,ok
01:34:18,64.7,97.2,25720,48965,ok
01:34:19,66.7,97.4,25181,49837,ok
01:34:20,65.9,97.1,26046,49485,ok
01:34:21,64.9,96.2,25816,48198,ok
01:34:22,64.9,97.9,25929,49420,ok
01:34:23,64.2,97.7,26087,49936,ok
01:34:24,66.1,97.8,26918,48482,ok
01:34:25,65.5,97.0,26363,49570,ok
01:34:26,65.2,96.7,26624,49352,ok
01:34:27,66.7,97.1,26222,48592,ok
01:34:28,66.2,97.6,25153,49227,ok
01:34:29,61.3,97.4,26355,48452,ok
01:34:30,65.7,97.2,25043,49275,ok
01:34:31,65.3,96.6,26188,49929,ok
01:34:32,65.0,97.0,26431,49974,ok
01:34:33,67.1,97.3,25785,49710,ok
01:34:34,67.9,97.7,26776,48520,ok
01:34:35,62.6,97.6,26076,48024,ok
01:34:36,70.1,96.6,25822,49800,ok
01:34:37,64.3,97.2,26579,48932,ok
01:34:38,65.8,96.6,26460,49375,ok
01:34:39,65.6,96.4,26904,48125,ok
01:34:40,62.3,96.7,26118,49330,ok
01:34:41,66.0,97.0,26181,48734,ok
01:34:42,63.9,96.9,25484,48727,ok
01:34:43,62.7,96.7,26054,48305,ok
01:34:44,61.6,97.6,25151,49427,ok
01:34:45,70.2,97.4,25301,48005,ok
01:34:46,65.6,96.9,25078,48146,ok
01:34:47,63.8,96.5,26110,49809,ok
01:34:48,64.6,96.5,25076,48864,ok
01:34:49,65.9,97.1,26366,48144,ok
01:34:50,68.3,96.6,25188,49107,ok
01:34:51,65.3,97.1,26985,49822,ok
01:34:52,64.9,96.9,26370,49015,ok
01:34:53,65.6,96.9,25838,49126,ok
01:34:54,67.5,97.6,25319,48762,ok
01:34:55,68.3,97.2,26332,48901,ok
01:34:56,64.3,97.2,25093,48284,ok
01:34:57,63.5,97.0,25966,48362,ok
01:34:58,63.2,98.0,25203,49746,ok
01:34:59,66.2,96.6,26905,49810,ok
01:35:00,64.4,97.2,26705,49286,ok
01:35:01,64.3,97.4,25512,49649,ok
01:35:02,64.4,97.5,25051,49107,ok
01:35:03,63.4,97.0,25357,48993,ok
01:35:04,64.3,97.7,25494,49670,ok
01:35:05,63.7,96.2,25486,48875,ok
01:35:06,65.8,97.1,26067,48717,ok
01:35:07,65.7,97.0,25732,48047,ok
01:35:08,65.4,96.8,25821,48431,ok
01:35:09,63.8,97.1,26332,49719,ok
01:35:10,64.3,97.1,25828,49755,ok
01:35:11,66.3,96.8,26005,48746,ok
01:35:12,62.5,96.9,25268,49457,ok
01:35:13,66.4,97.7,26686,48652,ok
01:35:14,64.4,97.1,25758,48454,ok
01:35:15,63.8,97.3,25542,48788,ok
01:35:16,63.5,97.3,25334,49345,ok
01:35:17,64.2,97.0,26489,48657,ok
01:35:18,64.5,96.6,26897,48784,ok
01:35:19,63.2,97.0,26202,48687,ok
01:35:20,65.7,96.4,25646,49610,ok
01:35:21,62.9,97.2,26816,49883,ok
01:35:22,68.2,96.0,26714,49587,ok
01:35:23,62.8,97.4,25532,48969,ok
01:35:24,68.9,97.0,26135,49916,ok
01:35:25,64.9,96.8,25127,49771,ok
01:35:26,62.3,96.3,26828,48424,ok
01:35:27,65.9,97.5,26635,49705,ok
01:35:28,62.9,96.8,26415,48945,ok
01:35:29,61.3,96.9,26096,48302,ok
01:35:30,64.2,96.9,25866,48224,ok
01:35:31,63.2,97.4,25473,48879,ok
01:35:32,68.2,98.3,26235,49490,ok
01:35:33,64.8,96.9,26450,49834,ok
01:35:34,61.8,97.0,26198,48145,ok
01:35:35,64.8,98.0,25985,48135,ok
01:35:36,65.8,96.8,25970,48722,ok
01:35:37,64.2,97.6,26099,49016,ok
01:35:38,64.8,97.0,25665,49374,ok
01:35:39,64.1,97.4,25218,49985,ok
01:35:40,63.6,96.4,25743,49188,ok
01:35:41,65.1,98.1,25168,48545,ok
01:35:42,62.8,96.0,26521,49360,ok
01:35:43,63.6,97.5,26772,48264,ok
01:35:44,65.4,96.8,26096,48239,ok
01:35:45,68.0,97.3,25704,49197,ok
01:35:46,63.9,97.1,25640,49149,ok
01:35:47,64.5,97.6,26683,49251,ok
01:35:48,65.4,97.8,26922,49897,ok
01:35:49,65.1,96.5,26451,49576,ok
01:35:50,62.5,97.5,26422,48650,ok
01:35:51,65.4,96.9,26329,49552,ok
01:35:52,67.9,97.5,25627,49384,ok
01:35:53,64.8,96.8,25689,49234,ok
01:35:54,64.0,97.2,26882,48318,ok
01:35:55,63.2,97.4,25438,49227,ok
01:35:56,66.0,97.3,26363,49030,ok
01:35:57,63.5,97.1,25071,48024,ok
01:35:58,65.0,96.8,26032,48149,ok
01:35:59,64.7,97.0,25287,49590,ok
01:36:00,65.9,97.4,26899,49508,ok
01:36:01,63.6,96.6,26513,49017,ok
01:36:02,62.7,96.9,25431,48351,ok
01:36:03,66.5,97.5,25143,49749,ok
01:36:04,64.2,96.3,26511,48688,ok
01:36:05,63.2,96.8,26926,49293,ok
01:36:06,65.3,96.4,26857,48747,ok
01:36:07,63.3,96.9,26173,48224,ok
01:36:08,66.0,96.9,26373,49804,ok
01:36:09,67.1,97.9,26774,49605,ok
01:36:10,65.0,97.5,26812,49719,ok
01:36:11,65.6,96.5,26866,48107,ok
01:36:12,60.0,97.0,25677,49494,ok
01:36:13,67.3,96.1,26709,48839,ok
01:36:14,65.0,97.0,25822,48677,ok
01:36:15,65.1,97.0,26724,49369,ok
01:36:16,61.8,97.7,25008,48361,ok
01:36:17,65.4,96.7,26422,49263,ok
01:36:18,68.1,98.1,26320,48427,ok
01:36:19,66.5,97.2,25998,48106,ok
01:36:20,62.4,97.6,26173,48698,ok
01:36:21,65.9,97.4,26795,48227,ok
01:36:22,63.4,97.9,26757,48834,ok
01:36:23,67.6,96.2,26600,49127,ok
01:36:24,62.7,97.3,25393,49696,ok
01:36:25,64.0,96.6,26575,49995,ok
01:36:26,62.9,97.5,25519,49381,ok
01:36:27,64.3,96.6,26978,49756,ok
01:36:28,65.6,97.2,25461,48196,ok
01:36:29,64.3,96.5,26860,48903,ok
01:36:30,65.2,96.8,26012,49051,ok
01:36:31,61.8,96.1,25276,48083,ok
01:36:32,63.6,96.8,26771,48650,ok
01:36:33,63.8,97.8,25681,48829,ok
01:36:34,64.9,97.1,25883,49589,ok
01:36:35,65.6,97.0,26144,49681,ok
01:36:36,64.0,97.5,25485,49883,ok
01:36:37,61.9,97.9,25870,49553,ok
01:36:38,62.9,97.3,26967,48027,ok
01:36:39,68.4,98.2,25283,48944,ok
01:36:40,64.9,96.8,26149,49913,ok
01:36:41,65.0,96.6,26873,48481,ok
01:36:42,62.8,97.9,25082,49712,ok
01:36:43,62.4,97.1,25042,48704,ok
01:36:44,63.3,97.1,25675,49515,ok
01:36:45,67.0,97.2,26413,48644,ok
01:36:46,62.0,97.0,26332,49917,ok
01:36:47,67.3,96.8,25222,49288,ok
01:36:48,64.6,97.4,25847,49338,ok
01:36:49,67.6,97.3,26589,48312,ok
01:36:50,64.7,96.8,25639,49142,ok
01:36:51,68.4,96.6,25061,49837,ok
01:36:52,65.8,96.5,26459,49267,ok
01:36:53,65.3,96.3,26295,48168,ok
01:36:54,64.8,97.0,26311,49773,ok
01:36:55,67.7,96.5,26811,49038,ok
01:36:56,67.0,96.9,25596,49688,ok
01:36:57,62.2,97.7,26395,49092,ok
01:36:58,65.5,96.9,26159,48896,ok
01:36:59,66.6,96.4,26611,49359,ok
01:37:00,66.3,96.4,25426,49052,ok
01:37:01,65.5,96.2,25868,48963,ok
01:37:02,63.9,96.9,26014,48660,ok
01:37:03,63.4,97.0,26650,49242,ok
01:37:04,66.2,96.9,26366,48739,ok
01:37:05,67.7,97.5,26406,48465,ok
01:37:06,61.9,97.1,25679,48760,ok
01:37:07,67.6,97.5,25918,48648,ok
01:37:08,63.2,97.3,25843,49778,ok
01:37:09,65.5,96.7,26299,48987,ok
01:37:10,63.5,97.5,26556,49372,ok
01:37:11,66.1,97.1,26823,49745,ok
01:37:12,63.4,98.0,26390,48673,ok
01:37:13,61.9,97.4,26494,48900,ok
01:37:14,65.0,97.4,25816,48157,ok
01:37:15,64.8,96.5,25897,49761,ok
01:37:16,63.6,96.4,26093,48863,ok
01:37:17,64.6,97.3,25607,48246,ok
01:37:18,63.8,97.3,26208,48293,ok
01:37:19,63.8,96.9,25363,48797,ok
01:37:20,67.7,97.2,26542,48693,ok
01:37:21,61.7,97.2,26298,49572,ok
01:37:22,62.7,96.7,26832,48349,ok
01:37:23,66.8,97.3,26249,48599,ok
01:37:24,67.8,97.1,26221,49338,ok
01:37:25,66.0,96.6,25393,49194,ok
01:37:26,65.1,96.5,25218,49103,ok
01:37:27,63.9,97.1,25235,48789,ok
01:37:28,67.5,96.2,26789,49526,ok
01:37:29,64.8,96.8,26178,48715,ok
01:37:30,59.9,97.2,25250,49084,ok
01:37:31,64.8,97.5,26209,49790,ok
01:37:32,67.5,97.4,25480,48718,ok
01:37:33,63.7,96.9,26781,49942,ok
01:37:34,62.9,97.2,26673,48443,ok
01:37:35,63.3,96.7,26836,48562,ok
01:37:36,65.9,96.9,26051,49371,ok
01:37:37,71.1,96.2,26505,49651,ok
01:37:38,62.6,97.0,26345,49093,ok
01:37:39,62.1,97.3,26223,49256,ok
01:37:40,64.7,97.7,26722,48241,ok
01:37:41,64.8,96.8,25232,48810,ok
01:37:42,65.3,97.1,26264,48402,ok
01:37:43,67.6,96.7,26957,49694,ok
01:37:44,64.5,96.1,25089,49178,ok
01:37:45,63.8,97.5,25920,48581,ok
01:37:46,62.7,97.1,25849,49172,ok
01:37:47,63.4,97.0,25978,48525,ok
01:37:48,64.2,97.0,26034,48419,ok
01:37:49,64.7,96.4,26107,48100,ok
01:37:50,63.7,97.1,26444,48661,ok
01:37:51,64.9,97.3,26210,48621,ok
01:37:52,63.6,97.0,25828,48519,ok
01:37:53,64.2,97.3,26619,49539,ok
01:37:54,64.3,97.7,26969,48525,ok
01:37:55,67.8,97.4,26879,48960,ok
01:37:56,66.1,97.3,26745,49925,ok
01:37:57,63.0,97.1,26006,49850,ok
01:37:58,67.0,96.6,26605,48573,ok
01:37:59,66.5,97.5,25670,49283,ok
01:38:00,67.5,96.5,26315,48125,ok
01:38:01,66.2,96.8,26256,48236,ok
01:38:02,64.1,96.8,26911,49225,ok
01:38:03,63.6,97.6,26382,48123,ok
01:38:04,62.5,98.5,26932,49447,ok
01:38:05,66.8,97.1,25016,49619,ok
01:38:06,63.0,97.1,26741,48505,ok
01:38:07,66.5,97.3,26631,49098,ok
01:38:08,65.3,96.7,26000,49321,ok
01:38:09,66.8,97.0,25437,49585,ok
01:38:10,63.4,96.4,26587,49170,ok
01:38:11,64.5,97.0,25570,49869,ok
01:38:12,64.9,97.3,26657,48155,ok
01:38:13,63.5,97.3,26409,49240,ok
01:38:14,64.9,97.3,25963,48933,ok
01:38:15,62.7,96.7,26523,49915,ok
01:38:16,64.1,96.7,25662,49804,ok
01:38:17,67.6,96.6,26934,49045,ok
01:38:18,63.8,96.9,25523,48003,ok
01:38:19,63.6,96.4,25644,48802,ok
01:38:20,63.5,96.7,25433,48653,ok
01:38:21,67.1,97.4,26241,48832,ok
01:38:22,65.4,96.8,25806,48167,ok
01:38:23,64.7,96.7,26426,48116,ok
01:38:24,67.3,97.0,26104,49433,ok
01:38:25,67.1,96.3,25728,48982,ok
01:38:26,66.0,97.6,26308,49565,ok
01:38:27,64.3,97.2,25910,49832,ok
01:38:28,67.8,96.6,25997,48085,ok
01:38:29,62.6,97.0,26373,48613,ok
01:38:30,65.0,96.8,25627,48842,ok
01:38:31,66.9,96.6,26425,48061,ok
01:38:32,62.4,96.6,25083,48224,ok
01:38:33,66.8,97.1,25082,49662,ok
01:38:34,65.1,96.9,26588,49839,ok
01:38:35,65.7,96.5,25676,49263,ok
01:38:36,64.1,96.9,26488,49834,ok
01:38:37,66.6,97.1,26055,48759,ok
01:38:38,68.2,96.2,26299,48920,ok
01:38:39,65.4,96.8,26072,49136,ok
01:38:40,66.6,97.5,26742,49602,ok
01:38:41,67.0,96.6,26542,49369,ok
01:38:42,63.5,97.3,26665,49764,ok
01:38:43,64.0,98.0,25230,48138,ok
01:38:44,63.3,96.7,26338,48244,ok
01:38:45,63.7,97.2,25179,48566,ok
01:38:46,63.2,96.6,25720,48091,ok
01:38:47,64.8,96.9,26069,48794,ok
01:38:48,68.1,97.5,26792,48045,ok
01:38:49,63.6,97.5,25458,49902,ok
01:38:50,66.6,97.5,26920,48293,ok
01:38:51,65.6,97.9,26298,48718,ok
01:38:52,65.2,97.2,26017,48612,ok
01:38:53,61.6,96.1,26504,49737,ok
01:38:54,61.2,96.9,25540,48183,ok
01:38:55,65.0,97.2,25788,49932,ok
01:38:56,61.1,96.0,26195,48629,ok
01:38:57,65.3,96.5,25517,48564,ok
01:38:58,63.1,97.4,25062,49796,ok
01:38:59,67.0,96.5,26349,48165,ok
01:39:00,65.8,97.1,26985,48825,ok
01:39:01,65.1,97.9,26512,49997,ok
01:39:02,63.1,96.7,26864,49099,ok
01:39:03,63.4,96.3,26647,48214,ok
01:39:04,67.7,97.4,26489,48318,ok
01:39:05,65.3,96.3,25844,48914,ok
01:39:06,64.2,97.2,25772,49800,ok
01:39:07,64.1,96.8,25859,48741,ok
01:39:08,63.9,97.5,25723,48438,ok
01:39:09,64.3,98.2,25662,48787,ok
01:39:10,64.3,96.8,26156,48307,ok
01:39:11,68.8,97.8,26721,48956,ok
01:39:12,63.6,96.4,25177,48334,ok
01:39:13,67.0,96.8,25347,49466,ok
01:39:14,67.3,97.1,26508,48334,ok
01:39:15,67.9,98.1,25211,48203,ok
01:39:16,66.0,96.7,25791,48145,ok
01:39:17,63.9,97.1,26888,49208,ok
01:39:18,64.5,96.3,25778,49693,ok
01:39:19,67.7,96.6,25755,49397,ok
01:39:20,67.5,97.6,26902,49609,ok
01:39:21,63.9,97.2,26519,49115,ok
01:39:22,70.0,96.8,25745,48530,ok
01:39:23,66.5,97.6,25125,49085,ok
01:39:24,63.9,97.5,25467,48128,ok
01:39:25,68.1,97.0,26622,48969,ok
01:39:26,61.5,96.9,25199,48226,ok
01:39:27,61.6,97.9,25218,48253,ok
01:39:28,64.5,96.6,26094,49989,ok
01:39:29,66.7,96.5,26174,48179,ok
01:39:30,64.4,96.9,26665,49627,ok
01:39:31,62.7,96.9,26022,48018,ok
01:39:32,68.4,96.7,26353,49058,ok
01:39:33,63.3,97.6,25947,48227,ok
01:39:34,63.4,97.7,26376,48991,ok
01:39:35,64.9,96.9,26729,49587,ok
01:39:36,64.5,97.0,25507,49105,ok
01:39:37,63.5,97.4,25588,48841,ok
01:39:38,64.8,97.6,25954,49623,ok
01:39:39,67.9,97.8,26944,49269,ok
01:39:40,63.8,97.5,26692,48011,ok
01:39:41,65.6,96.1,26382,48115,ok
01:39:42,63.6,96.1,26237,49418,ok
01:39:43,63.6,96.9,25601,49451,ok
01:39:44,64.2,97.1,26372,49855,ok
01:39:45,61.0,96.9,26477,48006,ok
01:39:46,65.5,96.7,25213,48800,ok
01:39:47,64.9,97.3,26734,48151,ok
01:39:48,63.4,97.6,25768,48511,ok
01:39:49,60.7,96.9,26324,49747,ok
01:39:50,65.9,96.7,25060,48856,ok
01:39:51,65.8,97.1,25365,48096,ok
01:39:52,64.8,97.7,26171,49071,ok
01:39:53,65.5,96.5,26680,48687,ok
01:39:54,68.0,97.0,25726,48912,ok
01:39:55,65.8,97.1,26427,49008,ok
01:39:56,66.9,97.9,25674,48775,ok
01:39:57,63.9,97.5,25676,49357,ok
01:39:58,68.1,97.0,25195,49804,ok
01:39:59,64.0,96.9,26289,49755,ok
01:40:00,61.7,97.8,26229,49287,ok
01:40:01,62.2,97.2,26781,48383,ok
01:40:02,65.7,97.4,26229,48243,ok
01:40:03,62.5,97.7,25465,48723,ok
01:40:04,62.7,96.9,25871,49991,ok
01:40:05,64.1,97.1,25642,48194,ok
01:40:06,62.2,97.5,25578,48823,ok
01:40:07,65.8,96.3,26402,48812,ok
01:40:08,63.5,97.3,25964,49070,ok
01:40:09,65.9,96.8,26407,48912,ok
01:40:10,63.4,96.0,25017,48334,ok
01:40:11,62.8,97.5,25373,48795,ok
01:40:12,65.6,97.0,25057,48782,ok
01:40:13,65.3,97.0,25408,48874,ok
01:40:14,64.0,98.6,26043,49210,ok
01:40:15,65.5,97.3,25537,49538,ok
01:40:16,62.7,97.7,25780,49296,ok
01:40:17,65.5,96.9,25574,49807,ok
01:40:18,66.8,97.3,25244,48245,ok
01:40:19,62.5,96.5,25382,49364,ok
01:40:20,62.8,96.9,26135,48802,ok
01:40:21,65.3,96.8,25493,48123,ok
01:40:22,65.5,96.8,25123,48181,ok
01:40:23,66.4,97.2,25087,49260,ok
01:40:24,64.3,96.5,25693,48225,ok
01:40:25,64.5,97.0,25601,49924,ok
01:40:26,64.2,96.6,26875,48361,ok
01:40:27,66.1,95.4,25867,49127,ok
01:40:28,66.8,97.6,25572,48746,ok
01:40:29,64.9,96.9,26408,49867,ok
01:40:30,62.6,96.8,25939,48181,ok
01:40:31,63.9,97.6,26592,49245,ok
01:40:32,62.3,97.4,26792,49470,ok
01:40:33,66.5,96.1,25406,48435,ok
01:40:34,65.9,97.3,26524,49713,ok
01:40:35,70.1,96.6,26645,49611,ok
01:40:36,66.5,97.8,25975,49689,ok
01:40:37,62.4,96.1,26507,48566,ok
01:40:38,67.8,97.3,25053,49667,ok
01:40:39,64.2,96.5,25549,48478,ok
01:40:40,65.8,97.8,26384,48894,ok
01:40:41,65.7,97.1,25972,49188,ok
01:40:42,67.4,97.1,25048,49007,ok
01:40:43,63.6,97.0,26930,48188,ok
01:40:44,62.9,97.8,26414,48860,ok
01:40:45,68.4,97.5,26680,48647,ok
01:40:46,64.6,97.3,26151,49015,ok
01:40:47,64.8,96.4,26936,49352,ok
01:40:48,64.3,97.1,25776,49037,ok
01:40:49,67.6,97.0,25211,48057,ok
01:40:50,67.2,97.2,26936,48180,ok
01:40:51,65.0,96.3,26106,49779,ok
01:40:52,65.2,96.9,26980,49044,ok
01:40:53,64.3,97.1,26127,48868,ok
01:40:54,62.6,96.8,25120,48595,ok
01:40:55,63.3,97.3,25688,49593,ok
01:40:56,65.9,96.4,26362,48897,ok
01:40:57,64.3,96.2,25147,49151,ok
01:40:58,65.9,96.8,25945,48334,ok
01:40:59,64.2,97.5,26688,49308,ok
01:41:00,63.4,97.6,26813,48254,ok
01:41:01,67.3,96.6,25529,48696,ok
01:41:02,65.5,97.7,25885,49714,ok
01:41:03,63.4,97.5,26347,48454,ok
01:41:04,64.9,97.1,25348,48275,ok
01:41:05,65.0,97.3,26287,48572,ok
01:41:06,62.6,97.3,26510,48589,ok
01:41:07,64.0,97.4,26749,49906,ok
01:41:08,66.3,98.0,25038,48998,ok
01:41:09,63.8,96.9,26154,49300,ok
01:41:10,66.6,97.0,26833,49004,ok
01:41:11,63.9,96.1,25465,49652,ok
01:41:12,63.6,96.4,26126,49817,ok
01:41:13,64.0,98.6,25135,49238,ok
01:41:14,67.1,96.5,26153,48383,ok
01:41:15,64.9,96.8,26293,48750,ok
01:41:16,63.3,96.4,26530,49341,ok
01:41:17,59.4,97.1,25891,48518,ok
01:41:18,65.6,96.9,25243,49470,ok
01:41:19,64.1,97.1,26465,48741,ok
01:41:20,65.6,97.7,25657,48153,ok
01:41:21,67.0,97.3,26304,49454,ok
01:41:22,62.5,97.5,26836,48331,ok
01:41:23,67.5,97.1,26318,49371,ok
01:41:24,62.0,96.9,25425,49955,ok
01:41:25,65.9,97.4,26199,49569,ok
01:41:26,63.4,96.9,25906,48625,ok
01:41:27,62.4,97.5,26632,48437,ok
01:41:28,64.9,96.0,25431,48282,ok
01:41:29,68.6,96.2,26886,48832,ok
01:41:30,61.6,96.7,25731,48775,ok
01:41:31,65.2,97.4,25036,48740,ok
01:41:32,64.5,96.8,26766,49998,ok
01:41:33,64.5,96.4,25877,49458,ok
01:41:34,64.3,96.9,26047,48247,ok
01:41:35,65.6,97.3,25190,49348,ok
01:41:36,69.2,96.2,26892,49501,ok
01:41:37,62.0,97.3,25589,49037,ok
01:41:38,67.0,96.6,25291,48568,ok
01:41:39,64.5,96.6,26162,48915,ok
01:41:40,63.6,97.2,25369,49931,ok
01:41:41,68.4,96.4,26301,49227,ok
01:41:42,65.5,97.1,25933,48719,ok
01:41:43,66.9,95.8,25614,49384,ok
01:41:44,65.0,97.2,25896,48218,ok
01:41:45,66.6,97.1,26257,48679,ok
01:41:46,67.2,96.5,25470,49278,ok
01:41:47,65.1,96.7,25537,49592,ok
01:41:48,65.4,96.8,25567,48694,ok
01:41:49,62.3,97.1,26352,49597,ok
01:41:50,64.1,96.9,25647,48842,ok
01:41:51,62.3,96.8,26141,48303,ok
01:41:52,63.8,96.9,25595,49680,ok
01:41:53,63.0,96.4,26298,48484,ok
01:41:54,64.0,96.3,26727,49132,ok
01:41:55,65.6,97.7,26042,48879,ok
01:41:56,64.4,95.8,25224,49854,ok
01:41:57,63.2,96.9,26739,49390,ok
01:41:58,70.2,98.1,25801,49514,ok
01:41:59,68.1,97.1,25529,49045,ok
01:42:00,67.6,96.9,25158,49161,ok
01:42:01,67.6,97.6,26486,49658,ok
01:42:02,67.2,96.5,26656,49898,ok
01:42:03,65.5,95.6,26846,48739,ok
01:42:04,64.8,97.4,26003,48878,ok
01:42:05,62.1,96.7,25389,49139,ok
01:42:06,67.3,96.2,26590,48401,ok
01:42:07,65.7,97.2,25171,48097,ok
01:42:08,64.3,97.4,25137,48621,ok
01:42:09,62.7,96.5,25626,49366,ok
01:42:10,63.8,96.6,25872,48674,ok
01:42:11,60.7,96.4,25249,49914,ok
01:42:12,64.2,96.4,25580,48087,ok
01:42:13,67.3,95.9,25214,49292,ok
01:42:14,63.7,97.9,26205,48347,ok
01:42:15,63.6,96.4,25403,49855,ok
01:42:16,64.5,97.4,26107,48840,ok
01:42:17,65.5,96.5,25711,48637,ok
01:42:18,66.6,97.9,26919,49499,ok
01:42:19,63.8,97.4,26571,48486,ok
01:42:20,64.5,97.8,26088,48197,ok
01:42:21,64.9,97.1,25082,49951,ok
01:42:22,62.5,97.3,25574,48228,ok
01:42:23,65.2,97.8,26518,48723,ok
01:42:24,66.6,95.9,25674,48530,ok
01:42:25,64.1,97.0,25422,48616,ok
01:42:26,63.1,97.0,26786,49259,ok
01:42:27,64.3,96.9,25690,48050,ok
01:42:28,66.2,97.9,26287,48511,ok
01:42:29,65.4,97.2,26921,49787,ok
01:42:30,64.5,97.3,25457,49224,ok
01:42:31,64.2,96.9,25768,48249,ok
01:42:32,65.7,97.7,25208,49737,ok
01:42:33,62.1,96.2,25721,48817,ok
01:42:34,66.8,97.6,25458,49011,ok
01:42:35,64.9,97.2,25821,48081,ok
01:42:36,62.6,97.2,26420,48106,ok
01:42:37,65.1,96.8,25199,48679,ok
01:42:38,65.1,96.4,26619,48640,ok
01:42:39,64.7,97.1,26369,49854,ok
01:42:40,61.5,97.0,25187,49919,ok
01:42:41,65.1,97.0,26819,48070,ok
01:42:42,63.2,98.1,25957,49924,ok
01:42:43,61.3,96.7,25151,49325,ok
01:42:44,66.0,96.9,25552,48161,ok
01:42:45,67.7,97.3,25869,49848,ok
01:42:46,65.1,96.8,25910,48264,ok
01:42:47,61.8,97.8,25420,48882,ok
01:42:48,64.8,97.8,26549,48366,ok
01:42:49,64.2,97.1,26766,49101,ok
01:42:50,67.2,97.7,25318,49447,ok
01:42:51,65.9,96.8,25813,48824,ok
01:42:52,66.4,97.3,25640,49407,ok
01:42:53,62.8,96.5,25121,49258,ok
01:42:54,58.7,96.5,25463,48709,ok
01:42:55,66.3,97.6,26824,49831,ok
01:42:56,65.8,97.3,25412,48847,ok
01:42:57,69.7,97.5,26559,48813,ok
01:42:58,64.7,96.8,25380,49619,ok
01:42:59,62.5,96.9,26858,49559,ok
01:43:00,63.0,96.4,25787,48605,ok
01:43:01,63.0,97.3,25340,48819,ok
01:43:02,64.1,97.1,25505,49150,ok
01:43:03,63.1,96.8,25834,48166,ok
01:43:04,66.0,97.1,25269,48009,ok
01:43:05,64.6,96.9,26937,49688,ok
01:43:06,67.8,96.5,26198,49833,ok
01:43:07,62.7,97.1,25708,49635,ok
01:43:08,65.4,96.5,25280,49268,ok
01:43:09,62.9,95.8,25014,48629,ok
01:43:10,64.5,97.1,25777,48213,ok
01:43:11,64.0,97.0,26687,48492,ok
01:43:12,65.9,96.8,26357,49608,ok
01:43:13,65.7,97.2,26150,49798,ok
01:43:14,64.1,97.1,26959,48096,ok
01:43:15,66.0,96.9,25030,49844,ok
01:43:16,66.8,97.0,25766,48293,ok
01:43:17,63.5,97.3,26807,48357,ok
01:43:18,64.5,96.3,25353,49979,ok
01:43:19,62.2,97.0,25416,48571,ok
01:43:20,66.6,97.0,26689,48200,ok
01:43:21,67.8,97.3,26510,48444,ok
01:43:22,65.5,96.4,26068,49065,ok
01:43:23,66.1,97.3,25176,49027,ok
01:43:24,63.9,96.8,25633,49746,ok
01:43:25,62.7,97.5,25886,48528,ok
01:43:26,63.1,97.3,26357,48232,ok
01:43:27,66.5,96.6,25485,49644,ok
01:43:28,67.7,96.8,26930,49166,ok
01:43:29,61.1,96.7,25673,48250,ok
01:43:30,66.3,97.1,25651,48796,ok
01:43:31,65.3,97.0,26363,48478,ok
01:43:32,65.5,96.2,25677,48240,ok
01:43:33,67.1,96.5,25964,49152,ok
01:43:34,67.1,96.6,25248,48459,ok
01:43:35,63.1,97.1,26179,49772,ok
01:43:36,65.0,96.9,25940,48908,ok
01:43:37,62.9,97.7,25026,49426,ok
01:43:38,68.4,96.3,25798,48471,ok
01:43:39,60.8,96.8,26278,48110,ok
01:43:40,62.3,97.5,26027,49795,ok
01:43:41,64.0,96.7,25095,48255,ok
01:43:42,65.3,96.3,25626,49247,ok
01:43:43,61.9,97.5,25268,49717,ok
01:43:44,66.9,96.5,26265,49148,ok
01:43:45,63.7,96.8,26815,48331,ok
01:43:46,67.1,97.3,25118,48025,ok
01:43:47,66.8,95.9,26166,48211,ok
01:43:48,63.3,97.0,25703,49909,ok
01:43:49,64.9,96.2,25273,48163,ok
01:43:50,64.6,96.5,25248,48017,ok
01:43:51,65.3,97.1,26360,49589,ok
01:43:52,64.7,96.3,26464,49528,ok
01:43:53,62.2,96.9,25205,48031,ok
01:43:54,62.4,96.2,26181,49895,ok
01:43:55,62.4,96.8,26424,48169,ok
01:43:56,60.9,97.2,25361,49849,ok
01:43:57,62.4,97.7,26907,48908,ok
01:43:58,64.3,97.1,26643,48617,ok
01:43:59,60.8,96.9,26571,48309,ok
01:44:00,66.4,97.1,25597,48805,ok
01:44:01,66.3,97.5,25881,48022,ok
01:44:02,65.8,96.1,25658,49536,ok
01:44:03,67.1,96.2,25982,48413,ok
01:44:04,64.0,97.0,25926,49748,ok
01:44:05,65.8,97.1,26542,49946,ok
01:44:06,66.6,97.5,25809,49865,ok
01:44:07,70.7,97.1,26799,49162,ok
01:44:08,64.9,97.2,26114,49301,ok
01:44:09,65.1,96.3,26920,48092,ok
01:44:10,61.6,96.9,25364,49504,ok
01:44:11,63.0,97.3,26700,48231,ok
01:44:12,63.9,96.7,25659,49262,ok
01:44:13,64.8,97.6,25362,49429,ok
01:44:14,65.2,97.1,25267,48826,ok
01:44:15,65.5,97.4,26911,48554,ok
01:44:16,64.1,96.6,25445,48439,ok
01:44:17,63.8,98.0,25759,49008,ok
01:44:18,64.8,97.3,26326,48202,ok
01:44:19,66.4,97.3,26877,48524,ok
01:44:20,62.4,97.7,26238,48405,ok
01:44:21,65.4,97.3,25647,48931,ok
01:44:22,64.2,97.2,25445,49374,ok
01:44:23,66.2,97.7,26334,49125,ok
01:44:24,62.0,96.9,26100,49576,ok
01:44:25,64.5,96.8,26532,49181,ok
01:44:26,67.1,96.0,25307,48852,ok
01:44:27,66.6,97.0,26926,48466,ok
01:44:28,65.6,96.4,25195,49979,ok
01:44:29,64.9,97.0,26974,49235,ok
01:44:30,65.4,97.1,25813,48985,ok
01:44:31,64.0,97.3,25942,48177,ok
01:44:32,66.2,97.1,26849,48191,ok
01:44:33,62.6,97.5,25110,48228,ok
01:44:34,68.6,97.4,26957,49954,ok
01:44:35,62.7,97.2,26627,48325,ok
01:44:36,66.4,96.1,25023,48228,ok
01:44:37,65.4,97.3,25481,49912,ok
01:44:38,62.7,96.9,25007,48218,ok
01:44:39,64.2,98.1,25665,48530,ok
01:44:40,62.2,97.1,26686,49556,ok
01:44:41,68.2,96.1,26568,48534,ok
01:44:42,64.4,96.9,26450,48035,ok
01:44:43,64.3,96.8,25231,48318,ok
01:44:44,66.0,97.1,26050,49507,ok
01:44:45,64.0,97.7,25358,48208,ok
01:44:46,65.9,97.5,26987,48492,ok
01:44:47,66.0,96.7,25622,48466,ok
01:44:48,63.7,97.2,25453,48968,ok
01:44:49,64.5,96.4,25707,48464,ok
01:44:50,68.6,96.9,26017,48036,ok
01:44:51,63.7,97.6,25852,48946,ok
01:44:52,64.1,96.9,26482,49104,ok
01:44:53,69.4,98.0,26353,48151,ok
01:44:54,64.1,97.2,26180,48332,ok
01:44:55,64.9,96.9,26606,48161,ok
01:44:56,66.0,96.6,25588,48011,ok
01:44:57,66.0,97.3,25083,49204,ok
01:44:58,64.7,97.0,26088,48251,ok
01:44:59,67.2,98.3,26748,48296,ok
01:45:00,64.7,96.2,26902,49146,ok
01:45:01,59.3,96.3,26956,49785,ok
01:45:02,63.1,97.4,25240,48784,ok
01:45:03,67.9,96.9,25233,48994,ok
01:45:04,59.5,96.3,26416,49415,ok
01:45:05,67.8,96.9,26352,48151,ok
01:45:06,66.3,96.8,26649,49338,ok
01:45:07,65.1,98.2,26381,48448,ok
01:45:08,65.3,96.4,25103,48977,ok
01:45:09,68.0,97.8,25139,48669,ok
01:45:10,62.6,96.8,26453,49208,ok
01:45:11,65.9,96.8,25029,49358,ok
01:45:12,64.2,97.5,25029,48826,ok
01:45:13,68.9,96.8,25542,49377,ok
01:45:14,61.7,96.5,25343,49257,ok
01:45:15,66.4,97.5,25478,49835,ok
01:45:16,65.8,97.2,26974,49707,ok
01:45:17,63.0,97.0,26889,48313,ok
01:45:18,64.1,96.1,26239,49436,ok
01:45:19,67.7,97.2,25805,48893,ok
01:45:20,64.5,96.2,25785,49562,ok
01:45:21,63.3,97.5,26275,49990,ok
01:45:22,65.1,97.2,26662,49987,ok
01:45:23,68.0,96.6,26211,49162,ok
01:45:24,61.4,97.7,26306,48633,ok
01:45:25,62.5,97.0,25486,48246,ok
01:45:26,67.6,97.0,25365,48742,ok
01:45:27,63.3,97.4,25153,48340,ok
01:45:28,65.0,97.4,26517,49140,ok
01:45:29,65.6,97.5,26106,49268,ok
01:45:30,66.0,97.0,25953,49186,ok
01:45:31,65.3,97.9,25937,48187,ok
01:45:32,63.4,97.1,25521,48359,ok
01:45:33,61.8,98.0,26228,49599,ok
01:45:34,63.5,96.6,25448,48723,ok
01:45:35,67.3,97.1,25895,48586,ok
01:45:36,62.3,97.2,25258,48893,ok
01:45:37,66.4,97.2,25166,48467,ok
01:45:38,63.2,96.8,25113,49146,ok
01:45:39,61.1,97.3,25674,49931,ok
01:45:40,65.8,98.0,26506,49215,ok
01:45:41,63.8,96.9,25382,48206,ok
01:45:42,64.4,97.0,25698,49227,ok
01:45:43,64.1,96.3,26814,48406,ok
01:45:44,66.5,97.2,26924,48966,ok
01:45:45,63.5,97.3,26450,49259,ok
01:45:46,62.5,97.6,26609,49356,ok
01:45:47,65.7,96.5,25679,49206,ok
01:45:48,65.7,96.9,26682,49851,ok
01:45:49,63.1,97.4,26998,48269,ok
01:45:50,60.6,96.4,25966,49003,ok
01:45:51,66.4,97.4,26654,49178,ok
01:45:52,64.6,96.9,25020,49896,ok
01:45:53,66.7,96.1,25912,48654,ok
01:45:54,66.4,97.1,26882,48775,ok
01:45:55,67.2,97.3,25052,49368,ok
01:45:56,64.0,96.8,25794,49843,ok
01:45:57,63.0,96.9,26797,49857,ok
01:45:58,66.7,96.7,26866,49182,ok
01:45:59,65.7,96.4,26643,48876,ok
01:46:00,64.8,98.1,25686,49279,ok
01:46:01,63.8,97.1,25800,48381,ok
01:46:02,67.4,97.0,25525,49289,ok
01:46:03,66.2,97.1,26631,48801,ok
01:46:04,64.3,97.4,25073,48903,ok
01:46:05,66.8,96.2,25129,49796,ok
01:46:06,62.8,97.4,26052,48596,ok
01:46:07,66.0,96.4,26166,48740,ok
01:46:08,63.0,97.2,25319,48200,ok
01:46:09,66.2,96.1,26746,49799,ok
01:46:10,66.1,97.4,26333,48788,ok
01:46:11,67.3,97.1,25949,48035,ok
01:46:12,60.8,96.6,25046,48116,ok
01:46:13,68.8,96.8,26823,49269,ok
01:46:14,65.8,96.2,26093,49206,ok
01:46:15,68.0,95.8,25584,49840,ok
01:46:16,65.5,96.6,25592,48459,ok
01:46:17,65.4,97.7,25503,48363,ok
01:46:18,65.4,96.3,26190,48277,ok
01:46:19,64.6,96.9,26842,48783,ok
01:46:20,64.4,97.7,26993,49549,ok
01:46:21,65.4,97.5,25898,48309,ok
01:46:22,66.2,97.5,26136,48407,ok
01:46:23,61.3,96.9,25636,48454,ok
01:46:24,62.9,97.0,25766,48373,ok
01:46:25,66.6,96.1,25858,49193,ok
01:46:26,64.5,96.1,25497,49924,ok
01:46:27,66.5,97.9,26229,49634,ok
01:46:28,63.5,96.9,26885,49765,ok
01:46:29,62.2,97.1,25119,49043,ok
01:46:30,69.2,97.2,25633,48721,ok
01:46:31,63.2,97.4,25506,48457,ok
01:46:32,63.8,97.6,25137,48860,ok
01:46:33,63.8,97.4,25834,49277,ok
01:46:34,61.5,95.9,25809,49273,ok
01:46:35,63.8,96.8,25231,49651,ok
01:46:36,64.4,97.6,26709,49159,ok
01:46:37,66.4,97.3,25978,49557,ok
01:46:38,62.7,97.3,25494,49321,ok
01:46:39,61.6,96.6,26777,49973,ok
01:46:40,66.3,96.3,26410,48091,ok
01:46:41,64.9,96.6,25429,48683,ok
01:46:42,65.4,96.7,25574,49152,ok
01:46:43,65.5,96.8,25654,48749,ok
01:46:44,66.9,96.3,25945,48007,ok
01:46:45,63.4,96.4,26774,49889,ok
01:46:46,66.5,97.4,26419,48588,ok
01:46:47,64.3,97.3,25131,48198,ok
01:46:48,64.8,97.0,25830,48711,ok
01:46:49,64.8,96.6,26591,49008,ok
01:46:50,62.5,96.3,25200,49989,ok
01:46:51,63.5,97.0,26205,48723,ok
01:46:52,64.5,97.0,25603,48085,ok
01:46:53,66.8,97.3,26364,49128,ok
01:46:54,65.8,96.3,25671,48094,ok
01:46:55,66.3,96.5,26624,49334,ok
01:46:56,67.3,97.1,25401,48914,ok
01:46:57,60.5,96.6,26520,49823,ok
01:46:58,62.5,96.8,25252,49566,ok
01:46:59,65.3,96.7,26668,48594,ok
01:47:00,66.2,98.0,25053,49041,ok
01:47:01,62.7,96.6,25558,48418,ok
01:47:02,63.8,97.0,26104,49897,ok
01:47:03,64.7,97.1,26732,49004,ok
01:47:04,64.7,96.7,26102,48655,ok
01:47:05,61.3,96.8,25234,49778,ok
01:47:06,66.4,96.9,26944,48337,ok
01:47:07,62.1,97.4,26068,49806,ok
01:47:08,68.3,97.6,25778,48977,ok
01:47:09,62.8,96.9,26920,48528,ok
01:47:10,67.6,96.9,25715,48633,ok
01:47:11,64.2,97.3,25649,49228,ok
01:47:12,68.4,97.4,25086,48841,ok
01:47:13,67.8,96.9,26573,49326,ok
01:47:14,64.6,95.9,26705,48745,ok
01:47:15,66.8,97.2,26845,48687,ok
01:47:16,66.7,96.6,26498,48651,ok
01:47:17,65.1,97.2,25819,49642,ok
01:47:18,65.4,97.7,25930,49978,ok
01:47:19,64.0,96.6,26498,48171,ok
01:47:20,66.7,97.0,26209,48655,ok
01:47:21,65.2,97.6,25359,48228,ok
01:47:22,68.2,97.5,25419,49266,ok
01:47:23,61.6,96.8,26812,48424,ok
01:47:24,64.2,97.2,26070,49907,ok
01:47:25,65.5,96.4,25513,48293,ok
01:47:26,61.5,97.9,26899,48051,ok
01:47:27,64.0,97.2,25678,48787,ok
01:47:28,64.3,96.7,25093,48968,ok
01:47:29,62.4,97.4,26179,49837,ok
01:47:30,61.8,97.2,25829,49543,ok
01:47:31,63.7,96.6,26675,49730,ok
01:47:32,66.8,96.6,26197,49004,ok
01:47:33,63.9,96.9,25238,48639,ok
01:47:34,64.4,96.9,25563,49410,ok
01:47:35,64.4,97.9,26790,48081,ok
01:47:36,65.6,97.0,25414,48568,ok
01:47:37,65.8,97.5,25705,49519,ok
01:47:38,67.6,97.6,25228,48430,ok
01:47:39,67.7,96.5,25896,49259,ok
01:47:40,65.5,95.9,26348,49247,ok
01:47:41,69.6,97.9,26079,48012,ok
01:47:42,63.6,96.8,25909,49537,ok
01:47:43,65.2,96.8,26663,49268,ok
01:47:44,64.7,97.2,25466,49781,ok
01:47:45,63.0,97.5,25659,49226,ok
01:47:46,64.9,96.8,25871,49427,ok
01:47:47,64.9,96.9,25544,48653,ok
01:47:48,64.3,96.5,26916,49677,ok
01:47:49,62.9,96.4,25005,49895,ok
01:47:50,67.9,97.4,26222,48425,ok
01:47:51,67.7,98.0,25800,49628,ok
01:47:52,65.2,97.0,26626,48032,ok
01:47:53,67.5,96.5,26337,48855,ok
01:47:54,65.6,97.2,25504,48755,ok
01:47:55,62.4,97.6,26851,49132,ok
01:47:56,65.7,95.8,26013,49563,ok
01:47:57,64.7,96.7,25908,49781,ok
01:47:58,64.7,96.8,25038,49873,ok
01:47:59,63.3,97.0,25306,48141,ok
01:48:00,67.3,96.7,26362,48000,ok
01:48:01,63.7,96.8,26045,48448,ok
01:48:02,64.9,97.5,26987,48828,ok
01:48:03,64.0,97.7,25619,49830,ok
01:48:04,62.7,97.5,25387,49454,ok
01:48:05,65.2,96.8,25100,49438,ok
01:48:06,65.7,96.6,26375,48440,ok
01:48:07,63.3,97.1,25690,49395,ok
01:48:08,64.4,97.3,26112,49636,ok
01:48:09,63.8,97.3,25024,49711,ok
01:48:10,65.9,97.6,26524,49340,ok
01:48:11,65.2,96.7,26512,48754,ok
01:48:12,61.6,97.4,25947,48033,ok
01:48:13,64.6,98.1,26312,49546,ok
01:48:14,67.0,97.4,25842,49182,ok
01:48:15,65.4,97.3,26421,49160,ok
01:48:16,64.1,97.4,25616,48690,ok
01:48:17,63.3,98.0,25835,49871,ok
01:48:18,65.6,96.2,25021,48758,ok
01:48:19,64.9,97.5,25706,49135,ok
01:48:20,65.1,97.6,25790,48699,ok
01:48:21,68.0,96.6,25254,49048,ok
01:48:22,67.3,96.8,25387,48984,ok
01:48:23,65.3,96.8,25987,49045,ok
01:48:24,67.0,96.7,26604,49977,ok
01:48:25,66.3,97.5,25022,49535,ok
01:48:26,65.8,97.2,26926,48729,ok
01:48:27,65.4,96.6,26550,49333,ok
01:48:28,60.4,97.6,25435,48957,ok
01:48:29,65.6,97.1,26605,48604,ok
01:48:30,66.2,97.5,26869,49861,ok
01:48:31,64.3,96.6,26213,48358,ok
01:48:32,68.1,96.5,25839,48284,ok
01:48:33,65.7,97.5,26307,48812,ok
01:48:34,67.3,96.3,25161,48252,ok
01:48:35,65.3,97.6,26755,49956,ok
01:48:36,66.5,96.1,26554,48961,ok
01:48:37,64.6,96.7,25347,48337,ok
01:48:38,65.6,98.0,26734,49745,ok
01:48:39,63.8,97.1,25674,49421,ok
01:48:40,65.7,97.2,26799,49715,ok
01:48:41,66.5,98.0,26836,48943,ok
01:48:42,63.8,98.0,26155,48958,ok
01:48:43,66.5,96.7,26922,48037,ok
01:48:44,60.8,97.0,26131,48169,ok
01:48:45,70.8,98.1,26680,48581,ok
01:48:46,64.3,97.1,26575,48119,ok
01:48:47,68.5,97.7,26506,49605,ok
01:48:48,64.9,96.1,25164,49364,ok
01:48:49,66.5,96.5,25619,49215,ok
01:48:50,67.0,96.4,25289,48152,ok
01:48:51,67.0,97.7,26078,48890,ok
01:48:52,66.0,97.6,25774,48560,ok
01:48:53,63.6,96.3,26483,48600,ok
01:48:54,63.3,97.1,26759,48040,ok
01:48:55,64.9,97.1,26681,49180,ok
01:48:56,68.0,96.6,26196,49899,ok
01:48:57,67.8,97.2,26429,48929,ok
01:48:58,66.6,97.0,26615,49910,ok
01:48:59,63.4,97.0,25017,49994,ok
01:49:00,62.6,97.0,26720,48124,ok
01:49:01,65.3,96.2,25348,49628,ok
01:49:02,64.2,97.0,26890,49096,ok
01:49:03,66.2,97.5,26475,48913,ok
01:49:04,69.7,97.4,26951,49423,ok
01:49:05,64.2,96.8,25520,48297,ok
01:49:06,63.3,97.5,26157,48373,ok
01:49:07,66.1,96.3,26165,48899,ok
01:49:08,61.6,97.1,26562,48325,ok
01:49:09,67.1,97.1,25916,48993,ok
01:49:10,61.4,96.8,26983,48252,ok
01:49:11,65.1,98.1,26114,48295,ok
01:49:12,62.1,96.8,26313,48790,ok
01:49:13,63.3,97.2,26091,48652,ok
01:49:14,60.6,98.1,26447,48950,ok
01:49:15,65.3,97.0,26321,49471,ok
01:49:16,63.4,97.0,25918,48453,ok
01:49:17,66.6,97.5,25319,49846,ok
01:49:18,65.6,97.0,26782,49609,ok
01:49:19,65.4,97.1,25665,49137,ok
01:49:20,65.5,96.8,25168,49574,ok
01:49:21,65.7,96.9,25642,49899,ok
01:49:22,63.5,97.3,25956,49967,ok
01:49:23,66.4,96.7,26498,48597,ok
01:49:24,63.7,96.9,26619,48331,ok
01:49:25,64.6,97.2,25686,48046,ok
01:49:26,61.0,96.7,25902,48665,ok
01:49:27,67.2,97.3,25426,48944,ok
01:49:28,65.3,97.3,26281,48270,ok
01:49:29,67.1,97.0,25231,48150,ok
01:49:30,66.0,98.0,26180,48322,ok
01:49:31,68.9,97.1,26420,49650,ok
01:49:32,66.7,96.6,25333,49869,ok
01:49:33,65.0,97.0,25788,49746,ok
01:49:34,66.6,98.2,26698,48681,ok
01:49:35,65.5,97.1,26739,49881,ok
01:49:36,66.4,96.5,25958,49224,ok
01:49:37,64.2,96.8,26152,49161,ok
01:49:38,65.5,97.4,26475,49345,ok
01:49:39,64.3,95.9,26206,48353,ok
01:49:40,62.6,96.9,25515,49307,ok
01:49:41,66.1,95.9,26509,48782,ok
01:49:42,61.9,97.2,26668,48179,ok
01:49:43,61.8,96.5,26943,48702,ok
01:49:44,66.2,97.5,25940,48612,ok
01:49:45,62.5,97.5,25551,48713,ok
01:49:46,64.9,96.5,26806,49439,ok
01:49:47,64.3,97.4,25836,48938,ok
01:49:48,64.6,96.7,26856,48351,ok
01:49:49,66.4,96.5,25373,49460,ok
01:49:50,63.2,96.5,25057,48097,ok
01:49:51,67.5,96.9,26821,48225,ok
01:49:52,67.6,97.2,26639,48114,ok
01:49:53,65.4,97.6,26143,49120,ok
01:49:54,67.2,98.0,25836,48003,ok
01:49:55,67.2,97.2,26133,49490,ok
01:49:56,65.7,97.3,25283,49223,ok
01:49:57,65.6,96.7,25119,48010,ok
01:49:58,65.9,97.5,25436,49932,ok
01:49:59,63.6,97.6,25817,48799,ok
01:50:00,65.0,97.3,25711,49981,ok
01:50:01,62.8,97.6,25144,48457,ok
01:50:02,64.5,97.1,25692,48453,ok
01:50:03,61.9,97.5,25492,48821,ok
01:50:04,63.7,97.7,26366,48287,ok
01:50:05,64.9,96.9,25477,49991,ok
01:50:06,65.0,97.7,25853,48694,ok
01:50:07,69.5,96.7,25974,48182,ok
01:50:08,61.3,96.9,25108,48568,ok
01:50:09,64.8,97.1,26846,49349,ok
01:50:10,64.7,96.8,25280,49535,ok
01:50:11,61.3,97.4,26996,48795,ok
01:50:12,64.9,97.6,25777,48236,ok
01:50:13,64.2,97.4,25285,48842,ok
01:50:14,62.0,97.1,25267,48584,ok
01:50:15,63.9,97.2,25937,49196,ok
01:50:16,67.1,96.7,26896,49168,ok
01:50:17,64.9,96.7,26163,48850,ok
01:50:18,64.3,96.6,25694,49353,ok
01:50:19,65.9,96.9,26294,49498,ok
01:50:20,63.8,97.1,25944,49083,ok
01:50:21,61.7,96.9,26065,48839,ok
01:50:22,62.6,97.2,25029,48247,ok
01:50:23,66.9,96.8,26084,49017,ok
01:50:24,65.4,96.8,25013,49904,ok
01:50:25,63.1,96.5,26446,48770,ok
01:50:26,62.9,97.5,26533,48882,ok
01:50:27,66.9,97.1,26556,49283,ok
01:50:28,63.2,97.4,25449,49135,ok
01:50:29,64.3,97.3,26081,48476,ok
01:50:30,66.4,97.7,26091,48569,ok
01:50:31,67.2,96.5,26364,49237,ok
01:50:32,62.3,96.2,26206,49242,ok
01:50:33,64.0,97.4,26404,49611,ok
01:50:34,60.9,97.7,25652,48277,ok
01:50:35,65.0,97.1,25530,48214,ok
01:50:36,66.1,97.1,26376,48420,ok
01:50:37,64.4,97.1,26528,48523,ok
01:50:38,67.9,97.0,25724,48300,ok
01:50:39,67.5,95.9,25838,48867,ok
01:50:40,63.1,96.6,26201,49798,ok
01:50:41,62.8,97.2,25210,49460,ok
01:50:42,67.3,96.8,26256,48058,ok
01:50:43,65.6,97.5,25756,49059,ok
01:50:44,62.5,96.8,26294,48280,ok
01:50:45,60.3,96.7,25451,48104,ok
01:50:46,64.2,96.1,25746,48268,ok
01:50:47,62.8,97.9,26129,48261,ok
01:50:48,63.9,96.5,26968,49117,ok
01:50:49,63.2,97.9,26570,49640,ok
01:50:50,60.5,97.5,26277,48554,ok
01:50:51,65.3,98.1,26620,48579,ok
01:50:52,63.8,98.1,25467,49690,ok
01:50:53,63.9,97.7,25665,48128,ok
01:50:54,65.4,97.2,26517,49695,ok
01:50:55,61.9,96.7,26207,48020,ok
01:50:56,67.6,96.4,26964,49289,ok
01:50:57,66.1,97.4,25735,48187,ok
01:50:58,66.9,97.6,26179,49880,ok
01:50:59,63.5,97.1,25672,48160,ok
01:51:00,62.9,97.3,26819,49357,ok
01:51:01,64.1,98.3,26251,48960,ok
01:51:02,67.0,97.4,26724,49161,ok
01:51:03,66.3,96.2,25834,49656,ok
01:51:04,65.8,97.2,25929,49513,ok
01:51:05,66.2,96.8,26064,48452,ok
01:51:06,59.4,96.6,26821,48274,ok
01:51:07,66.0,98.1,25296,48912,ok
01:51:08,62.7,97.0,26752,49286,ok
01:51:09,63.1,97.3,25216,49628,ok
01:51:10,65.7,97.3,26276,49316,ok
01:51:11,62.9,96.8,25505,49223,ok
01:51:12,65.6,96.7,25105,48570,ok
01:51:13,66.8,96.4,26872,48275,ok
01:51:14,63.2,97.5,26475,48430,ok
01:51:15,61.3,96.9,25276,48865,ok
01:51:16,66.0,97.0,26729,49910,ok
01:51:17,64.4,96.6,26850,48056,ok
01:51:18,64.2,96.7,25967,49945,ok
01:51:19,70.2,96.5,26870,48494,ok
01:51:20,66.7,96.2,25713,49865,ok
01:51:21,64.8,97.2,26825,49561,ok
01:51:22,65.8,96.8,26001,49391,ok
01:51:23,66.2,96.7,26087,49548,ok
01:51:24,65.9,97.0,26126,48243,ok
01:51:25,65.2,97.3,25795,48430,ok
01:51:26,59.7,96.7,25520,48185,ok
01:51:27,65.4,97.0,25900,49323,ok
01:51:28,63.5,97.4,25360,49553,ok
01:51:29,68.4,96.5,26802,49760,ok
01:51:30,64.2,98.1,26754,49596,ok
01:51:31,62.9,96.8,26666,48793,ok
01:51:32,63.1,96.5,26301,49702,ok
01:51:33,63.9,97.1,25713,49740,ok
01:51:34,68.7,97.5,26912,48809,ok
01:51:35,63.2,97.1,25496,48031,ok
01:51:36,66.8,97.4,25801,49873,ok
01:51:37,68.8,97.2,26292,48977,ok
01:51:38,62.3,97.4,25311,48298,ok
01:51:39,66.4,96.8,25407,48820,ok
01:51:40,59.3,97.4,25282,49991,ok
01:51:41,64.4,96.9,26714,49383,ok
01:51:42,65.8,97.0,25844,49273,ok
01:51:43,65.2,96.0,26300,49354,ok
01:51:44,64.8,97.0,26129,49797,ok
01:51:45,62.2,97.2,26296,49649,ok
01:51:46,61.3,96.9,26247,49033,ok
01:51:47,64.2,97.1,26056,49798,ok
01:51:48,64.7,96.1,26212,49012,ok
01:51:49,61.7,96.6,25990,48041,ok
01:51:50,66.5,96.7,25907,49793,ok
01:51:51,65.1,96.5,26055,49170,ok
01:51:52,64.4,96.6,26088,49276,ok
01:51:53,65.2,96.8,25918,48835,ok
01:51:54,61.4,96.3,25250,49278,ok
01:51:55,66.8,97.9,25138,49097,ok
01:51:56,64.0,97.4,26426,48615,ok
01:51:57,66.6,96.6,25444,48632,ok
01:51:58,65.4,97.2,25972,48231,ok
01:51:59,66.5,97.1,25868,49746,ok
01:52:00,65.7,97.3,25498,49326,ok
01:52:01,64.3,96.7,25597,49712,ok
01:52:02,66.0,97.1,25586,49913,ok
01:52:03,65.2,97.8,26806,49410,ok
01:52:04,65.5,97.2,26954,48406,ok
01:52:05,63.6,97.5,25400,48451,ok
01:52:06,66.1,96.6,25816,48931,ok
01:52:07,64.8,97.0,26752,48028,ok
01:52:08,63.4,96.9,25812,48130,ok
01:52:09,63.6,96.3,25110,48502,ok
01:52:10,69.8,97.1,26826,49206,ok
01:52:11,64.6,97.8,26029,49976,ok
01:52:12,66.3,97.6,25745,49927,ok
01:52:13,67.5,96.2,25304,49060,ok
01:52:14,64.5,97.2,26017,49510,ok
01:52:15,64.1,96.3,25373,49705,ok
01:52:16,68.7,97.4,26218,49904,ok
01:52:17,65.7,96.8,26125,49390,ok
01:52:18,62.3,96.2,26398,49859,ok
01:52:19,63.2,97.1,26369,48904,ok
01:52:20,63.6,96.8,25194,49347,ok
01:52:21,65.6,97.5,25131,48733,ok
01:52:22,66.1,97.9,26357,48359,ok
01:52:23,64.7,96.1,25906,48289,ok
01:52:24,68.2,97.0,26215,49697,ok
01:52:25,65.5,97.4,25642,49804,ok
01:52:26,67.5,96.9,25599,48699,ok
01:52:27,63.5,96.9,26932,49887,ok
01:52:28,65.5,96.8,26711,49825,ok
01:52:29,67.0,97.2,26111,48840,ok
01:52:30,68.3,97.5,26289,48045,ok
01:52:31,60.7,96.3,26729,48835,ok
01:52:32,65.6,97.4,26848,48970,ok
01:52:33,63.6,96.7,25246,49034,ok
01:52:34,64.1,96.7,25984,49606,ok
01:52:35,68.1,97.1,26927,48780,ok
01:52:36,61.5,97.8,26125,49521,ok
01:52:37,66.5,97.2,25424,48511,ok
01:52:38,65.0,97.2,26538,48825,ok
01:52:39,61.5,97.2,25714,48185,ok
01:52:40,66.2,97.9,26003,48879,ok
01:52:41,66.8,97.3,25022,49042,ok
01:52:42,66.0,96.9,25012,49561,ok
01:52:43,64.1,96.8,26907,48405,ok
01:52:44,68.6,95.9,25565,49285,ok
01:52:45,67.1,96.9,25097,49497,ok
01:52:46,63.4,97.0,25282,49047,ok
01:52:47,67.4,97.1,25094,49559,ok
01:52:48,65.8,97.3,25342,48637,ok
01:52:49,66.7,97.6,25461,48889,ok
01:52:50,66.1,97.5,25134,48472,ok
01:52:51,64.7,97.5,26615,49102,ok
01:52:52,65.5,96.9,25628,48741,ok
01:52:53,63.1,97.2,25722,48441,ok
01:52:54,65.0,96.4,26986,49832,ok
01:52:55,64.0,97.8,25256,49483,ok
01:52:56,64.8,96.9,26806,48903,ok
01:52:57,65.7,97.2,25131,49667,ok
01:52:58,62.0,97.2,26805,49563,ok
01:52:59,63.8,97.3,25746,49101,ok
01:53:00,65.2,97.2,26229,48891,ok
01:53:01,64.1,96.6,26273,49008,ok
01:53:02,64.6,97.4,26624,48335,ok
01:53:03,62.4,96.9,25614,48803,ok
01:53:04,68.5,97.9,26546,49242,ok
01:53:05,65.0,96.2,25512,48317,ok
01:53:06,67.0,97.1,26897,49935,ok
01:53:07,66.8,96.5,25447,48548,ok
01:53:08,64.0,96.5,25130,48965,ok
01:53:09,65.3,98.0,25088,48608,ok
01:53:10,63.9,97.8,25896,48279,ok
01:53:11,61.9,97.7,26632,48754,ok
01:53:12,62.5,96.4,25144,48909,ok
01:53:13,67.4,97.6,25638,48852,ok
01:53:14,66.2,96.0,25181,48041,ok
01:53:15,64.9,96.8,25987,48886,ok
01:53:16,65.6,97.3,26416,49828,ok
01:53:17,65.5,96.7,26626,48848,ok
01:53:18,62.7,97.2,25623,48552,ok
01:53:19,65.8,97.5,25989,49173,ok
01:53:20,64.0,97.3,25274,49585,ok
01:53:21,64.2,96.9,25313,48472,ok
01:53:22,62.1,97.2,25780,48768,ok
01:53:23,62.3,96.4,26351,48318,ok
01:53:24,65.0,97.3,25336,48073,ok
01:53:25,63.4,97.6,26433,48674,ok
01:53:26,63.2,96.3,25240,49255,ok
01:53:27,64.4,96.6,25488,48699,ok
01:53:28,65.5,96.9,25167,49877,ok
01:53:29,62.8,96.4,26571,48983,ok
01:53:30,64.8,97.1,25953,49226,ok
01:53:31,64.4,97.5,25534,49645,ok
01:53:32,64.6,96.5,25869,49761,ok
01:53:33,62.4,96.7,25830,49094,ok
01:53:34,62.1,97.0,26026,49724,ok
01:53:35,65.0,96.9,26469,49430,ok
01:53:36,64.0,97.4,25471,49064,ok
01:53:37,63.3,97.2,26329,49282,ok
01:53:38,65.7,96.7,26381,48420,ok
01:53:39,63.5,96.7,26566,49688,ok
01:53:40,63.9,96.5,26080,49436,ok
01:53:41,65.5,97.5,26517,49610,ok
01:53:42,66.8,96.9,25586,49176,ok
01:53:43,67.7,97.4,26927,49294,ok
01:53:44,65.2,96.5,26612,48242,ok
01:53:45,66.1,96.3,26817,48897,ok
01:53:46,66.6,97.2,26689,49976,ok
01:53:47,67.6,96.8,25365,48967,ok
01:53:48,61.5,97.2,25951,48442,ok
01:53:49,63.1,97.1,25019,49059,ok
01:53:50,63.8,97.7,25136,48838,ok
01:53:51,66.8,97.4,25352,49506,ok
01:53:52,66.1,96.5,25990,48816,ok
01:53:53,63.6,97.4,26663,49611,ok
01:53:54,64.5,96.6,26612,49800,ok
01:53:55,64.9,96.7,26431,48516,ok
01:53:56,64.3,96.9,25228,49681,ok
01:53:57,65.7,97.4,26954,49050,ok
01:53:58,67.9,97.4,26365,49315,ok
01:53:59,67.0,97.2,26600,49043,ok
01:54:00,65.5,97.3,26960,49322,ok
01:54:01,67.3,97.1,25166,48010,ok
01:54:02,67.1,97.7,26597,49325,ok
01:54:03,63.9,96.6,25234,49455,ok
01:54:04,68.2,98.0,25467,48616,ok
01:54:05,62.8,96.4,26689,48827,ok
01:54:06,68.0,97.6,26937,49597,ok
01:54:07,63.8,96.6,26608,48992,ok
01:54:08,65.2,97.4,26064,48684,ok
01:54:09,64.3,96.4,25546,49558,ok
01:54:10,69.5,97.8,25775,49231,ok
01:54:11,66.5,97.0,26898,48776,ok
01:54:12,65.4,97.5,25926,49337,ok
01:54:13,66.9,97.4,25186,48796,ok
01:54:14,64.4,97.1,25627,49571,ok
01:54:15,62.9,98.1,26626,49856,ok
01:54:16,64.4,96.2,26072,49069,ok
01:54:17,63.9,95.7,26831,48123,ok
01:54:18,64.2,98.0,25524,48806,ok
01:54:19,67.8,96.6,26685,49828,ok
01:54:20,65.8,96.8,26715,49403,ok
01:54:21,64.3,96.7,26132,49670,ok
01:54:22,64.8,98.0,25505,48457,ok
01:54:23,67.4,97.4,25922,49155,ok
01:54:24,68.1,97.6,26353,49965,ok
01:54:25,62.5,97.3,26721,49937,ok
01:54:26,63.3,96.7,26574,48127,ok
01:54:27,65.1,96.8,25119,49908,ok
01:54:28,64.0,96.6,25477,49590,ok
01:54:29,63.7,97.8,26106,48921,ok
01:54:30,67.5,97.2,25265,49804,ok
01:54:31,61.7,96.3,26244,49139,ok
01:54:32,62.9,96.9,26580,49237,ok
01:54:33,63.2,96.4,26734,49105,ok
01:54:34,68.7,97.5,26081,48011,ok
01:54:35,66.8,97.9,26784,48264,ok
01:54:36,61.3,96.6,26419,48859,ok
01:54:37,70.0,97.3,26186,49898,ok
01:54:38,63.0,96.5,26800,48314,ok
01:54:39,65.8,96.7,25952,49445,ok
01:54:40,61.5,96.6,26903,49776,ok
01:54:41,64.7,96.8,25318,49410,ok
01:54:42,67.9,97.5,26076,49795,ok
01:54:43,66.6,96.8,25924,48827,ok
01:54:44,66.2,96.8,26375,49981,ok
01:54:45,67.7,97.8,25106,49766,ok
01:54:46,68.2,96.8,25882,49855,ok
01:54:47,63.5,97.4,26149,49539,ok
01:54:48,65.6,96.4,26131,49677,ok
01:54:49,67.3,97.3,26554,48736,ok
01:54:50,63.4,97.1,26323,48603,ok
01:54:51,66.5,97.4,25507,49976,ok
01:54:52,65.7,97.0,25299,48532,ok
01:54:53,65.9,97.4,26990,48385,ok
01:54:54,64.9,97.9,25479,48868,ok
01:54:55,63.2,96.6,26512,48286,ok
01:54:56,63.5,96.6,25171,48840,ok
01:54:57,63.2,97.2,25281,48388,ok
01:54:58,66.0,98.5,25969,48124,ok
01:54:59,67.3,96.5,26367,48952,ok
01:55:00,62.0,96.7,26074,48161,ok
01:55:01,66.7,96.9,26662,49650,ok
01:55:02,59.9,96.6,26509,48063,ok
01:55:03,60.8,97.7,25619,48013,ok
01:55:04,62.8,96.7,26407,48994,ok
01:55:05,65.2,97.2,26452,48671,ok
01:55:06,66.5,97.4,26845,49239,ok
01:55:07,66.4,97.6,26627,49677,ok
01:55:08,67.2,96.8,25721,48829,ok
01:55:09,61.5,96.8,26517,48607,ok
01:55:10,66.6,97.0,26232,49313,ok
01:55:11,66.9,98.3,25655,49688,ok
01:55:12,64.5,95.9,26059,48225,ok
01:55:13,67.6,96.6,26361,49856,ok
01:55:14,65.1,96.8,26266,48985,ok
01:55:15,65.7,98.1,26293,49562,ok
01:55:16,67.4,96.6,26913,49796,ok
01:55:17,62.4,97.0,26319,48575,ok
01:55:18,66.9,97.3,25059,48252,ok
01:55:19,65.6,96.9,25310,49921,ok
01:55:20,64.7,96.8,25206,49076,ok
01:55:21,64.3,97.2,25440,49099,ok
01:55:22,66.7,97.1,26103,48456,ok
01:55:23,68.9,96.9,25455,48258,ok
01:55:24,62.0,96.9,25584,48611,ok
01:55:25,63.1,97.9,25960,49095,ok
01:55:26,65.6,97.2,25655,48086,ok
01:55:27,65.3,97.5,25554,48925,ok
01:55:28,62.9,96.9,25543,48975,ok
01:55:29,65.6,97.4,26183,48688,ok
01:55:30,64.5,97.3,26804,48772,ok
01:55:31,62.0,97.5,26534,48497,ok
01:55:32,69.8,97.3,25472,49644,ok
01:55:33,65.2,97.5,25446,49367,ok
01:55:34,62.5,96.6,26609,49650,ok
01:55:35,63.6,97.0,25363,49053,ok
01:55:36,64.5,97.0,25484,49974,ok
01:55:37,65.2,96.4,25823,48315,ok
01:55:38,67.5,96.9,26228,48124,ok
01:55:39,65.5,97.1,25694,48887,ok
01:55:40,64.8,97.2,26031,49110,ok
01:55:41,64.7,97.1,26363,48392,ok
01:55:42,66.3,96.5,25488,48663,ok
01:55:43,67.0,97.1,25580,49821,ok
01:55:44,63.6,97.5,26905,48897,ok
01:55:45,64.9,96.9,25731,49337,ok
01:55:46,65.8,96.2,25830,49963,ok
01:55:47,62.3,96.7,25348,49295,ok
01:55:48,63.3,96.9,26537,48072,ok
01:55:49,68.6,97.4,25769,49022,ok
01:55:50,63.4,96.4,26856,48130,ok
01:55:51,66.6,97.6,25764,49989,ok
01:55:52,61.6,97.2,26946,49151,ok
01:55:53,69.8,97.4,26506,48212,ok
01:55:54,64.9,96.0,26691,49001,ok
01:55:55,65.3,96.7,26884,48441,ok
01:55:56,67.2,96.1,25896,49741,ok
01:55:57,65.9,97.2,26507,48115,ok
01:55:58,64.5,97.0,26160,48857,ok
01:55:59,65.7,96.5,26868,48828,ok
01:56:00,62.6,97.4,26689,49964,ok
01:56:01,62.4,97.4,25957,49944,ok
01:56:02,63.3,96.5,26146,48829,ok
01:56:03,66.6,97.2,26959,49176,ok
01:56:04,67.2,97.1,26978,49861,ok
01:56:05,63.7,96.7,25917,49016,ok
01:56:06,63.8,97.9,25840,49564,ok
01:56:07,64.4,97.8,25165,48551,ok
01:56:08,66.7,97.4,26264,49806,ok
01:56:09,61.8,96.9,25516,49423,ok
01:56:10,63.1,97.9,25525,48862,ok
01:56:11,64.0,96.5,26171,48598,ok
01:56:12,59.6,97.1,25149,49980,ok
01:56:13,64.9,97.1,26280,48356,ok
01:56:14,64.1,97.3,26235,48253,ok
01:56:15,65.1,97.6,25904,48552,ok
01:56:16,65.4,97.4,25091,48615,ok
01:56:17,66.6,96.9,25563,48539,ok
01:56:18,66.7,97.4,26699,49620,ok
01:56:19,62.2,96.0,25882,48028,ok
01:56:20,65.4,96.8,25937,48757,ok
01:56:21,64.7,97.3,25764,48267,ok
01:56:22,64.4,97.5,25842,49360,ok
01:56:23,63.5,97.3,26807,49449,ok
01:56:24,66.1,96.9,26085,49730,ok
01:56:25,66.7,96.6,26332,49941,ok
01:56:26,63.8,96.3,25845,49044,ok
01:56:27,66.6,97.4,25842,49471,ok
01:56:28,65.0,96.5,25068,48947,ok
01:56:29,66.7,97.2,26770,49809,ok
01:56:30,65.6,97.2,25246,49513,ok
01:56:31,67.5,97.2,26428,48767,ok
01:56:32,64.5,96.0,26738,48151,ok
01:56:33,66.2,96.7,25943,48294,ok
01:56:34,63.9,96.0,26486,49779,ok
01:56:35,66.7,96.6,26936,49381,ok
01:56:36,70.0,96.8,25658,49126,ok
01:56:37,59.7,96.7,26745,49089,ok
01:56:38,63.1,96.8,25731,48395,ok
01:56:39,63.4,97.5,26147,49544,ok
01:56:40,63.3,96.7,25792,48438,ok
01:56:41,63.1,96.7,25107,48668,ok
01:56:42,68.0,97.6,25677,48910,ok
01:56:43,66.1,96.4,26071,49595,ok
01:56:44,65.7,96.6,26655,49733,ok
01:56:45,60.7,96.5,26007,48470,ok
01:56:46,65.1,97.4,26022,48748,ok
01:56:47,63.8,97.3,25246,49297,ok
01:56:48,64.1,96.8,25448,48337,ok
01:56:49,70.5,97.7,25426,48644,ok
01:56:50,67.6,96.8,25499,49676,ok
01:56:51,67.9,97.2,26104,49696,ok
01:56:52,67.2,98.1,26106,49236,ok
01:56:53,66.1,97.3,26164,48838,ok
01:56:54,63.3,97.3,25227,49275,ok
01:56:55,65.1,96.7,25753,49077,ok
01:56:56,63.1,97.3,25316,49037,ok
01:56:57,66.5,96.4,25116,48272,ok
01:56:58,66.6,97.5,26986,49457,ok
01:56:59,67.9,97.6,25086,49995,ok
01:57:00,50.7,97.8,26175,48974,ok
01:57:01,55.6,98.4,25726,49007,ok
01:57:02,54.0,98.1,25973,48877,ok
01:57:03,55.0,97.9,25088,49166,ok
01:57:04,57.9,98.9,25889,49200,ok
01:57:05,51.7,98.8,26866,49800,ok
01:57:06,56.9,97.5,25953,49159,ok
01:57:07,55.0,98.5,25474,48196,ok
01:57:08,55.1,98.5,26212,49206,ok
01:57:09,53.4,98.4,26126,49426,ok
01:57:10,55.6,98.2,25154,48011,ok
01:57:11,56.6,97.7,25701,48611,ok
01:57:12,51.1,98.1,26742,49416,ok
01:57:13,53.0,97.9,25494,48846,ok
01:57:14,55.0,97.7,25919,48256,ok
01:57:15,58.7,98.1,26846,49942,ok
01:57:16,55.0,98.3,25706,48335,ok
01:57:17,55.0,98.2,25179,48101,ok
01:57:18,51.2,96.8,26899,48124,ok
01:57:19,54.3,97.7,25953,49963,ok
01:57:20,54.5,98.5,26471,48460,ok
01:57:21,54.2,97.7,25551,49953,ok
01:57:22,52.7,97.5,25151,48983,ok
01:57:23,56.6,98.6,26503,48216,ok
01:57:24,53.4,98.3,26155,49091,ok
01:57:25,53.0,97.4,26838,48281,ok
01:57:26,58.2,98.2,25386,48329,ok
01:57:27,56.1,97.7,25976,48833,ok
01:57:28,51.2,97.7,26233,48781,ok
01:57:29,55.1,98.1,26722,48030,ok
01:57:30,56.0,98.1,25787,48427,ok
01:57:31,54.4,98.9,26276,49930,ok
01:57:32,53.2,98.1,25733,48493,ok
01:57:33,54.7,98.5,25749,49911,ok
01:57:34,58.3,98.2,25268,49034,ok
01:57:35,58.6,98.6,25566,49037,ok
01:57:36,50.6,97.5,25355,48311,ok
01:57:37,50.5,98.2,25861,49961,ok
01:57:38,51.9,97.7,25638,49182,ok
01:57:39,57.0,98.5,26305,49630,ok
01:57:40,58.2,97.3,25853,49296,ok
01:57:41,56.1,98.6,26121,49739,ok
01:57:42,55.2,97.4,25044,49672,ok
01:57:43,55.4,97.5,25761,49215,ok
01:57:44,52.4,98.0,26605,48272,ok
01:57:45,55.0,97.5,25468,48113,ok
01:57:46,53.8,98.1,25345,49387,ok
01:57:47,54.0,96.8,25629,48136,ok
01:57:48,55.1,97.9,25029,49770,ok
01:57:49,49.9,98.0,25314,48701,ok
01:57:50,56.0,98.3,25275,49016,ok
01:57:51,54.2,97.9,25544,48130,ok
01:57:52,53.1,97.4,25455,49990,ok
01:57:53,53.1,98.0,26056,49380,ok
01:57:54,58.9,97.3,26362,49067,ok
01:57:55,56.6,96.6,26507,48793,ok
01:57:56,53.2,98.4,26617,49979,ok
01:57:57,55.9,97.4,26676,49088,ok
01:57:58,53.1,98.2,26003,49412,ok
01:57:59,59.1,98.4,25242,48099,ok
01:58:00,52.0,97.8,26935,49568,ok
01:58:01,55.2,98.0,26773,48897,ok
01:58:02,54.1,96.3,25852,49550,ok
01:58:03,54.0,98.0,26311,49006,ok
01:58:04,58.4,98.0,26585,48277,ok
01:58:05,58.0,97.1,26545,48336,ok
01:58:06,56.3,97.9,25022,49543,ok
01:58:07,55.9,97.6,26247,48247,ok
01:58:08,58.6,98.1,25624,48807,ok
01:58:09,53.1,96.8,26257,49238,ok
01:58:10,53.0,98.4,25186,48721,ok
01:58:11,50.3,97.6,26242,48918,ok
01:58:12,55.6,97.7,26940,48757,ok
01:58:13,53.2,99.0,26992,48587,ok
01:58:14,57.8,99.0,25305,49190,ok
01:58:15,54.8,97.8,26968,49499,ok
01:58:16,53.5,98.2,25386,48076,ok
01:58:17,53.7,97.8,25793,49388,ok
01:58:18,57.0,97.5,26256,48415,ok
01:58:19,55.8,97.9,26782,48505,ok
01:58:20,55.7,98.2,25392,49926,ok
01:58:21,56.3,97.9,25629,49367,ok
01:58:22,55.3,97.6,26726,49243,ok
01:58:23,54.1,97.7,25694,48765,ok
01:58:24,57.7,98.7,26413,49137,ok
01:58:25,56.8,97.9,26655,49661,ok
01:58:26,53.2,98.0,25205,48574,ok
01:58:27,54.6,98.4,25280,49513,ok
01:58:28,58.6,97.6,25767,48883,ok
01:58:29,54.6,98.4,26910,48457,ok
01:58:30,54.3,97.3,25373,48852,ok
01:58:31,57.0,99.2,26210,48127,ok
01:58:32,53.7,98.8,26567,48737,ok
01:58:33,51.7,98.2,25758,48512,ok
01:58:34,54.5,97.9,26099,48903,ok
01:58:35,53.0,98.7,25248,48676,ok
01:58:36,53.3,98.3,25128,48079,ok
01:58:37,53.8,97.6,26647,49443,ok
01:58:38,52.4,98.0,26178,49765,ok
01:58:39,56.6,97.5,26801,49941,ok
01:58:40,56.3,97.3,25025,48657,ok
01:58:41,52.5,98.1,26355,48812,ok
01:58:42,57.5,98.8,25298,49216,ok
01:58:43,54.8,98.0,26204,48911,ok
01:58:44,55.1,97.1,25075,49859,ok
01:58:45,57.6,97.9,25387,49367,ok
01:58:46,53.6,98.2,25946,49181,ok
01:58:47,54.5,97.8,26994,48126,ok
01:58:48,54.5,98.1,25138,49175,ok
01:58:49,55.5,97.8,25248,49546,ok
01:58:50,56.3,97.3,25261,48679,ok
01:58:51,57.4,98.5,26050,49945,ok
01:58:52,55.2,97.5,25740,48305,ok
01:58:53,53.6,97.2,26429,48444,ok
01:58:54,56.1,97.5,26707,48753,ok
01:58:55,52.3,97.4,25423,48282,ok
01:58:56,53.9,97.9,26097,48879,ok
01:58:57,53.2,98.3,26302,49919,ok
01:58:58,55.4,98.9,26377,49206,ok
01:58:59,53.8,97.9,25433,49148,ok
01:59:00,55.5,98.5,26950,49644,ok
01:59:01,53.1,98.3,25647,48386,ok
01:59:02,53.3,98.4,26613,48065,ok
01:59:03,56.3,98.6,26474,49422,ok
01:59:04,52.8,97.7,25767,48151,ok
01:59:05,59.1,98.3,26775,49154,ok
01:59:06,53.6,98.4,25634,49994,ok
01:59:07,52.9,97.9,25738,49317,ok
01:59:08,56.1,98.3,25993,48310,ok
01:59:09,55.4,97.1,25785,48365,ok
01:59:10,53.3,97.2,25116,49479,ok
01:59:11,54.4,98.7,26102,48920,ok
01:59:12,54.4,98.0,25244,49010,ok
01:59:13,56.9,98.0,25247,48314,ok
01:59:14,57.6,98.2,26343,49255,ok
01:59:15,53.4,98.6,25889,49752,ok
01:59:16,53.8,98.3,25624,48348,ok
01:59:17,52.6,97.8,26570,48196,ok
01:59:18,55.1,97.5,25433,49768,ok
01:59:19,54.2,97.5,26097,49840,ok
01:59:20,53.8,98.8,26021,48341,ok
01:59:21,54.2,97.5,25355,48724,ok
01:59:22,53.2,98.9,25760,49691,ok
01:59:23,55.2,98.6,26730,49757,ok
01:59:24,54.6,98.0,25725,49122,ok
01:59:25,55.3,98.3,26577,49010,ok
01:59:26,54.8,97.9,25345,48652,ok
01:59:27,55.9,97.7,25623,49362,ok
01:59:28,55.3,97.9,26609,48746,ok
01:59:29,54.6,97.4,26899,48476,ok
01:59:30,53.9,97.5,26115,49071,ok
01:59:31,54.2,97.0,25493,48949,ok
01:59:32,56.2,97.7,26521,48450,ok
01:59:33,56.2,97.6,25905,48596,ok
01:59:34,55.0,97.5,25798,48029,ok
01:59:35,53.6,98.1,26067,49873,ok
01:59:36,53.5,98.5,26800,49182,ok
01:59:37,54.3,98.6,25284,48879,ok
01:59:38,56.2,97.9,25964,48149,ok
01:59:39,54.8,97.8,25129,48571,ok
01:59:40,53.8,98.4,25927,49644,ok
01:59:41,53.9,97.6,25730,49376,ok
01:59:42,58.4,97.8,26397,49595,ok
01:59:43,52.7,98.5,26467,48987,ok
01:59:44,53.2,98.9,25648,48124,ok
01:59:45,53.5,97.6,26343,48441,ok
01:59:46,49.9,97.6,26617,48849,ok
01:59:47,55.3,97.5,26172,48667,ok
01:59:48,54.4,98.4,25218,48598,ok
01:59:49,53.4,97.8,25823,48032,ok
01:59:50,50.3,99.4,25529,48628,ok
01:59:51,56.3,97.7,25565,49879,ok
01:59:52,53.2,97.9,26264,48641,ok
01:59:53,56.2,98.0,26382,49110,ok
01:59:54,55.2,98.2,26931,49840,ok
01:59:55,54.4,97.7,25741,48542,ok
01:59:56,52.5,98.1,25707,49793,ok
01:59:57,57.7,98.5,25390,49320,ok
01:59:58,56.0,98.0,25877,48255,ok
01:59:59,57.2,97.4,25120,48170,ok
02:00:00,56.0,98.5,26746,48730,ok
02:00:01,55.3,98.0,26306,49090,ok
02:00:02,53.5,98.3,25173,49021,ok
02:00:03,58.1,98.0,26303,48720,ok
02:00:04,58.1,97.6,25403,49761,ok
02:00:05,53.3,97.3,26371,49445,ok
02:00:06,55.4,98.4,26628,48176,ok
02:00:07,54.4,98.7,26656,48496,ok
02:00:08,54.9,98.3,25536,48799,ok
02:00:09,54.1,97.9,26055,48784,ok
02:00:10,54.8,98.1,26013,49937,ok
02:00:11,55.1,97.0,25041,48024,ok
02:00:12,57.2,98.5,26099,48377,ok
02:00:13,54.9,98.1,26989,48098,ok
02:00:14,55.4,97.9,25139,49615,ok
02:00:15,53.5,98.3,26703,48084,ok
02:00:16,53.7,98.9,25178,48370,ok
02:00:17,54.5,97.9,25303,49860,ok
02:00:18,57.4,97.4,26594,49592,ok
02:00:19,56.6,98.0,26401,49237,ok
02:00:20,52.1,97.0,26271,49750,ok
02:00:21,53.5,98.7,25874,49814,ok
02:00:22,53.1,97.7,25193,48780,ok
02:00:23,54.9,98.9,25003,48848,ok
02:00:24,52.6,97.4,26039,48459,ok
02:00:25,55.7,98.5,26616,48970,ok
02:00:26,56.0,97.3,25905,48716,ok
02:00:27,55.0,97.8,26263,48171,ok
02:00:28,56.2,98.3,25680,49272,ok
02:00:29,58.5,97.3,25399,48349,ok
02:00:30,53.3,97.4,25671,48883,ok
02:00:31,53.2,97.9,25373,49227,ok
02:00:32,53.8,97.5,26940,49937,ok
02:00:33,53.6,98.2,26559,48081,ok
02:00:34,55.7,98.2,25241,48692,ok
02:00:35,53.2,98.0,26919,48938,ok
02:00:36,53.3,98.5,26749,48350,ok
02:00:37,56.8,97.9,26437,48483,ok
02:00:38,56.8,98.3,26186,48586,ok
02:00:39,52.2,98.4,25871,48287,ok
02:00:40,55.4,98.4,26247,49883,ok
02:00:41,58.3,98.6,25671,48025,ok
02:00:42,57.1,98.6,25501,48282,ok
02:00:43,53.1,98.8,25818,48205,ok
02:00:44,55.7,98.3,26869,48068,ok
02:00:45,54.0,98.7,25219,48222,ok
02:00:46,54.9,98.0,25942,49561,ok
02:00:47,57.7,97.8,25519,48603,ok
02:00:48,56.6,98.1,25773,49171,ok
02:00:49,55.5,98.2,26617,48932,ok
02:00:50,55.0,98.4,25033,49053,ok
02:00:51,56.3,98.5,25421,49852,ok
02:00:52,56.4,97.9,25223,48511,ok
02:00:53,54.8,98.1,25789,49461,ok
02:00:54,54.8,97.9,26124,49352,ok
02:00:55,56.0,97.1,26309,49441,ok
02:00:56,52.5,98.4,25633,49371,ok
02:00:57,54.5,98.8,25806,48767,ok
02:00:58,54.1,98.0,26536,48773,ok
02:00:59,53.3,98.6,26960,49180,ok
02:01:00,54.3,97.4,26005,48839,ok
02:01:01,56.6,98.3,26161,49642,ok
02:01:02,58.8,97.6,26849,48143,ok
02:01:03,55.4,97.9,25413,48989,ok
02:01:04,53.3,98.0,25722,49405,ok
02:01:05,54.3,98.4,25653,48066,ok
02:01:06,55.9,98.0,25467,49250,ok
02:01:07,56.6,98.3,26345,48334,ok
02:01:08,52.6,97.6,25765,49608,ok
02:01:09,57.6,97.6,25416,49022,ok
02:01:10,56.4,97.4,26446,48359,ok
02:01:11,55.8,97.8,26224,48306,ok
02:01:12,54.9,98.3,26037,48244,ok
02:01:13,59.6,98.3,25343,48343,ok
02:01:14,56.7,97.8,25820,49141,ok
02:01:15,55.7,97.6,26452,49100,ok
02:01:16,55.2,98.2,25893,48436,ok
02:01:17,55.0,98.1,26668,48946,ok
02:01:18,51.9,97.5,25852,48034,ok
02:01:19,54.2,97.7,26634,48721,ok
02:01:20,57.8,97.9,26572,49378,ok
02:01:21,55.5,98.2,26630,49768,ok
02:01:22,52.5,98.6,26333,49225,ok
02:01:23,59.6,97.8,25568,48966,ok
02:01:24,57.9,98.3,26883,49152,ok
02:01:25,55.7,97.8,25309,49578,ok
02:01:26,55.5,99.2,26225,49724,ok
02:01:27,51.9,98.0,25470,48876,ok
02:01:28,52.2,98.1,25251,49297,ok
02:01:29,51.8,98.7,25304,49535,ok
02:01:30,55.8,98.2,26616,48269,ok
02:01:31,53.7,97.1,25252,49108,ok
02:01:32,54.2,97.7,25805,49907,ok
02:01:33,54.3,97.5,25074,49868,ok
02:01:34,57.6,97.3,26012,49335,ok
02:01:35,58.5,98.1,26079,49772,ok
02:01:36,57.2,98.1,26491,49122,ok
02:01:37,52.5,98.5,26568,48145,ok
02:01:38,55.5,98.7,25678,49251,ok
02:01:39,55.5,98.5,26538,48944,ok
02:01:40,53.4,97.3,26187,49604,ok
02:01:41,54.9,98.6,25259,48205,ok
02:01:42,55.9,98.3,25374,48935,ok
02:01:43,55.4,98.8,25526,48620,ok
02:01:44,54.2,98.3,25617,49096,ok
02:01:45,51.8,97.1,25291,49734,ok
02:01:46,56.1,97.0,26141,48374,ok
02:01:47,53.5,97.3,26026,49561,ok
02:01:48,56.2,97.5,26582,49395,ok
02:01:49,56.3,98.6,25478,48083,ok
02:01:50,56.4,97.6,25085,49398,ok
02:01:51,55.6,97.6,26380,49545,ok
02:01:52,55.3,98.3,25059,49076,ok
02:01:53,54.1,98.2,26450,49486,ok
02:01:54,57.1,98.4,25898,49445,ok
02:01:55,56.6,98.1,25345,49735,ok
02:01:56,55.7,97.3,25965,49247,ok
02:01:57,54.5,97.7,25838,49251,ok
02:01:58,54.9,97.9,26117,48238,ok
02:01:59,58.5,98.1,25792,48617,ok
02:02:00,53.0,97.6,26772,49623,ok
02:02:01,52.9,98.1,26971,49877,ok
02:02:02,52.8,97.4,25251,48618,ok
02:02:03,54.3,97.9,25289,48273,ok
02:02:04,52.5,97.8,25207,48558,ok
02:02:05,49.8,98.0,25911,49855,ok
02:02:06,55.8,97.8,25053,49843,ok
02:02:07,54.8,97.5,25163,48970,ok
02:02:08,55.2,99.0,25876,49388,ok
02:02:09,54.2,98.0,25224,49276,ok
02:02:10,56.4,97.9,25525,48674,ok
02:02:11,57.3,98.4,26568,48429,ok
02:02:12,58.4,98.4,26623,48755,ok
02:02:13,53.9,97.8,25193,49003,ok
02:02:14,53.5,98.7,26822,49641,ok
02:02:15,51.7,98.9,25392,49731,ok
02:02:16,56.0,97.4,26059,48175,ok
02:02:17,53.6,97.0,25792,49285,ok
02:02:18,52.4,97.2,25845,49337,ok
02:02:19,53.2,97.6,25073,48017,ok
02:02:20,56.3,97.9,25485,49349,ok
02:02:21,54.6,98.1,25589,49837,ok
02:02:22,53.9,97.9,25217,49536,ok
02:02:23,55.4,98.1,25372,49008,ok
02:02:24,53.4,96.9,25922,49876,ok
02:02:25,55.2,97.5,26883,49304,ok
02:02:26,56.4,97.5,25332,49437,ok
02:02:27,55.3,98.1,26909,49053,ok
02:02:28,53.1,98.5,26880,48062,ok
02:02:29,54.0,98.1,25780,49754,ok
02:02:30,56.0,97.7,26392,48585,ok
02:02:31,53.0,98.1,25958,48571,ok
02:02:32,56.9,96.9,26192,48777,ok
02:02:33,56.0,98.4,26282,48754,ok
02:02:34,54.8,97.9,25868,48731,ok
02:02:35,54.9,97.9,26646,48627,ok
02:02:36,58.3,98.6,26578,48883,ok
02:02:37,53.9,98.1,25203,48959,ok
02:02:38,55.1,98.6,25372,49309,ok
02:02:39,52.0,98.0,25665,49602,ok
02:02:40,53.5,98.8,25637,48672,ok
02:02:41,54.1,97.8,25578,49211,ok
02:02:42,56.8,97.5,26862,48412,ok
02:02:43,53.7,98.2,26813,48630,ok
02:02:44,57.1,97.9,26995,48637,ok
02:02:45,54.9,98.2,25866,49953,ok
02:02:46,54.4,97.9,26577,48114,ok
02:02:47,55.7,98.2,26194,48227,ok
02:02:48,56.0,98.1,25275,49512,ok
02:02:49,57.8,98.2,25538,49383,ok
02:02:50,57.6,97.0,25018,48655,ok
02:02:51,52.7,98.4,25263,49603,ok
02:02:52,53.2,97.8,25653,48111,ok
02:02:53,53.2,98.2,25536,48196,ok
02:02:54,54.2,97.4,26683,49324,ok
02:02:55,53.0,97.4,25217,48572,ok
02:02:56,52.1,98.4,26992,48137,ok
02:02:57,54.5,98.5,25652,49495,ok
02:02:58,53.4,98.3,26640,49594,ok
02:02:59,53.8,98.6,25391,49723,ok
02:03:00,54.8,97.4,26147,49141,ok
02:03:01,56.8,98.2,26447,48364,ok
02:03:02,57.8,97.5,25950,49872,ok
02:03:03,54.1,97.8,26270,49985,ok
02:03:04,52.9,98.7,25062,48820,ok
02:03:05,56.0,98.1,25425,48817,ok
02:03:06,57.0,97.9,26385,48384,ok
02:03:07,54.5,97.0,26738,49390,ok
02:03:08,58.1,98.5,26980,49098,ok
02:03:09,56.4,98.7,26191,49728,ok
02:03:10,52.5,97.5,26311,49147,ok
02:03:11,52.9,98.1,25689,49689,ok
02:03:12,57.0,99.2,26453,48079,ok
02:03:13,56.4,97.0,26661,49125,ok
02:03:14,57.0,98.5,25307,48092,ok
02:03:15,52.3,98.9,26279,49998,ok
02:03:16,55.4,99.0,25656,48709,ok
02:03:17,56.7,98.3,25539,48982,ok
02:03:18,57.1,98.7,25197,49806,ok
02:03:19,54.5,97.3,25725,49434,ok
02:03:20,54.6,97.9,26209,48997,ok
02:03:21,52.9,97.7,26921,48164,ok
02:03:22,54.5,97.8,25119,48841,ok
02:03:23,56.6,98.9,25279,48312,ok
02:03:24,54.6,98.0,25387,49393,ok
02:03:25,54.4,98.4,25230,49111,ok
02:03:26,56.3,98.0,26605,48368,ok
02:03:27,56.5,98.4,25881,49776,ok
02:03:28,55.0,98.8,26500,49175,ok
02:03:29,56.6,97.9,25411,48868,ok
02:03:30,54.0,98.0,25604,48627,ok
02:03:31,54.0,97.5,25639,49752,ok
02:03:32,57.5,97.9,26072,48005,ok
02:03:33,50.4,98.2,25320,49549,ok
02:03:34,52.5,98.2,26638,49952,ok
02:03:35,57.2,98.9,26769,49608,ok
02:03:36,55.3,97.7,25545,49254,ok
02:03:37,53.7,98.4,26869,49324,ok
02:03:38,54.5,98.3,25387,49604,ok
02:03:39,56.8,98.1,26984,49449,ok
02:03:40,54.7,97.5,26771,49089,ok
02:03:41,56.7,97.9,25039,49245,ok
02:03:42,59.6,98.2,25547,49044,ok
02:03:43,54.2,98.4,25325,49637,ok
02:03:44,55.3,97.8,26078,49106,ok
02:03:45,55.6,98.2,26792,49976,ok
02:03:46,55.1,97.8,26176,48837,ok
02:03:47,55.7,98.0,25312,49170,ok
02:03:48,56.3,99.2,25809,48722,ok
02:03:49,56.3,97.9,26119,48857,ok
02:03:50,57.2,98.2,25737,49093,ok
02:03:51,54.5,98.5,26255,49541,ok
02:03:52,55.6,98.1,25388,48211,ok
02:03:53,56.1,97.9,25186,48097,ok
02:03:54,52.5,98.2,26094,48536,ok
02:03:55,57.4,98.3,26160,48452,ok
02:03:56,50.2,97.8,26928,48414,ok
02:03:57,55.8,98.6,25117,48950,ok
02:03:58,52.7,98.3,25150,48154,ok
02:03:59,56.5,97.7,26920,48556,ok
02:04:00,53.7,97.5,26910,49992,ok
02:04:01,56.6,97.3,25146,49737,ok
02:04:02,55.3,98.7,26951,49198,ok
02:04:03,54.3,97.9,26472,48955,ok
02:04:04,56.1,98.1,26998,49027,ok
02:04:05,54.1,97.9,26089,48103,ok
02:04:06,54.9,98.0,25153,48654,ok
02:04:07,52.8,98.4,26360,48335,ok
02:04:08,59.4,97.5,26471,49080,ok
02:04:09,58.0,98.0,25472,48161,ok
02:04:10,54.2,97.9,26877,48535,ok
02:04:11,53.8,98.0,25062,48791,ok
02:04:12,52.9,97.9,25643,49463,ok
02:04:13,53.3,97.7,25417,49554,ok
02:04:14,55.9,98.1,26382,49159,ok
02:04:15,57.6,97.5,26457,48243,ok
02:04:16,53.0,97.7,25694,48959,ok
02:04:17,58.0,97.7,26392,48718,ok
02:04:18,56.0,98.3,26747,48689,ok
02:04:19,54.3,98.1,25183,48386,ok
02:04:20,50.4,98.7,26470,49532,ok
02:04:21,57.1,98.2,25417,49912,ok
02:04:22,57.9,97.8,26709,48383,ok
02:04:23,57.2,97.6,26953,49701,ok
02:04:24,54.8,98.0,25670,49655,ok
02:04:25,56.3,98.2,26204,48542,ok
02:04:26,54.4,97.7,26642,49309,ok
02:04:27,53.5,97.6,26455,49149,ok
02:04:28,58.7,97.3,26374,49697,ok
02:04:29,56.5,98.4,25011,49119,ok
02:04:30,56.3,98.4,25806,49421,ok
02:04:31,58.4,97.9,25537,49907,ok
02:04:32,52.3,97.3,26525,49475,ok
02:04:33,51.0,97.9,26044,48449,ok
02:04:34,58.6,98.7,25177,48844,ok
02:04:35,51.7,97.5,25173,48444,ok
02:04:36,53.6,98.4,26129,48776,ok
02:04:37,53.9,98.3,26148,49787,ok
02:04:38,52.2,98.6,26683,49547,ok
02:04:39,56.0,97.8,25388,48861,ok
02:04:40,59.1,97.7,25841,49249,ok
02:04:41,51.4,98.3,25422,48860,ok
02:04:42,56.2,98.5,25965,49240,ok
02:04:43,52.4,97.5,25453,49784,ok
02:04:44,58.1,97.6,26068,48285,ok
02:04:45,54.6,98.8,26401,49439,ok
02:04:46,51.0,97.4,26556,48597,ok
02:04:47,52.6,98.5,25760,48610,ok
02:04:48,52.9,97.4,26787,48012,ok
02:04:49,58.6,97.3,25048,49294,ok
02:04:50,56.2,97.1,26023,49267,ok
02:04:51,55.6,98.4,25996,48844,ok
02:04:52,56.6,97.5,25164,49270,ok
02:04:53,55.4,97.7,25102,49758,ok
02:04:54,51.3,97.1,25501,49876,ok
02:04:55,59.2,97.3,26663,48724,ok
02:04:56,55.2,97.9,26908,48111,ok
02:04:57,57.3,97.8,26435,48060,ok
02:04:58,50.6,98.4,26849,49115,ok
02:04:59,58.4,98.7,25865,48294,ok
02:05:00,54.3,97.7,26806,48479,ok
02:05:01,54.2,97.5,26644,48746,ok
02:05:02,54.4,98.0,25511,49508,ok
02:05:03,54.5,98.6,25516,48286,ok
02:05:04,57.0,97.0,25777,48089,ok
02:05:05,54.6,97.7,26558,49986,ok
02:05:06,54.4,98.2,26029,48212,ok
02:05:07,56.6,98.1,26149,49475,ok
02:05:08,54.5,99.0,26584,48690,ok
02:05:09,52.9,98.8,25817,49001,ok
02:05:10,55.1,97.4,25319,49392,ok
02:05:11,55.7,97.6,26139,48262,ok
02:05:12,56.3,98.2,26871,49946,ok
02:05:13,52.2,98.4,25263,49475,ok
02:05:14,55.6,97.8,25863,48713,ok
02:05:15,56.0,97.6,26822,49680,ok
02:05:16,55.3,98.0,25547,49831,ok
02:05:17,55.7,98.3,25438,49244,ok
02:05:18,56.2,98.0,26083,48423,ok
02:05:19,54.4,97.6,25154,48180,ok
02:05:20,55.3,98.2,26418,49877,ok
02:05:21,61.1,98.7,25844,49054,ok
02:05:22,53.7,98.0,25332,49942,ok
02:05:23,57.8,97.4,25147,49085,ok
02:05:24,52.7,98.5,26362,48398,ok
02:05:25,54.4,98.6,25387,49370,ok
02:05:26,52.2,97.6,26810,48784,ok
02:05:27,54.8,98.0,25957,48158,ok
02:05:28,56.3,98.2,26730,48631,ok
02:05:29,54.8,98.2,25728,49777,ok
02:05:30,50.0,97.6,25385,49407,ok
02:05:31,52.5,99.0,26810,48408,ok
02:05:32,56.0,97.6,26751,48704,ok
02:05:33,53.7,97.7,25449,48192,ok
02:05:34,52.5,97.3,25694,48337,ok
02:05:35,55.3,98.3,26819,49411,ok
02:05:36,54.7,97.8,26825,49702,ok
02:05:37,55.5,98.3,25709,49399,ok
02:05:38,52.6,98.0,26466,49109,ok
02:05:39,55.8,98.3,26038,48658,ok
02:05:40,54.6,97.5,26982,49204,ok
02:05:41,57.3,98.2,26936,48550,ok
02:05:42,54.8,97.5,25520,48349,ok
02:05:43,50.1,98.9,26426,49860,ok
02:05:44,52.4,97.0,26851,48453,ok
02:05:45,52.6,98.0,25570,48590,ok
02:05:46,53.8,97.6,25254,48922,ok
02:05:47,51.9,97.6,26235,48904,ok
02:05:48,54.3,98.1,26296,49806,ok
02:05:49,50.4,97.2,25335,49054,ok
02:05:50,60.3,98.2,25695,49973,ok
02:05:51,51.7,97.6,26937,48627,ok
02:05:52,53.2,98.4,26695,48810,ok
02:05:53,55.2,98.6,26135,49387,ok
02:05:54,53.9,98.3,25796,48899,ok
02:05:55,55.7,97.9,25126,48288,ok
02:05:56,51.6,97.7,25498,48347,ok
02:05:57,57.4,97.2,26265,49473,ok
02:05:58,57.2,97.5,25707,49510,ok
02:05:59,55.5,98.2,25209,48899,ok
02:06:00,54.6,98.1,26763,48232,ok
02:06:01,54.0,98.2,25183,49001,ok
02:06:02,55.9,98.7,26096,49473,ok
02:06:03,54.7,97.8,25276,48053,ok
02:06:04,58.9,97.2,25249,49376,ok
02:06:05,53.8,97.5,25869,48625,ok
02:06:06,59.0,97.6,25520,48073,ok
02:06:07,56.9,98.1,26701,49103,ok
02:06:08,54.7,97.2,25252,48844,ok
02:06:09,55.8,98.6,25330,48644,ok
02:06:10,52.4,98.3,25689,48245,ok
02:06:11,55.0,97.8,26610,49571,ok
02:06:12,52.8,98.5,25788,48157,ok
02:06:13,54.1,97.1,25522,48167,ok
02:06:14,54.4,98.3,26980,48290,ok
02:06:15,54.1,98.0,26214,48331,ok
02:06:16,53.8,97.3,25563,49516,ok
02:06:17,58.0,98.0,26221,49623,ok
02:06:18,55.6,97.5,26517,48249,ok
02:06:19,50.5,97.8,26489,49705,ok
02:06:20,55.1,98.2,26260,48597,ok
02:06:21,57.0,97.7,25492,48074,ok
02:06:22,54.5,98.7,25982,49649,ok
02:06:23,55.5,98.5,25667,49079,ok
02:06:24,56.5,98.5,26603,48180,ok
02:06:25,56.6,97.6,25780,49334,ok
02:06:26,56.1,98.5,26708,49668,ok
02:06:27,53.6,98.5,25670,48689,ok
02:06:28,55.6,98.1,25634,49129,ok
02:06:29,51.8,97.8,25448,48986,ok
02:06:30,51.6,98.1,26242,49029,ok
02:06:31,54.9,97.7,25583,49700,ok
02:06:32,54.7,98.1,25535,49067,ok
02:06:33,56.0,97.9,26148,49247,ok
02:06:34,53.6,98.2,25110,48892,ok
02:06:35,55.6,98.0,26885,49323,ok
02:06:36,55.4,97.8,26707,49763,ok
02:06:37,55.4,97.4,26349,48928,ok
02:06:38,56.0,98.0,26503,49976,ok
02:06:39,53.3,97.2,26376,49961,ok
02:06:40,54.3,98.2,26688,49796,ok
02:06:41,54.8,96.8,25812,48814,ok
02:06:42,55.5,98.0,25065,49801,ok
02:06:43,55.9,97.9,25740,49203,ok
02:06:44,53.6,97.5,25442,49744,ok
02:06:45,55.7,97.9,26245,49980,ok
02:06:46,50.8,97.5,25317,49969,ok
02:06:47,58.5,97.8,26872,48031,ok
02:06:48,53.5,98.0,25265,49987,ok
02:06:49,55.4,97.2,25921,49071,ok
02:06:50,54.2,98.1,25505,48496,ok
02:06:51,57.4,98.2,26045,48268,ok
02:06:52,51.7,98.0,25645,49735,ok
02:06:53,58.6,97.6,26052,48691,ok
02:06:54,55.3,98.0,26350,49148,ok
02:06:55,54.8,99.0,26536,48486,ok
02:06:56,54.3,97.7,26522,48012,ok
02:06:57,54.9,98.7,25603,49909,ok
02:06:58,54.8,98.1,26542,49993,ok
02:06:59,54.6,98.7,25103,49884,ok
02:07:00,54.9,98.6,26462,48972,ok
02:07:01,52.7,99.6,26808,48951,ok
02:07:02,58.3,97.6,26193,49181,ok
02:07:03,51.9,97.3,25629,49314,ok
02:07:04,53.2,97.4,25881,49759,ok
02:07:05,55.4,98.0,25158,48239,ok
02:07:06,57.1,98.1,26679,48439,ok
02:07:07,56.3,97.4,26029,48587,ok
02:07:08,53.7,98.7,25025,49594,ok
02:07:09,52.5,98.1,25752,49518,ok
02:07:10,53.2,97.1,26774,48006,ok
02:07:11,55.5,97.8,26565,49040,ok
02:07:12,54.8,97.9,25510,49395,ok
02:07:13,53.0,97.8,25438,48501,ok
02:07:14,56.7,98.3,26015,48995,ok
02:07:15,56.1,97.3,25486,48439,ok
02:07:16,56.6,97.9,25144,49166,ok
02:07:17,54.0,98.6,26476,48099,ok
02:07:18,56.1,97.8,25176,48113,ok
02:07:19,60.5,99.1,26306,48793,ok
02:07:20,54.0,97.7,26820,48468,ok
02:07:21,52.5,99.0,25644,49225,ok
02:07:22,57.4,97.4,26509,48614,ok
02:07:23,54.4,97.3,26104,48088,ok
02:07:24,54.9,97.6,25736,49558,ok
02:07:25,53.3,98.0,26867,49470,ok
02:07:26,55.3,98.2,26419,48034,ok
02:07:27,53.0,97.8,26324,48246,ok
02:07:28,53.0,97.8,26917,49343,ok
02:07:29,55.5,98.9,25310,49755,ok
02:07:30,57.2,97.7,25297,48070,ok
02:07:31,55.3,98.3,26327,48229,ok
02:07:32,56.0,97.2,25949,49149,ok
02:07:33,53.2,97.8,26480,49722,ok
02:07:34,51.5,97.9,25840,48935,ok
02:07:35,55.6,98.1,26607,48338,ok
02:07:36,52.1,97.6,25045,48809,ok
02:07:37,53.4,98.6,26027,48533,ok
02:07:38,58.2,97.3,25980,49816,ok
02:07:39,59.6,98.0,25764,49437,ok
02:07:40,56.3,97.8,25921,48183,ok
02:07:41,57.0,98.8,26073,48692,ok
02:07:42,53.8,98.3,25812,49404,ok
02:07:43,51.6,97.8,25808,49058,ok
02:07:44,53.3,97.9,26272,49783,ok
02:07:45,57.6,97.7,26234,48865,ok
02:07:46,55.1,97.4,26343,49310,ok
02:07:47,57.1,98.1,26921,48824,ok
02:07:48,50.6,97.1,25728,49979,ok
02:07:49,56.6,98.4,26184,49332,ok
02:07:50,57.0,97.7,25214,49502,ok
02:07:51,54.4,97.0,25954,48791,ok
02:07:52,55.7,98.3,25627,49816,ok
02:07:53,56.7,98.0,25142,48824,ok
02:07:54,54.3,97.6,26766,49887,ok
02:07:55,53.0,97.8,26493,48767,ok
02:07:56,56.1,98.3,26443,48555,ok
02:07:57,55.2,98.9,25984,48058,ok
02:07:58,56.7,97.9,25480,49674,ok
02:07:59,52.6,97.9,25006,49195,ok
02:08:00,52.3,97.8,25201,48806,ok
02:08:01,54.2,98.3,25956,48229,ok
02:08:02,52.7,98.1,26775,49865,ok
02:08:03,53.1,98.2,26153,48452,ok
02:08:04,53.6,97.6,25074,49440,ok
02:08:05,52.4,98.0,26637,48483,ok
02:08:06,57.2,97.7,26820,48654,ok
02:08:07,54.9,98.0,26071,48518,ok
02:08:08,56.3,97.7,25947,48166,ok
02:08:09,53.2,97.9,25439,48657,ok
02:08:10,54.1,97.8,26847,49900,ok
02:08:11,59.8,98.4,26891,49269,ok
02:08:12,54.8,98.9,25183,48230,ok
02:08:13,50.2,97.9,26251,49143,ok
02:08:14,54.6,98.5,25751,49891,ok
02:08:15,54.1,98.8,25563,48977,ok
02:08:16,52.6,98.4,25759,49205,ok
02:08:17,54.2,97.3,25420,48084,ok
02:08:18,56.2,98.5,25098,49761,ok
02:08:19,55.6,97.7,25385,48675,ok
02:08:20,51.6,98.2,26949,49253,ok
02:08:21,54.1,98.1,25831,48513,ok
02:08:22,52.5,98.2,25468,49316,ok
02:08:23,53.2,97.9,26917,49487,ok
02:08:24,56.8,99.2,26173,49626,ok
02:08:25,55.2,97.5,25398,49627,ok
02:08:26,55.4,98.8,26904,48435,ok
02:08:27,54.0,97.7,25174,48253,ok
02:08:28,57.7,97.8,25273,49475,ok
02:08:29,56.4,98.8,25290,48438,ok
02:08:30,58.1,97.5,26113,48270,ok
02:08:31,53.5,97.8,26932,49778,ok
02:08:32,55.0,97.7,25141,48056,ok
02:08:33,56.1,97.3,26319,49716,ok
02:08:34,56.0,98.4,26070,49257,ok
02:08:35,53.6,98.4,26716,49008,ok
02:08:36,55.5,98.5,25185,48310,ok
02:08:37,54.1,98.2,25555,49149,ok
02:08:38,54.7,98.7,26718,48362,ok
02:08:39,54.7,97.6,25924,49080,ok
02:08:40,55.6,98.4,26532,49551,ok
02:08:41,51.2,98.0,25464,48014,ok
02:08:42,56.6,97.9,26799,49445,ok
02:08:43,55.6,97.1,25219,49373,ok
02:08:44,55.5,97.4,26716,49930,ok
02:08:45,55.1,97.8,26675,48728,ok
02:08:46,54.0,97.8,25270,48279,ok
02:08:47,54.8,98.1,26099,48947,ok
02:08:48,55.3,98.4,26645,48261,ok
02:08:49,53.0,98.3,26595,49526,ok
02:08:50,52.8,97.5,25621,48299,ok
02:08:51,57.7,97.7,26171,49619,ok
02:08:52,54.6,98.6,26208,49632,ok
02:08:53,53.7,97.6,26017,49256,ok
02:08:54,58.2,98.4,26517,48005,ok
02:08:55,58.7,98.2,26903,48037,ok
02:08:56,58.7,98.3,26737,49582,ok
02:08:57,50.2,98.9,26604,48184,ok
02:08:58,57.0,97.3,26184,48664,ok
02:08:59,55.6,98.6,25504,49314,ok
02:09:00,54.0,97.1,26014,49293,ok
02:09:01,59.4,97.9,25664,49587,ok
02:09:02,59.5,98.2,25479,48727,ok
02:09:03,51.8,98.5,25772,48057,ok
02:09:04,54.2,97.5,26661,48841,ok
02:09:05,49.9,97.7,26846,49350,ok
02:09:06,56.4,98.1,25402,48842,ok
02:09:07,56.1,97.8,26830,48691,ok
02:09:08,50.7,97.9,26865,49057,ok
02:09:09,57.6,97.6,25410,48796,ok
02:09:10,56.2,97.8,25564,49178,ok
02:09:11,51.5,98.8,25361,48639,ok
02:09:12,54.6,97.9,26154,49126,ok
02:09:13,53.8,98.8,26538,48584,ok
02:09:14,50.8,97.7,25388,48460,ok
02:09:15,54.1,96.9,25861,49439,ok
02:09:16,57.4,97.8,25630,49146,ok
02:09:17,54.5,98.7,26554,49328,ok
02:09:18,57.7,98.4,25952,48056,ok
02:09:19,55.4,97.5,25649,48416,ok
02:09:20,55.4,97.5,26292,49413,ok
02:09:21,54.9,98.5,25360,48858,ok
02:09:22,52.2,97.8,25124,49647,ok
02:09:23,57.2,97.9,25021,49799,ok
02:09:24,56.1,96.7,26574,49967,ok
02:09:25,56.7,97.6,25299,49804,ok
02:09:26,53.1,98.1,25734,48860,ok
02:09:27,55.6,97.3,25427,49220,ok
02:09:28,55.7,97.9,25040,48421,ok
02:09:29,52.7,98.2,26397,49545,ok
02:09:30,49.4,98.2,26997,49928,ok
02:09:31,54.2,97.6,26910,48635,ok
02:09:32,55.3,97.4,25624,49581,ok
02:09:33,58.4,98.2,26484,48395,ok
02:09:34,57.1,96.8,26467,49808,ok
02:09:35,55.6,98.3,25940,49610,ok
02:09:36,53.3,98.1,26477,48625,ok
02:09:37,55.2,98.3,25863,49521,ok
02:09:38,57.9,98.8,26347,49938,ok
02:09:39,57.5,98.3,26085,48739,ok
02:09:40,54.9,97.9,25808,48879,ok
02:09:41,52.2,98.5,25586,48867,ok
02:09:42,58.9,97.8,25395,48129,ok
02:09:43,54.7,98.2,25320,49426,ok
02:09:44,55.2,98.4,25431,49057,ok
02:09:45,56.3,97.3,26157,48238,ok
02:09:46,56.5,97.9,26953,49301,ok
02:09:47,53.6,98.4,26442,48828,ok
02:09:48,56.7,97.6,25691,49171,ok
02:09:49,55.7,98.7,25867,49673,ok
02:09:50,56.5,97.5,25285,49571,ok
02:09:51,55.2,99.4,25769,48429,ok
02:09:52,56.4,97.8,25933,49144,ok
02:09:53,55.7,98.5,26588,48110,ok
02:09:54,54.0,98.5,26356,49952,ok
02:09:55,56.1,97.9,25333,48858,ok
02:09:56,51.5,98.5,26644,48297,ok
02:09:57,57.5,97.4,26878,49496,ok
02:09:58,54.9,97.4,26685,49454,ok
02:09:59,54.8,98.1,26434,48140,ok
02:10:00,51.0,97.9,25910,49572,ok
02:10:01,57.4,98.5,25631,48297,ok
02:10:02,52.8,99.2,26933,49634,ok
02:10:03,58.0,98.0,25298,49627,ok
02:10:04,56.1,97.9,26064,49160,ok
02:10:05,53.4,98.1,26724,49182,ok
02:10:06,52.3,98.2,26726,49652,ok
02:10:07,55.9,97.8,25134,48733,ok
02:10:08,58.0,98.5,26310,49709,ok
02:10:09,57.9,97.8,26779,49723,ok
02:10:10,53.0,97.4,25302,49106,ok
02:10:11,53.6,97.8,25865,48372,ok
02:10:12,54.2,98.2,25096,48141,ok
02:10:13,56.3,97.5,25721,48229,ok
02:10:14,55.5,98.3,26552,48921,ok
02:10:15,52.2,98.5,26889,49054,ok
02:10:16,53.5,98.1,26187,48795,ok
02:10:17,57.8,98.7,25084,49698,ok
02:10:18,54.4,97.9,26641,49532,ok
02:10:19,53.3,97.9,26068,48254,ok
02:10:20,55.6,98.1,26933,48945,ok
02:10:21,54.5,98.1,26182,49294,ok
02:10:22,54.2,96.5,25218,48557,ok
02:10:23,54.8,96.0,25142,49529,ok
02:10:24,53.8,95.3,26481,49167,ok
02:10:25,56.6,95.4,25247,49691,ok
02:10:26,55.3,93.7,25509,48260,ok
02:10:27,52.0,92.5,26644,48978,ok
02:10:28,56.7,93.1,26270,49008,ok
02:10:29,55.1,92.3,26167,48789,ok
02:10:30,57.9,93.3,25164,48476,ok
02:10:31,54.6,91.2,25996,49328,ok
02:10:32,56.7,90.4,25442,48445,ok
02:10:33,55.1,89.5,25689,48508,ok
02:10:34,57.2,90.4,25909,48430,ok
02:10:35,55.3,90.6,25663,49817,ok
02:10:36,55.6,90.7,25205,49942,ok
02:10:37,53.7,90.5,25833,49682,ok
02:10:38,52.4,90.0,25746,49211,ok
02:10:39,55.9,90.9,25963,49598,ok
02:10:40,56.1,90.7,26469,49975,ok
02:10:41,55.9,91.1,26397,48284,ok
02:10:42,56.2,91.4,25138,49586,ok
02:10:43,54.4,92.8,26784,48951,ok
02:10:44,57.3,93.2,26617,48116,ok
02:10:45,52.9,93.5,26917,49738,ok
02:10:46,54.5,94.6,25671,49138,ok
02:10:47,50.8,94.7,26288,48837,ok
02:10:48,55.5,95.9,26491,48248,ok
02:10:49,54.8,96.3,25401,49031,ok
02:10:50,52.5,97.9,25847,49034,ok
02:10:51,56.0,98.6,26972,49649,ok
02:10:52,55.0,97.7,26810,49361,ok
02:10:53,52.2,97.5,26948,49723,ok
02:10:54,55.0,98.0,25231,49121,ok
02:10:55,57.1,97.9,25784,48745,ok
02:10:56,58.7,98.7,26553,48008,ok
02:10:57,57.6,98.1,25921,48585,ok
02:10:58,55.1,97.1,25675,48576,ok
02:10:59,54.7,97.7,26178,48762,ok
02:11:00,51.8,97.5,25555,49027,ok
02:11:01,53.5,98.3,25119,48666,ok
02:11:02,58.3,97.4,26947,48699,ok
02:11:03,53.9,97.9,26427,48388,ok
02:11:04,56.7,98.5,26062,49845,ok
02:11:05,57.3,97.6,25055,48488,ok
02:11:06,55.4,98.5,26174,49005,ok
02:11:07,52.2,99.0,26240,48203,ok
02:11:08,52.0,98.1,25470,49004,ok
02:11:09,54.3,97.6,26180,49994,ok
02:11:10,54.5,98.0,25231,49722,ok
02:11:11,55.3,98.4,26949,49821,ok
02:11:12,55.2,97.7,25991,49959,ok
02:11:13,58.8,98.2,26839,48049,ok
02:11:14,56.2,97.8,25292,48647,ok
02:11:15,54.7,97.6,26186,48717,ok
02:11:16,58.5,97.0,25329,48381,ok
02:11:17,54.0,97.7,25048,49685,ok
02:11:18,53.9,98.4,26454,48567,ok
02:11:19,59.1,97.8,26320,48112,ok
02:11:20,56.0,97.5,25648,49305,ok
02:11:21,54.2,99.1,25995,48377,ok
02:11:22,53.8,97.5,26576,49271,ok
02:11:23,56.1,98.4,26298,49592,ok
02:11:24,54.6,97.7,25466,49869,ok
02:11:25,56.1,99.1,26129,48429,ok
02:11:26,53.1,98.4,25532,48202,ok
02:11:27,54.1,97.3,26683,49105,ok
02:11:28,58.1,97.9,25898,48002,ok
02:11:29,55.1,97.5,26821,49303,ok
02:11:30,57.3,97.5,25625,48240,ok
02:11:31,57.1,98.2,25877,48158,ok
02:11:32,53.1,98.8,26484,49654,ok
02:11:33,53.2,99.2,26210,49205,ok
02:11:34,53.5,98.3,26878,49389,ok
02:11:35,54.9,98.5,25753,49287,ok
02:11:36,57.6,97.9,25129,49450,ok
02:11:37,54.6,97.4,25278,49469,ok
02:11:38,50.1,98.1,25943,49004,ok
02:11:39,55.8,96.8,25368,49398,ok
02:11:40,56.0,97.4,25026,49421,ok
02:11:41,58.4,97.2,25883,49672,ok
02:11:42,54.3,98.4,25535,48221,ok
02:11:43,53.8,98.0,26221,48987,ok
02:11:44,55.7,97.7,25060,49514,ok
02:11:45,57.6,99.1,25501,49113,ok
02:11:46,57.6,97.9,26270,48875,ok
02:11:47,58.0,97.6,25770,49350,ok
02:11:48,55.3,97.7,25011,49088,ok
02:11:49,55.1,98.7,25818,49524,ok
02:11:50,54.0,97.5,25367,48048,ok
02:11:51,52.9,97.4,25989,48149,ok
02:11:52,57.8,97.3,25793,49305,ok
02:11:53,57.2,97.1,25363,49616,ok
02:11:54,54.7,97.7,25679,48650,ok
02:11:55,57.1,98.6,26628,48012,ok
02:11:56,54.6,98.2,26728,49720,ok
02:11:57,56.0,98.5,26512,48888,ok
02:11:58,53.8,98.8,26372,48036,ok
02:11:59,56.5,98.2,26256,49182,ok
02:12:00,54.6,97.4,25508,48455,ok
02:12:01,52.8,97.9,25470,49438,ok
02:12:02,55.5,98.4,26098,49926,ok
02:12:03,54.2,97.5,26428,49490,ok
02:12:04,53.0,97.4,25784,48996,ok
02:12:05,51.9,97.7,25200,49919,ok
02:12:06,55.8,98.7,25581,48869,ok
02:12:07,53.4,98.9,25956,49997,ok
02:12:08,55.3,98.8,26012,49497,ok
02:12:09,57.5,99.1,25922,48762,ok
02:12:10,54.2,97.8,26890,49213,ok
02:12:11,55.2,98.7,26540,49060,ok
02:12:12,54.8,98.3,26438,48641,ok
02:12:13,53.9,98.2,26231,49566,ok
02:12:14,55.9,97.3,26480,49616,ok
02:12:15,57.2,98.5,25109,48900,ok
02:12:16,55.9,97.6,26043,48487,ok
02:12:17,51.8,97.9,25177,49260,ok
02:12:18,57.4,98.2,26501,48756,ok
02:12:19,56.8,97.8,26302,49200,ok
02:12:20,57.4,97.1,26020,49630,ok
02:12:21,55.9,98.4,26696,48506,ok
02:12:22,55.8,98.2,26955,48311,ok
02:12:23,52.4,98.2,26251,49553,ok
02:12:24,55.7,97.6,26620,49403,ok
02:12:25,55.2,98.4,26261,49563,ok
02:12:26,52.7,98.2,25427,49520,ok
02:12:27,56.3,97.5,26343,48337,ok
02:12:28,57.0,97.4,25518,48932,ok
02:12:29,52.1,98.0,25984,48340,ok
02:12:30,56.5,97.3,26022,49601,ok
02:12:31,53.4,97.4,25554,49751,ok
02:12:32,52.5,98.5,26675,48072,ok
02:12:33,58.4,98.9,26363,49903,ok
02:12:34,54.0,98.2,26520,49855,ok
02:12:35,53.9,97.7,25214,48970,ok
02:12:36,54.7,98.5,26003,49192,ok
02:12:37,54.3,97.9,25930,49965,ok
02:12:38,53.5,97.9,25826,48200,ok
02:12:39,52.8,98.1,26132,49988,ok
02:12:40,54.7,98.2,25600,48364,ok
02:12:41,56.0,98.4,25586,49907,ok
02:12:42,53.2,98.5,26292,49428,ok
02:12:43,56.2,98.2,25173,49278,ok
02:12:44,52.6,98.6,26494,48401,ok
02:12:45,54.3,98.8,25869,49695,ok
02:12:46,58.1,97.9,26781,49894,ok
02:12:47,53.5,98.8,26782,48797,ok
02:12:48,53.7,98.0,25664,48228,ok
02:12:49,56.5,98.1,25788,49457,ok
02:12:50,56.2,98.3,26514,48319,ok
02:12:51,56.2,97.3,25542,48937,ok
02:12:52,59.0,97.9,25463,49183,ok
02:12:53,52.0,97.9,26369,49118,ok
02:12:54,54.2,98.1,26340,48500,ok
02:12:55,58.3,98.7,26928,48851,ok
02:12:56,53.4,98.5,25452,49260,ok
02:12:57,56.1,98.1,26193,49706,ok
02:12:58,57.7,96.9,25487,48312,ok
02:12:59,52.8,98.0,26757,48564,ok
02:13:00,72.1,96.3,26075,49487,ok
02:13:01,77.1,95.9,26798,49512,ok
02:13:02,70.9,96.1,25928,48067,ok
02:13:03,76.3,95.4,25787,48339,ok
02:13:04,68.8,95.7,26074,48139,ok
02:13:05,76.0,95.2,26131,49021,ok
02:13:06,68.2,96.0,26310,49139,ok
02:13:07,72.2,96.4,26735,49878,ok
02:13:08,72.2,96.6,25086,49514,ok
02:13:09,72.5,96.3,26571,49947,ok
02:13:10,71.3,96.2,25447,49624,ok
02:13:11,71.7,95.6,26233,49280,ok
02:13:12,72.2,95.0,25881,48295,ok
02:13:13,72.8,95.5,26710,48581,ok
02:13:14,70.8,96.1,25572,49475,ok
02:13:15,70.8,96.2,26130,48711,ok
02:13:16,73.9,97.2,26184,49117,ok
02:13:17,72.4,95.9,26115,49302,ok
02:13:18,70.3,96.6,26461,49267,ok
02:13:19,72.0,96.4,25225,48172,ok
02:13:20,73.1,95.8,25289,49150,ok
02:13:21,72.0,95.3,26410,48952,ok
02:13:22,73.7,95.3,26915,49661,ok
02:13:23,71.1,95.6,26094,49120,ok
02:13:24,70.1,96.3,25934,48310,ok
02:13:25,73.1,96.0,26056,48530,ok
02:13:26,69.4,95.4,26457,48029,ok
02:13:27,71.7,96.2,26159,49243,ok
02:13:28,71.6,95.3,26523,49222,ok
02:13:29,71.6,96.6,26126,49674,ok
02:13:30,75.7,95.8,25554,49319,ok
02:13:31,74.7,95.9,25517,49361,ok
02:13:32,71.5,95.6,25294,49948,ok
02:13:33,73.0,95.7,26454,49954,ok
02:13:34,72.3,96.0,25916,49123,ok
02:13:35,74.3,96.6,26082,48340,ok
02:13:36,73.3,95.7,26078,48191,ok
02:13:37,71.3,96.1,25570,48261,ok
02:13:38,71.9,95.6,25880,49465,ok
02:13:39,73.4,96.1,26535,49452,ok
02:13:40,72.3,96.8,26190,49064,ok
02:13:41,71.2,95.7,26160,48458,ok
02:13:42,75.1,95.5,25386,49880,ok
02:13:43,74.9,96.0,25028,48878,ok
02:13:44,67.6,94.8,26205,48373,ok
02:13:45,69.6,97.0,25723,48142,ok
02:13:46,71.0,95.6,26189,49620,ok
02:13:47,71.4,96.0,26344,49395,ok
02:13:48,73.9,95.8,25228,48387,ok
02:13:49,69.2,96.2,26509,49602,ok
02:13:50,75.0,96.2,26212,48124,ok
02:13:51,71.1,96.0,26856,48131,ok
02:13:52,72.1,96.8,25955,48113,ok
02:13:53,72.2,95.3,25372,48145,ok
02:13:54,72.8,95.4,26632,48428,ok
02:13:55,75.1,95.4,26665,48912,ok
02:13:56,72.5,96.4,26395,48162,ok
02:13:57,72.5,95.7,25219,49650,ok
02:13:58,72.5,95.7,25984,49176,ok
02:13:59,73.5,95.9,25459,49035,ok
02:14:00,72.5,95.7,25575,49664,ok
02:14:01,75.7,96.7,26591,49391,ok
02:14:02,71.9,95.3,25664,49024,ok
02:14:03,67.9,96.0,25002,48591,ok
02:14:04,74.7,95.2,25983,48770,ok
02:14:05,71.9,96.1,26314,48091,ok
02:14:06,68.1,96.3,25118,49529,ok
02:14:07,71.6,96.0,25619,49568,ok
02:14:08,66.8,96.1,26898,49224,ok
02:14:09,68.1,95.7,26601,49057,ok
02:14:10,72.2,96.6,26611,49598,ok
02:14:11,72.5,97.2,25795,49430,ok
02:14:12,70.3,95.9,26234,48129,ok
02:14:13,70.4,96.5,25171,49090,ok
02:14:14,69.8,95.7,25870,49113,ok
02:14:15,73.8,96.3,26368,49177,ok
02:14:16,74.2,95.8,25651,48136,ok
02:14:17,69.6,95.9,25888,48679,ok
02:14:18,72.8,95.8,25763,48208,ok
02:14:19,72.4,96.4,26131,49808,ok
02:14:20,69.8,95.9,25482,49891,ok
02:14:21,71.2,95.6,26010,48565,ok
02:14:22,74.8,96.1,25904,48947,ok
02:14:23,67.1,96.1,25811,49064,ok
02:14:24,73.3,95.4,25368,48806,ok
02:14:25,68.9,95.5,26346,49381,ok
02:14:26,71.7,94.9,26977,48277,ok
02:14:27,74.0,95.6,25409,48925,ok
02:14:28,74.4,96.1,26577,49552,ok
02:14:29,71.9,95.7,26467,48445,ok
02:14:30,75.4,95.1,25728,49446,ok
02:14:31,72.0,95.4,26865,48987,ok
02:14:32,70.3,95.7,25147,48764,ok
02:14:33,69.7,95.9,26864,49171,ok
02:14:34,70.5,96.4,25915,49102,ok
02:14:35,71.9,96.0,25355,48159,ok
02:14:36,69.8,96.2,25418,49037,ok
02:14:37,72.3,95.3,25752,49513,ok
02:14:38,76.1,96.1,26611,49660,ok
02:14:39,71.4,96.6,26181,49861,ok
02:14:40,71.9,95.7,25864,48418,ok
02:14:41,73.7,95.4,25445,48993,ok
02:14:42,73.6,96.1,26882,48270,ok
02:14:43,68.6,95.7,26798,49837,ok
02:14:44,69.0,96.4,26343,49940,ok
02:14:45,73.9,95.8,26254,49015,ok
02:14:46,72.3,96.1,26251,48269,ok
02:14:47,70.2,95.8,26274,49065,ok
02:14:48,68.0,95.7,26302,49621,ok
02:14:49,72.3,95.8,25445,48223,ok
02:14:50,74.0,95.7,26877,49659,ok
02:14:51,69.4,95.5,25600,49508,ok
02:14:52,72.5,95.8,25472,48236,ok
02:14:53,70.5,96.6,25377,49752,ok
02:14:54,70.6,96.5,26586,49036,ok
02:14:55,72.6,96.1,25062,48660,ok
02:14:56,72.1,94.8,25174,48979,ok
02:14:57,70.4,95.7,26489,48827,ok
02:14:58,74.5,95.4,25327,49716,ok
02:14:59,72.9,95.9,26683,49485,ok
02:15:00,73.1,96.2,25429,49649,ok
02:15:01,71.0,96.5,26467,48677,ok
02:15:02,69.9,96.3,26899,48022,ok
02:15:03,75.4,96.5,25250,48615,ok
02:15:04,75.5,95.5,25493,48694,ok
02:15:05,73.5,95.5,26241,49572,ok
02:15:06,77.0,96.1,26743,49117,ok
02:15:07,73.7,94.8,26696,48914,ok
02:15:08,71.2,96.2,25614,48516,ok
02:15:09,70.7,96.0,25956,48724,ok
02:15:10,76.9,95.9,26487,49791,ok
02:15:11,72.9,95.8,25187,48618,ok
02:15:12,72.7,96.5,25060,48983,ok
02:15:13,70.1,96.4,25486,48755,ok
02:15:14,69.9,95.8,25865,48430,ok
02:15:15,71.2,95.4,26179,48012,ok
02:15:16,71.3,95.5,25731,49774,ok
02:15:17,75.2,95.6,25473,48006,ok
02:15:18,75.3,95.9,25852,49742,ok
02:15:19,71.5,95.6,25201,49075,ok
02:15:20,70.1,96.0,25045,49721,ok
02:15:21,73.8,96.2,25848,48936,ok
02:15:22,70.9,95.6,25984,48782,ok
02:15:23,72.4,96.9,25803,49235,ok
02:15:24,74.4,95.4,26320,49724,ok
02:15:25,75.0,96.5,25814,49836,ok
02:15:26,71.6,95.3,25970,48478,ok
02:15:27,70.9,96.4,25679,48098,ok
02:15:28,76.3,96.0,25571,48827,ok
02:15:29,72.7,95.9,26524,49589,ok
02:15:30,72.3,95.9,25736,49692,ok
02:15:31,72.3,95.9,26608,48746,ok
02:15:32,70.4,95.0,25981,49292,ok
02:15:33,70.6,96.2,26868,49579,ok
02:15:34,71.3,96.9,25403,49412,ok
02:15:35,68.7,96.1,26457,48433,ok
02:15:36,71.7,95.4,25619,49021,ok
02:15:37,71.9,96.1,26591,49461,ok
02:15:38,74.1,96.9,25827,49487,ok
02:15:39,70.2,95.3,26999,48873,ok
02:15:40,69.2,96.1,25802,49883,ok
02:15:41,71.5,96.1,26304,49358,ok
02:15:42,69.7,96.1,26940,48510,ok
02:15:43,71.6,95.4,26722,48476,ok
02:15:44,72.5,95.3,26245,48865,ok
02:15:45,74.5,96.1,25776,49003,ok
02:15:46,71.2,96.1,25166,49380,ok
02:15:47,69.4,96.7,25997,49899,ok
02:15:48,75.0,96.7,26545,48936,ok
02:15:49,72.2,96.5,26288,48451,ok
02:15:50,74.8,95.8,26528,49183,ok
02:15:51,73.1,96.2,25209,48336,ok
02:15:52,74.4,95.9,26833,48049,ok
02:15:53,72.1,95.5,25266,48201,ok
02:15:54,73.0,96.1,26866,49685,ok
02:15:55,73.7,95.7,26078,49108,ok
02:15:56,71.7,96.1,25519,49654,ok
02:15:57,72.2,95.9,25978,49173,ok
02:15:58,70.6,95.9,25128,49434,ok
02:15:59,75.7,96.3,25298,48451,ok
02:16:00,70.9,96.1,26798,49807,ok
02:16:01,70.4,95.6,26387,49648,ok
02:16:02,73.3,96.3,26500,48687,ok
02:16:03,69.3,96.7,26855,49493,ok
02:16:04,69.8,95.6,25394,49617,ok
02:16:05,71.1,95.7,25543,48466,ok
02:16:06,76.5,95.1,26001,48937,ok
02:16:07,76.3,95.8,26724,49083,ok
02:16:08,72.5,96.1,26497,48379,ok
02:16:09,73.5,96.2,26273,49139,ok
02:16:10,71.9,96.4,25991,48089,ok
02:16:11,70.2,95.5,26787,48508,ok
02:16:12,73.1,96.0,25996,48599,ok
02:16:13,71.4,96.7,26811,48899,ok
02:16:14,74.7,96.2,25596,48838,ok
02:16:15,70.1,96.2,25643,48714,ok
02:16:16,73.2,96.0,26401,49720,ok
02:16:17,73.4,94.8,25129,48205,ok
02:16:18,70.7,95.2,26735,49477,ok
02:16:19,69.8,96.7,25754,49753,ok
02:16:20,70.7,96.1,25091,48783,ok
02:16:21,74.9,95.5,25262,49357,ok
02:16:22,69.9,95.6,26184,49970,ok
02:16:23,73.6,95.4,25413,48632,ok
02:16:24,71.6,95.7,25485,49779,ok
02:16:25,75.7,96.6,25839,49318,ok
02:16:26,74.2,96.4,25147,49401,ok
02:16:27,69.2,96.6,26788,48287,ok
02:16:28,71.3,95.9,25868,49696,ok
02:16:29,71.0,96.4,25203,48325,ok
02:16:30,72.1,95.8,26852,48253,ok
02:16:31,73.3,94.8,26219,49364,ok
02:16:32,75.2,95.6,25474,48423,ok
02:16:33,74.1,96.1,26676,49673,ok
02:16:34,71.9,94.9,26481,49880,ok
02:16:35,73.1,95.6,25360,49341,ok
02:16:36,73.4,96.1,26479,49213,ok
02:16:37,72.9,95.4,26476,48443,ok
02:16:38,76.1,95.5,26240,48989,ok
02:16:39,71.2,96.1,26174,48958,ok
02:16:40,73.2,95.5,26556,49367,ok
02:16:41,69.2,96.2,26652,48746,ok
02:16:42,69.6,96.1,26052,48110,ok
02:16:43,72.6,96.5,25399,48674,ok
02:16:44,68.0,96.2,26054,48272,ok
02:16:45,73.5,96.9,26221,49962,ok
02:16:46,73.0,95.9,25881,48846,ok
02:16:47,71.6,95.7,25424,48342,ok
02:16:48,75.4,96.1,26779,49570,ok
02:16:49,71.9,95.3,25623,48826,ok
02:16:50,73.4,94.8,25131,49274,ok
02:16:51,75.4,95.8,25787,48573,ok
02:16:52,67.3,96.5,25635,49758,ok
02:16:53,73.3,95.5,25766,48834,ok
02:16:54,73.8,95.4,25341,49790,ok
02:16:55,71.1,96.5,25730,48885,ok
02:16:56,72.1,95.7,25634,48139,ok
02:16:57,69.2,96.6,26320,48461,ok
02:16:58,67.0,96.4,25371,49401,ok
02:16:59,74.4,95.6,25609,49012,ok
02:17:00,68.8,95.4,25818,49066,ok
02:17:01,70.6,96.3,25103,49705,ok
02:17:02,69.1,95.9,25252,49292,ok
02:17:03,73.7,95.4,26904,49053,ok
02:17:04,72.1,95.4,25811,48808,ok
02:17:05,69.3,96.4,25436,49205,ok
02:17:06,71.2,96.9,26979,48818,ok
02:17:07,69.8,95.0,25198,48050,ok
02:17:08,75.2,96.1,25665,48060,ok
02:17:09,76.6,96.5,25991,48557,ok
02:17:10,71.5,96.1,26040,48148,ok
02:17:11,73.9,95.9,25896,48029,ok
02:17:12,75.5,96.6,26455,48788,ok
02:17:13,73.8,95.7,26682,49692,ok
02:17:14,72.2,95.8,26032,49986,ok
02:17:15,72.1,95.8,26720,48510,ok
02:17:16,72.4,95.3,25088,48974,ok
02:17:17,73.7,96.1,26223,49321,ok
02:17:18,71.1,96.1,26629,49759,ok
02:17:19,73.0,96.2,25633,49057,ok
02:17:20,73.9,96.0,26062,48551,ok
02:17:21,72.7,95.4,25889,49904,ok
02:17:22,71.5,95.7,26253,49590,ok
02:17:23,71.9,95.9,26593,48470,ok
02:17:24,72.5,95.5,25793,49288,ok
02:17:25,74.9,96.6,25145,48778,ok
02:17:26,71.8,95.8,26813,49095,ok
02:17:27,69.8,95.7,26575,48834,ok
02:17:28,72.3,95.5,26975,48112,ok
02:17:29,69.5,96.4,25822,48477,ok
02:17:30,72.6,96.9,26974,48556,ok
02:17:31,71.1,96.0,25567,49950,ok
02:17:32,74.5,95.5,25773,48546,ok
02:17:33,73.3,96.2,25662,49597,ok
02:17:34,68.8,95.5,25674,49632,ok
02:17:35,73.2,96.6,25080,48215,ok
02:17:36,71.3,95.2,25424,49634,ok
02:17:37,76.6,96.3,25519,48265,ok
02:17:38,75.9,96.0,26596,49899,ok
02:17:39,69.6,96.2,25628,48563,ok
02:17:40,72.0,95.7,26347,48864,ok
02:17:41,70.9,96.0,25025,49272,ok
02:17:42,71.8,95.8,25378,49883,ok
02:17:43,75.3,95.3,26889,48611,ok
02:17:44,70.3,95.9,26006,49459,ok
02:17:45,72.0,96.5,26123,49305,ok
02:17:46,70.2,96.8,25001,49219,ok
02:17:47,75.0,96.4,25043,48802,ok
02:17:48,72.3,96.4,25679,49175,ok
02:17:49,74.4,95.3,26139,49212,ok
02:17:50,73.0,95.6,25784,48069,ok
02:17:51,73.0,96.3,25765,48800,ok
02:17:52,73.1,95.4,25217,48189,ok
02:17:53,71.2,95.5,26535,49579,ok
02:17:54,73.3,95.5,26874,48746,ok
02:17:55,73.5,96.5,25141,49134,ok
02:17:56,75.3,95.7,25423,49907,ok
02:17:57,66.6,96.0,26470,48518,ok
02:17:58,72.8,96.5,25470,49330,ok
02:17:59,71.9,96.7,25248,48165,ok
02:18:00,71.0,94.9,26517,48085,ok
02:18:01,69.9,95.3,26182,48679,ok
02:18:02,69.2,96.4,25358,48400,ok
02:18:03,71.1,96.0,26603,49127,ok
02:18:04,69.2,96.0,26089,48546,ok
02:18:05,70.5,95.6,26575,48867,ok
02:18:06,70.6,95.8,26885,49798,ok
02:18:07,69.0,95.7,25761,49733,ok
02:18:08,74.8,96.3,25464,48504,ok
02:18:09,71.5,96.0,26527,49807,ok
02:18:10,72.6,96.1,26931,49833,ok
02:18:11,71.2,96.6,25827,49362,ok
02:18:12,77.5,96.0,25924,49150,ok
02:18:13,72.4,97.1,25108,49066,ok
02:18:14,74.4,96.3,25006,49478,ok
02:18:15,71.0,96.0,25344,48874,ok
02:18:16,70.9,96.3,26768,48932,ok
02:18:17,71.6,96.9,26805,49141,ok
02:18:18,68.5,96.1,25623,49631,ok
02:18:19,73.0,96.7,26173,48175,ok
02:18:20,72.8,96.2,26990,49099,ok
02:18:21,74.2,96.2,25830,48074,ok
02:18:22,74.7,95.9,25028,48059,ok
02:18:23,72.1,96.4,25901,49813,ok
02:18:24,69.1,95.6,26412,49799,ok
02:18:25,74.9,96.5,25452,48428,ok
02:18:26,71.5,95.0,26660,49847,ok
02:18:27,71.3,96.4,25288,48269,ok
02:18:28,71.4,96.6,25035,49954,ok
02:18:29,76.6,96.6,25758,48385,ok
02:18:30,69.7,96.8,26164,48842,ok
02:18:31,69.7,95.5,26139,49449,ok
02:18:32,69.9,96.3,25678,49866,ok
02:18:33,73.7,95.4,26551,49729,ok
02:18:34,71.3,95.4,25510,48052,ok
02:18:35,74.6,96.0,26398,48364,ok
02:18:36,71.9,95.1,25821,48485,ok
02:18:37,70.1,95.9,25344,49983,ok
02:18:38,71.3,96.5,26691,48992,ok
02:18:39,74.2,95.7,26687,49876,ok
02:18:40,72.7,96.3,25789,49561,ok
02:18:41,70.6,95.7,25133,48469,ok
02:18:42,72.4,95.4,25234,48394,ok
02:18:43,73.0,95.8,26692,49523,ok
02:18:44,72.3,96.9,25427,48227,ok
02:18:45,76.3,95.7,25923,49867,ok
02:18:46,74.0,95.1,25298,49598,ok
02:18:47,71.3,95.3,26446,49328,ok
02:18:48,71.5,96.5,25893,49491,ok
02:18:49,75.1,96.4,25374,49892,ok
02:18:50,69.3,95.5,25666,48824,ok
02:18:51,72.3,95.5,26060,48990,ok
02:18:52,72.2,96.0,26257,49760,ok
02:18:53,71.7,97.1,25028,48568,ok
02:18:54,73.3,96.0,26219,48762,ok
02:18:55,72.1,95.8,26802,48779,ok
02:18:56,74.1,95.6,25120,49371,ok
02:18:57,67.8,96.3,26653,48651,ok
02:18:58,74.1,95.4,25835,49425,ok
02:18:59,70.4,96.2,26362,49720,ok
02:19:00,70.6,95.7,26758,48543,ok
02:19:01,71.0,97.2,25615,49187,ok
02:19:02,69.3,95.3,25021,49874,ok
02:19:03,72.8,95.2,26000,49861,ok
02:19:04,71.7,96.1,25594,49780,ok
02:19:05,68.9,95.7,26556,49939,ok
02:19:06,71.8,96.1,26947,49037,ok
02:19:07,72.3,95.0,25493,48701,ok
02:19:08,72.3,95.9,25324,48886,ok
02:19:09,70.4,96.2,25142,49097,ok
02:19:10,70.7,96.3,25048,49896,ok
02:19:11,73.8,94.9,25532,48685,ok
02:19:12,72.7,95.8,25967,48308,ok
02:19:13,73.1,95.9,26950,49384,ok
02:19:14,73.7,96.8,26532,49420,ok
02:19:15,71.1,96.2,25744,48633,ok
02:19:16,71.7,96.7,25371,49044,ok
02:19:17,69.2,96.3,25387,48797,ok
02:19:18,71.1,95.7,26344,49661,ok
02:19:19,74.4,96.0,26380,48967,ok
02:19:20,69.7,96.0,26931,48093,ok
02:19:21,75.1,96.3,26059,48067,ok
02:19:22,76.5,95.5,26678,49195,ok
02:19:23,72.9,96.2,26958,49021,ok
02:19:24,72.5,96.0,26388,49720,ok
02:19:25,72.4,96.9,25067,49268,ok
02:19:26,69.2,95.7,26711,49077,ok
02:19:27,71.7,95.8,26166,48207,ok
02:19:28,74.7,95.5,25976,48748,ok
02:19:29,69.1,95.7,25764,48116,ok
02:19:30,71.5,95.5,25175,48442,ok
02:19:31,74.7,95.5,25595,49707,ok
02:19:32,70.7,96.3,26517,49197,ok
02:19:33,72.8,95.1,25562,48436,ok
02:19:34,72.5,95.3,25453,49514,ok
02:19:35,75.7,96.3,25184,48455,ok
02:19:36,71.8,96.8,25764,49916,ok
02:19:37,74.0,96.2,26337,49343,ok
02:19:38,73.8,96.1,26466,49060,ok
02:19:39,72.5,96.6,25330,49297,ok
02:19:40,72.4,95.2,25397,49164,ok
02:19:41,70.1,96.0,25547,48350,ok
02:19:42,69.4,95.5,26366,49847,ok
02:19:43,75.8,95.2,25588,49041,ok
02:19:44,72.6,96.1,25305,48440,ok
02:19:45,72.3,96.0,26033,48126,ok
02:19:46,74.3,95.7,25519,49815,ok
02:19:47,71.4,95.8,26851,49869,ok
02:19:48,73.5,95.9,25795,49031,ok
02:19:49,69.8,96.3,26345,48863,ok
02:19:50,69.9,96.0,25735,48901,ok
02:19:51,70.8,95.7,25970,49750,ok
02:19:52,74.1,96.6,25486,48752,ok
02:19:53,73.5,95.8,25294,49418,ok
02:19:54,77.1,96.4,26897,49065,ok
02:19:55,72.7,96.7,25737,48405,ok
02:19:56,70.6,95.0,26135,48069,ok
02:19:57,76.5,96.5,25494,49361,ok
02:19:58,70.9,97.1,25388,49975,ok
02:19:59,68.7,95.5,26753,48428,ok
02:20:00,70.4,95.2,26308,49292,ok
02:20:01,71.9,95.6,25103,49525,ok
02:20:02,73.8,94.6,26516,49629,ok
02:20:03,74.2,96.1,26427,49592,ok
02:20:04,69.7,96.8,26005,49649,ok
02:20:05,69.2,95.3,26018,48535,ok
02:20:06,74.3,96.4,25187,48165,ok
02:20:07,72.7,95.3,25767,48623,ok
02:20:08,70.4,95.5,25705,49194,ok
02:20:09,73.8,95.9,25588,49889,ok
02:20:10,70.1,96.2,26082,48373,ok
02:20:11,70.6,95.1,26609,48061,ok
02:20:12,73.5,96.5,25293,49062,ok
02:20:13,73.7,95.9,26117,48245,ok
02:20:14,71.3,97.0,26665,49766,ok
02:20:15,72.6,95.6,26068,49588,ok
02:20:16,70.5,97.1,26547,49789,ok
02:20:17,69.1,96.3,25361,49729,ok
02:20:18,69.6,96.1,25255,48026,ok
02:20:19,69.1,96.0,26079,49864,ok
02:20:20,74.0,96.3,25354,48787,ok
02:20:21,69.7,96.4,26706,49135,ok
02:20:22,69.6,95.6,26603,48739,ok
02:20:23,73.3,95.5,26021,49144,ok
02:20:24,71.4,95.1,25850,48380,ok
02:20:25,69.3,95.8,25022,49913,ok
02:20:26,68.4,96.0,26312,49569,ok
02:20:27,75.0,96.0,26414,48695,ok
02:20:28,71.7,95.5,25901,49773,ok
02:20:29,72.3,96.2,26341,48318,ok
02:20:30,70.8,96.2,25262,48296,ok
02:20:31,70.9,96.0,25349,48498,ok
02:20:32,71.5,96.0,25713,48565,ok
02:20:33,69.6,95.9,26493,48982,ok
02:20:34,66.9,95.8,26283,49353,ok
02:20:35,70.4,95.7,25652,49487,ok
02:20:36,72.8,96.6,26208,48711,ok
02:20:37,71.9,95.8,25620,49786,ok
02:20:38,72.5,96.1,26315,49883,ok
02:20:39,76.1,96.0,25523,49711,ok
02:20:40,72.0,95.7,25797,49886,ok
02:20:41,70.4,95.7,25576,49877,ok
02:20:42,72.4,95.7,26505,48601,ok
02:20:43,74.2,95.7,26718,49474,ok
02:20:44,74.1,96.8,26296,48876,ok
02:20:45,71.5,96.4,25514,48715,ok
02:20:46,72.1,95.9,25488,49551,ok
02:20:47,71.4,96.7,25072,49872,ok
02:20:48,73.8,95.5,25691,48008,ok
02:20:49,70.4,95.7,25919,48106,ok
02:20:50,71.8,95.5,25576,49181,ok
02:20:51,72.6,96.7,26962,49493,ok
02:20:52,71.9,96.3,25058,49616,ok
02:20:53,74.9,96.3,25998,49658,ok
02:20:54,72.1,95.3,26812,49710,ok
02:20:55,72.1,95.4,25310,48846,ok
02:20:56,68.7,96.8,26272,49917,ok
02:20:57,73.4,95.4,26305,48528,ok
02:20:58,71.8,95.4,26015,49958,ok
02:20:59,71.0,94.8,25833,48229,ok
02:21:00,71.8,96.4,26950,49033,ok
02:21:01,75.0,95.6,25081,48084,ok
02:21:02,69.6,96.1,26489,49812,ok
02:21:03,67.4,96.2,26232,48738,ok
02:21:04,72.6,95.6,25464,49590,ok
02:21:05,71.8,97.0,25665,48193,ok
02:21:06,71.4,96.0,25408,48221,ok
02:21:07,69.4,95.6,26049,48386,ok
02:21:08,73.2,97.6,26978,49304,ok
02:21:09,69.6,96.1,26250,49173,ok
02:21:10,70.0,95.2,25417,48650,ok
02:21:11,70.0,95.7,25838,49084,ok
02:21:12,71.2,95.0,25092,48178,ok
02:21:13,71.1,95.6,25787,48943,ok
02:21:14,69.3,96.4,25934,49802,ok
02:21:15,70.7,95.6,25489,49573,ok
02:21:16,73.0,96.2,25628,49052,ok
02:21:17,70.6,96.0,25085,49231,ok
02:21:18,69.9,95.7,25889,49267,ok
02:21:19,70.7,97.0,25444,49743,ok
02:21:20,70.9,96.4,26416,48684,ok
02:21:21,70.8,95.6,26040,49239,ok
02:21:22,75.6,95.8,25950,48773,ok
02:21:23,74.5,96.7,25725,49271,ok
02:21:24,71.4,96.9,26174,49614,ok
02:21:25,73.5,95.9,25788,48725,ok
02:21:26,72.0,96.0,25378,48206,ok
02:21:27,70.5,96.4,25996,49039,ok
02:21:28,71.5,95.5,26754,49205,ok
02:21:29,69.4,96.7,25312,49113,ok
02:21:30,70.2,96.6,25370,49597,ok
02:21:31,71.1,96.4,26346,49171,ok
02:21:32,72.0,97.2,25134,49827,ok
02:21:33,76.1,95.4,25332,49458,ok
02:21:34,73.8,95.1,26807,49095,ok
02:21:35,72.3,94.6,25118,49686,ok
02:21:36,71.8,96.2,25508,48872,ok
02:21:37,74.4,95.7,25205,49538,ok
02:21:38,73.7,96.3,26846,48547,ok
02:21:39,71.9,95.7,25589,49560,ok
02:21:40,72.2,95.7,25252,49969,ok
02:21:41,67.6,95.3,26675,49643,ok
02:21:42,70.7,95.9,25119,48970,ok
02:21:43,71.7,95.8,26533,49008,ok
02:21:44,71.6,96.5,26563,49273,ok
02:21:45,76.3,96.4,25414,48394,ok
02:21:46,70.8,96.1,26663,48458,ok
02:21:47,72.5,97.1,25235,49429,ok
02:21:48,72.3,95.3,26793,48725,ok
02:21:49,68.5,96.5,26841,49969,ok
02:21:50,73.7,96.3,26506,48958,ok
02:21:51,74.0,95.9,25133,49663,ok
02:21:52,72.7,96.2,25754,48297,ok
02:21:53,66.9,95.3,25899,49491,ok
02:21:54,72.3,95.6,25940,49659,ok
02:21:55,74.2,95.9,25649,49939,ok
02:21:56,70.5,95.8,25772,48807,ok
02:21:57,73.3,96.4,25885,48357,ok
02:21:58,67.2,95.3,25571,49738,ok
02:21:59,72.6,96.4,25354,48014,ok
02:22:00,70.9,95.5,25795,48883,ok
02:22:01,71.4,95.7,26204,49979,ok
02:22:02,72.5,95.9,26704,49877,ok
02:22:03,71.5,96.4,25996,49639,ok
02:22:04,70.2,94.6,25193,49502,ok
02:22:05,69.4,96.1,25080,48980,ok
02:22:06,70.8,96.6,25458,48326,ok
02:22:07,72.4,96.1,26905,48828,ok
02:22:08,71.3,96.0,26299,48064,ok
02:22:09,68.6,96.4,25686,49322,ok
02:22:10,70.5,95.6,25241,48036,ok
02:22:11,73.0,95.3,26563,49956,ok
02:22:12,71.0,95.9,26258,48033,ok
02:22:13,76.9,96.1,25601,49302,ok
02:22:14,71.7,96.9,25845,49104,ok
02:22:15,72.2,95.9,25270,48414,ok
02:22:16,70.7,97.1,25830,48317,ok
02:22:17,73.1,95.8,25220,48744,ok
02:22:18,74.3,95.8,25908,49070,ok
02:22:19,70.6,95.9,25595,48782,ok
02:22:20,74.2,95.8,26738,49919,ok
02:22:21,74.1,95.5,25327,49834,ok
02:22:22,69.6,96.7,26535,49690,ok
02:22:23,73.5,96.4,26836,48975,ok
02:22:24,73.3,97.0,26143,49301,ok
02:22:25,72.2,96.6,25066,49873,ok
02:22:26,73.8,96.3,25828,48070,ok
02:22:27,71.6,95.3,26054,48675,ok
02:22:28,71.4,95.8,25550,49807,ok
02:22:29,71.5,96.2,25303,48197,ok
02:22:30,78.9,96.1,26479,49163,ok
02:22:31,73.3,95.7,25125,49673,ok
02:22:32,75.6,96.4,25686,49768,ok
02:22:33,73.9,96.9,25035,48404,ok
02:22:34,72.0,96.6,26238,48114,ok
02:22:35,70.3,95.6,25594,48327,ok
02:22:36,70.6,95.8,25038,49184,ok
02:22:37,72.7,96.6,26012,48797,ok
02:22:38,71.2,96.1,25514,49407,ok
02:22:39,73.8,95.9,25481,48882,ok
02:22:40,74.3,96.9,26687,48520,ok
02:22:41,70.7,96.0,25531,49843,ok
02:22:42,71.8,96.1,25718,49250,ok
02:22:43,73.2,95.4,25642,49326,ok
02:22:44,73.2,95.6,25939,48334,ok
02:22:45,74.4,95.3,25657,48832,ok
02:22:46,71.2,96.7,26973,49234,ok
02:22:47,67.6,96.1,26785,49522,ok
02:22:48,73.7,96.9,26504,48393,ok
02:22:49,73.1,95.0,25995,48782,ok
02:22:50,70.0,95.9,26144,48870,ok
02:22:51,73.1,96.1,25596,48813,ok
02:22:52,73.5,94.9,25392,48070,ok
02:22:53,73.8,96.2,25581,49483,ok
02:22:54,69.6,96.5,25515,49599,ok
02:22:55,71.7,95.4,26102,48134,ok
02:22:56,73.9,95.2,25477,49340,ok
02:22:57,73.1,95.6,26378,48981,ok
02:22:58,70.4,95.7,26675,48294,ok
02:22:59,70.5,96.9,26636,48293,ok
02:23:00,69.0,95.5,26185,48779,ok
02:23:01,66.8,95.4,25294,49617,ok
02:23:02,74.1,95.0,25647,49428,ok
02:23:03,75.0,95.7,25989,49476,ok
02:23:04,70.5,96.6,26893,48230,ok
02:23:05,69.9,97.4,26634,48094,ok
02:23:06,69.6,96.1,26814,48050,ok
02:23:07,73.7,95.6,25175,49934,ok
02:23:08,70.3,96.8,25436,49035,ok
02:23:09,68.7,95.6,25158,49689,ok
02:23:10,74.2,95.7,26945,48410,ok
02:23:11,70.6,95.6,25815,49820,ok
02:23:12,69.4,96.4,25851,48381,ok
02:23:13,72.0,95.8,26065,49183,ok
02:23:14,73.3,95.6,25250,49018,ok
02:23:15,70.8,96.8,25051,49710,ok
02:23:16,71.5,95.9,26448,49923,ok
02:23:17,73.4,95.4,25811,48560,ok
02:23:18,70.5,96.2,26941,48798,ok
02:23:19,74.4,95.2,26342,49321,ok
02:23:20,70.2,95.5,25491,49817,ok
02:23:21,71.3,96.3,25515,48486,ok
02:23:22,73.7,95.6,26692,48972,ok
02:23:23,71.7,96.0,25912,48348,ok
02:23:24,68.5,95.6,26977,48554,ok
02:23:25,71.8,95.2,26694,48545,ok
02:23:26,74.7,96.4,26173,49638,ok
02:23:27,71.1,95.8,25466,49158,ok
02:23:28,70.2,96.1,26936,49239,ok
02:23:29,73.0,96.1,26859,48547,ok
02:23:30,72.2,96.1,25058,48724,ok
02:23:31,70.1,95.9,26938,48308,ok
02:23:32,71.0,95.0,26166,49834,ok
02:23:33,72.2,95.9,26327,48959,ok
02:23:34,72.7,96.1,25369,48904,ok
02:23:35,70.6,96.0,25665,49568,ok
02:23:36,70.6,97.0,25290,49594,ok
02:23:37,70.2,96.0,26361,49823,ok
02:23:38,74.3,96.2,25943,48876,ok
02:23:39,71.0,95.6,25341,49775,ok
02:23:40,67.1,96.6,26361,49523,ok
02:23:41,70.6,95.1,25510,49334,ok
02:23:42,73.3,96.0,25286,49827,ok
02:23:43,75.2,95.9,26223,49899,ok
02:23:44,73.1,96.1,26245,48660,ok
02:23:45,76.3,95.6,25480,48982,ok
02:23:46,70.2,96.4,26949,49051,ok
02:23:47,70.3,95.9,25521,49837,ok
02:23:48,68.8,96.1,25052,48462,ok
02:23:49,70.9,96.5,26208,48878,ok
02:23:50,70.2,95.9,25227,49768,ok
02:23:51,77.8,96.0,26293,49873,ok
02:23:52,73.2,95.7,26945,48886,ok
02:23:53,75.8,96.2,26646,49405,ok
02:23:54,72.7,95.3,26727,49561,ok
02:23:55,73.9,96.7,25077,48927,ok
02:23:56,73.4,96.8,25876,48709,ok
02:23:57,75.7,95.7,25572,48692,ok
02:23:58,74.1,96.4,26387,49761,ok
02:23:59,74.0,97.2,25238,48268,ok
02:24:00,73.0,95.2,25061,49249,ok
02:24:01,67.1,95.8,25750,49174,ok
02:24:02,67.2,95.7,26394,49767,ok
02:24:03,74.2,95.7,25674,48296,ok
02:24:04,72.1,95.3,25503,48459,ok
02:24:05,71.8,96.2,26070,49994,ok
02:24:06,74.2,95.6,25426,48175,ok
02:24:07,72.4,96.2,26830,48961,ok
02:24:08,71.6,95.8,25173,49674,ok
02:24:09,70.5,96.1,25794,49103,ok
02:24:10,70.7,96.3,26326,48584,ok
02:24:11,70.6,97.4,25010,48824,ok
02:24:12,70.8,95.2,26361,48645,ok
02:24:13,71.8,96.0,25846,49059,ok
02:24:14,74.5,96.8,25637,48143,ok
02:24:15,74.6,95.5,25589,48967,ok
02:24:16,74.8,96.3,26330,49282,ok
02:24:17,73.6,96.3,26548,49785,ok
02:24:18,71.1,95.3,26714,48146,ok
02:24:19,73.4,96.3,26326,48508,ok
02:24:20,68.9,95.5,25727,49983,ok
02:24:21,73.9,96.0,25089,48996,ok
02:24:22,73.2,95.8,26787,48102,ok
02:24:23,68.9,96.9,26777,48595,ok
02:24:24,72.9,95.5,26334,49241,ok
02:24:25,74.4,95.8,25056,48680,ok
02:24:26,70.3,97.1,25214,48671,ok
02:24:27,71.9,95.4,26062,48696,ok
02:24:28,72.7,96.2,26348,48402,ok
02:24:29,71.7,96.7,26378,48460,ok
02:24:30,71.4,95.6,25250,48219,ok
02:24:31,71.6,96.2,25127,49903,ok
02:24:32,71.6,96.5,25382,49899,ok
02:24:33,74.3,96.2,25066,49146,ok
02:24:34,73.9,96.0,25271,48478,ok
02:24:35,70.4,96.5,26833,48901,ok
02:24:36,70.8,96.1,25643,49952,ok
02:24:37,74.2,95.9,25063,48133,ok
02:24:38,72.2,95.8,25135,48657,ok
02:24:39,73.7,95.8,26760,48141,ok
02:24:40,67.9,95.7,26961,49434,ok
02:24:41,70.3,96.1,25474,48660,ok
02:24:42,72.6,95.2,26488,48552,ok
02:24:43,74.1,95.9,26261,48282,ok
02:24:44,72.9,95.6,26210,48693,ok
02:24:45,69.9,95.3,25065,48478,ok
02:24:46,67.2,96.5,25019,48856,ok
02:24:47,69.3,96.3,26636,49400,ok
02:24:48,71.4,95.9,25277,48043,ok
02:24:49,69.9,96.0,25306,48234,ok
02:24:50,73.7,96.8,26017,49414,ok
02:24:51,70.5,96.0,25174,48350,ok
02:24:52,69.8,96.0,26363,49832,ok
02:24:53,74.4,95.5,26760,48126,ok
02:24:54,68.6,95.9,26855,48603,ok
02:24:55,73.9,95.2,26118,48735,ok
02:24:56,74.6,95.4,26401,49206,ok
02:24:57,73.0,95.7,26037,49684,ok
02:24:58,73.5,96.8,25981,48084,ok
02:24:59,71.4,95.4,26756,49268,ok
02:25:00,70.0,95.2,26492,48330,ok
02:25:01,68.6,97.2,25374,49845,ok
02:25:02,75.5,96.3,26639,48261,ok
02:25:03,74.4,95.7,25142,48619,ok
02:25:04,72.0,94.9,25184,49898,ok
02:25:05,67.4,96.3,25518,48694,ok
02:25:06,71.0,96.4,25789,48143,ok
02:25:07,72.2,96.1,25020,48348,ok
02:25:08,73.8,95.9,25368,49081,ok
02:25:09,72.3,96.4,25584,48857,ok
02:25:10,72.9,94.8,25929,49239,ok
02:25:11,70.3,96.7,25274,49902,ok
02:25:12,69.5,95.8,25931,48524,ok
02:25:13,69.8,95.5,25249,49740,ok
02:25:14,73.9,95.9,26278,49289,ok
02:25:15,73.9,95.7,25421,48416,ok
02:25:16,73.8,96.2,26518,49070,ok
02:25:17,73.2,96.6,25550,48088,ok
02:25:18,72.7,95.9,25833,49927,ok
02:25:19,68.8,95.8,26244,49010,ok
02:25:20,70.8,95.1,25646,49206,ok
02:25:21,71.4,96.1,26536,48187,ok
02:25:22,70.9,96.0,26172,48583,ok
02:25:23,69.7,96.7,26104,49688,ok
02:25:24,71.0,96.4,26361,49780,ok
02:25:25,68.5,96.6,25979,48079,ok
02:25:26,72.6,96.1,25557,49277,ok
02:25:27,72.0,95.9,26933,48886,ok
02:25:28,73.0,95.6,26933,49179,ok
02:25:29,71.7,96.5,25166,48460,ok
02:25:30,71.6,95.9,26300,49657,ok
02:25:31,69.9,96.4,26316,49137,ok
02:25:32,69.2,96.0,25638,49748,ok
02:25:33,72.0,95.4,25470,48253,ok
02:25:34,69.9,95.7,25615,49082,ok
02:25:35,76.3,96.2,26660,49742,ok
02:25:36,74.5,96.1,25122,49175,ok
02:25:37,68.4,95.8,26622,49557,ok
02:25:38,71.2,96.3,26053,48055,ok
02:25:39,76.5,96.5,26389,49622,ok
02:25:40,70.8,95.4,25769,49180,ok
02:25:41,72.1,96.4,25311,48313,ok
02:25:42,72.1,96.2,25269,49446,ok
02:25:43,73.7,95.2,25389,48532,ok
02:25:44,73.4,95.7,26020,49542,ok
02:25:45,74.5,96.2,25895,49993,ok
02:25:46,69.6,95.7,26939,49739,ok
02:25:47,71.5,96.3,26044,49708,ok
02:25:48,72.1,95.8,25977,48245,ok
02:25:49,71.8,95.9,26835,48091,ok
02:25:50,68.7,95.3,25598,48175,ok
02:25:51,71.4,96.2,25957,48116,ok
02:25:52,74.3,95.8,25591,49253,ok
02:25:53,73.1,97.3,26115,48666,ok
02:25:54,67.9,95.8,25099,48703,ok
02:25:55,72.0,96.5,26560,48064,ok
02:25:56,74.5,95.6,25097,49311,ok
02:25:57,74.2,95.3,25149,49186,ok
02:25:58,73.5,96.8,25300,48091,ok
02:25:59,70.8,96.4,26243,48176,ok
02:26:00,74.6,95.8,25179,48898,ok
02:26:01,70.4,95.9,26665,49662,ok
02:26:02,74.9,95.2,25695,48480,ok
02:26:03,73.5,96.1,26842,48212,ok
02:26:04,75.8,95.9,26617,48455,ok
02:26:05,77.5,96.3,25294,49363,ok
02:26:06,72.6,95.5,26518,49104,ok
02:26:07,72.6,96.3,25741,48788,ok
02:26:08,73.6,96.3,25479,48781,ok
02:26:09,72.5,96.2,25252,48851,ok
02:26:10,75.3,95.5,25553,48162,ok
02:26:11,68.5,95.7,26858,48794,ok
02:26:12,71.8,96.4,26667,48490,ok
02:26:13,72.7,96.1,25956,48090,ok
02:26:14,73.4,96.3,25762,48736,ok
02:26:15,70.1,95.5,26897,48591,ok
02:26:16,74.2,96.4,25752,48709,ok
02:26:17,71.3,95.9,25979,48936,ok
02:26:18,72.8,96.4,25828,49654,ok
02:26:19,73.7,96.5,26584,49665,ok
02:26:20,74.0,95.0,25773,49350,ok
02:26:21,73.5,95.7,26414,49090,ok
02:26:22,72.3,96.7,25607,48662,ok
02:26:23,72.0,96.2,25765,49446,ok
02:26:24,74.5,96.2,25540,49151,ok
02:26:25,73.4,95.8,26680,48014,ok
02:26:26,72.3,96.3,26622,49152,ok
02:26:27,73.8,96.3,25529,49139,ok
02:26:28,70.6,96.3,25603,49199,ok
02:26:29,67.5,95.0,26270,48215,ok
02:26:30,75.7,96.6,25940,49542,ok
02:26:31,68.9,95.3,25144,48869,ok
02:26:32,73.5,95.5,26324,48712,ok
02:26:33,75.1,96.1,25836,49467,ok
02:26:34,71.0,95.7,25324,48232,ok
02:26:35,72.5,95.7,26447,48142,ok
02:26:36,71.8,96.4,25439,48857,ok
02:26:37,73.9,95.7,25393,48229,ok
02:26:38,68.9,95.7,25215,49857,ok
02:26:39,71.1,95.2,25147,49287,ok
02:26:40,69.4,96.2,25541,48506,ok
02:26:41,70.8,96.5,26993,48147,ok
02:26:42,73.1,96.0,25279,49351,ok
02:26:43,70.9,96.7,26414,49864,ok
02:26:44,73.2,96.3,26098,48540,ok
02:26:45,71.1,96.4,25483,48942,ok
02:26:46,71.0,96.3,26148,49299,ok
02:26:47,72.5,96.3,25438,48721,ok
02:26:48,73.1,96.3,26140,48304,ok
02:26:49,72.8,96.1,26517,48649,ok
02:26:50,70.2,96.0,26444,48432,ok
02:26:51,73.8,96.9,25199,48726,ok
02:26:52,69.7,95.9,26220,49084,ok
02:26:53,69.2,96.3,25713,49789,ok
02:26:54,75.7,95.9,25854,49673,ok
02:26:55,73.8,95.7,25576,48906,ok
02:26:56,75.4,95.6,26158,48987,ok
02:26:57,72.9,95.7,26832,49505,ok
02:26:58,71.2,95.5,26154,49303,ok
02:26:59,71.3,96.8,26436,48845,ok
02:27:00,69.3,96.7,25335,49478,ok
02:27:01,69.5,96.4,26167,48602,ok
02:27:02,71.7,95.7,26034,49419,ok
02:27:03,74.0,96.1,25839,48367,ok
02:27:04,74.0,96.3,25996,48838,ok
02:27:05,69.3,95.4,25836,49642,ok
02:27:06,74.4,96.1,26877,49910,ok
02:27:07,73.0,96.7,25258,48109,ok
02:27:08,72.5,96.0,25036,49833,ok
02:27:09,75.1,96.1,25481,49335,ok
02:27:10,68.4,96.3,25043,49377,ok
02:27:11,73.5,96.1,26630,49244,ok
02:27:12,69.5,96.3,26483,49924,ok
02:27:13,67.6,96.0,26756,49718,ok
02:27:14,73.2,96.3,25228,49071,ok
02:27:15,71.9,95.3,25770,48074,ok
02:27:16,72.2,96.2,25703,49755,ok
02:27:17,72.7,96.0,25376,48258,ok
02:27:18,72.7,96.6,25917,49348,ok
02:27:19,71.0,95.0,25132,49402,ok
02:27:20,69.8,96.2,26692,48480,ok
02:27:21,73.8,96.0,25649,48313,ok
02:27:22,73.6,96.1,25270,48237,ok
02:27:23,71.6,96.4,26783,48969,ok
02:27:24,73.6,95.8,26465,48455,ok
02:27:25,69.9,95.8,25392,49639,ok
02:27:26,71.7,95.3,25413,48311,ok
02:27:27,71.9,96.1,25401,48550,ok
02:27:28,72.5,96.2,26669,48826,ok
02:27:29,74.7,96.4,26628,48186,ok
02:27:30,70.5,96.4,26914,48869,ok
02:27:31,72.7,96.3,26615,48338,ok
02:27:32,73.0,95.4,26912,48556,ok
02:27:33,74.7,95.7,25390,49524,ok
02:27:34,71.7,96.5,25945,49220,ok
02:27:35,72.2,95.8,25397,48915,ok
02:27:36,70.9,96.0,26111,48433,ok
02:27:37,73.7,96.0,26347,49551,ok
02:27:38,69.8,96.4,26418,49131,ok
02:27:39,72.4,95.8,25139,49586,ok
02:27:40,69.6,95.7,25459,48839,ok
02:27:41,71.6,97.2,25215,49007,ok
02:27:42,69.0,96.9,26659,49791,ok
02:27:43,70.6,96.1,25294,49938,ok
02:27:44,66.0,96.5,25774,48389,ok
02:27:45,69.6,96.5,26175,48751,ok
02:27:46,71.2,96.1,26408,49088,ok
02:27:47,70.9,95.9,26094,48861,ok
02:27:48,72.3,96.4,26934,48659,ok
02:27:49,71.5,95.1,25218,48870,ok
02:27:50,72.3,96.1,26534,48472,ok
02:27:51,74.0,95.9,25942,49461,ok
02:27:52,70.5,96.1,25885,49444,ok
02:27:53,69.6,96.1,26220,48466,ok
02:27:54,72.1,95.9,25481,49946,ok
02:27:55,72.8,96.5,26873,49354,ok
02:27:56,70.0,95.6,25418,48366,ok
02:27:57,71.1,96.0,26900,48216,ok
02:27:58,73.4,96.6,25928,48407,ok
02:27:59,74.3,95.0,26371,49938,ok
02:28:00,71.3,95.6,25111,49243,ok
02:28:01,67.8,96.1,25299,49542,ok
02:28:02,75.5,95.0,26009,49042,ok
02:28:03,73.4,96.2,26358,48700,ok
02:28:04,74.2,94.8,25832,49440,ok
02:28:05,76.0,95.2,26324,48450,ok
02:28:06,71.7,96.5,25710,49084,ok
02:28:07,73.0,96.0,26507,49518,ok
02:28:08,75.8,96.7,26635,48117,ok
02:28:09,72.8,96.7,26246,48659,ok
02:28:10,70.7,95.8,25642,48289,ok
02:28:11,72.9,95.7,25681,48153,ok
02:28:12,74.9,95.6,25388,49870,ok
02:28:13,69.9,96.9,26290,49085,ok
02:28:14,71.9,96.3,26213,49892,ok
02:28:15,72.1,95.6,26832,49370,ok
02:28:16,71.8,96.3,25099,48593,ok
02:28:17,71.8,95.9,26508,48799,ok
02:28:18,71.9,95.3,25531,49439,ok
02:28:19,70.5,95.7,26261,49560,ok
02:28:20,71.8,95.8,25912,49020,ok
02:28:21,70.3,95.8,25880,48905,ok
02:28:22,74.2,95.4,26082,48934,ok
02:28:23,73.4,95.5,25926,49445,ok
02:28:24,73.2,95.2,26604,48884,ok
02:28:25,71.6,94.8,26805,48948,ok
02:28:26,73.1,96.0,25306,49229,ok
02:28:27,70.0,96.7,26724,49378,ok
02:28:28,72.4,97.2,26263,48575,ok
02:28:29,71.6,95.0,26868,49469,ok
02:28:30,71.4,96.2,26808,48199,ok
02:28:31,73.7,96.4,25090,49691,ok
02:28:32,71.4,95.6,26964,48993,ok
02:28:33,72.0,96.1,25913,49736,ok
02:28:34,74.9,95.1,26640,49412,ok
02:28:35,70.2,95.9,25621,48026,ok
02:28:36,71.1,95.3,26077,48535,ok
02:28:37,72.5,96.7,26953,48287,ok
02:28:38,77.3,95.7,25033,49771,ok
02:28:39,75.3,96.5,26557,49396,ok
02:28:40,69.4,95.7,25665,48896,ok
02:28:41,70.9,95.7,26535,48954,ok
02:28:42,76.4,95.8,26700,49964,ok
02:28:43,72.6,95.8,26878,48129,ok
02:28:44,66.8,96.1,26133,48284,ok
02:28:45,72.2,95.7,26032,49788,ok
02:28:46,72.8,96.0,25624,48011,ok
02:28:47,71.3,95.5,26833,48531,ok
02:28:48,77.0,95.8,26509,48793,ok
02:28:49,71.6,95.2,26673,48823,ok
02:28:50,73.2,95.6,26988,48277,ok
02:28:51,71.2,95.8,26082,48459,ok
02:28:52,72.2,96.3,25978,48993,ok
02:28:53,70.8,95.9,26556,48556,ok
02:28:54,72.7,95.7,26443,48846,ok
02:28:55,74.2,95.7,25059,49472,ok
02:28:56,70.8,95.8,25085,48775,ok
02:28:57,70.1,96.2,26549,48957,ok
02:28:58,72.8,95.6,26080,49761,ok
02:28:59,72.2,95.6,26022,48497,ok
02:29:00,68.1,96.2,26981,48986,ok
02:29:01,73.0,96.7,26120,48514,ok
02:29:02,72.4,95.5,25918,48723,ok
02:29:03,76.9,95.7,25240,49781,ok
02:29:04,72.6,96.3,26568,48452,ok
02:29:05,71.7,95.2,26226,48175,ok
02:29:06,74.2,95.4,25931,48350,ok
02:29:07,69.7,96.5,25086,49278,ok
02:29:08,73.9,96.0,25352,48026,ok
02:29:09,74.0,95.8,26539,49840,ok
02:29:10,69.9,96.0,26023,49052,ok
02:29:11,69.7,96.3,25169,49296,ok
02:29:12,69.5,94.5,25980,49561,ok
02:29:13,70.4,95.8,26053,48752,ok
02:29:14,74.1,95.4,25273,48338,ok
02:29:15,72.1,96.3,26602,48365,ok
02:29:16,71.8,95.9,26784,49279,ok
02:29:17,71.7,96.8,25256,49666,ok
02:29:18,68.1,96.3,25920,48639,ok
02:29:19,72.9,96.0,25314,49376,ok
02:29:20,71.7,96.7,26200,48975,ok
02:29:21,73.9,96.1,26664,48714,ok
02:29:22,72.3,95.5,26172,49801,ok
02:29:23,69.5,97.0,26342,49371,ok
02:29:24,71.2,95.4,25346,49637,ok
02:29:25,70.8,96.4,26126,49410,ok
02:29:26,71.4,95.5,25177,48993,ok
02:29:27,70.8,95.8,25008,48468,ok
02:29:28,71.7,95.5,25953,48712,ok
02:29:29,71.8,95.8,26237,48436,ok
02:29:30,72.2,95.9,26760,48569,ok
02:29:31,69.7,97.1,26515,48646,ok
02:29:32,73.7,96.1,25720,49140,ok
02:29:33,72.7,96.8,26617,48591,ok
02:29:34,72.3,95.3,26463,49718,ok
02:29:35,69.8,96.0,25888,48196,ok
02:29:36,72.2,95.7,25259,49581,ok
02:29:37,69.6,96.2,26473,48242,ok
02:29:38,71.0,95.5,25682,49562,ok
02:29:39,71.8,95.4,25058,49363,ok
02:29:40,73.5,96.0,26576,49812,ok
02:29:41,69.4,96.0,26659,49981,ok
02:29:42,71.1,95.9,26605,49383,ok
02:29:43,72.2,96.4,25229,49109,ok
02:29:44,73.7,95.8,25104,48537,ok
02:29:45,73.5,96.7,26045,48441,ok
02:29:46,73.8,96.3,26799,48115,ok
02:29:47,73.6,96.5,25138,48017,ok
02:29:48,70.1,95.8,25542,49974,ok
02:29:49,73.1,96.2,25578,48391,ok
02:29:50,71.6,96.0,25303,49811,ok
02:29:51,70.8,96.1,25594,49353,ok
02:29:52,70.7,95.9,25936,48743,ok
02:29:53,71.5,95.4,26323,48457,ok
02:29:54,73.0,95.4,26102,49356,ok
02:29:55,70.8,96.9,25244,49131,ok
02:29:56,71.1,96.4,26663,48013,ok
02:29:57,70.9,94.9,25408,49877,ok
02:29:58,72.0,96.4,25149,49288,ok
02:29:59,73.5,96.7,25692,49114,ok
02:30:00,74.7,95.5,25823,49791,ok
02:30:01,72.8,95.5,26228,49974,ok
02:30:02,74.3,96.3,25275,48779,ok
02:30:03,71.9,96.0,25541,48536,ok
02:30:04,73.7,95.1,26218,48567,ok
02:30:05,72.9,96.6,25445,49272,ok
02:30:06,69.3,96.3,26004,48283,ok
02:30:07,73.0,96.3,25890,48768,ok
02:30:08,73.6,96.7,25295,49686,ok
02:30:09,69.3,96.3,25423,48627,ok
02:30:10,73.1,96.5,26988,48494,ok
02:30:11,71.8,96.1,25035,48456,ok
02:30:12,68.1,95.2,26557,48851,ok
02:30:13,68.9,97.4,26915,48504,ok
02:30:14,72.1,96.4,26337,48659,ok
02:30:15,72.3,95.7,25409,49143,ok
02:30:16,69.9,96.2,26715,48594,ok
02:30:17,72.9,95.2,26363,48762,ok
02:30:18,69.1,95.8,26184,48240,ok
02:30:19,72.4,96.7,26270,48090,ok
02:30:20,71.7,96.3,26972,48989,ok
02:30:21,74.9,96.5,26603,48080,ok
02:30:22,70.2,96.2,25079,48033,ok
02:30:23,70.6,96.9,26512,49208,ok
02:30:24,71.6,95.4,25841,48899,ok
02:30:25,70.0,95.8,26232,49512,ok
02:30:26,70.2,96.2,25393,48341,ok
02:30:27,72.8,95.7,26242,49311,ok
02:30:28,69.7,95.7,25644,48770,ok
02:30:29,73.5,95.9,25544,49714,ok
02:30:30,72.6,96.6,26437,48983,ok
02:30:31,70.3,96.5,26292,48832,ok
02:30:32,74.2,95.8,25058,49275,ok
02:30:33,73.8,97.2,26064,49092,ok
02:30:34,68.3,95.9,25017,49691,ok
02:30:35,68.7,95.1,26411,48131,ok
02:30:36,70.5,95.8,25454,48178,ok
02:30:37,72.2,95.6,26433,49687,ok
02:30:38,70.4,96.4,25956,48876,ok
02:30:39,74.7,96.0,26745,49089,ok
02:30:40,70.6,95.9,25534,49067,ok
02:30:41,72.4,96.2,26472,49964,ok
02:30:42,71.3,95.9,26355,49264,ok
02:30:43,70.0,95.8,26508,48289,ok
02:30:44,71.0,96.0,25860,49193,ok
02:30:45,71.4,96.3,25603,48724,ok
02:30:46,68.6,96.1,25091,49687,ok
02:30:47,72.4,96.0,25667,48769,ok
02:30:48,73.7,96.1,26584,49541,ok
02:30:49,72.2,95.3,25444,48981,ok
02:30:50,72.6,95.9,26143,49435,ok
02:30:51,72.7,95.6,25953,48276,ok
02:30:52,73.2,96.2,26041,48736,ok
02:30:53,73.9,96.5,25624,49643,ok
02:30:54,70.1,96.1,26721,48866,ok
02:30:55,70.6,95.5,26422,48865,ok
02:30:56,74.7,96.2,25010,49405,ok
02:30:57,72.3,96.0,25468,48298,ok
02:30:58,69.5,96.3,25795,49130,ok
02:30:59,72.5,96.2,25821,49707,ok
02:31:00,71.3,96.7,26661,48542,ok
02:31:01,69.2,95.5,25312,49278,ok
02:31:02,74.5,96.6,25593,48848,ok
02:31:03,69.3,96.2,26771,48139,ok
02:31:04,76.6,95.8,25538,49051,ok
02:31:05,73.4,96.1,25031,48744,ok
02:31:06,71.1,96.5,26225,48292,ok
02:31:07,73.5,96.5,26619,49397,ok
02:31:08,71.2,95.4,25363,49387,ok
02:31:09,74.3,95.7,25347,48409,ok
02:31:10,74.0,95.6,26591,49653,ok
02:31:11,76.3,96.0,25223,48479,ok
02:31:12,75.5,94.7,25614,48952,ok
02:31:13,72.6,96.3,26809,48341,ok
02:31:14,70.6,96.3,25510,48677,ok
02:31:15,71.1,96.6,25710,49906,ok
02:31:16,69.3,96.6,25129,49258,ok
02:31:17,70.3,96.3,25306,49499,ok
02:31:18,71.1,95.4,25268,48966,ok
02:31:19,71.3,95.4,26373,49037,ok
02:31:20,67.3,95.1,25157,49784,ok
02:31:21,68.4,96.3,25854,48096,ok
02:31:22,73.1,96.0,26298,48629,ok
02:31:23,70.5,96.4,25406,48272,ok
02:31:24,68.0,95.6,25559,49932,ok
02:31:25,69.8,96.3,25282,48016,ok
02:31:26,69.6,96.4,25729,49044,ok
02:31:27,70.9,95.7,26194,48115,ok
02:31:28,75.2,95.9,25710,49838,ok
02:31:29,71.5,95.1,26871,48413,ok
02:31:30,69.3,95.3,26136,48501,ok
02:31:31,73.0,96.1,26723,49144,ok
02:31:32,66.4,95.7,25273,49694,ok
02:31:33,71.3,96.6,25002,49710,ok
02:31:34,76.6,96.3,25500,48131,ok
02:31:35,71.6,95.9,25705,49494,ok
02:31:36,75.3,96.0,25743,48914,ok
02:31:37,75.4,96.9,26324,48866,ok
02:31:38,70.4,96.0,26077,48126,ok
02:31:39,77.5,96.4,26775,49958,ok
02:31:40,68.4,96.8,25237,49505,ok
02:31:41,68.8,96.5,25019,48813,ok
02:31:42,72.2,95.5,25789,48648,ok
02:31:43,72.3,97.3,26247,49737,ok
02:31:44,72.0,96.1,25496,48039,ok
02:31:45,72.4,95.9,25392,49473,ok
02:31:46,70.2,95.3,25014,48785,ok
02:31:47,72.3,96.3,25702,48974,ok
02:31:48,75.6,96.2,25318,48715,ok
02:31:49,72.4,96.1,26723,48407,ok
02:31:50,70.9,95.9,25007,49819,ok
02:31:51,70.1,96.5,26507,49745,ok
02:31:52,72.3,96.5,26818,48746,ok
02:31:53,72.5,95.8,25644,49867,ok
02:31:54,74.3,96.2,26190,48630,ok
02:31:55,70.8,96.7,25910,48152,ok
02:31:56,68.7,95.7,26496,49920,ok
02:31:57,69.6,96.5,26126,49174,ok
02:31:58,73.0,95.9,26433,49599,ok
02:31:59,74.0,95.3,26456,48290,ok
02:32:00,73.2,94.9,25887,48009,ok
02:32:01,71.9,96.3,26298,48052,ok
02:32:02,69.0,95.9,25425,48455,ok
02:32:03,72.4,96.2,25570,48571,ok
02:32:04,72.2,96.7,25204,49886,ok
02:32:05,69.9,96.2,26932,49969,ok
02:32:06,73.7,95.9,25483,49820,ok
02:32:07,69.8,95.9,26242,49494,ok
02:32:08,73.7,95.8,26138,48438,ok
02:32:09,69.6,94.8,26445,48630,ok
02:32:10,72.4,95.6,25613,49820,ok
02:32:11,74.5,95.9,25541,49735,ok
02:32:12,73.1,96.0,26266,48651,ok
02:32:13,72.1,96.0,26457,49305,ok
02:32:14,70.7,95.6,26037,49887,ok
02:32:15,72.1,95.5,26401,48673,ok
02:32:16,73.5,95.5,25011,48480,ok
02:32:17,72.8,95.7,26099,48408,ok
02:32:18,73.4,96.1,25841,48836,ok
02:32:19,67.6,96.5,26098,49160,ok
02:32:20,77.0,96.1,26102,49122,ok
02:32:21,74.0,95.7,25668,49213,ok
02:32:22,74.6,95.9,25645,49101,ok
02:32:23,67.4,96.3,26868,49563,ok
02:32:24,68.9,96.3,25563,49451,ok
02:32:25,72.0,96.2,25793,48707,ok
02:32:26,75.7,95.7,25495,48021,ok
02:32:27,76.0,95.4,25206,49944,ok
02:32:28,73.3,96.6,25989,49620,ok
02:32:29,68.3,96.2,26544,48312,ok
02:32:30,70.2,95.9,25876,49356,ok
02:32:31,70.9,95.4,25601,48357,ok
02:32:32,71.1,96.3,25807,48653,ok
02:32:33,75.2,95.6,25027,48910,ok
02:32:34,74.3,96.7,25912,49514,ok
02:32:35,74.6,95.3,25299,48879,ok
02:32:36,70.5,95.7,26340,49364,ok
02:32:37,73.5,97.1,26946,49042,ok
02:32:38,74.1,95.7,26311,49199,ok
02:32:39,71.8,96.0,26212,49329,ok
02:32:40,73.0,95.5,25224,48170,ok
02:32:41,74.0,96.8,25882,49057,ok
02:32:42,73.0,96.2,25002,49007,ok
02:32:43,70.0,95.6,26829,48501,ok
02:32:44,71.9,96.4,25563,49089,ok
02:32:45,72.3,96.1,26178,49123,ok
02:32:46,74.9,95.9,26937,49516,ok
02:32:47,73.1,96.1,26490,49881,ok
02:32:48,73.8,95.3,26430,49201,ok
02:32:49,73.2,96.4,25929,48480,ok
02:32:50,71.6,95.8,26302,49548,ok
02:32:51,67.2,95.8,25768,49229,ok
02:32:52,70.8,94.9,26041,48292,ok
02:32:53,73.1,95.6,25481,48022,ok
02:32:54,74.2,96.8,25551,48842,ok
02:32:55,69.5,96.2,26096,49108,ok
02:32:56,70.9,96.1,25145,48008,ok
02:32:57,72.6,95.1,25157,48924,ok
02:32:58,73.0,95.9,25016,48620,ok
02:32:59,75.2,97.0,25614,49869,ok
02:33:00,70.0,96.1,26929,49262,ok
02:33:01,76.0,96.5,25050,49449,ok
02:33:02,72.7,96.1,25863,48941,ok
02:33:03,75.0,96.3,25153,48275,ok
02:33:04,70.8,96.0,26240,49535,ok
02:33:05,70.7,96.5,26775,48156,ok
02:33:06,71.4,96.3,26847,48714,ok
02:33:07,73.5,96.1,25733,48394,ok
02:33:08,72.9,95.2,25630,48985,ok
02:33:09,68.6,95.5,26423,48616,ok
02:33:10,69.5,96.8,26672,49009,ok
02:33:11,72.6,95.8,25435,48166,ok
02:33:12,73.3,96.4,26750,49006,ok
02:33:13,68.1,95.1,25578,49201,ok
02:33:14,74.1,96.0,26185,48615,ok
02:33:15,70.3,96.7,26200,49976,ok
02:33:16,72.1,96.2,26270,49742,ok
02:33:17,70.6,96.0,26966,48626,ok
02:33:18,73.4,95.7,25661,49012,ok
02:33:19,73.4,96.4,25399,48616,ok
02:33:20,72.4,96.4,26807,49063,ok
02:33:21,72.1,96.4,25726,48015,ok
02:33:22,70.3,95.7,26370,49375,ok
02:33:23,72.2,95.7,25099,48871,ok
02:33:24,72.3,95.0,25784,49285,ok
02:33:25,69.4,95.7,25036,49423,ok
02:33:26,70.3,96.3,25037,48151,ok
02:33:27,70.5,95.9,26510,49198,ok
02:33:28,70.3,96.1,25813,48192,ok
02:33:29,72.4,95.6,26022,48064,ok
02:33:30,72.0,95.4,26822,48706,ok
02:33:31,73.6,95.4,25204,48748,ok
02:33:32,71.7,96.0,26102,49536,ok
02:33:33,71.3,96.0,26274,48926,ok
02:33:34,71.1,96.3,25922,49156,ok
02:33:35,73.0,96.2,26260,48824,ok
02:33:36,74.2,96.4,25403,49006,ok
02:33:37,71.5,95.8,25630,48585,ok
02:33:38,73.6,96.3,25981,48597,ok
02:33:39,75.4,95.8,26729,48704,ok
02:33:40,73.1,95.9,26299,49739,ok
02:33:41,69.4,96.5,25846,49416,ok
02:33:42,73.8,95.9,26379,48847,ok
02:33:43,73.0,94.6,26090,48017,ok
02:33:44,71.9,95.8,25148,49054,ok
02:33:45,66.9,95.7,25775,48285,ok
02:33:46,70.6,96.2,25608,48674,ok
02:33:47,69.1,95.5,25866,48574,ok
02:33:48,74.4,96.7,26097,48785,ok
02:33:49,69.6,96.1,25078,48563,ok
02:33:50,70.2,96.0,26177,48098,ok
02:33:51,71.6,95.8,26154,49357,ok
02:33:52,74.3,96.8,26712,48062,ok
02:33:53,75.9,96.4,26645,48817,ok
02:33:54,68.1,95.5,25935,48355,ok
02:33:55,70.6,96.1,26598,48451,ok
02:33:56,72.1,95.7,25237,49674,ok
02:33:57,72.0,96.5,25701,48715,ok
02:33:58,69.8,96.2,26776,49392,ok
02:33:59,69.5,95.6,26878,49949,ok
02:34:00,67.6,95.4,26022,48227,ok
02:34:01,71.8,96.3,25199,49439,ok
02:34:02,69.2,96.1,26857,49404,ok
02:34:03,71.4,96.8,25630,49421,ok
02:34:04,70.4,96.0,26042,48733,ok
02:34:05,76.2,96.0,26725,49964,ok
02:34:06,68.6,96.3,25458,49006,ok
02:34:07,72.4,95.8,25440,49377,ok
02:34:08,73.9,96.3,25767,48207,ok
02:34:09,74.1,95.8,25524,49756,ok
02:34:10,68.8,96.0,25499,48080,ok
02:34:11,70.3,95.3,25177,48644,ok
02:34:12,71.7,95.2,25200,48630,ok
02:34:13,71.4,95.5,25236,48542,ok
02:34:14,73.4,95.4,25572,48059,ok
02:34:15,71.3,95.6,26485,48747,ok
02:34:16,73.1,96.6,25581,49514,ok
02:34:17,71.1,96.3,25461,49807,ok
02:34:18,73.6,96.5,26159,49816,ok
02:34:19,69.6,96.7,25180,48347,ok
02:34:20,74.9,96.0,25639,49814,ok
02:34:21,71.0,95.9,25017,48494,ok
02:34:22,66.4,95.7,25321,49657,ok
02:34:23,69.5,95.4,26381,49684,ok
02:34:24,72.3,95.2,25928,48045,ok
02:34:25,67.3,94.8,25038,49704,ok
02:34:26,72.8,96.0,25728,49680,ok
02:34:27,68.3,96.4,25903,48676,ok
02:34:28,70.2,95.6,26287,49822,ok
02:34:29,73.5,96.4,26725,48905,ok
02:34:30,69.8,95.8,26460,48428,ok
02:34:31,72.1,96.0,26027,48076,ok
02:34:32,73.4,96.2,26415,49388,ok
02:34:33,71.0,96.0,25719,49171,ok
02:34:34,74.7,96.2,26031,48332,ok
02:34:35,72.6,95.3,26316,48208,ok
02:34:36,70.7,95.1,25332,49953,ok
02:34:37,74.1,96.0,25698,49818,ok
02:34:38,70.5,95.5,26701,48602,ok
02:34:39,69.9,96.4,25324,48233,ok
02:34:40,72.0,96.3,25695,49396,ok
02:34:41,69.8,96.4,26017,48158,ok
02:34:42,72.5,96.0,26910,49724,ok
02:34:43,72.1,95.6,25076,48332,ok
02:34:44,73.2,96.8,26577,49059,ok
02:34:45,72.9,95.4,25198,48896,ok
02:34:46,71.7,96.8,26047,49232,ok
02:34:47,71.5,95.8,25968,48133,ok
02:34:48,72.3,95.5,26521,49187,ok
02:34:49,70.4,95.7,25916,48569,ok
02:34:50,70.2,96.4,26542,49524,ok
02:34:51,71.1,95.0,26016,48446,ok
02:34:52,70.4,96.6,25542,49088,ok
02:34:53,72.9,96.5,25580,48099,ok
02:34:54,74.9,96.4,25874,48190,ok
02:34:55,74.5,96.5,25317,48924,ok
02:34:56,70.8,96.1,26411,48453,ok
02:34:57,69.9,96.6,26679,49382,ok
02:34:58,69.6,95.2,25921,48927,ok
02:34:59,71.4,95.2,26865,48973,ok
02:35:00,73.0,96.0,26684,49307,ok
02:35:01,71.4,95.8,25146,48076,ok
02:35:02,72.9,95.6,26522,49250,ok
02:35:03,69.6,96.4,25513,49899,ok
02:35:04,70.4,96.2,26474,48917,ok
02:35:05,71.2,95.4,26048,49256,ok
02:35:06,73.5,95.6,25362,48139,ok
02:35:07,70.9,96.8,26793,48970,ok
02:35:08,73.6,96.0,25308,48550,ok
02:35:09,71.4,96.2,25520,48112,ok
02:35:10,69.1,96.2,25183,49718,ok
02:35:11,72.6,96.7,25862,48137,ok
02:35:12,73.3,97.3,26965,49326,ok
02:35:13,69.4,95.7,25967,49485,ok
02:35:14,70.0,96.2,25356,49092,ok
02:35:15,71.6,97.1,26767,48500,ok
02:35:16,69.0,95.7,26979,49741,ok
02:35:17,70.6,95.9,26948,49605,ok
02:35:18,72.3,96.9,26095,48070,ok
02:35:19,71.1,96.0,25016,48806,ok
02:35:20,72.9,96.5,26250,48185,ok
02:35:21,71.9,95.9,26705,48667,ok
02:35:22,73.5,96.3,26941,48935,ok
02:35:23,71.5,96.2,26025,49223,ok
02:35:24,71.0,95.2,25847,48698,ok
02:35:25,70.3,96.1,26568,48203,ok
02:35:26,74.2,95.1,25390,48074,ok
02:35:27,74.3,96.3,26043,48279,ok
02:35:28,73.5,95.6,26602,48104,ok
02:35:29,74.1,95.9,25650,49737,ok
02:35:30,74.2,96.5,26557,49726,ok
02:35:31,69.4,96.2,25889,49711,ok
02:35:32,73.8,95.7,25884,49465,ok
02:35:33,71.9,96.0,26728,49219,ok
02:35:34,74.3,96.3,26492,49064,ok
02:35:35,71.8,96.3,26317,48595,ok
02:35:36,74.0,96.0,26023,49216,ok
02:35:37,69.9,95.9,26229,48501,ok
02:35:38,71.3,95.7,26029,48515,ok
02:35:39,72.2,95.7,26762,49265,ok
02:35:40,71.8,96.4,25028,49302,ok
02:35:41,71.7,96.0,26344,48293,ok
02:35:42,69.0,96.5,25605,48606,ok
02:35:43,70.3,96.0,26070,49412,ok
02:35:44,73.8,95.6,25199,49149,ok
02:35:45,70.0,95.7,25525,48333,ok
02:35:46,72.2,95.9,25214,48991,ok
02:35:47,72.8,96.0,25531,49720,ok
02:35:48,75.5,97.2,25727,49373,ok
02:35:49,67.5,95.4,25521,48114,ok
02:35:50,70.4,97.6,25422,49087,ok
02:35:51,73.7,96.5,25005,49069,ok
02:35:52,71.5,96.0,25271,48127,ok
02:35:53,72.1,96.6,25341,49055,ok
02:35:54,70.6,96.2,25153,48904,ok
02:35:55,71.4,95.6,26262,48971,ok
02:35:56,73.4,96.9,25355,49501,ok
02:35:57,69.2,96.7,26119,49976,ok
02:35:58,71.1,96.2,26569,48254,ok
02:35:59,75.5,94.9,25240,48793,ok
02:36:00,69.2,95.9,26705,49396,ok
02:36:01,72.7,95.3,26988,49345,ok
02:36:02,74.1,94.9,26438,49115,ok
02:36:03,70.9,95.6,25879,48604,ok
02:36:04,68.7,96.2,26312,48853,ok
02:36:05,73.1,95.8,25913,48404,ok
02:36:06,73.2,96.1,25154,49432,ok
02:36:07,74.9,95.6,25838,49242,ok
02:36:08,70.9,96.0,26334,48743,ok
02:36:09,68.4,96.3,26443,49880,ok
02:36:10,68.2,96.2,25877,48312,ok
02:36:11,72.4,95.5,26119,48064,ok
02:36:12,74.1,95.5,26638,48079,ok
02:36:13,72.3,96.0,25952,49370,ok
02:36:14,72.9,95.9,26206,48104,ok
02:36:15,72.8,96.6,25103,49172,ok
02:36:16,70.3,94.6,26020,48154,ok
02:36:17,66.9,95.8,25818,48736,ok
02:36:18,71.3,96.8,26250,49215,ok
02:36:19,71.8,96.7,26622,48533,ok
02:36:20,74.4,94.8,25932,49791,ok
02:36:21,73.5,96.3,25246,48647,ok
02:36:22,72.6,96.0,26670,49133,ok
02:36:23,75.6,96.4,25925,49348,ok
02:36:24,71.4,95.4,26358,49742,ok
02:36:25,71.1,96.2,26668,48410,ok
02:36:26,69.3,95.6,25597,49730,ok
02:36:27,74.5,97.0,25965,48175,ok
02:36:28,73.5,95.4,25419,48940,ok
02:36:29,70.1,95.8,26412,48391,ok
02:36:30,68.2,96.0,26924,49222,ok
02:36:31,71.1,95.3,25837,49984,ok
02:36:32,72.7,96.9,25135,49365,ok
02:36:33,71.5,96.1,25151,48800,ok
02:36:34,74.4,97.0,25454,49173,ok
02:36:35,68.7,95.9,25003,49181,ok
02:36:36,68.2,95.3,26108,49195,ok
02:36:37,72.0,96.0,25223,48031,ok
02:36:38,71.7,96.2,26950,48950,ok
02:36:39,73.5,96.2,26300,48894,ok
02:36:40,74.0,95.9,25559,49612,ok
02:36:41,75.3,95.8,26951,49409,ok
02:36:42,73.6,97.0,26956,48903,ok
02:36:43,74.6,96.5,26270,49379,ok
02:36:44,72.2,96.4,25679,48835,ok
02:36:45,73.8,96.0,25950,48291,ok
02:36:46,73.4,96.4,26793,49025,ok
02:36:47,71.5,96.7,26066,48350,ok
02:36:48,73.5,96.0,25201,49101,ok
02:36:49,70.5,96.4,26271,48452,ok
02:36:50,64.0,95.9,26706,49793,ok
02:36:51,72.3,95.7,25725,48906,ok
02:36:52,71.0,96.0,25827,49580,ok
02:36:53,73.0,95.6,25700,48545,ok
02:36:54,71.9,95.6,26634,48238,ok
02:36:55,68.0,96.2,25658,48655,ok
02:36:56,71.1,95.6,25294,49468,ok
02:36:57,68.7,95.5,26792,48682,ok
02:36:58,69.2,96.3,25044,49167,ok
02:36:59,75.8,96.5,25656,48462,ok
02:37:00,68.1,96.6,25082,48548,ok
02:37:01,69.6,95.5,25625,49120,ok
02:37:02,70.8,95.6,25560,48050,ok
02:37:03,72.6,95.6,25204,49515,ok
02:37:04,71.5,96.8,26438,48963,ok
02:37:05,67.8,95.9,26486,49442,ok
02:37:06,72.8,96.2,26014,49281,ok
02:37:07,73.1,96.6,26675,49531,ok
02:37:08,70.0,97.1,26363,48291,ok
02:37:09,71.9,95.9,26418,49412,ok
02:37:10,71.9,96.3,25304,48121,ok
02:37:11,73.0,94.2,25908,48791,ok
02:37:12,69.2,95.2,26804,49222,ok
02:37:13,68.3,95.5,25005,48510,ok
02:37:14,73.7,95.7,26584,48620,ok
02:37:15,76.0,95.5,25959,49849,ok
02:37:16,73.1,96.4,25493,49195,ok
02:37:17,73.6,96.4,25461,48938,ok
02:37:18,71.3,96.7,25249,49130,ok
02:37:19,77.2,97.1,26123,48342,ok
02:37:20,71.4,97.0,26836,49870,ok
02:37:21,71.4,96.1,25411,48458,ok
02:37:22,72.0,96.1,25175,48374,ok
02:37:23,69.2,96.1,26065,49129,ok
02:37:24,70.3,95.8,26066,49186,ok
02:37:25,72.6,96.4,25263,48477,ok
02:37:26,74.6,96.0,25311,48880,ok
02:37:27,69.3,96.8,26907,48872,ok
02:37:28,72.0,95.4,26870,49582,ok
02:37:29,74.1,96.1,26097,48261,ok
02:37:30,75.0,95.3,26660,48128,ok
02:37:31,72.5,95.9,25215,48404,ok
02:37:32,73.1,95.6,26516,49749,ok
02:37:33,70.1,96.0,25497,48687,ok
02:37:34,71.3,95.5,25498,49432,ok
02:37:35,71.9,95.8,25219,48676,ok
02:37:36,70.0,96.1,26138,48366,ok
02:37:37,73.5,96.5,25656,48223,ok
02:37:38,68.2,94.7,26659,49051,ok
02:37:39,72.2,95.8,26891,48428,ok
02:37:40,71.9,96.2,25683,49555,ok
02:37:41,72.6,96.7,26530,49260,ok
02:37:42,71.0,95.3,26075,48381,ok
02:37:43,70.5,96.0,26067,48003,ok
02:37:44,72.4,96.0,25589,49191,ok
02:37:45,71.1,96.1,25919,48113,ok
02:37:46,74.8,96.4,25360,49905,ok
02:37:47,73.6,96.1,26374,48043,ok
02:37:48,72.0,95.9,25252,49119,ok
02:37:49,70.1,96.5,25414,49986,ok
02:37:50,70.0,95.7,26762,48837,ok
02:37:51,73.4,96.2,26690,48349,ok
02:37:52,71.8,96.4,25431,49833,ok
02:37:53,73.8,95.3,25173,49331,ok
02:37:54,68.3,96.2,26542,48539,ok
02:37:55,66.8,96.9,25531,48813,ok
02:37:56,70.4,95.9,26787,48098,ok
02:37:57,75.0,95.8,25930,48836,ok
02:37:58,72.1,96.5,26929,48480,ok
02:37:59,71.6,95.8,26387,48510,ok
02:38:00,73.7,96.2,26775,49515,ok
02:38:01,72.3,95.2,25573,48683,ok
02:38:02,72.5,96.5,26577,49291,ok
02:38:03,71.6,96.0,25202,48305,ok
02:38:04,70.4,95.9,26421,48131,ok
02:38:05,69.0,96.1,25817,49355,ok
02:38:06,73.6,96.7,25120,49455,ok
02:38:07,70.6,95.7,26238,48457,ok
02:38:08,72.2,95.2,25952,48037,ok
02:38:09,74.1,95.7,25071,48633,ok
02:38:10,69.7,95.8,26696,48579,ok
02:38:11,70.1,95.7,26026,49773,ok
02:38:12,71.8,96.3,25266,48810,ok
02:38:13,74.0,94.5,25522,49227,ok
02:38:14,68.9,97.0,26278,48572,ok
02:38:15,70.8,97.2,25467,48425,ok
02:38:16,71.0,95.2,25652,48966,ok
02:38:17,72.3,96.2,25614,49348,ok
02:38:18,70.5,96.4,25330,48732,ok
02:38:19,70.7,95.3,25265,48701,ok
02:38:20,69.9,95.0,26796,48098,ok
02:38:21,75.2,95.9,25014,49658,ok
02:38:22,74.6,95.4,26544,49278,ok
02:38:23,74.1,95.4,25240,49558,ok
02:38:24,76.2,95.9,25029,49108,ok
02:38:25,70.4,95.8,25508,48201,ok
02:38:26,75.1,96.4,26589,49466,ok
02:38:27,70.3,96.2,26639,48746,ok
02:38:28,73.1,97.1,26034,48224,ok
02:38:29,70.6,95.5,26752,49751,ok
02:38:30,73.5,95.1,25581,49676,ok
02:38:31,75.0,96.2,26811,48495,ok
02:38:32,74.7,96.8,26451,49240,ok
02:38:33,74.2,96.0,26012,48222,ok
02:38:34,69.9,95.4,25801,48382,ok
02:38:35,71.4,95.7,25731,48837,ok
02:38:36,67.2,95.5,26197,49284,ok
02:38:37,72.4,95.3,26969,49959,ok
02:38:38,71.2,95.5,25729,48090,ok
02:38:39,72.8,95.8,25658,49767,ok
02:38:40,72.7,96.9,25483,49957,ok
02:38:41,72.1,96.4,25235,48110,ok
02:38:42,71.7,96.1,25529,49499,ok
02:38:43,75.2,96.6,26273,49291,ok
02:38:44,69.1,95.9,25236,49031,ok
02:38:45,69.5,95.9,26218,49397,ok
02:38:46,70.7,95.7,25929,48691,ok
02:38:47,72.1,96.0,25553,48379,ok
02:38:48,70.8,96.2,25810,49119,ok
02:38:49,71.6,95.3,25326,49511,ok
02:38:50,71.6,96.1,25209,49593,ok
02:38:51,74.3,96.2,25981,48709,ok
02:38:52,69.6,95.7,26278,48810,ok
02:38:53,72.8,96.6,26691,48928,ok
02:38:54,74.0,96.0,26184,49323,ok
02:38:55,73.7,96.7,26222,49356,ok
02:38:56,72.6,95.8,25741,49201,ok
02:38:57,68.8,95.8,26461,48806,ok
02:38:58,69.6,96.0,26090,49861,ok
02:38:59,70.8,96.5,25653,49860,ok
02:39:00,74.3,96.5,25411,49102,ok
02:39:01,69.5,95.8,25195,48528,ok
02:39:02,72.3,95.5,25480,48487,ok
02:39:03,74.3,95.9,25144,49976,ok
02:39:04,71.3,96.3,25525,49112,ok
02:39:05,73.1,96.1,25231,49325,ok
02:39:06,70.4,96.9,25329,49325,ok
02:39:07,72.2,96.3,25783,48052,ok
02:39:08,71.5,96.9,26813,49550,ok
02:39:09,70.3,95.7,26972,49220,ok
02:39:10,70.2,95.4,26724,48726,ok
02:39:11,70.7,96.1,26111,48008,ok
02:39:12,71.9,95.8,25230,48849,ok
02:39:13,71.4,96.3,25734,48166,ok
02:39:14,71.5,96.0,26603,49227,ok
02:39:15,67.8,95.1,26147,48401,ok
02:39:16,70.0,95.3,26164,48706,ok
02:39:17,75.2,96.6,25071,49517,ok
02:39:18,72.7,95.6,25616,48948,ok
02:39:19,74.5,97.1,25803,49511,ok
02:39:20,73.1,96.2,25485,48537,ok
02:39:21,72.7,95.7,25289,48332,ok
02:39:22,72.8,95.8,26168,48696,ok
02:39:23,73.6,96.0,25795,49854,ok
02:39:24,72.4,96.4,25871,48607,ok
02:39:25,72.9,95.8,26507,49291,ok
02:39:26,75.1,95.9,26143,48239,ok
02:39:27,69.8,97.3,25181,48518,ok
02:39:28,71.3,95.5,25669,48895,ok
02:39:29,70.9,96.3,26964,48174,ok
02:39:30,71.6,94.8,25310,49567,ok
02:39:31,72.7,96.1,25930,48226,ok
02:39:32,69.8,96.2,25508,49183,ok
02:39:33,71.3,95.7,26611,49820,ok
02:39:34,71.2,96.8,25208,48910,ok
02:39:35,71.3,96.0,25361,49198,ok
02:39:36,70.1,96.6,26160,49442,ok
02:39:37,71.7,95.2,25237,49532,ok
02:39:38,68.2,96.0,25339,48382,ok
02:39:39,70.2,96.5,25670,48872,ok
02:39:40,72.5,95.6,25946,49418,ok
02:39:41,71.4,96.2,25224,48844,ok
02:39:42,74.8,96.4,26420,48462,ok
02:39:43,71.7,96.2,26542,48914,ok
02:39:44,70.9,96.8,26303,49067,ok
02:39:45,74.5,96.6,26308,49985,ok
02:39:46,71.8,96.5,25121,49977,ok
02:39:47,70.0,95.7,26579,48338,ok
02:39:48,72.4,96.0,25565,49466,ok
02:39:49,74.7,95.8,26198,49879,ok
02:39:50,73.1,95.4,26088,49095,ok
02:39:51,70.6,96.3,26292,49515,ok
02:39:52,70.9,96.2,25098,49386,ok
02:39:53,69.8,96.0,25153,49855,ok
02:39:54,70.5,95.7,25015,49456,ok
02:39:55,72.9,96.2,25126,49305,ok
02:39:56,70.8,96.8,25740,49513,ok
02:39:57,71.5,96.2,25333,48755,ok
02:39:58,74.9,96.3,26415,48057,ok
02:39:59,69.2,96.0,26347,49520,ok
02:40:00,73.2,95.9,26817,49967,ok
02:40:01,69.2,96.5,26410,48921,ok
02:40:02,69.5,95.8,25356,49196,ok
02:40:03,71.8,95.8,25940,49109,ok
02:40:04,71.8,96.0,26274,49564,ok
02:40:05,73.7,96.2,26683,49041,ok
02:40:06,73.0,97.2,26116,48680,ok
02:40:07,73.5,94.9,25443,49490,ok
02:40:08,73.0,96.2,26176,49967,ok
02:40:09,64.4,97.3,25830,48192,ok
02:40:10,76.0,95.7,26125,48912,ok
02:40:11,72.3,96.8,25172,49308,ok
02:40:12,70.9,95.2,26608,49552,ok
02:40:13,71.8,96.2,26476,49839,ok
02:40:14,73.2,95.5,26709,48444,ok
02:40:15,75.9,95.2,25304,49690,ok
02:40:16,68.8,95.8,25250,48158,ok
02:40:17,69.2,95.4,26684,49370,ok
02:40:18,72.4,96.2,25510,49568,ok
02:40:19,69.5,95.7,26150,48647,ok
02:40:20,73.3,95.6,26926,48390,ok
02:40:21,67.2,95.6,26100,49825,ok
02:40:22,74.0,96.4,25384,48759,ok
02:40:23,71.5,96.2,26595,49455,ok
02:40:24,72.2,95.0,25976,49572,ok
02:40:25,73.1,95.5,26139,48657,ok
02:40:26,68.6,96.2,25398,49206,ok
02:40:27,68.8,96.4,26686,49799,ok
02:40:28,72.8,95.5,25612,48702,ok
02:40:29,71.6,96.4,26285,49947,ok
02:40:30,74.8,96.1,25398,49917,ok
02:40:31,70.5,96.2,25578,48192,ok
02:40:32,68.8,95.0,25826,49588,ok
02:40:33,71.7,96.7,25914,49570,ok
02:40:34,74.3,95.3,25963,49701,ok
02:40:35,68.3,95.7,25008,49405,ok
02:40:36,71.6,96.8,25353,49027,ok
02:40:37,74.2,96.3,26163,49947,ok
02:40:38,70.2,95.8,26610,48733,ok
02:40:39,70.1,95.3,25468,49828,ok
02:40:40,70.8,95.0,25149,49835,ok
02:40:41,74.7,96.3,25615,48446,ok
02:40:42,73.1,96.1,26091,48005,ok
02:40:43,71.7,96.5,26429,49065,ok
02:40:44,72.8,95.8,26795,49439,ok
02:40:45,70.8,96.2,26415,48306,ok
02:40:46,74.9,94.6,26652,49219,ok
02:40:47,69.9,95.6,26145,49598,ok
02:40:48,75.5,95.4,26251,49815,ok
02:40:49,75.2,96.1,25199,49075,ok
02:40:50,71.3,96.1,25426,48369,ok
02:40:51,68.1,96.0,25403,49451,ok
02:40:52,72.9,96.6,26457,48810,ok
02:40:53,71.4,95.3,26570,49265,ok
02:40:54,70.2,95.9,25205,49020,ok
02:40:55,74.2,96.5,25521,48877,ok
02:40:56,71.7,95.6,26385,49963,ok
02:40:57,72.9,96.9,25680,49401,ok
02:40:58,71.5,95.3,25646,48347,ok
02:40:59,68.2,96.8,25367,48591,ok
02:41:00,70.9,96.6,26634,48488,ok
02:41:01,74.6,96.0,26625,48971,ok
02:41:02,73.3,94.7,25267,48487,ok
02:41:03,73.6,95.7,26150,49421,ok
02:41:04,68.4,96.1,26365,48617,ok
02:41:05,73.0,95.7,26043,49752,ok
02:41:06,75.6,95.5,25541,48588,ok
02:41:07,71.7,95.1,26743,48499,ok
02:41:08,68.8,95.9,25071,48263,ok
02:41:09,73.4,95.9,25668,49916,ok
02:41:10,70.8,95.4,26779,49513,ok
02:41:11,72.8,95.5,26539,48493,ok
02:41:12,71.1,97.0,26386,48808,ok
02:41:13,72.0,95.9,25132,49811,ok
02:41:14,72.0,96.9,26661,48285,ok
02:41:15,74.3,95.9,25808,49226,ok
02:41:16,75.1,96.8,26079,48528,ok
02:41:17,72.7,95.7,26269,49085,ok
02:41:18,71.4,95.8,26557,49327,ok
02:41:19,71.8,95.8,25391,48095,ok
02:41:20,74.5,96.5,26804,49639,ok
02:41:21,69.6,96.6,26477,49901,ok
02:41:22,77.7,96.3,25371,48439,ok
02:41:23,74.2,96.5,26506,49166,ok
02:41:24,70.2,95.8,25466,49479,ok
02:41:25,71.4,96.5,26821,48970,ok
02:41:26,73.6,96.1,26043,48328,ok
02:41:27,72.9,96.4,25553,49964,ok
02:41:28,71.7,95.9,26609,48947,ok
02:41:29,74.3,95.2,26888,49564,ok
02:41:30,72.1,95.9,25724,49682,ok
02:41:31,72.5,95.9,26733,49914,ok
02:41:32,72.7,95.7,26813,49383,ok
02:41:33,72.7,96.3,26685,48870,ok
02:41:34,70.4,95.8,25992,48546,ok
02:41:35,71.6,95.7,25719,49060,ok
02:41:36,71.3,94.9,25807,48744,ok
02:41:37,72.7,95.9,25366,49909,ok
02:41:38,70.5,95.7,25535,49385,ok
02:41:39,71.4,96.2,25536,49721,ok
02:41:40,71.2,96.9,25145,49542,ok
02:41:41,72.5,96.0,25337,48892,ok
02:41:42,71.4,95.9,26208,48032,ok
02:41:43,71.9,96.5,26512,49331,ok
02:41:44,73.8,95.7,26079,48155,ok
02:41:45,72.7,95.2,26394,49194,ok
02:41:46,71.3,94.9,26866,48260,ok
02:41:47,73.9,95.6,26141,49380,ok
02:41:48,74.0,96.5,25355,48464,ok
02:41:49,71.5,96.1,25845,49717,ok
02:41:50,69.8,96.4,26422,49316,ok
02:41:51,74.2,96.0,26206,48705,ok
02:41:52,70.0,96.1,25248,49886,ok
02:41:53,73.0,96.2,26792,48123,ok
02:41:54,74.0,96.1,25569,48972,ok
02:41:55,72.0,95.6,26158,49644,ok
02:41:56,69.0,96.2,26825,48741,ok
02:41:57,71.5,95.3,25908,49848,ok
02:41:58,71.6,96.7,25542,49138,ok
02:41:59,71.6,96.1,25011,49564,ok
02:42:00,73.6,97.1,25788,49400,ok
02:42:01,72.7,95.6,25327,48934,ok
02:42:02,74.0,96.3,25395,49019,ok
02:42:03,70.5,95.9,26934,48050,ok
02:42:04,72.2,95.7,25455,48305,ok
02:42:05,73.8,96.4,25268,49675,ok
02:42:06,73.4,95.6,26302,48992,ok
02:42:07,68.4,96.2,26161,48587,ok
02:42:08,70.7,95.7,26733,48216,ok
02:42:09,70.1,96.4,26873,49179,ok
02:42:10,72.5,96.7,25148,49390,ok
02:42:11,69.3,95.6,26013,48809,ok
02:42:12,75.3,96.1,26530,49551,ok
02:42:13,74.0,96.3,26553,48030,ok
02:42:14,69.4,95.6,25093,49241,ok
02:42:15,74.1,95.5,25070,49729,ok
02:42:16,71.1,96.5,25496,49912,ok
02:42:17,71.8,96.1,26306,48361,ok
02:42:18,72.6,95.6,26697,49834,ok
02:42:19,68.6,96.4,26107,48276,ok
02:42:20,71.8,95.9,26080,48265,ok
02:42:21,70.8,96.4,26177,48238,ok
02:42:22,72.4,95.0,25886,48655,ok
02:42:23,73.9,96.2,25958,48960,ok
02:42:24,72.2,96.1,25338,49739,ok
02:42:25,70.8,96.5,25087,48965,ok
02:42:26,72.9,96.1,25866,49554,ok
02:42:27,69.0,95.7,26354,49585,ok
02:42:28,72.2,96.4,25980,48602,ok
02:42:29,76.0,96.5,25424,48680,ok
02:42:30,71.3,96.4,26045,49841,ok
02:42:31,70.5,96.2,25189,49517,ok
02:42:32,76.8,95.6,26231,49644,ok
02:42:33,73.6,96.8,25427,48524,ok
02:42:34,72.7,95.8,26312,49378,ok
02:42:35,74.1,96.0,26047,49790,ok
02:42:36,71.2,95.5,26362,48076,ok
02:42:37,74.2,94.7,25342,48214,ok
02:42:38,73.3,96.0,25666,48499,ok
02:42:39,70.4,96.0,25575,48505,ok
02:42:40,71.3,95.5,25323,49091,ok
02:42:41,68.2,96.5,25548,48816,ok
02:42:42,69.7,95.3,26894,49914,ok
02:42:43,71.1,96.5,26906,49637,ok
02:42:44,69.6,96.2,25645,49227,ok
02:42:45,71.9,95.1,25866,48013,ok
02:42:46,72.3,95.9,26762,49674,ok
02:42:47,70.7,96.6,25215,48626,ok
02:42:48,72.4,96.1,25522,49803,ok
02:42:49,74.0,96.4,25438,48525,ok
02:42:50,67.7,96.4,25622,48397,ok
02:42:51,74.0,96.9,26322,48542,ok
02:42:52,73.7,95.4,25031,48895,ok
02:42:53,74.7,95.6,25486,48257,ok
02:42:54,70.1,95.4,25812,48913,ok
02:42:55,71.1,96.5,25816,48144,ok
02:42:56,72.9,96.5,25974,49049,ok
02:42:57,70.5,95.7,25623,48113,ok
02:42:58,76.6,96.0,25528,48110,ok
02:42:59,72.6,96.5,26132,48445,ok
02:43:00,72.8,95.5,26528,49399,ok
02:43:01,72.0,97.4,25985,49794,ok
02:43:02,67.8,95.4,25140,48497,ok
02:43:03,72.7,96.8,25311,48050,ok
02:43:04,70.8,95.6,25052,48784,ok
02:43:05,76.2,96.6,26570,49658,ok
02:43:06,73.4,96.2,26891,49264,ok
02:43:07,71.2,96.0,25940,48635,ok
02:43:08,73.1,96.0,26828,48790,ok
02:43:09,70.0,95.4,26912,49707,ok
02:43:10,71.5,96.0,25635,48217,ok
02:43:11,74.1,95.6,25064,48597,ok
02:43:12,69.0,95.9,26888,48643,ok
02:43:13,69.7,96.2,26290,48556,ok
02:43:14,74.0,96.2,25411,48034,ok
02:43:15,72.3,95.6,25463,49325,ok
02:43:16,68.3,95.9,26755,49420,ok
02:43:17,72.7,95.4,26077,48506,ok
02:43:18,69.3,95.5,25587,49942,ok
02:43:19,72.2,95.9,26953,48286,ok
02:43:20,70.8,96.5,25431,48964,ok
02:43:21,71.3,96.5,26506,49289,ok
02:43:22,70.8,96.5,25468,49126,ok
02:43:23,74.5,96.1,25472,49708,ok
02:43:24,72.4,95.7,25739,49705,ok
02:43:25,71.6,95.8,25932,49284,ok
02:43:26,72.3,95.9,26412,49445,ok
02:43:27,72.2,96.0,26568,49106,ok
02:43:28,68.1,96.0,26093,48313,ok
02:43:29,73.3,96.6,25837,49512,ok
02:43:30,72.4,95.5,25732,48103,ok
02:43:31,73.4,96.3,25604,49403,ok
02:43:32,70.4,95.5,25998,48126,ok
02:43:33,72.9,96.1,26572,49389,ok
02:43:34,74.1,96.2,26944,49324,ok
02:43:35,68.8,96.0,25984,49914,ok
02:43:36,70.2,96.3,25773,48041,ok
02:43:37,70.5,96.0,25066,49398,ok
02:43:38,65.3,96.0,26335,48290,ok
02:43:39,69.4,95.3,26896,48998,ok
02:43:40,69.6,96.1,25497,48354,ok
02:43:41,74.6,96.6,26576,49319,ok
02:43:42,72.2,96.4,26469,49466,ok
02:43:43,72.9,95.4,26726,48982,ok
02:43:44,71.6,96.0,25883,48218,ok
02:43:45,69.3,95.7,25967,48366,ok
02:43:46,72.6,95.9,25858,48025,ok
02:43:47,77.5,95.4,25827,48952,ok
02:43:48,72.4,95.7,26598,49383,ok
02:43:49,73.2,97.0,25038,49604,ok
02:43:50,71.6,95.9,26151,48004,ok
02:43:51,70.9,95.5,25321,49820,ok
02:43:52,71.2,95.9,25984,48244,ok
02:43:53,72.0,96.1,26855,49173,ok
02:43:54,72.7,95.7,25912,49089,ok
02:43:55,71.2,95.6,25399,49108,ok
02:43:56,75.3,95.2,25230,49119,ok
02:43:57,76.3,95.5,25246,49001,ok
02:43:58,72.8,96.4,26585,48149,ok
02:43:59,69.4,96.9,25759,49667,ok
02:44:00,73.1,96.0,26588,49201,ok
02:44:01,72.9,96.2,26589,49925,ok
02:44:02,73.9,95.8,26492,49460,ok
02:44:03,72.4,95.7,26419,48545,ok
02:44:04,73.6,96.3,25567,48466,ok
02:44:05,70.9,95.6,26394,48546,ok
02:44:06,74.1,96.0,26477,49852,ok
02:44:07,71.5,95.6,26186,48034,ok
02:44:08,66.5,95.9,26290,48081,ok
02:44:09,72.9,95.8,25312,48999,ok
02:44:10,70.3,96.9,25275,48225,ok
02:44:11,73.7,95.8,25428,48402,ok
02:44:12,73.1,96.4,26071,48330,ok
02:44:13,74.2,95.8,25629,49077,ok
02:44:14,70.1,96.1,26591,49825,ok
02:44:15,71.5,96.9,26783,49280,ok
02:44:16,74.0,97.1,26497,48329,ok
02:44:17,72.0,96.5,25515,48607,ok
02:44:18,69.6,96.9,25947,49154,ok
02:44:19,70.3,96.7,26076,49710,ok
02:44:20,71.9,95.4,26887,49184,ok
02:44:21,71.5,96.7,26446,49001,ok
02:44:22,73.3,96.2,25877,49220,ok
02:44:23,70.3,96.0,26772,48636,ok
02:44:24,71.9,95.6,26002,49786,ok
02:44:25,68.9,95.7,25602,48190,ok
02:44:26,71.0,96.1,25152,48251,ok
02:44:27,73.1,95.3,25188,49050,ok
02:44:28,71.7,96.6,26611,49367,ok
02:44:29,72.4,96.8,25617,49341,ok
02:44:30,68.0,95.3,25087,49008,ok
02:44:31,71.5,95.4,25981,49911,ok
02:44:32,72.9,96.1,26798,49301,ok
02:44:33,73.7,95.3,26375,49523,ok
02:44:34,68.4,96.0,25596,49359,ok
02:44:35,71.4,97.1,25221,48342,ok
02:44:36,70.5,96.1,26445,49703,ok
02:44:37,70.7,95.4,26876,48569,ok
02:44:38,70.5,95.7,25942,49074,ok
02:44:39,66.4,95.7,26914,48208,ok
02:44:40,71.3,95.6,25645,49405,ok
02:44:41,70.3,96.6,26788,49843,ok
02:44:42,75.6,96.2,26970,49405,ok
02:44:43,69.4,96.8,25763,48491,ok
02:44:44,70.3,95.7,26393,49049,ok
02:44:45,68.9,95.8,26178,49198,ok
02:44:46,72.5,96.3,26336,49379,ok
02:44:47,73.0,95.9,26750,49277,ok
02:44:48,69.2,96.5,25033,49944,ok
02:44:49,76.3,96.1,26231,48582,ok
02:44:50,72.8,95.5,25836,48626,ok
02:44:51,71.7,95.1,26409,49172,ok
02:44:52,75.1,95.7,26314,48427,ok
02:44:53,71.6,96.2,25579,49756,ok
02:44:54,72.4,95.9,25774,49825,ok
02:44:55,73.7,96.2,26354,48221,ok
02:44:56,70.8,96.1,26835,48146,ok
02:44:57,70.6,96.2,26853,48565,ok
02:44:58,71.1,96.3,25726,48599,ok
02:44:59,72.0,95.5,25114,48453,ok
02:45:00,72.9,96.7,25984,48954,ok
02:45:01,75.9,96.2,26454,49173,ok
02:45:02,73.9,95.6,26610,48484,ok
02:45:03,67.3,96.1,26721,49675,ok
02:45:04,73.9,96.9,25691,48009,ok
02:45:05,71.3,94.9,25266,49321,ok
02:45:06,74.3,96.2,25421,48595,ok
02:45:07,67.8,95.9,25482,49290,ok
02:45:08,69.2,96.6,25378,48107,ok
02:45:09,70.9,96.3,25710,49394,ok
02:45:10,71.9,95.4,26723,49802,ok
02:45:11,71.0,95.7,26552,49920,ok
02:45:12,73.2,95.6,25736,49082,ok
02:45:13,77.8,96.7,25934,48989,ok
02:45:14,73.3,96.0,25037,48801,ok
02:45:15,69.6,95.1,26098,48679,ok
02:45:16,71.6,96.0,25938,48534,ok
02:45:17,74.2,97.0,25065,49816,ok
02:45:18,71.9,95.8,26932,49863,ok
02:45:19,70.7,95.8,26678,49851,ok
02:45:20,74.2,95.9,26497,49449,ok
02:45:21,72.7,95.6,26809,49876,ok
02:45:22,74.3,97.0,25691,48578,ok
02:45:23,71.5,96.3,25403,48233,ok
02:45:24,74.0,96.0,26607,49825,ok
02:45:25,70.1,96.1,26113,49216,ok
02:45:26,72.0,95.4,25629,48384,ok
02:45:27,72.6,95.3,26099,49205,ok
02:45:28,70.4,95.9,26946,49178,ok
02:45:29,75.5,95.8,25686,48469,ok
02:45:30,71.1,96.4,25448,48986,ok
02:45:31,74.6,96.0,26739,48305,ok
02:45:32,69.8,95.8,25338,48924,ok
02:45:33,71.4,96.2,25132,48800,ok
02:45:34,73.3,96.8,25997,48743,ok
02:45:35,73.8,95.8,26868,48513,ok
02:45:36,72.3,95.1,26585,49747,ok
02:45:37,74.2,96.4,25745,49257,ok
02:45:38,69.5,94.9,25821,48922,ok
02:45:39,71.5,95.1,26395,49894,ok
02:45:40,70.2,96.5,25168,49771,ok
02:45:41,70.6,96.2,26329,48135,ok
02:45:42,70.6,95.7,26081,48119,ok
02:45:43,72.9,96.7,25191,49350,ok
02:45:44,72.1,95.9,26806,49783,ok
02:45:45,71.8,95.6,25272,48341,ok
02:45:46,74.2,95.4,26350,48833,ok
02:45:47,72.8,95.6,26535,48759,ok
02:45:48,70.3,95.7,26297,48078,ok
02:45:49,71.7,95.5,26560,48041,ok
02:45:50,74.1,95.8,25305,48923,ok
02:45:51,75.4,95.3,26272,49080,ok
02:45:52,69.3,96.2,26356,48547,ok
02:45:53,71.4,95.8,25172,48389,ok
02:45:54,73.6,95.3,26436,49667,ok
02:45:55,65.1,95.7,26479,49395,ok
02:45:56,71.9,96.1,26711,49944,ok
02:45:57,70.2,96.6,25388,49074,ok
02:45:58,70.7,95.8,25215,49925,ok
02:45:59,71.3,96.5,26352,48769,ok
02:46:00,75.3,95.1,26241,48266,ok
02:46:01,70.4,95.4,25219,49383,ok
02:46:02,73.7,94.7,26934,49473,ok
02:46:03,73.7,95.9,26928,48190,ok
02:46:04,69.9,96.6,25969,49223,ok
02:46:05,72.1,96.3,25439,49344,ok
02:46:06,69.9,96.8,25133,49913,ok
02:46:07,72.3,95.7,26906,48213,ok
02:46:08,70.7,95.6,25437,48767,ok
02:46:09,71.3,96.1,25072,49842,ok
02:46:10,73.1,96.7,25303,49564,ok
02:46:11,71.2,95.6,26695,49609,ok
02:46:12,71.0,95.9,26517,48990,ok
02:46:13,74.4,96.2,25920,49045,ok
02:46:14,71.3,96.3,26359,49328,ok
02:46:15,73.0,96.4,26091,48252,ok
02:46:16,69.3,96.5,25383,48220,ok
02:46:17,72.9,96.0,25933,48137,ok
02:46:18,68.3,96.1,26679,48037,ok
02:46:19,73.1,95.7,26727,49716,ok
02:46:20,70.3,95.7,25681,48534,ok
02:46:21,72.1,96.7,26135,48871,ok
02:46:22,71.5,95.2,26011,49077,ok
02:46:23,71.5,95.4,26272,48310,ok
02:46:24,75.3,96.5,26728,48043,ok
02:46:25,73.1,95.7,26776,49193,ok
02:46:26,69.5,96.2,25817,48427,ok
02:46:27,70.5,95.5,26278,49285,ok
02:46:28,70.5,96.1,26831,49369,ok
02:46:29,72.6,97.2,26662,49084,ok
02:46:30,72.3,96.6,25022,48066,ok
02:46:31,72.0,96.2,26935,49559,ok
02:46:32,70.4,95.7,26566,49158,ok
02:46:33,73.0,96.8,26795,48373,ok
02:46:34,72.9,96.6,25908,49325,ok
02:46:35,70.2,97.0,25964,48674,ok
02:46:36,72.4,96.0,25451,48454,ok
02:46:37,68.5,96.2,26204,48163,ok
02:46:38,72.7,96.8,26429,48683,ok
02:46:39,72.7,96.4,25244,49951,ok
02:46:40,74.3,96.4,26518,48414,ok
02:46:41,74.3,95.6,25427,48664,ok
02:46:42,72.4,96.0,25383,49019,ok
02:46:43,69.9,95.9,25248,49756,ok
02:46:44,73.7,96.4,25335,48192,ok
02:46:45,70.7,95.6,25290,48037,ok
02:46:46,73.0,94.2,26266,48515,ok
02:46:47,72.0,96.3,26749,48074,ok
02:46:48,71.3,96.1,26784,49867,ok
02:46:49,72.2,95.8,25808,49139,ok
02:46:50,72.4,96.4,26754,49104,ok
02:46:51,71.5,95.4,26070,49708,ok
02:46:52,74.0,95.2,26688,48941,ok
02:46:53,68.7,95.9,26549,48934,ok
02:46:54,71.2,95.9,25471,49226,ok
02:46:55,73.0,95.7,25611,49658,ok
02:46:56,71.0,96.2,26965,49653,ok
02:46:57,73.1,95.4,26114,49664,ok
02:46:58,72.6,96.4,26682,48614,ok
02:46:59,69.6,96.2,26928,49098,ok
02:47:00,71.8,96.4,25850,48772,ok
02:47:01,69.4,95.5,26324,48053,ok
02:47:02,76.0,96.3,26677,48262,ok
02:47:03,72.2,95.3,26884,48562,ok
02:47:04,74.7,95.2,26854,48301,ok
02:47:05,72.7,95.7,25728,49428,ok
02:47:06,73.8,96.7,25222,48145,ok
02:47:07,72.1,95.7,25447,49277,ok
02:47:08,71.5,96.5,25387,49453,ok
02:47:09,67.7,96.1,25044,49848,ok
02:47:10,71.7,96.5,25548,49486,ok
02:47:11,76.2,96.2,25623,49436,ok
02:47:12,71.3,94.8,25826,49895,ok
02:47:13,75.0,96.5,25191,49856,ok
02:47:14,70.8,95.8,26394,49956,ok
02:47:15,68.4,96.7,26036,49792,ok
02:47:16,70.0,96.1,25216,49780,ok
02:47:17,70.5,95.2,25760,49581,ok
02:47:18,72.0,96.4,26336,48717,ok
02:47:19,74.4,95.2,26804,48512,ok
02:47:20,70.1,95.5,26379,48763,ok
02:47:21,72.7,95.8,25974,48421,ok
02:47:22,75.0,95.9,25670,49934,ok
02:47:23,74.1,95.5,25541,48584,ok
02:47:24,72.2,95.2,25807,49637,ok
02:47:25,71.4,96.0,25150,48545,ok
02:47:26,73.7,96.1,25791,48936,ok
02:47:27,70.0,95.8,26027,49707,ok
02:47:28,67.2,95.8,26854,48377,ok
02:47:29,73.7,96.7,26884,49649,ok
02:47:30,72.8,96.5,26707,48091,ok
02:47:31,74.0,96.7,26505,48176,ok
02:47:32,73.2,94.5,26036,49423,ok
02:47:33,71.5,96.1,26231,48069,ok
02:47:34,72.9,96.5,26545,48203,ok
02:47:35,69.8,97.0,26363,49806,ok
02:47:36,71.9,96.1,25530,49080,ok
02:47:37,71.8,95.2,26033,48081,ok
02:47:38,71.7,95.8,26157,48541,ok
02:47:39,69.4,96.5,25068,48259,ok
02:47:40,68.4,96.2,25678,49436,ok
02:47:41,70.0,95.1,26787,49532,ok
02:47:42,71.5,96.3,26507,49722,ok
02:47:43,72.8,95.9,25363,48710,ok
02:47:44,72.2,96.6,26150,48049,ok
02:47:45,73.8,95.7,26634,48503,ok
02:47:46,72.7,95.1,25166,49519,ok
02:47:47,73.5,96.2,25915,48045,ok
02:47:48,71.2,96.6,25051,48551,ok
02:47:49,73.3,96.8,26374,49610,ok
02:47:50,73.4,95.7,25613,49247,ok
02:47:51,69.9,95.6,26604,48578,ok
02:47:52,70.8,96.7,25837,49041,ok
02:47:53,70.4,96.8,26204,48439,ok
02:47:54,70.4,96.7,26677,49999,ok
02:47:55,72.7,96.0,26569,49715,ok
02:47:56,70.3,95.8,25650,48313,ok
02:47:57,71.8,95.6,26007,49093,ok
02:47:58,77.4,96.3,26925,49947,ok
02:47:59,76.8,96.4,26587,49416,ok
02:48:00,72.4,96.7,26496,49428,ok
02:48:01,67.0,97.2,25317,49134,ok
02:48:02,70.2,96.9,26163,49901,ok
02:48:03,70.6,97.1,26223,48198,ok
02:48:04,73.6,97.5,25532,49886,ok
02:48:05,71.3,96.9,25632,49787,ok
02:48:06,69.6,96.0,26178,49866,ok
02:48:07,68.0,96.9,26955,48928,ok
02:48:08,67.9,96.5,25297,49605,ok
02:48:09,69.2,96.9,25410,48095,ok
02:48:10,70.9,96.8,26125,49240,ok
02:48:11,72.1,97.4,26763,48873,ok
02:48:12,70.9,96.5,26854,48593,ok
02:48:13,72.4,96.7,26622,49376,ok
02:48:14,71.8,97.1,25783,49072,ok
02:48:15,67.5,96.1,25226,49087,ok
02:48:16,68.4,96.9,26966,49661,ok
02:48:17,74.4,98.1,25156,48073,ok
02:48:18,69.2,97.4,25926,48819,ok
02:48:19,71.4,97.3,25947,49044,ok
02:48:20,71.4,97.0,25165,49467,ok
02:48:21,71.1,96.6,25608,48924,ok
02:48:22,66.8,97.1,26466,49736,ok
02:48:23,71.6,96.7,26421,49214,ok
02:48:24,72.1,97.4,26946,48351,ok
02:48:25,67.1,96.8,26121,49574,ok
02:48:26,72.3,96.8,25973,49953,ok
02:48:27,71.1,96.7,25685,48045,ok
02:48:28,72.8,97.3,26488,49604,ok
02:48:29,70.0,96.2,25128,48079,ok
02:48:30,68.8,96.7,25950,49426,ok
02:48:31,70.7,96.8,25247,49213,ok
02:48:32,73.8,96.4,25614,49745,ok
02:48:33,69.7,96.9,26576,49469,ok
02:48:34,71.5,97.1,25964,48688,ok
02:48:35,71.1,97.9,26626,48086,ok
02:48:36,70.1,96.0,25990,49787,ok
02:48:37,77.6,97.5,26656,49879,ok
02:48:38,68.7,96.8,25737,49322,ok
02:48:39,68.1,96.7,26955,49560,ok
02:48:40,70.9,97.1,26365,49381,ok
02:48:41,66.8,96.6,25383,48007,ok
02:48:42,69.0,97.1,26085,48612,ok
02:48:43,70.7,97.4,26671,49921,ok
02:48:44,70.4,97.8,26967,48792,ok
02:48:45,69.5,97.3,25585,48282,ok
02:48:46,70.5,96.8,25267,49498,ok
02:48:47,70.3,97.1,25137,48491,ok
02:48:48,67.8,96.8,25950,48794,ok
02:48:49,66.5,96.6,25374,48280,ok
02:48:50,69.4,97.3,26238,49738,ok
02:48:51,71.1,96.6,26610,48635,ok
02:48:52,68.0,96.4,25145,48978,ok
02:48:53,72.6,96.2,26055,48337,ok
02:48:54,66.1,96.8,25509,49575,ok
02:48:55,68.9,96.9,26070,48498,ok
02:48:56,69.0,96.3,26425,49281,ok
02:48:57,69.3,97.4,25654,48788,ok
02:48:58,70.3,97.5,26755,48445,ok
02:48:59,68.8,96.4,26477,48096,ok
02:49:00,73.3,96.4,25491,48669,ok
02:49:01,71.1,96.7,25620,48051,ok
02:49:02,69.3,96.8,25054,49224,ok
02:49:03,67.6,97.4,26844,48862,ok
02:49:04,69.3,97.2,26296,49519,ok
02:49:05,68.3,96.3,25816,48923,ok
02:49:06,70.3,97.6,25916,49326,ok
02:49:07,69.6,96.9,25692,49969,ok
02:49:08,66.6,97.7,25578,49758,ok
02:49:09,68.4,97.2,25517,48414,ok
02:49:10,69.4,97.2,26174,49099,ok
02:49:11,68.5,97.1,25548,49215,ok
02:49:12,70.4,97.6,25003,48444,ok
02:49:13,68.5,96.7,26991,48592,ok
02:49:14,70.6,96.8,25342,49415,ok
02:49:15,70.8,97.0,26267,48010,ok
02:49:16,70.7,97.2,26819,48159,ok
02:49:17,71.2,96.2,26530,49449,ok
02:49:18,70.1,96.7,25069,48056,ok
02:49:19,72.0,96.6,26877,48983,ok
02:49:20,70.2,96.1,25022,49726,ok
02:49:21,72.4,96.3,25581,48719,ok
02:49:22,71.7,96.3,25114,48466,ok
02:49:23,71.8,96.2,26234,49518,ok
02:49:24,74.3,96.5,25871,49400,ok
02:49:25,67.1,96.2,26686,49306,ok
02:49:26,70.9,96.1,25082,48660,ok
02:49:27,69.7,97.1,26912,49053,ok
02:49:28,65.7,96.5,26532,49902,ok
02:49:29,69.6,97.1,26006,49319,ok
02:49:30,68.3,96.6,25468,49841,ok
02:49:31,68.0,96.2,26696,48412,ok
02:49:32,67.0,97.6,26216,49107,ok
02:49:33,68.8,96.6,25106,49090,ok
02:49:34,69.9,97.3,26727,49779,ok
02:49:35,66.1,97.5,25328,49406,ok
02:49:36,71.6,97.6,25327,49123,ok
02:49:37,73.3,97.0,26518,48756,ok
02:49:38,69.2,97.6,25562,49032,ok
02:49:39,71.2,97.0,25789,48748,ok
02:49:40,70.5,97.2,25613,49220,ok
02:49:41,67.7,97.2,26572,48226,ok
02:49:42,70.7,97.2,25525,48699,ok
02:49:43,70.5,96.5,26397,48539,ok
02:49:44,70.8,96.8,25292,49047,ok
02:49:45,73.0,97.5,26306,49016,ok
02:49:46,68.5,97.1,26134,49585,ok
02:49:47,70.8,97.4,26984,48331,ok
02:49:48,69.5,96.7,25061,48783,ok
02:49:49,71.8,97.0,26290,48169,ok
02:49:50,72.1,97.6,26386,48081,ok
02:49:51,70.5,95.8,26179,49246,ok
02:49:52,68.7,97.9,26892,49879,ok
02:49:53,66.2,96.6,26685,49441,ok
02:49:54,72.3,97.0,25826,49307,ok
02:49:55,71.4,96.3,26796,48851,ok
02:49:56,69.0,96.7,25909,49841,ok
02:49:57,71.0,97.8,26381,49217,ok
02:49:58,72.5,96.7,25548,49362,ok
02:49:59,71.0,97.1,26153,49070,ok
02:50:00,70.5,97.7,25670,48377,ok
02:50:01,73.1,97.3,25181,49667,ok
02:50:02,67.3,97.5,26488,48944,ok
02:50:03,68.7,97.1,26449,48044,ok
02:50:04,68.2,97.1,26324,49917,ok
02:50:05,71.8,96.7,26294,48948,ok
02:50:06,70.7,96.6,25086,48212,ok
02:50:07,67.0,97.0,26197,48021,ok
02:50:08,68.5,96.3,25974,48488,ok
02:50:09,72.3,97.1,26696,48351,ok
02:50:10,71.4,97.3,26513,49229,ok
02:50:11,66.7,96.7,25640,49849,ok
02:50:12,71.2,96.7,26932,49478,ok
02:50:13,69.3,96.9,25373,49770,ok
02:50:14,71.7,96.5,26653,49171,ok
02:50:15,73.7,98.1,25767,49639,ok
02:50:16,67.3,96.7,25636,49569,ok
02:50:17,71.5,96.9,26715,48104,ok
02:50:18,71.2,97.0,25588,48559,ok
02:50:19,72.7,97.4,26943,49154,ok
02:50:20,71.3,96.8,25002,48553,ok
02:50:21,69.5,97.2,25179,49591,ok
02:50:22,66.4,96.5,25617,48573,ok
02:50:23,72.0,97.1,26487,48550,ok
02:50:24,71.6,97.6,26313,48822,ok
02:50:25,72.4,96.6,25699,48592,ok
02:50:26,71.0,96.5,25086,49687,ok
02:50:27,70.2,96.5,26891,49532,ok
02:50:28,72.2,96.9,25358,49837,ok
02:50:29,71.3,97.5,26502,48938,ok
02:50:30,70.8,96.4,26092,48266,ok
02:50:31,71.9,97.4,25712,49706,ok
02:50:32,69.6,96.8,25673,48528,ok
02:50:33,66.1,97.3,26598,49392,ok
02:50:34,67.6,97.1,26865,48298,ok
02:50:35,67.6,97.7,25360,48586,ok
02:50:36,68.6,97.3,25860,49637,ok
02:50:37,70.6,96.6,26189,48004,ok
02:50:38,67.6,97.1,26413,49015,ok
02:50:39,71.6,96.6,26070,49956,ok
02:50:40,70.6,97.3,25595,49981,ok
02:50:41,69.1,97.7,26980,48833,ok
02:50:42,67.6,97.1,26288,49292,ok
02:50:43,69.8,97.2,25574,48495,ok
02:50:44,69.2,96.4,26373,48063,ok
02:50:45,68.3,96.9,25828,48909,ok
02:50:46,67.5,97.5,25947,48851,ok
02:50:47,71.3,96.0,26254,48698,ok
02:50:48,69.2,97.0,25168,48227,ok
02:50:49,71.1,97.2,25263,49662,ok
02:50:50,71.1,97.2,26655,48439,ok
02:50:51,69.6,96.4,25269,49504,ok
02:50:52,71.1,97.7,26965,48179,ok
02:50:53,68.5,97.3,25892,49745,ok
02:50:54,70.7,97.5,25362,48287,ok
02:50:55,69.9,96.5,26399,48280,ok
02:50:56,70.3,96.8,25107,49520,ok
02:50:57,68.1,98.3,25289,48264,ok
02:50:58,70.7,96.6,26139,49765,ok
02:50:59,69.3,96.6,25061,48427,ok
02:51:00,68.0,96.5,25793,48410,ok
02:51:01,70.5,96.7,25977,48540,ok
02:51:02,70.0,97.3,26544,48959,ok
02:51:03,71.1,96.9,26958,48823,ok
02:51:04,68.7,96.8,25558,48845,ok
02:51:05,68.9,97.2,25910,49306,ok
02:51:06,68.4,97.3,26513,48043,ok
02:51:07,69.4,96.0,25249,48537,ok
02:51:08,73.5,97.3,26771,48291,ok
02:51:09,70.0,97.1,25587,48718,ok
02:51:10,76.2,96.6,25135,49738,ok
02:51:11,69.3,97.1,25017,48480,ok
02:51:12,70.3,97.3,25033,48567,ok
02:51:13,66.7,96.7,26033,48696,ok
02:51:14,70.0,97.5,26897,49212,ok
02:51:15,70.1,97.4,25488,49014,ok
02:51:16,72.6,96.8,25496,49640,ok
02:51:17,74.2,96.7,25092,48474,ok
02:51:18,66.1,96.9,26227,49119,ok
02:51:19,72.3,97.2,26385,49483,ok
02:51:20,67.3,96.4,26709,49579,ok
02:51:21,67.6,96.7,26030,48172,ok
02:51:22,70.5,96.8,25699,49526,ok
02:51:23,71.4,96.4,26518,49315,ok
02:51:24,68.3,96.7,25289,49651,ok
02:51:25,68.1,96.2,25437,49255,ok
02:51:26,71.4,96.9,26775,49600,ok
02:51:27,72.6,96.1,25256,48106,ok
02:51:28,70.7,96.9,25363,49305,ok
02:51:29,68.7,97.2,25280,48654,ok
02:51:30,68.4,97.3,25720,49252,ok
02:51:31,67.4,96.9,25776,48208,ok
02:51:32,68.4,96.4,26116,49920,ok
02:51:33,69.6,96.7,25855,49462,ok
02:51:34,69.3,96.8,26856,49436,ok
02:51:35,69.9,97.7,25427,49207,ok
02:51:36,67.2,97.4,25624,48461,ok
02:51:37,69.8,95.9,25347,48677,ok
02:51:38,69.6,97.0,26673,49289,ok
02:51:39,71.1,97.6,26829,48190,ok
02:51:40,72.4,97.1,25209,48665,ok
02:51:41,68.1,97.9,26663,49296,ok
02:51:42,69.1,97.4,26746,49841,ok
02:51:43,66.4,97.7,25123,48714,ok
02:51:44,72.0,96.6,25944,49834,ok
02:51:45,67.0,97.1,26949,48481,ok
02:51:46,69.9,97.1,25560,48164,ok
02:51:47,70.3,97.3,26246,49077,ok
02:51:48,71.3,96.8,26545,48059,ok
02:51:49,74.5,97.3,26732,48853,ok
02:51:50,71.2,96.6,25190,49686,ok
02:51:51,67.8,97.2,26348,49080,ok
02:51:52,71.3,96.6,26949,49978,ok
02:51:53,68.1,97.2,25888,48752,ok
02:51:54,70.9,96.8,25742,48750,ok
02:51:55,72.3,96.2,26331,48897,ok
02:51:56,69.3,96.7,25820,48703,ok
02:51:57,72.6,97.3,26037,48068,ok
02:51:58,73.9,97.4,26241,48558,ok
02:51:59,69.5,97.7,26186,49298,ok
02:52:00,70.3,97.6,26200,49618,ok
02:52:01,72.2,97.7,25267,48943,ok
02:52:02,68.2,97.0,26671,48229,ok
02:52:03,71.7,97.1,25404,48491,ok
02:52:04,70.6,97.4,26425,48242,ok
02:52:05,68.2,96.6,25531,48784,ok
02:52:06,72.1,97.1,25503,48808,ok
02:52:07,70.6,96.5,26488,48233,ok
02:52:08,67.7,97.4,25745,49701,ok
02:52:09,66.9,97.1,25433,48245,ok
02:52:10,71.2,97.6,26197,48208,ok
02:52:11,69.2,96.3,25238,48902,ok
02:52:12,68.3,96.8,25721,49849,ok
02:52:13,69.3,95.8,25044,48861,ok
02:52:14,67.6,97.7,26781,49984,ok
02:52:15,72.8,97.2,26267,49433,ok
02:52:16,67.9,97.3,26220,49540,ok
02:52:17,69.0,96.6,26987,48113,ok
02:52:18,72.3,96.6,26680,48790,ok
02:52:19,70.1,97.3,25126,49323,ok
02:52:20,65.2,96.9,25269,48803,ok
02:52:21,71.2,97.3,25519,49326,ok
02:52:22,70.5,96.5,26879,49361,ok
02:52:23,69.7,97.0,25212,49376,ok
02:52:24,72.4,97.0,25605,48900,ok
02:52:25,67.8,97.7,26553,48760,ok
02:52:26,69.4,97.0,25159,48969,ok
02:52:27,71.1,96.8,25354,48942,ok
02:52:28,70.1,96.8,26504,49216,ok
02:52:29,70.0,96.6,26273,49052,ok
02:52:30,69.2,97.5,26743,49929,ok
02:52:31,73.2,96.2,25214,48337,ok
02:52:32,72.1,96.9,26344,48791,ok
02:52:33,69.5,96.3,25884,49107,ok
02:52:34,72.4,96.2,26988,48087,ok
02:52:35,71.1,96.5,26627,48731,ok
02:52:36,73.0,97.1,25187,49582,ok
02:52:37,72.2,96.4,25553,48696,ok
02:52:38,72.1,96.7,25115,48975,ok
02:52:39,69.5,96.9,26700,49269,ok
02:52:40,70.9,97.9,25195,49088,ok
02:52:41,71.0,96.5,26110,48778,ok
02:52:42,67.6,97.4,25685,49257,ok
02:52:43,69.9,96.9,26564,49868,ok
02:52:44,71.3,95.9,26467,48061,ok
02:52:45,73.8,96.9,25066,48976,ok
02:52:46,69.6,97.3,25507,48380,ok
02:52:47,68.4,96.7,25920,49372,ok
02:52:48,72.4,96.5,25174,48871,ok
02:52:49,66.0,96.6,25963,48258,ok
02:52:50,70.3,96.5,25369,48687,ok
02:52:51,71.6,97.3,26721,48085,ok
02:52:52,73.3,96.8,25946,48754,ok
02:52:53,70.1,97.1,25395,49242,ok
02:52:54,65.5,96.6,26322,49411,ok
02:52:55,72.2,97.4,25233,48983,ok
02:52:56,68.9,97.9,26486,48979,ok
02:52:57,68.6,96.6,26349,48937,ok
02:52:58,72.0,97.0,26356,48989,ok
02:52:59,68.1,97.1,25525,48997,ok
02:53:00,62.5,97.5,25511,49147,ok
02:53:01,62.5,97.5,26764,48140,ok
02:53:02,64.0,97.3,25069,48929,ok
02:53:03,65.1,97.2,26469,49922,ok
02:53:04,63.6,97.3,25198,48724,ok
02:53:05,64.1,97.3,26143,48761,ok
02:53:06,67.2,97.0,25311,49016,ok
02:53:07,61.7,97.0,26397,49552,ok
02:53:08,65.0,97.0,25478,49614,ok
02:53:09,65.5,96.6,25729,49730,ok
02:53:10,64.8,96.7,26713,48564,ok
02:53:11,64.7,96.9,25337,48109,ok
02:53:12,64.0,97.1,25205,48001,ok
02:53:13,64.6,97.1,25814,48884,ok
02:53:14,66.5,96.3,25417,48262,ok
02:53:15,68.6,97.9,25146,48965,ok
02:53:16,64.2,96.9,25043,49868,ok
02:53:17,66.3,97.1,25475,49042,ok
02:53:18,63.2,97.0,25517,48983,ok
02:53:19,62.9,96.6,25097,49750,ok
02:53:20,67.6,98.0,25322,48640,ok
02:53:21,61.9,96.7,26851,48472,ok
02:53:22,65.0,97.0,26153,49533,ok
02:53:23,64.0,96.3,26435,48794,ok
02:53:24,63.6,96.3,25085,48251,ok
02:53:25,63.4,97.1,26570,48898,ok
02:53:26,63.5,96.9,25589,49684,ok
02:53:27,60.9,96.7,26500,48023,ok
02:53:28,61.8,96.8,26146,49405,ok
02:53:29,68.8,97.3,25449,49637,ok
02:53:30,64.7,97.3,25547,48706,ok
02:53:31,66.1,97.7,25810,48858,ok
02:53:32,63.6,96.5,26247,49907,ok
02:53:33,70.2,96.2,25907,48041,ok
02:53:34,63.8,96.8,25586,48800,ok
02:53:35,60.8,97.5,25072,48824,ok
02:53:36,65.7,96.9,25731,48132,ok
02:53:37,64.3,97.7,25298,48004,ok
02:53:38,63.9,95.9,25000,48917,ok
02:53:39,65.0,97.1,25292,48544,ok
02:53:40,62.3,97.7,25287,49599,ok
02:53:41,66.4,96.9,26996,49524,ok
02:53:42,64.8,97.4,26405,48026,ok
02:53:43,64.8,97.0,25979,48169,ok
02:53:44,67.1,97.1,25592,48368,ok
02:53:45,64.7,96.3,26223,49953,ok
02:53:46,66.0,96.1,26766,48942,ok
02:53:47,64.7,96.6,26527,49545,ok
02:53:48,64.8,96.5,25409,49419,ok
02:53:49,65.6,97.3,25020,48899,ok
02:53:50,63.7,98.4,26473,48199,ok
02:53:51,63.1,96.9,26665,48858,ok
02:53:52,65.7,97.5,25297,48194,ok
02:53:53,65.4,96.5,26264,49562,ok
02:53:54,63.6,97.0,25068,48392,ok
02:53:55,63.7,96.8,25713,49514,ok
02:53:56,66.0,96.4,26303,49248,ok
02:53:57,65.4,97.2,26880,49581,ok
02:53:58,64.1,97.3,25874,48661,ok
02:53:59,68.6,97.5,26679,48101,ok
02:54:00,67.6,96.9,26994,49281,ok
02:54:01,66.2,97.1,26592,49884,ok
02:54:02,63.1,97.5,25367,48365,ok
02:54:03,65.0,97.2,26224,48210,ok
02:54:04,63.6,97.2,25364,48614,ok
02:54:05,62.0,97.0,26957,49528,ok
02:54:06,63.9,97.9,25395,49809,ok
02:54:07,60.4,96.6,26360,49273,ok
02:54:08,61.6,97.2,26947,49363,ok
02:54:09,66.7,97.0,25848,48007,ok
02:54:10,64.5,96.3,25376,48526,ok
02:54:11,64.3,97.0,25880,48847,ok
02:54:12,62.0,97.1,25825,48581,ok
02:54:13,61.9,98.3,26880,48902,ok
02:54:14,65.5,97.2,25976,49551,ok
02:54:15,63.7,96.5,25011,49113,ok
02:54:16,64.3,96.5,25997,48233,ok
02:54:17,65.7,98.0,25356,48907,ok
02:54:18,63.7,97.9,26422,48465,ok
02:54:19,66.1,97.0,25039,48181,ok
02:54:20,63.8,96.1,26043,48078,ok
02:54:21,63.4,96.8,25945,48345,ok
02:54:22,66.5,96.4,25957,48993,ok
02:54:23,65.8,96.7,26222,48835,ok
02:54:24,64.4,95.8,25728,48462,ok
02:54:25,63.7,96.5,26980,49584,ok
02:54:26,68.1,97.1,26386,49202,ok
02:54:27,64.6,97.1,25643,49909,ok
02:54:28,65.3,96.9,25101,48028,ok
02:54:29,62.3,96.0,26711,49487,ok
02:54:30,65.4,96.9,25507,49128,ok
02:54:31,63.8,96.9,26631,49334,ok
02:54:32,63.8,96.4,26560,49255,ok
02:54:33,67.1,97.2,26238,48858,ok
02:54:34,64.7,95.7,26644,48334,ok
02:54:35,61.0,97.5,25024,49804,ok
02:54:36,66.8,97.3,25837,49120,ok
02:54:37,68.3,97.7,26818,49564,ok
02:54:38,65.6,97.8,25025,48383,ok
02:54:39,65.7,96.9,25560,48145,ok
02:54:40,61.8,97.2,26144,49441,ok
02:54:41,66.8,96.7,25307,49319,ok
02:54:42,64.1,96.8,26021,49289,ok
02:54:43,66.2,96.8,25345,49723,ok
02:54:44,64.1,96.1,25987,48011,ok
02:54:45,69.3,96.4,26430,48707,ok
02:54:46,64.2,96.8,25171,49826,ok
02:54:47,64.4,95.9,25456,49217,ok
02:54:48,65.5,96.7,25241,49831,ok
02:54:49,65.8,96.7,25174,49905,ok
02:54:50,62.8,97.3,25459,49945,ok
02:54:51,63.4,97.0,26580,49752,ok
02:54:52,66.3,96.9,26065,48425,ok
02:54:53,66.9,97.2,25281,48079,ok
02:54:54,66.6,97.3,26762,49843,ok
02:54:55,65.4,96.5,25951,48403,ok
02:54:56,64.4,96.3,25559,48483,ok
02:54:57,67.6,96.9,25046,49512,ok
02:54:58,65.4,97.7,26081,49552,ok
02:54:59,63.0,96.6,25091,48543,ok
02:55:00,65.0,96.0,25166,49513,ok
02:55:01,66.4,97.9,25919,49745,ok
02:55:02,69.8,96.9,26991,49680,ok
02:55:03,60.0,97.1,26283,49102,ok
02:55:04,65.0,96.6,26629,48320,ok
02:55:05,65.4,97.5,26011,49631,ok
02:55:06,64.7,96.8,25564,48233,ok
02:55:07,68.9,96.8,26634,49588,ok
02:55:08,65.0,97.0,25532,49065,ok
02:55:09,63.2,95.8,26334,49072,ok
02:55:10,63.0,97.9,25244,48369,ok
02:55:11,65.7,97.1,26852,48813,ok
02:55:12,64.3,97.3,26377,49564,ok
02:55:13,68.6,97.1,26039,48522,ok
02:55:14,63.8,97.2,26349,48397,ok
02:55:15,62.9,97.2,25894,48626,ok
02:55:16,68.6,96.9,26464,48162,ok
02:55:17,63.0,97.2,26598,49759,ok
02:55:18,67.6,96.2,26459,49871,ok
02:55:19,67.6,96.6,25778,49186,ok
02:55:20,64.1,96.9,25653,48550,ok
02:55:21,61.8,97.4,25057,48268,ok
02:55:22,65.6,97.5,25840,49737,ok
02:55:23,63.5,98.0,25211,48164,ok
02:55:24,66.1,95.9,26536,48298,ok
02:55:25,65.8,97.5,26633,48301,ok
02:55:26,62.8,96.4,25376,48422,ok
02:55:27,63.2,97.0,26220,48898,ok
02:55:28,65.4,97.5,25524,48395,ok
02:55:29,64.6,96.7,25499,49492,ok
02:55:30,65.4,96.7,26994,49025,ok
02:55:31,66.4,96.9,26615,49159,ok
02:55:32,69.0,97.1,25331,48618,ok
02:55:33,67.6,96.8,25199,48363,ok
02:55:34,64.0,96.6,26623,48601,ok
02:55:35,66.9,98.1,26791,49066,ok
02:55:36,67.4,97.2,25795,48317,ok
02:55:37,67.1,96.8,25412,49104,ok
02:55:38,64.1,97.4,26484,48495,ok
02:55:39,63.3,97.4,26990,48559,ok
02:55:40,65.8,97.7,26962,48493,ok
02:55:41,66.5,97.0,25203,48615,ok
02:55:42,64.1,97.5,25224,49963,ok
02:55:43,67.5,96.6,25012,48500,ok
02:55:44,62.1,97.1,26918,48257,ok
02:55:45,65.0,96.8,25372,48075,ok
02:55:46,65.7,97.2,25546,49682,ok
02:55:47,64.7,96.9,26785,48091,ok
02:55:48,63.5,96.2,26110,49696,ok
02:55:49,65.5,98.0,26057,48966,ok
02:55:50,66.7,96.8,26164,48411,ok
02:55:51,65.4,97.3,25392,49395,ok
02:55:52,62.7,96.3,26385,49128,ok
02:55:53,64.5,96.7,26542,49867,ok
02:55:54,67.7,96.7,26885,48020,ok
02:55:55,63.1,96.7,26779,48710,ok
02:55:56,64.0,96.7,26110,48740,ok
02:55:57,63.3,96.7,25681,48008,ok
02:55:58,66.4,96.1,25020,48934,ok
02:55:59,65.4,97.5,26644,49971,ok
02:56:00,64.5,96.3,25880,49062,ok
02:56:01,62.8,97.3,26315,48025,ok
02:56:02,64.9,98.0,25389,49453,ok
02:56:03,64.7,96.4,26303,48703,ok
02:56:04,61.6,96.7,25704,49797,ok
02:56:05,61.6,97.0,25246,49498,ok
02:56:06,64.1,96.8,26515,49682,ok
02:56:07,64.9,97.5,25462,49744,ok
02:56:08,70.6,97.4,25017,48636,ok
02:56:09,64.4,97.4,25485,48600,ok
02:56:10,64.5,97.1,25538,48027,ok
02:56:11,66.0,95.7,25510,49824,ok
02:56:12,63.5,96.7,25931,48121,ok
02:56:13,65.9,97.0,25934,49379,ok
02:56:14,65.4,97.4,26584,48498,ok
02:56:15,61.8,96.9,25929,48039,ok
02:56:16,66.9,97.9,26872,48678,ok
02:56:17,66.5,96.8,26852,48875,ok
02:56:18,69.9,97.4,26735,49729,ok
02:56:19,62.9,96.9,26051,48024,ok
02:56:20,65.4,96.9,25201,48231,ok
02:56:21,61.5,96.6,26546,48268,ok
02:56:22,65.9,96.6,25066,48515,ok
02:56:23,65.7,96.5,26703,48465,ok
02:56:24,67.4,95.6,25238,48476,ok
02:56:25,66.1,97.9,26371,48835,ok
02:56:26,64.2,96.9,26885,48183,ok
02:56:27,62.6,97.3,25845,49859,ok
02:56:28,65.0,98.0,26565,48260,ok
02:56:29,65.2,96.7,26284,49310,ok
02:56:30,65.0,95.7,26660,49655,ok
02:56:31,64.5,96.3,25444,49203,ok
02:56:32,67.6,96.9,26147,48600,ok
02:56:33,66.8,97.8,25168,48070,ok
02:56:34,65.0,97.5,25496,49116,ok
02:56:35,66.4,97.3,25662,48360,ok
02:56:36,66.1,96.6,26425,49743,ok
02:56:37,62.0,95.9,26800,48676,ok
02:56:38,63.4,96.6,26778,49681,ok
02:56:39,66.5,97.0,25059,49000,ok
02:56:40,63.0,96.1,26122,48238,ok
02:56:41,64.2,97.0,26465,49525,ok
02:56:42,63.8,96.3,26544,48385,ok
02:56:43,66.4,97.3,25302,49443,ok
02:56:44,64.0,96.3,25486,49135,ok
02:56:45,62.7,97.4,26068,48369,ok
02:56:46,62.9,96.9,25853,49542,ok
02:56:47,64.5,97.1,26387,48196,ok
02:56:48,62.7,97.5,26774,49280,ok
02:56:49,66.9,96.8,25469,49902,ok
02:56:50,62.9,96.6,26507,49321,ok
02:56:51,63.2,96.7,25503,48974,ok
02:56:52,62.6,97.6,26797,48482,ok
02:56:53,66.8,97.9,25481,48067,ok
02:56:54,64.6,97.1,25701,49136,ok
02:56:55,64.9,97.6,26387,49236,ok
02:56:56,60.7,97.7,26677,48747,ok
02:56:57,60.8,97.8,26987,49410,ok
02:56:58,64.3,96.8,25453,49564,ok
02:56:59,68.9,96.9,25043,49371,ok
02:57:00,63.2,96.7,26058,48141,ok
02:57:01,65.7,97.2,25856,48527,ok
02:57:02,66.6,97.0,25640,49303,ok
02:57:03,65.1,97.0,26444,49083,ok
02:57:04,64.8,96.7,25603,48643,ok
02:57:05,64.3,97.2,25046,49905,ok
02:57:06,63.0,96.8,26461,48983,ok
02:57:07,66.7,97.1,25224,49460,ok
02:57:08,66.2,97.0,26249,49800,ok
02:57:09,62.5,96.7,26784,48772,ok
02:57:10,63.0,98.1,25112,49600,ok
02:57:11,67.2,97.2,25765,49827,ok
02:57:12,64.7,97.0,26790,49332,ok
02:57:13,64.5,97.3,26378,48652,ok
02:57:14,66.0,97.0,26565,48867,ok
02:57:15,65.2,97.4,26798,49648,ok
02:57:16,63.2,96.9,26333,49524,ok
02:57:17,68.7,96.9,25034,49876,ok
02:57:18,66.8,97.0,25028,48466,ok
02:57:19,65.7,96.2,25504,48105,ok
02:57:20,63.3,96.4,25706,49143,ok
02:57:21,63.4,96.1,25540,48488,ok
02:57:22,66.8,96.8,26607,49256,ok
02:57:23,65.0,96.8,25776,48226,ok
02:57:24,60.8,96.6,26334,48764,ok
02:57:25,61.1,97.3,26266,49720,ok
02:57:26,66.3,96.8,26917,49892,ok
02:57:27,63.5,96.2,25368,49417,ok
02:57:28,62.4,96.7,26314,48941,ok
02:57:29,66.1,96.5,26164,49525,ok
02:57:30,66.0,96.8,26919,49139,ok
02:57:31,66.3,97.2,26406,49499,ok
02:57:32,68.5,96.7,25068,48265,ok
02:57:33,63.9,96.6,26323,48176,ok
02:57:34,65.9,97.8,25340,49041,ok
02:57:35,64.2,95.5,26768,49508,ok
02:57:36,66.1,97.4,26386,49788,ok
02:57:37,66.2,96.5,25236,49951,ok
02:57:38,63.5,96.5,26461,48822,ok
02:57:39,62.2,97.0,26543,49620,ok
02:57:40,67.2,97.7,26701,49959,ok
02:57:41,63.0,96.1,26033,48897,ok
02:57:42,64.0,97.0,25356,48498,ok
02:57:43,64.3,97.7,26432,48641,ok
02:57:44,62.4,97.6,25289,48538,ok
02:57:45,67.2,96.9,26287,49206,ok
02:57:46,62.4,97.8,25013,49505,ok
02:57:47,62.0,97.0,25893,48576,ok
02:57:48,66.3,96.9,26364,49884,ok
02:57:49,63.7,96.6,26230,49769,ok
02:57:50,62.0,96.6,25395,49291,ok
02:57:51,62.9,97.5,26683,49640,ok
02:57:52,64.4,97.0,25857,48364,ok
02:57:53,63.8,96.6,25744,48133,ok
02:57:54,63.2,97.0,26231,48910,ok
02:57:55,68.0,97.1,25313,49760,ok
02:57:56,64.3,98.0,25271,48203,ok
02:57:57,64.9,96.5,25481,48581,ok
02:57:58,62.2,96.9,25224,49491,ok
02:57:59,65.5,97.0,25195,48668,ok
02:58:00,65.1,96.6,25294,48825,ok
02:58:01,65.0,97.1,25935,48666,ok
02:58:02,65.5,96.4,26231,48883,ok
02:58:03,63.1,97.0,25656,49287,ok
02:58:04,63.0,97.6,25737,48387,ok
02:58:05,65.1,97.5,26176,49551,ok
02:58:06,62.5,96.7,26985,49777,ok
02:58:07,62.3,97.4,25306,49022,ok
02:58:08,63.6,97.1,25444,49368,ok
02:58:09,61.6,97.0,26127,49381,ok
02:58:10,64.0,97.2,26921,48630,ok
02:58:11,64.1,96.8,25405,48203,ok
02:58:12,63.7,96.9,26010,48636,ok
02:58:13,61.2,97.2,26034,48056,ok
02:58:14,66.1,97.7,25478,49844,ok
02:58:15,64.4,96.0,26254,49459,ok
02:58:16,63.6,96.9,25989,49944,ok
02:58:17,62.6,96.8,26325,48965,ok
02:58:18,66.3,97.4,25826,48864,ok
02:58:19,64.8,97.3,26726,49497,ok
02:58:20,61.1,96.9,25676,48587,ok
02:58:21,63.0,97.7,25507,48129,ok
02:58:22,65.1,97.1,26125,49362,ok
02:58:23,66.7,96.2,26199,48167,ok
02:58:24,65.7,97.2,26494,48295,ok
02:58:25,63.7,97.3,26633,49058,ok
02:58:26,66.6,97.4,26683,48954,ok
02:58:27,62.3,97.2,26104,49358,ok
02:58:28,64.2,97.6,26739,49443,ok
02:58:29,63.0,97.9,26432,48262,ok
02:58:30,66.9,96.3,26554,49819,ok
02:58:31,66.6,96.7,26543,48751,ok
02:58:32,66.2,96.4,26144,49079,ok
02:58:33,64.2,96.5,25544,49716,ok
02:58:34,63.4,98.0,26849,48406,ok
02:58:35,63.0,97.0,26568,48900,ok
02:58:36,65.6,97.4,26917,49957,ok
02:58:37,67.2,96.3,26665,49977,ok
02:58:38,68.1,96.8,26210,49900,ok
02:58:39,62.2,96.4,26637,49481,ok
02:58:40,63.8,97.1,26255,48614,ok
02:58:41,63.4,97.0,26950,49576,ok
02:58:42,68.7,98.0,26116,48822,ok
02:58:43,63.6,96.7,25949,48247,ok
02:58:44,65.3,96.5,25488,49082,ok
02:58:45,63.1,96.9,25656,48928,ok
02:58:46,67.0,97.7,26555,49363,ok
02:58:47,64.0,97.7,26732,48757,ok
02:58:48,65.2,97.7,25387,48117,ok
02:58:49,66.5,97.8,26028,48345,ok
02:58:50,64.3,96.5,26385,49551,ok
02:58:51,66.4,97.0,26631,49492,ok
02:58:52,66.5,97.2,25609,49509,ok
02:58:53,63.1,97.8,26844,48747,ok
02:58:54,63.8,96.9,26592,48971,ok
02:58:55,64.0,98.5,25790,49793,ok
02:58:56,66.3,96.6,25533,48801,ok
02:58:57,67.8,96.9,25313,49791,ok
02:58:58,66.7,96.8,26234,49256,ok
02:58:59,65.0,98.0,25533,49239,ok
02:59:00,67.4,96.6,25010,49241,ok
02:59:01,65.5,97.2,26301,49755,ok
02:59:02,59.7,96.9,26704,48564,ok
02:59:03,62.8,97.0,25641,49984,ok
02:59:04,65.6,97.1,26678,49386,ok
02:59:05,69.9,97.1,25482,48599,ok
02:59:06,64.5,96.7,25592,49842,ok
02:59:07,65.9,97.2,26087,49859,ok
02:59:08,65.0,97.2,26605,49089,ok
02:59:09,63.4,96.6,26550,48503,ok
02:59:10,66.8,96.1,25667,48754,ok
02:59:11,65.8,97.4,25505,49396,ok
02:59:12,65.2,97.1,26376,48163,ok
02:59:13,62.0,97.0,26757,48432,ok
02:59:14,63.5,96.7,25784,49372,ok
02:59:15,63.3,96.3,26441,48572,ok
02:59:16,65.8,97.1,26983,48255,ok
02:59:17,66.3,96.6,25120,48749,ok
02:59:18,64.4,96.9,25213,49546,ok
02:59:19,63.9,96.8,26766,48583,ok
02:59:20,67.1,96.6,25520,49910,ok
02:59:21,63.4,97.7,26867,49347,ok
02:59:22,65.4,96.8,25868,48927,ok
02:59:23,66.1,97.4,26315,49873,ok
02:59:24,64.6,97.6,26135,49974,ok
02:59:25,67.3,96.6,26045,49377,ok
02:59:26,63.1,95.6,25760,48432,ok
02:59:27,66.5,95.8,26185,49504,ok
02:59:28,66.7,96.7,26111,49090,ok
02:59:29,67.1,97.8,25755,48431,ok
02:59:30,66.5,97.0,26776,49963,ok
02:59:31,64.4,98.2,26390,49826,ok
02:59:32,65.7,96.9,26015,49767,ok
02:59:33,65.2,97.4,26916,49719,ok
02:59:34,64.2,97.1,26646,49308,ok
02:59:35,65.5,97.2,26254,49123,ok
02:59:36,63.6,96.2,25130,48255,ok
02:59:37,65.5,97.0,25952,49311,ok
02:59:38,67.8,96.7,25482,49934,ok
02:59:39,65.5,97.3,25097,49044,ok
02:59:40,62.4,97.3,26449,49945,ok
02:59:41,66.0,97.6,25446,49417,ok
02:59:42,67.2,97.2,25738,48714,ok
02:59:43,69.9,96.4,25640,48253,ok
02:59:44,64.4,97.2,26019,49678,ok
02:59:45,65.7,96.0,26088,49482,ok
02:59:46,63.4,97.3,26531,49723,ok
02:59:47,63.7,96.8,26682,49346,ok
02:59:48,66.9,96.6,25894,49735,ok
02:59:49,64.5,96.5,26011,49410,ok
02:59:50,64.2,97.0,25474,48684,ok
02:59:51,68.6,97.5,25016,49431,ok
02:59:52,71.6,97.0,26144,48957,ok
02:59:53,64.1,97.6,26430,49161,ok
02:59:54,64.0,97.1,25731,49095,ok
02:59:55,63.8,97.5,26747,49482,ok
02:59:56,67.9,96.6,26940,49917,ok
02:59:57,67.5,97.3,26578,48920,ok
02:59:58,65.8,97.5,25333,49740,ok
02:59:59,65.2,96.6,26207,48999,ok
03:00:00,63.3,97.9,26521,48957,ok
03:00:01,63.4,96.3,25833,48987,ok
03:00:02,64.5,97.2,26603,48223,ok
03:00:03,64.8,97.1,25061,48153,ok
03:00:04,67.8,97.8,25194,49628,ok
03:00:05,62.4,97.3,26073,49494,ok
03:00:06,63.9,97.1,25330,49292,ok
03:00:07,65.5,97.8,25434,48624,ok
03:00:08,67.5,97.1,26326,48895,ok
03:00:09,64.1,97.1,26891,49203,ok
03:00:10,62.2,97.8,26524,49634,ok
03:00:11,67.0,97.7,26136,48725,ok
03:00:12,62.4,97.6,26735,49551,ok
03:00:13,65.3,97.1,25375,49217,ok
03:00:14,63.1,97.1,26723,48537,ok
03:00:15,64.6,97.4,25635,48961,ok
03:00:16,66.6,97.2,25527,49001,ok
03:00:17,70.6,97.5,26207,49545,ok
03:00:18,67.1,97.4,26048,48632,ok
03:00:19,68.9,97.3,26614,48029,ok
03:00:20,65.5,96.8,25825,48344,ok
03:00:21,60.4,98.1,26361,48597,ok
03:00:22,65.3,97.1,25581,49034,ok
03:00:23,62.6,97.1,25673,48934,ok
03:00:24,65.2,97.1,25496,49022,ok
03:00:25,61.7,96.7,26330,49964,ok
03:00:26,63.7,97.9,26772,49844,ok
03:00:27,67.4,96.8,26296,48306,ok
03:00:28,63.2,98.1,25645,49452,ok
03:00:29,64.0,96.9,26240,49223,ok
03:00:30,64.8,98.3,25395,49469,ok
03:00:31,65.2,97.9,25277,48939,ok
03:00:32,63.6,97.1,26483,48909,ok
03:00:33,66.1,97.3,25498,48400,ok
03:00:34,66.3,97.3,26125,48852,ok
03:00:35,65.2,96.5,26669,49934,ok
03:00:36,65.6,97.9,26709,48237,ok
03:00:37,64.2,97.5,26920,49319,ok
03:00:38,65.5,96.6,25109,49342,ok
03:00:39,65.9,96.8,26984,48335,ok
03:00:40,68.4,97.4,26081,48478,ok
03:00:41,66.7,97.0,26115,48525,ok
03:00:42,68.0,96.9,26236,48332,ok
03:00:43,62.3,97.4,25211,49703,ok
03:00:44,64.8,96.9,26677,49503,ok
03:00:45,63.0,95.9,25397,48053,ok
03:00:46,65.4,97.6,26860,48652,ok
03:00:47,64.3,96.7,25804,48609,ok
03:00:48,64.6,97.6,25237,48005,ok
03:00:49,63.1,96.2,26662,48052,ok
03:00:50,62.8,96.2,26623,48548,ok
03:00:51,62.2,97.6,26730,49915,ok
03:00:52,71.2,96.9,26644,49850,ok
03:00:53,71.2,97.0,26949,48573,ok
03:00:54,63.8,96.6,25837,48312,ok
03:00:55,64.6,98.0,25340,48568,ok
03:00:56,65.1,97.7,25301,48040,ok
03:00:57,66.9,97.7,26086,49740,ok
03:00:58,66.7,97.0,25605,49674,ok
03:00:59,66.3,96.8,26752,49321,ok
03:01:00,62.0,96.9,26213,48880,ok
03:01:01,62.5,97.2,25727,48609,ok
03:01:02,65.3,96.5,25030,49401,ok
03:01:03,66.6,97.6,25407,48295,ok
03:01:04,62.6,97.1,26187,48024,ok
03:01:05,66.8,97.2,25593,49430,ok
03:01:06,64.2,96.9,26487,48787,ok
03:01:07,66.3,97.2,26734,49462,ok
03:01:08,66.5,96.5,25168,48670,ok
03:01:09,65.6,96.8,25799,48451,ok
03:01:10,60.8,97.2,26748,49943,ok
03:01:11,64.9,96.8,26154,49427,ok
03:01:12,67.0,96.6,25596,49719,ok
03:01:13,66.4,97.4,26498,48562,ok
03:01:14,63.9,96.5,26857,48030,ok
03:01:15,65.8,97.0,25802,48288,ok
03:01:16,64.3,96.7,25571,48304,ok
03:01:17,70.1,97.4,26897,48921,ok
03:01:18,64.3,97.0,26653,48274,ok
03:01:19,65.4,97.4,26277,49442,ok
03:01:20,64.5,96.5,26115,48490,ok
03:01:21,68.2,96.4,25180,48427,ok
03:01:22,65.1,97.1,25067,48405,ok
03:01:23,67.3,97.6,26234,48335,ok
03:01:24,64.7,96.5,26730,48629,ok
03:01:25,66.2,96.6,25196,48947,ok
03:01:26,65.0,96.5,26328,48231,ok
03:01:27,64.1,97.1,25414,48388,ok
03:01:28,62.9,97.1,25799,48390,ok
03:01:29,65.1,96.3,25719,48935,ok
03:01:30,64.1,96.3,26367,48042,ok
03:01:31,65.7,97.4,26306,48227,ok
03:01:32,64.3,97.2,26007,48142,ok
03:01:33,65.5,97.3,25433,48705,ok
03:01:34,63.7,97.2,25825,49211,ok
03:01:35,64.7,96.2,26844,48622,ok
03:01:36,67.1,97.7,26713,49786,ok
03:01:37,65.4,96.2,26819,48815,ok
03:01:38,67.7,97.2,25502,48902,ok
03:01:39,67.3,97.0,25180,49450,ok
03:01:40,66.9,97.1,25246,49158,ok
03:01:41,63.7,97.0,25824,49287,ok
03:01:42,66.7,97.2,26588,48025,ok
03:01:43,65.1,96.8,25721,49797,ok
03:01:44,64.5,97.2,26341,49170,ok
03:01:45,61.4,96.9,26759,48328,ok
03:01:46,63.2,97.2,25715,48944,ok
03:01:47,65.3,97.3,25150,48659,ok
03:01:48,65.9,97.2,26879,49335,ok
03:01:49,65.2,97.5,26136,49128,ok
03:01:50,67.4,96.5,26381,49132,ok
03:01:51,67.7,96.8,26335,49286,ok
03:01:52,62.8,97.2,26270,48966,ok
03:01:53,61.6,96.8,25447,48671,ok
03:01:54,66.6,97.2,25575,48959,ok
03:01:55,62.8,96.7,25143,49519,ok
03:01:56,64.0,96.6,25358,48527,ok
03:01:57,66.1,97.1,26943,48328,ok
03:01:58,67.0,97.0,26434,49428,ok
03:01:59,67.5,96.4,25526,49149,ok
03:02:00,63.2,97.4,25304,48971,ok
03:02:01,63.5,97.0,26582,49431,ok
03:02:02,63.6,96.4,26967,49013,ok
03:02:03,63.3,96.1,26750,48532,ok
03:02:04,62.9,97.8,26226,48705,ok
03:02:05,65.5,96.7,25282,49278,ok
03:02:06,64.2,97.8,26920,49746,ok
03:02:07,62.3,96.7,25029,48962,ok
03:02:08,63.6,97.5,26427,48222,ok
03:02:09,62.0,96.6,26238,48089,ok
03:02:10,65.5,96.7,26442,48715,ok
03:02:11,57.0,97.0,26997,48364,ok
03:02:12,69.7,97.3,26956,48449,ok
03:02:13,67.3,96.8,25146,49213,ok
03:02:14,66.0,97.0,25552,48612,ok
03:02:15,63.5,97.1,25050,49222,ok
03:02:16,59.3,96.9,26819,48149,ok
03:02:17,64.2,97.4,25280,48013,ok
03:02:18,68.0,97.3,26158,48685,ok
03:02:19,67.2,97.5,25822,49596,ok
03:02:20,69.4,97.6,26224,49427,ok
03:02:21,64.7,96.6,25091,49439,ok
03:02:22,63.8,96.5,26479,49597,ok
03:02:23,68.4,96.8,25691,48338,ok
03:02:24,65.2,96.3,25619,48072,ok
03:02:25,63.3,97.2,26952,49531,ok
03:02:26,66.9,97.3,26276,48614,ok
03:02:27,66.4,95.9,25064,49474,ok
03:02:28,65.3,97.1,26464,49069,ok
03:02:29,69.2,97.4,25058,48999,ok
03:02:30,66.7,97.1,26254,48629,ok
03:02:31,66.5,96.7,26542,48243,ok
03:02:32,67.6,96.3,25204,49730,ok
03:02:33,63.1,97.6,25266,49916,ok
03:02:34,62.7,97.0,25138,48355,ok
03:02:35,64.0,97.3,25483,49873,ok
03:02:36,64.2,97.4,25417,49272,ok
03:02:37,63.5,96.9,26144,48326,ok
03:02:38,64.6,96.9,25811,49473,ok
03:02:39,66.2,97.2,26770,49735,ok
03:02:40,65.4,97.1,25720,48439,ok
03:02:41,66.1,96.8,26137,48469,ok
03:02:42,67.3,96.6,25780,49612,ok
03:02:43,65.1,96.8,25942,49368,ok
03:02:44,66.1,97.2,25404,49092,ok
03:02:45,66.8,96.9,26567,49094,ok
03:02:46,62.7,97.7,25549,48391,ok
03:02:47,66.8,97.1,26931,48934,ok
03:02:48,67.1,96.6,25064,48552,ok
03:02:49,67.4,97.1,25413,48378,ok
03:02:50,62.0,96.8,25918,49542,ok
03:02:51,67.0,96.9,25771,48662,ok
03:02:52,63.4,96.9,25737,49257,ok
03:02:53,66.6,97.5,26666,48425,ok
03:02:54,68.7,96.5,26772,48456,ok
03:02:55,66.6,96.8,26843,48609,ok
03:02:56,64.1,97.6,26694,48726,ok
03:02:57,65.8,97.7,26856,48298,ok
03:02:58,63.9,97.1,26904,48096,ok
03:02:59,66.1,97.7,25629,49336,ok
03:03:00,61.3,96.5,26062,49406,ok
03:03:01,60.8,97.4,26342,48800,ok
03:03:02,65.8,97.0,26880,49493,ok
03:03:03,63.9,97.6,25873,49095,ok
03:03:04,64.0,97.8,26393,48543,ok
03:03:05,66.4,96.3,26771,48094,ok
03:03:06,67.0,97.1,26022,49827,ok
03:03:07,66.5,97.2,26470,49452,ok
03:03:08,68.5,97.1,25713,49338,ok
03:03:09,63.0,97.1,26694,48520,ok
03:03:10,62.8,97.2,26944,49370,ok
03:03:11,69.2,97.1,26488,48825,ok
03:03:12,68.5,97.2,25088,49943,ok
03:03:13,64.1,97.1,25999,49914,ok
03:03:14,64.6,96.6,26402,48378,ok
03:03:15,69.5,97.4,26337,49718,ok
03:03:16,63.5,97.1,26696,49360,ok
03:03:17,65.9,97.1,26461,48140,ok
03:03:18,62.1,97.3,25310,49409,ok
03:03:19,64.0,96.7,25467,49792,ok
03:03:20,63.3,96.9,26399,48458,ok
03:03:21,62.7,97.5,26240,49241,ok
03:03:22,67.5,96.8,26671,48658,ok
03:03:23,65.2,97.3,26224,48009,ok
03:03:24,66.4,96.7,25839,48669,ok
03:03:25,65.1,97.0,25133,49367,ok
03:03:26,66.9,97.0,26560,48726,ok
03:03:27,64.3,97.4,26392,49942,ok
03:03:28,62.2,97.4,25542,48490,ok
03:03:29,62.2,96.9,26542,48747,ok
03:03:30,60.4,95.7,26732,49813,ok
03:03:31,67.5,97.7,25992,48322,ok
03:03:32,68.9,97.1,26425,49105,ok
03:03:33,64.2,97.3,25980,48822,ok
03:03:34,64.1,97.8,26897,49008,ok
03:03:35,63.8,97.1,26192,48946,ok
03:03:36,62.7,97.7,26913,49995,ok
03:03:37,65.5,96.9,26612,48728,ok
03:03:38,66.1,97.2,26483,48059,ok
03:03:39,62.7,96.9,25050,48919,ok
03:03:40,65.3,96.8,25897,48048,ok
03:03:41,62.8,97.2,25175,48442,ok
03:03:42,63.8,96.4,26930,48480,ok
03:03:43,61.8,96.5,26221,48546,ok
03:03:44,64.3,96.4,25942,49464,ok
03:03:45,65.5,96.7,26894,48524,ok
03:03:46,63.8,98.0,26577,49828,ok
03:03:47,65.6,96.2,25348,48999,ok
03:03:48,66.9,96.3,25021,48538,ok
03:03:49,63.3,97.1,26846,49957,ok
03:03:50,65.3,97.1,25439,49315,ok
03:03:51,61.4,96.4,25335,49374,ok
03:03:52,61.8,97.3,25678,48746,ok
03:03:53,64.1,96.8,25682,49966,ok
03:03:54,61.2,96.7,26007,48850,ok
03:03:55,67.0,95.5,26416,48002,ok
03:03:56,68.9,95.9,25581,49387,ok
03:03:57,62.7,96.5,25349,48133,ok
03:03:58,66.7,97.5,26909,49354,ok
03:03:59,63.3,96.2,26206,48153,ok
03:04:00,67.7,97.3,25242,48120,ok
03:04:01,67.8,96.7,26515,48129,ok
03:04:02,64.3,96.9,25531,49250,ok
03:04:03,68.4,96.7,26075,48335,ok
03:04:04,70.2,97.6,25801,48686,ok
03:04:05,65.8,97.1,26994,49727,ok
03:04:06,65.5,97.5,26686,48760,ok
03:04:07,61.8,96.5,25794,48650,ok
03:04:08,69.1,97.1,25693,48696,ok
03:04:09,64.8,96.1,25759,48014,ok
03:04:10,62.6,97.1,25906,49429,ok
03:04:11,66.2,96.6,25892,49251,ok
03:04:12,62.5,96.9,25655,49010,ok
03:04:13,62.7,96.8,25904,49232,ok
03:04:14,66.8,97.4,25378,49661,ok
03:04:15,65.3,96.6,26595,48716,ok
03:04:16,65.5,97.1,26135,49718,ok
03:04:17,67.4,97.0,26830,48994,ok
03:04:18,63.9,95.9,25130,49235,ok
03:04:19,62.9,96.0,26162,49306,ok
03:04:20,63.7,97.0,26849,48609,ok
03:04:21,64.7,96.5,26238,48965,ok
03:04:22,65.2,97.2,26083,48026,ok
03:04:23,61.9,97.5,25333,49044,ok
03:04:24,63.8,96.6,26975,48717,ok
03:04:25,63.9,96.5,26923,48722,ok
03:04:26,63.6,96.9,25617,49004,ok
03:04:27,64.8,97.1,26891,48799,ok
03:04:28,66.1,96.7,26108,48626,ok
03:04:29,63.8,96.5,26063,49576,ok
03:04:30,63.7,95.9,26799,48180,ok
03:04:31,64.4,97.4,26413,49902,ok
03:04:32,65.7,96.9,25883,48913,ok
03:04:33,67.0,96.7,26189,49843,ok
03:04:34,64.6,97.4,26998,49693,ok
03:04:35,64.5,96.0,25347,49091,ok
03:04:36,65.8,96.2,25618,48815,ok
03:04:37,67.8,97.2,25988,48814,ok
03:04:38,67.4,97.0,26225,48136,ok
03:04:39,61.4,97.2,25032,49119,ok
03:04:40,67.5,97.7,25977,48858,ok
03:04:41,68.1,96.2,25160,49500,ok
03:04:42,71.2,97.8,25736,49626,ok
03:04:43,65.5,97.0,26163,48470,ok
03:04:44,65.6,96.9,26618,48310,ok
03:04:45,63.5,97.0,26702,48031,ok
03:04:46,65.7,96.6,25243,48420,ok
03:04:47,63.0,96.6,26718,48604,ok
03:04:48,65.6,96.8,25852,48402,ok
03:04:49,63.9,97.4,25663,49819,ok
03:04:50,65.1,97.8,26176,49328,ok
03:04:51,63.0,97.4,26540,48356,ok
03:04:52,64.6,95.8,26163,49034,ok
03:04:53,61.3,96.9,25711,49827,ok
03:04:54,65.5,96.9,26027,49941,ok
03:04:55,66.2,97.0,25856,49740,ok
03:04:56,63.5,96.8,26311,49177,ok
03:04:57,62.9,96.4,25226,48093,ok
03:04:58,66.5,96.5,25706,48732,ok
03:04:59,64.9,97.7,25602,49296,ok
03:05:00,65.4,96.8,25677,48778,ok
03:05:01,68.8,96.9,25653,48455,ok
03:05:02,64.2,97.1,25043,49701,ok
03:05:03,64.2,97.2,25905,48024,ok
03:05:04,63.7,96.4,25532,49528,ok
03:05:05,64.1,96.9,26385,49535,ok
03:05:06,67.3,96.9,25526,48625,ok
03:05:07,67.4,96.1,26992,48211,ok
03:05:08,66.6,98.1,26443,48345,ok
03:05:09,65.8,96.1,26555,48817,ok
03:05:10,65.5,97.3,25869,49102,ok
03:05:11,63.7,95.6,25994,49256,ok
03:05:12,64.1,97.2,25258,48365,ok
03:05:13,66.3,97.6,26282,49432,ok
03:05:14,68.1,97.8,26972,49334,ok
03:05:15,64.2,97.3,26973,49312,ok
03:05:16,62.4,96.7,25305,48075,ok
03:05:17,67.2,97.8,26919,48514,ok
03:05:18,63.0,97.9,25200,49163,ok
03:05:19,64.7,96.2,25801,49731,ok
03:05:20,64.0,96.4,25962,48346,ok
03:05:21,68.7,96.2,26391,48058,ok
03:05:22,70.7,97.6,25507,49171,ok
03:05:23,63.5,97.1,26053,48403,ok
03:05:24,65.9,97.8,25202,48334,ok
03:05:25,62.2,97.0,26444,48063,ok
03:05:26,63.5,98.2,26681,49849,ok
03:05:27,64.1,97.4,25809,49578,ok
03:05:28,63.6,97.5,25682,49786,ok
03:05:29,63.0,95.4,26320,48629,ok
03:05:30,65.3,95.6,25712,49686,ok
03:05:31,67.8,96.8,25208,48685,ok
03:05:32,65.8,95.8,26807,48183,ok
03:05:33,62.3,97.0,25073,49578,ok
03:05:34,62.5,96.2,26063,49190,ok
03:05:35,66.6,97.9,25173,48958,ok
03:05:36,66.2,97.4,25264,48389,ok
03:05:37,63.0,97.1,26254,48535,ok
03:05:38,65.3,97.3,25748,48052,ok
03:05:39,63.5,96.6,25759,48677,ok
03:05:40,67.1,96.6,25011,48522,ok
03:05:41,68.0,96.6,26454,48268,ok
03:05:42,61.8,97.0,26276,49952,ok
03:05:43,66.5,97.1,26504,48557,ok
03:05:44,68.6,96.3,26901,49810,ok
03:05:45,65.2,97.2,26450,48098,ok
03:05:46,64.2,97.6,26941,48207,ok
03:05:47,60.0,96.2,26762,49135,ok
03:05:48,62.7,96.6,26812,49670,ok
03:05:49,69.3,96.3,26044,49446,ok
03:05:50,68.8,96.0,25878,49962,ok
03:05:51,64.8,97.0,25092,48479,ok
03:05:52,63.1,97.6,26947,48795,ok
03:05:53,67.2,96.7,26234,49706,ok
03:05:54,65.0,97.9,26150,49738,ok
03:05:55,64.3,96.6,25493,48899,ok
03:05:56,64.6,96.4,26413,48814,ok
03:05:57,62.9,97.0,25156,48872,ok
03:05:58,66.2,96.7,26041,49538,ok
03:05:59,65.7,96.4,25774,48997,ok
03:06:00,64.6,96.5,26282,49205,ok
03:06:01,64.5,97.0,25067,49856,ok
03:06:02,67.9,96.7,26786,48767,ok
03:06:03,65.9,97.8,25800,49775,ok
03:06:04,63.2,97.0,26090,48189,ok
03:06:05,62.3,97.6,25081,49437,ok
03:06:06,66.2,97.3,26543,48157,ok
03:06:07,64.7,97.2,25379,48230,ok
03:06:08,65.2,97.1,26760,48131,ok
03:06:09,65.7,97.5,26941,48655,ok
03:06:10,64.3,97.1,26828,49439,ok
03:06:11,64.3,97.0,25323,49011,ok
03:06:12,64.6,96.2,26672,49979,ok
03:06:13,67.5,97.0,25878,49143,ok
03:06:14,65.9,97.6,25630,49610,ok
03:06:15,66.6,96.5,25103,49526,ok
03:06:16,68.8,96.6,25891,49001,ok
03:06:17,66.4,96.9,26235,48638,ok
03:06:18,66.1,96.9,26105,49428,ok
03:06:19,69.3,96.5,26110,49680,ok
03:06:20,62.8,98.2,26205,48650,ok
03:06:21,62.0,97.3,26843,48175,ok
03:06:22,63.0,97.6,26529,49361,ok
03:06:23,66.9,97.3,25582,49902,ok
03:06:24,69.2,96.8,25729,48683,ok
03:06:25,65.7,96.4,26478,49982,ok
03:06:26,65.3,97.3,25124,49492,ok
03:06:27,64.1,96.6,25490,48286,ok
03:06:28,62.7,96.9,25385,49371,ok
03:06:29,62.0,96.8,26679,49362,ok
03:06:30,66.9,96.5,26967,48267,ok
03:06:31,66.3,97.6,25176,48838,ok
03:06:32,63.1,97.3,25793,48592,ok
03:06:33,65.9,97.1,25509,48671,ok
03:06:34,66.2,96.6,25953,49061,ok
03:06:35,66.5,97.1,25048,49212,ok
03:06:36,64.3,96.4,25995,48919,ok
03:06:37,66.8,97.0,26498,49178,ok
03:06:38,62.7,97.4,26052,49992,ok
03:06:39,63.4,96.2,25817,48972,ok
03:06:40,66.0,96.5,25454,49901,ok
03:06:41,65.1,97.2,25860,48716,ok
03:06:42,62.5,97.6,26477,48792,ok
03:06:43,63.1,97.3,26272,48072,ok
03:06:44,64.3,97.4,26187,48649,ok
03:06:45,62.9,97.6,25583,48005,ok
03:06:46,64.7,97.4,25905,48403,ok
03:06:47,63.6,97.7,25109,48548,ok
03:06:48,67.8,96.2,25951,49131,ok
03:06:49,61.0,97.5,25028,48572,ok
03:06:50,64.2,96.5,25388,49814,ok
03:06:51,65.6,96.8,25147,48795,ok
03:06:52,66.7,97.1,26908,48341,ok
03:06:53,66.6,97.7,26152,48406,ok
03:06:54,64.1,96.7,26449,48068,ok
03:06:55,64.7,97.2,26160,49362,ok
03:06:56,60.3,97.1,25665,48256,ok
03:06:57,65.1,97.3,26109,49349,ok
03:06:58,66.1,97.0,26022,48039,ok
03:06:59,66.2,96.6,25305,48922,ok
03:07:00,67.0,96.8,26054,49178,ok
03:07:01,63.3,96.4,26915,49122,ok
03:07:02,64.5,97.2,26903,49551,ok
03:07:03,65.2,97.3,25267,49619,ok
03:07:04,65.8,97.3,25208,49960,ok
03:07:05,63.2,96.3,25065,49902,ok
03:07:06,63.6,96.6,26606,48493,ok
03:07:07,63.0,97.3,26220,49551,ok
03:07:08,65.7,96.8,25781,48376,ok
03:07:09,63.3,96.4,25579,49144,ok
03:07:10,63.8,97.0,25137,49347,ok
03:07:11,61.6,96.9,26096,48517,ok
03:07:12,63.1,96.8,26725,49654,ok
03:07:13,64.6,97.1,26080,49521,ok
03:07:14,61.5,97.4,25787,49656,ok
03:07:15,63.0,97.0,26935,49570,ok
03:07:16,64.6,97.8,26186,48626,ok
03:07:17,65.7,96.3,25403,48717,ok
03:07:18,64.7,97.2,26209,49597,ok
03:07:19,66.7,98.1,26133,48608,ok
03:07:20,65.0,95.8,25704,48581,ok
03:07:21,64.3,97.6,26327,48696,ok
03:07:22,65.4,96.2,25837,48377,ok
03:07:23,65.4,97.7,26241,48231,ok
03:07:24,64.8,96.8,26958,49897,ok
03:07:25,65.0,96.5,26176,48721,ok
03:07:26,62.7,97.9,26198,48614,ok
03:07:27,67.8,96.2,26567,48275,ok
03:07:28,63.8,96.3,26081,48664,ok
03:07:29,62.0,97.2,26260,48549,ok
03:07:30,64.3,96.3,26680,48169,ok
03:07:31,65.8,96.3,26252,48089,ok
03:07:32,63.9,96.4,26437,49151,ok
03:07:33,64.2,96.1,25985,49310,ok
03:07:34,65.1,97.4,26494,48887,ok
03:07:35,63.3,96.6,26691,49745,ok
03:07:36,65.0,96.8,25541,48255,ok
03:07:37,67.9,95.0,25749,48682,ok
03:07:38,68.0,97.2,26921,48312,ok
03:07:39,63.3,97.1,25002,48441,ok
03:07:40,63.8,97.1,26107,48683,ok
03:07:41,67.6,97.3,26836,48012,ok
03:07:42,65.8,96.4,26692,48099,ok
03:07:43,61.8,97.2,26204,48549,ok
03:07:44,65.9,97.5,25397,48593,ok
03:07:45,65.5,96.2,26053,49813,ok
03:07:46,64.5,96.8,26872,48365,ok
03:07:47,66.8,97.3,25699,49562,ok
03:07:48,63.3,97.8,26085,48449,ok
03:07:49,61.8,97.8,25160,48288,ok
03:07:50,64.2,96.5,26121,49899,ok
03:07:51,64.5,96.9,25530,48440,ok
03:07:52,64.3,97.1,26149,49643,ok
03:07:53,65.0,97.2,25134,48888,ok
03:07:54,65.0,96.6,25321,48856,ok
03:07:55,65.6,97.2,26953,48433,ok
03:07:56,63.6,96.6,26248,48524,ok
03:07:57,63.5,96.9,26321,49392,ok
03:07:58,64.7,97.4,26889,49926,ok
03:07:59,63.0,95.7,25168,48050,ok
03:08:00,63.8,96.9,26848,48624,ok
03:08:01,66.5,97.3,25244,48104,ok
03:08:02,62.7,96.9,25061,49456,ok
03:08:03,69.4,96.1,26018,48506,ok
03:08:04,66.8,96.3,26325,49073,ok
03:08:05,65.2,96.9,25161,48951,ok
03:08:06,62.2,98.3,26586,48057,ok
03:08:07,66.0,96.4,25413,49473,ok
03:08:08,64.0,96.2,25206,49208,ok
03:08:09,61.4,97.1,26767,48308,ok
03:08:10,62.1,96.0,25929,49683,ok
03:08:11,62.0,96.9,26362,48642,ok
03:08:12,63.2,97.7,26492,49900,ok
03:08:13,64.5,97.0,26170,48215,ok
03:08:14,65.7,97.3,26986,48880,ok
03:08:15,61.3,96.8,25050,49081,ok
03:08:16,63.8,97.2,25437,48043,ok
03:08:17,63.8,97.2,26446,48088,ok
03:08:18,59.9,97.2,25521,49849,ok
03:08:19,65.4,97.7,26725,48003,ok
03:08:20,67.9,97.9,25901,49093,ok
03:08:21,62.2,97.5,26195,49133,ok
03:08:22,62.9,96.7,26027,49427,ok
03:08:23,66.8,97.0,25071,48098,ok
03:08:24,62.4,97.0,25884,49526,ok
03:08:25,68.2,96.6,26231,49314,ok
03:08:26,64.9,97.5,26981,49993,ok
03:08:27,65.0,96.7,26277,49539,ok
03:08:28,65.4,97.6,25862,49735,ok
03:08:29,63.1,96.9,26573,48456,ok
03:08:30,65.9,95.8,26121,48936,ok
03:08:31,65.7,96.9,25820,48410,ok
03:08:32,63.7,97.4,26431,48862,ok
03:08:33,64.7,96.9,25952,48420,ok
03:08:34,65.3,97.0,25805,48625,ok
03:08:35,67.3,97.5,25842,49868,ok
03:08:36,64.6,98.2,26466,48417,ok
03:08:37,64.7,96.8,26348,49136,ok
03:08:38,65.4,96.5,26111,49202,ok
03:08:39,65.3,96.6,25150,48574,ok
03:08:40,66.8,97.4,26523,49147,ok
03:08:41,64.8,96.9,26641,48751,ok
03:08:42,63.0,97.4,26264,49215,ok
03:08:43,63.1,97.5,25840,49700,ok
03:08:44,69.7,96.8,25831,49595,ok
03:08:45,64.4,96.3,26459,48560,ok
03:08:46,68.0,96.9,26579,48528,ok
03:08:47,67.2,98.3,26749,49264,ok
03:08:48,65.3,97.4,26630,49951,ok
03:08:49,69.1,97.3,26262,49542,ok
03:08:50,66.6,96.9,25095,48884,ok
03:08:51,65.3,96.2,26557,48820,ok
03:08:52,66.3,96.5,26382,49312,ok
03:08:53,65.9,96.8,26168,49224,ok
03:08:54,61.7,97.1,26962,49010,ok
03:08:55,64.8,97.0,26626,48936,ok
03:08:56,63.3,96.3,25070,49571,ok
03:08:57,63.3,96.1,25564,48971,ok
03:08:58,63.3,97.8,26065,48917,ok
03:08:59,64.9,96.1,25689,49487,ok
03:09:00,65.2,97.2,26343,48556,ok
03:09:01,68.3,96.4,25354,48094,ok
03:09:02,64.6,96.9,25630,49105,ok
03:09:03,65.3,97.3,26632,49625,ok
03:09:04,65.6,97.8,26137,48007,ok
03:09:05,61.1,97.1,26904,48210,ok
03:09:06,65.4,97.0,25325,48093,ok
03:09:07,67.3,97.1,26696,48990,ok
03:09:08,64.0,96.1,26093,48238,ok
03:09:09,65.2,96.6,26512,48975,ok
03:09:10,68.6,96.4,25008,49790,ok
03:09:11,68.1,96.6,26626,49274,ok
03:09:12,64.0,96.5,25993,49230,ok
03:09:13,66.4,97.8,25585,49337,ok
03:09:14,64.9,96.8,25692,49844,ok
03:09:15,65.3,96.4,26942,49573,ok
03:09:16,61.6,97.2,25705,49694,ok
03:09:17,66.0,96.2,25794,48108,ok
03:09:18,63.6,97.7,26062,48319,ok
03:09:19,66.6,97.9,25487,49822,ok
03:09:20,66.8,96.3,26425,48777,ok
03:09:21,61.8,96.5,26645,48778,ok
03:09:22,68.1,97.2,26910,48373,ok
03:09:23,67.1,96.6,25449,48459,ok
03:09:24,61.3,96.0,25865,48497,ok
03:09:25,67.7,96.7,25898,49963,ok
03:09:26,64.0,97.5,26446,48820,ok
03:09:27,67.1,97.7,26620,48988,ok
03:09:28,63.6,97.1,25875,49884,ok
03:09:29,63.0,98.4,25952,49370,ok
03:09:30,62.9,96.9,25101,48168,ok
03:09:31,62.4,96.9,25044,49482,ok
03:09:32,66.8,97.3,26790,48819,ok
03:09:33,65.1,96.5,26146,49385,ok
03:09:34,69.3,97.0,26341,49251,ok
03:09:35,67.1,96.9,26398,49349,ok
03:09:36,64.6,96.5,25774,48079,ok
03:09:37,64.9,96.7,26806,49852,ok
03:09:38,63.4,97.5,25075,48595,ok
03:09:39,64.5,97.4,25716,48279,ok
03:09:40,69.3,96.4,26086,48972,ok
03:09:41,64.8,96.5,26767,49388,ok
03:09:42,64.8,97.0,25314,48631,ok
03:09:43,63.0,96.4,26677,48246,ok
03:09:44,61.8,97.8,26640,49991,ok
03:09:45,65.1,96.9,25086,49779,ok
03:09:46,64.4,97.2,26480,48614,ok
03:09:47,61.1,96.9,26696,48624,ok
03:09:48,60.8,97.8,25491,48790,ok
03:09:49,63.0,95.7,26833,49677,ok
03:09:50,65.1,96.0,26024,48012,ok
03:09:51,62.7,97.3,26680,48488,ok
03:09:52,68.7,97.3,26873,48396,ok
03:09:53,63.2,96.8,26471,49928,ok
03:09:54,65.1,96.8,26266,49077,ok
03:09:55,65.7,96.5,25542,48734,ok
03:09:56,65.6,96.7,26079,48968,ok
03:09:57,66.8,97.2,25210,49179,ok
03:09:58,64.5,97.0,26299,49929,ok
03:09:59,65.4,97.0,25752,49138,ok
03:10:00,67.8,98.1,26661,48469,ok
03:10:01,63.7,96.1,26586,48573,ok
03:10:02,61.2,97.6,26064,49377,ok
03:10:03,67.0,96.7,26531,49442,ok
03:10:04,62.5,96.7,26637,49252,ok
03:10:05,62.2,96.6,26156,49468,ok
03:10:06,63.6,96.6,26386,48476,ok
03:10:07,65.8,96.9,26969,49385,ok
03:10:08,65.9,97.5,26699,48286,ok
03:10:09,68.1,97.2,25976,48050,ok
03:10:10,61.4,96.8,25492,48271,ok
03:10:11,65.4,96.7,26479,48834,ok
03:10:12,63.3,96.4,25924,49048,ok
03:10:13,62.4,96.7,25278,49786,ok
03:10:14,66.5,97.7,26844,48486,ok
03:10:15,68.1,97.6,26721,49465,ok
03:10:16,65.7,97.6,26098,48633,ok
03:10:17,65.4,97.2,25339,48498,ok
03:10:18,62.5,96.8,25623,48198,ok
03:10:19,67.6,97.1,26501,49990,ok
03:10:20,68.3,95.5,26512,48769,ok
03:10:21,66.7,97.1,25303,48336,ok
03:10:22,68.1,97.2,26716,49968,ok
03:10:23,66.8,97.1,26318,48725,ok
03:10:24,67.6,97.2,25404,49825,ok
03:10:25,65.2,97.5,26160,48344,ok
03:10:26,63.9,97.3,25311,49531,ok
03:10:27,64.7,97.1,25066,49270,ok
03:10:28,67.6,96.9,25578,48833,ok
03:10:29,64.2,96.3,25754,49169,ok
03:10:30,65.8,96.0,26720,49587,ok
03:10:31,63.8,97.2,26664,49184,ok
03:10:32,66.2,97.0,25607,48522,ok
03:10:33,63.4,96.7,26122,49423,ok
03:10:34,64.0,96.4,25878,49662,ok
03:10:35,64.2,96.7,25823,49582,ok
03:10:36,66.0,97.5,25949,49695,ok
03:10:37,64.2,96.6,26539,49220,ok
03:10:38,69.5,97.0,26966,49146,ok
03:10:39,67.1,97.0,26376,48028,ok
03:10:40,64.6,95.3,26385,49901,ok
03:10:41,64.2,96.9,25540,49874,ok
03:10:42,65.7,96.7,25646,48707,ok
03:10:43,64.2,96.5,25941,49546,ok
03:10:44,60.5,96.1,25691,49822,ok
03:10:45,61.6,96.3,25580,49551,ok
03:10:46,70.3,97.2,26080,49046,ok
03:10:47,65.8,97.1,25698,49860,ok
03:10:48,64.6,96.7,25391,48807,ok
03:10:49,62.3,97.9,26096,49946,ok
03:10:50,64.0,97.5,26945,49697,ok
03:10:51,61.8,97.1,26393,48582,ok
03:10:52,62.8,96.1,26038,49436,ok
03:10:53,63.7,97.8,25616,49685,ok
03:10:54,60.3,97.0,26848,49806,ok
03:10:55,67.5,97.0,26345,48055,ok
03:10:56,66.1,96.7,25382,49279,ok
03:10:57,66.2,96.1,25065,49405,ok
03:10:58,63.1,96.8,25511,48099,ok
03:10:59,63.8,96.5,25627,48958,ok
03:11:00,66.6,96.9,26986,48999,ok
03:11:01,66.1,96.7,25871,48286,ok
03:11:02,63.9,97.5,25330,49118,ok
03:11:03,64.2,97.3,26454,49494,ok
03:11:04,65.3,97.1,25176,48488,ok
03:11:05,64.3,96.5,25912,49974,ok
03:11:06,66.6,97.3,25180,48171,ok
03:11:07,64.1,98.1,26256,48356,ok
03:11:08,63.8,97.0,26899,48654,ok
03:11:09,65.5,97.4,25312,49310,ok
03:11:10,63.3,97.1,25669,48277,ok
03:11:11,60.4,97.2,25697,49491,ok
03:11:12,63.9,97.2,25919,49149,ok
03:11:13,64.1,95.9,26468,48616,ok
03:11:14,68.1,97.4,25420,49324,ok
03:11:15,66.5,98.1,26087,48378,ok
03:11:16,62.2,97.0,25405,48094,ok
03:11:17,65.8,96.4,26131,49685,ok
03:11:18,64.1,97.4,26728,49812,ok
03:11:19,67.8,97.1,25282,48099,ok
03:11:20,64.1,97.5,26830,49761,ok
03:11:21,63.6,96.4,26492,48616,ok
03:11:22,66.8,96.2,25119,49782,ok
03:11:23,65.7,96.9,25493,48782,ok
03:11:24,65.2,97.0,26007,49710,ok
03:11:25,63.2,96.6,25805,48805,ok
03:11:26,67.1,97.3,26058,49653,ok
03:11:27,67.8,96.7,26640,48566,ok
03:11:28,67.2,96.8,25306,49066,ok
03:11:29,66.2,96.7,26804,49042,ok
03:11:30,66.0,97.4,26638,49952,ok
03:11:31,67.4,97.2,25822,49312,ok
03:11:32,66.5,97.9,26414,49051,ok
03:11:33,64.2,97.4,26542,48227,ok
03:11:34,65.1,96.5,25797,48290,ok
03:11:35,64.3,97.3,26572,48524,ok
03:11:36,65.1,97.5,26248,48547,ok
03:11:37,66.1,98.1,26601,48143,ok
03:11:38,67.5,97.0,26766,49621,ok
03:11:39,65.5,97.0,25534,48098,ok
03:11:40,65.1,98.0,25703,48446,ok
03:11:41,62.2,96.9,26688,49458,ok
03:11:42,65.4,97.5,25258,49330,ok
03:11:43,69.3,96.9,26852,49056,ok
03:11:44,65.9,96.8,26097,49263,ok
03:11:45,62.1,97.2,26133,48421,ok
03:11:46,63.3,96.7,25798,48937,ok
03:11:47,60.7,97.1,26599,48048,ok
03:11:48,65.4,97.4,25704,49688,ok
03:11:49,63.4,97.5,26139,48643,ok
03:11:50,65.3,98.2,25057,48828,ok
03:11:51,65.3,97.2,26502,48464,ok
03:11:52,62.9,96.4,26397,49319,ok
03:11:53,67.1,97.3,25012,48332,ok
03:11:54,66.2,97.0,25452,48004,ok
03:11:55,64.4,96.2,26332,48322,ok
03:11:56,63.3,96.4,25692,48945,ok
03:11:57,62.7,96.7,26962,48117,ok
03:11:58,66.2,97.2,25645,48602,ok
03:11:59,62.0,97.6,26110,48700,ok
03:12:00,65.1,96.1,25555,48873,ok
03:12:01,68.4,97.6,25122,49986,ok
03:12:02,64.1,96.5,25242,49355,ok
03:12:03,63.2,97.0,25882,49943,ok
03:12:04,66.7,97.0,25741,48279,ok
03:12:05,67.7,96.8,25187,48856,ok
03:12:06,64.9,96.9,26605,48398,ok
03:12:07,64.2,96.3,26579,48123,ok
03:12:08,63.3,97.1,26987,48986,ok
03:12:09,67.4,96.5,26240,49361,ok
03:12:10,65.8,97.7,26484,48410,ok
03:12:11,65.6,96.9,25864,49910,ok
03:12:12,63.6,97.1,25298,48203,ok
03:12:13,64.2,97.4,26420,49175,ok
03:12:14,67.0,97.9,26164,49645,ok
03:12:15,67.5,96.9,26006,48144,ok
03:12:16,66.8,97.2,26267,48848,ok
03:12:17,68.8,97.2,26550,49627,ok
03:12:18,69.7,97.6,26470,49106,ok
03:12:19,64.0,97.6,26167,48810,ok
03:12:20,64.7,96.9,26743,48201,ok
03:12:21,66.9,96.7,25855,48668,ok
03:12:22,62.4,97.3,26500,48798,ok
03:12:23,66.8,97.8,26406,48713,ok
03:12:24,65.4,95.9,26023,48962,ok
03:12:25,65.0,97.5,26743,49243,ok
03:12:26,66.5,97.5,26475,49160,ok
03:12:27,62.8,97.6,25746,48257,ok
03:12:28,62.5,96.4,25021,48954,ok
03:12:29,65.3,97.8,26696,48379,ok
03:12:30,67.3,96.2,26143,49820,ok
03:12:31,66.6,98.2,26799,49959,ok
03:12:32,68.9,96.7,25967,48859,ok
03:12:33,59.1,96.9,26755,48333,ok
03:12:34,64.2,97.1,25682,49414,ok
03:12:35,63.8,97.2,25501,48641,ok
03:12:36,64.3,97.6,25024,48457,ok
03:12:37,62.9,96.2,25983,49076,ok
03:12:38,63.3,96.9,25452,49708,ok
03:12:39,64.9,96.7,26091,49739,ok
03:12:40,64.6,96.6,26810,49673,ok
03:12:41,62.9,97.1,25515,49423,ok
03:12:42,65.6,97.5,26321,49993,ok
03:12:43,64.5,96.5,26510,48950,ok
03:12:44,65.9,97.3,25001,48016,ok
03:12:45,66.2,97.8,25816,49487,ok
03:12:46,65.1,97.1,26315,49504,ok
03:12:47,62.0,96.9,25232,49394,ok
03:12:48,70.0,96.9,25097,48850,ok
03:12:49,66.3,96.9,25364,48669,ok
03:12:50,60.5,96.8,25735,49923,ok
03:12:51,67.2,95.7,26284,49518,ok
03:12:52,61.8,96.7,25116,48394,ok
03:12:53,65.9,96.5,25774,49267,ok
03:12:54,68.8,96.8,26579,49403,ok
03:12:55,63.4,96.8,26002,48658,ok
03:12:56,66.3,96.7,26027,48979,ok
03:12:57,66.6,97.1,26547,48585,ok
03:12:58,66.4,96.4,26722,49751,ok
03:12:59,66.6,96.9,25107,48089,ok
03:13:00,69.8,96.9,25214,48843,ok
03:13:01,65.4,97.0,26344,49728,ok
03:13:02,64.5,97.2,25648,49856,ok
03:13:03,64.5,97.0,25288,48235,ok
03:13:04,69.7,96.4,26613,49878,ok
03:13:05,65.8,96.5,26305,48138,ok
03:13:06,62.3,97.6,25309,48825,ok
03:13:07,64.8,97.7,25932,48913,ok
03:13:08,67.5,95.8,26459,49682,ok
03:13:09,69.1,96.8,26407,49496,ok
03:13:10,63.6,96.3,26937,48195,ok
03:13:11,63.2,96.9,25071,48078,ok
03:13:12,66.4,96.8,26132,48558,ok
03:13:13,63.0,96.8,25585,48828,ok
03:13:14,62.8,96.9,26770,48220,ok
03:13:15,65.9,96.5,26677,49191,ok
03:13:16,64.0,96.7,25540,48420,ok
03:13:17,62.5,97.8,26496,49503,ok
03:13:18,64.7,96.9,25773,48812,ok
03:13:19,66.2,97.0,25871,49761,ok
03:13:20,62.8,96.8,25474,48629,ok
03:13:21,67.5,97.2,25653,49671,ok
03:13:22,66.8,97.0,26004,48230,ok
03:13:23,65.0,96.9,25784,48723,ok
03:13:24,68.7,97.2,25009,48291,ok
03:13:25,64.8,96.3,25986,48266,ok
03:13:26,66.5,96.9,25885,48552,ok
03:13:27,62.9,97.5,26116,48297,ok
03:13:28,64.3,97.7,26442,49372,ok
03:13:29,65.2,97.9,25566,48004,ok
03:13:30,63.0,95.9,26397,48776,ok
03:13:31,61.2,97.1,25397,48818,ok
03:13:32,65.3,97.8,26266,49415,ok
03:13:33,63.2,96.6,25514,48877,ok
03:13:34,63.6,97.0,26545,49548,ok
03:13:35,67.0,97.1,25159,49319,ok
03:13:36,66.6,96.7,26863,49890,ok
03:13:37,64.7,96.9,26177,48451,ok
03:13:38,62.8,97.9,25272,49718,ok
03:13:39,67.4,97.2,25958,48095,ok
03:13:40,64.4,97.5,25333,49099,ok
03:13:41,64.5,97.5,25630,48707,ok
03:13:42,65.4,96.8,26385,48912,ok
03:13:43,64.4,96.9,26308,49458,ok
03:13:44,65.4,97.6,25558,48340,ok
03:13:45,64.3,96.6,26482,49031,ok
03:13:46,65.3,96.7,25993,48064,ok
03:13:47,67.1,96.2,25476,48812,ok
03:13:48,65.6,97.0,26986,48630,ok
03:13:49,64.2,97.0,26764,48859,ok
03:13:50,64.3,97.1,26102,48843,ok
03:13:51,66.1,96.4,25701,49242,ok
03:13:52,65.4,96.5,25540,48351,ok
03:13:53,60.2,97.2,26671,48219,ok
03:13:54,66.4,96.9,25126,48777,ok
03:13:55,63.9,96.7,26204,49785,ok
03:13:56,64.6,97.2,25406,49084,ok
03:13:57,64.7,97.0,26329,48930,ok
03:13:58,64.6,97.2,26565,49217,ok
03:13:59,65.7,97.6,25359,49208,ok
03:14:00,64.4,96.1,25370,48045,ok
03:14:01,64.0,97.3,26967,48194,ok
03:14:02,63.3,96.4,25131,49047,ok
03:14:03,65.9,96.7,26139,48230,ok
03:14:04,69.5,96.3,26951,48705,ok
03:14:05,63.0,96.7,25850,48793,ok
03:14:06,64.8,97.3,25643,49737,ok
03:14:07,65.2,97.5,26938,48296,ok
03:14:08,64.6,97.3,26264,49831,ok
03:14:09,66.7,97.5,25066,49188,ok
03:14:10,63.2,96.2,26040,49371,ok
03:14:11,66.0,97.2,25809,49984,ok
03:14:12,63.4,97.5,25023,49048,ok
03:14:13,65.8,97.5,25971,48817,ok
03:14:14,67.5,96.9,25519,49415,ok
03:14:15,64.6,97.7,26599,49268,ok
03:14:16,65.3,96.9,26428,49994,ok
03:14:17,63.3,97.9,26802,48684,ok
03:14:18,65.8,96.2,25232,49978,ok
03:14:19,61.2,97.3,26499,49162,ok
03:14:20,66.0,96.9,25631,48051,ok
03:14:21,64.4,96.7,25542,48914,ok
03:14:22,66.1,97.0,25172,49925,ok
03:14:23,64.0,96.7,25571,49936,ok
03:14:24,64.3,97.2,25141,49948,ok
03:14:25,64.4,96.7,25895,48034,ok
03:14:26,64.8,97.5,25158,48693,ok
03:14:27,70.8,97.0,26651,49733,ok
03:14:28,66.0,97.0,26315,49107,ok
03:14:29,62.8,97.3,26956,49794,ok
03:14:30,65.1,97.2,26978,49777,ok
03:14:31,61.7,97.3,26230,48409,ok
03:14:32,64.2,97.2,26311,48497,ok
03:14:33,67.4,96.6,25992,48977,ok
03:14:34,64.7,96.2,26645,48655,ok
03:14:35,64.3,97.2,25548,49222,ok
03:14:36,64.5,96.5,26896,48981,ok
03:14:37,68.5,96.9,26823,48672,ok
03:14:38,64.8,97.1,26770,49328,ok
03:14:39,63.3,97.9,25730,49857,ok
03:14:40,68.3,96.9,25559,49644,ok
03:14:41,66.2,96.9,25762,49134,ok
03:14:42,63.5,97.9,26223,48456,ok
03:14:43,62.0,97.4,26165,49602,ok
03:14:44,67.1,97.0,25724,49067,ok
03:14:45,63.7,97.0,26713,48686,ok
03:14:46,65.8,97.8,26666,48632,ok
03:14:47,60.3,97.0,26503,48927,ok
03:14:48,64.7,97.2,26240,48593,ok
03:14:49,63.7,97.0,26520,49341,ok
03:14:50,64.8,97.6,26890,49382,ok
03:14:51,63.3,96.8,25057,49371,ok
03:14:52,62.8,97.1,26576,49668,ok
03:14:53,63.0,96.8,25714,49974,ok
03:14:54,65.6,96.8,26204,49751,ok
03:14:55,62.1,97.4,26920,49857,ok
03:14:56,63.7,96.4,25760,48876,ok
03:14:57,64.0,96.8,26559,48928,ok
03:14:58,63.2,96.3,26018,49075,ok
03:14:59,61.9,96.4,25897,48637,ok
03:15:00,68.0,96.3,25658,49592,ok
03:15:01,63.7,97.6,25512,49031,ok
03:15:02,65.3,95.9,26064,48875,ok
03:15:03,61.9,97.2,25005,48942,ok
03:15:04,66.6,96.9,25413,49475,ok
03:15:05,66.8,96.8,26634,48555,ok
03:15:06,65.3,97.4,26499,48321,ok
03:15:07,65.2,97.0,26590,49620,ok
03:15:08,62.6,96.3,25697,49799,ok
03:15:09,63.4,96.6,26285,48125,ok
03:15:10,64.9,97.6,26281,48553,ok
03:15:11,65.6,96.8,26823,48587,ok
03:15:12,64.6,97.1,25864,48589,ok
03:15:13,66.2,96.5,26823,48873,ok
03:15:14,66.1,96.9,26207,48418,ok
03:15:15,61.3,96.9,25044,48898,ok
03:15:16,66.2,96.0,26684,48714,ok
03:15:17,63.9,96.2,26413,48912,ok
03:15:18,65.6,97.3,25838,48601,ok
03:15:19,63.7,95.9,26185,48168,ok
03:15:20,66.6,97.1,25933,48355,ok
03:15:21,65.6,96.9,26089,48263,ok
03:15:22,63.0,96.7,26165,48146,ok
03:15:23,62.8,97.5,26492,49764,ok
03:15:24,69.0,97.0,26178,48275,ok
03:15:25,63.2,96.9,26808,48636,ok
03:15:26,62.5,97.8,25296,49398,ok
03:15:27,66.7,97.2,26271,48761,ok
03:15:28,67.1,97.3,26644,49290,ok
03:15:29,67.4,96.8,25840,48885,ok
03:15:30,64.1,97.1,26165,49712,ok
03:15:31,66.2,97.3,25424,48186,ok
03:15:32,69.4,96.4,25362,48530,ok
03:15:33,67.5,97.0,26353,48891,ok
03:15:34,65.4,96.8,26118,48498,ok
03:15:35,64.4,96.3,26755,48069,ok
03:15:36,63.7,97.4,25783,49705,ok
03:15:37,62.2,96.8,25869,49056,ok
03:15:38,64.5,96.2,25174,49459,ok
03:15:39,63.8,97.0,26326,49561,ok
03:15:40,63.7,97.0,25798,48773,ok
03:15:41,63.7,96.8,26389,48648,ok
03:15:42,65.1,96.0,25895,48744,ok
03:15:43,64.2,97.4,25067,48938,ok
03:15:44,64.0,96.6,26804,48550,ok
03:15:45,64.0,96.7,25682,49331,ok
03:15:46,67.5,96.7,26716,49519,ok
03:15:47,66.5,96.5,26250,49499,ok
03:15:48,65.3,97.6,25568,49703,ok
03:15:49,63.8,96.7,26130,48315,ok
03:15:50,66.5,96.8,26925,49860,ok
03:15:51,63.9,97.2,25729,48921,ok
03:15:52,64.0,96.9,25757,49866,ok
03:15:53,66.5,97.3,26869,49730,ok
03:15:54,64.7,97.3,25622,49543,ok
03:15:55,65.9,96.4,25059,49795,ok
03:15:56,64.1,96.4,26821,48425,ok
03:15:57,66.3,97.9,26038,48971,ok
03:15:58,65.4,97.3,26618,49380,ok
03:15:59,66.5,96.1,26012,48261,ok
03:16:00,67.4,96.5,25566,49572,ok
03:16:01,62.2,96.4,25295,48820,ok
03:16:02,66.2,97.2,26584,48555,ok
03:16:03,64.7,96.3,26331,49245,ok
03:16:04,64.0,97.1,25033,49275,ok
03:16:05,64.8,96.8,26030,49383,ok
03:16:06,62.8,98.3,26300,49877,ok
03:16:07,64.8,96.7,25723,49335,ok
03:16:08,64.3,98.0,25305,49708,ok
03:16:09,64.4,98.0,25905,48949,ok
03:16:10,67.6,97.5,25509,49041,ok
03:16:11,63.1,97.1,26561,48646,ok
03:16:12,62.7,97.4,26106,48535,ok
03:16:13,65.5,96.4,26900,48153,ok
03:16:14,64.3,97.1,26500,48172,ok
03:16:15,62.9,96.5,26393,48681,ok
03:16:16,65.7,96.3,25069,49642,ok
03:16:17,67.1,97.8,26743,49799,ok
03:16:18,65.7,97.0,26692,49762,ok
03:16:19,64.1,97.4,26647,48121,ok
03:16:20,64.2,96.9,25716,48463,ok
03:16:21,64.9,96.9,25917,48266,ok
03:16:22,69.6,97.3,25328,49882,ok
03:16:23,63.8,96.8,26418,49028,ok
03:16:24,66.6,97.5,26391,48453,ok
03:16:25,66.3,96.6,26051,49287,ok
03:16:26,67.1,97.2,25180,48736,ok
03:16:27,63.3,96.7,25064,49270,ok
03:16:28,62.5,96.6,25997,49949,ok
03:16:29,65.0,97.5,26419,49637,ok
03:16:30,66.4,96.5,26714,49518,ok
03:16:31,66.2,95.7,25092,49019,ok
03:16:32,65.4,97.1,25567,48888,ok
03:16:33,68.6,96.2,26037,48299,ok
03:16:34,63.7,97.3,25326,48105,ok
03:16:35,65.6,97.6,26816,49562,ok
03:16:36,62.5,97.6,25810,48174,ok
03:16:37,65.3,97.7,25264,49306,ok
03:16:38,63.5,98.5,26383,48358,ok
03:16:39,63.4,96.8,26640,48389,ok
03:16:40,64.1,97.1,26410,49821,ok
03:16:41,63.8,96.1,26366,48537,ok
03:16:42,63.4,97.1,25219,49431,ok
03:16:43,66.8,96.6,26014,48172,ok
03:16:44,61.3,97.4,26444,48664,ok
03:16:45,64.3,96.8,25867,49191,ok
03:16:46,65.2,97.2,26794,48764,ok
03:16:47,65.2,96.7,26697,48460,ok
03:16:48,65.6,96.6,26780,49826,ok
03:16:49,65.0,97.1,25759,48565,ok
03:16:50,67.0,97.5,25132,49416,ok
03:16:51,64.1,97.9,26682,48914,ok
03:16:52,64.3,96.9,25607,49885,ok
03:16:53,67.8,96.9,25049,48402,ok
03:16:54,70.0,97.3,26144,48696,ok
03:16:55,63.0,97.5,25192,49577,ok
03:16:56,65.8,97.1,25877,49823,ok
03:16:57,58.2,97.6,26464,48989,ok
03:16:58,65.8,97.0,25060,49381,ok
03:16:59,59.8,96.0,26660,48633,ok
03:17:00,68.0,97.7,26246,48135,ok
03:17:01,64.5,97.2,26736,48164,ok
03:17:02,62.7,97.0,25078,49039,ok
03:17:03,63.5,97.1,26904,48260,ok
03:17:04,62.1,97.3,26223,49470,ok
03:17:05,64.2,96.6,25745,49388,ok
03:17:06,63.5,96.9,25126,48852,ok
03:17:07,62.5,96.7,26031,48029,ok
03:17:08,65.7,95.9,25057,48000,ok
03:17:09,66.1,96.2,25912,49990,ok
03:17:10,66.4,97.2,26197,49766,ok
03:17:11,63.8,97.3,25089,49507,ok
03:17:12,64.0,96.7,25675,49902,ok
03:17:13,63.6,97.0,26053,48121,ok
03:17:14,65.0,96.4,26610,48523,ok
03:17:15,66.2,97.0,25616,48129,ok
03:17:16,66.0,97.6,26299,48775,ok
03:17:17,64.7,96.6,26272,48420,ok
03:17:18,68.5,97.4,26886,49567,ok
03:17:19,69.8,96.6,25247,49109,ok
03:17:20,62.5,97.3,26073,49760,ok
03:17:21,63.1,96.5,26058,48267,ok
03:17:22,67.7,97.0,26131,48579,ok
03:17:23,68.3,96.9,25439,48495,ok
03:17:24,66.6,97.4,25362,49464,ok
03:17:25,69.3,96.8,26648,48720,ok
03:17:26,62.9,96.5,25020,48373,ok
03:17:27,64.2,96.4,26095,49024,ok
03:17:28,64.8,97.3,25084,48074,ok
03:17:29,65.0,96.8,25069,49595,ok
03:17:30,61.5,98.0,26789,48486,ok
03:17:31,65.8,97.4,26093,49833,ok
03:17:32,62.9,97.8,25385,49346,ok
03:17:33,63.3,98.3,26432,48646,ok
03:17:34,60.3,97.2,25927,48685,ok
03:17:35,65.3,96.1,26281,48521,ok
03:17:36,66.2,97.6,25980,49717,ok
03:17:37,66.6,96.5,25321,48679,ok
03:17:38,63.5,96.8,25151,49268,ok
03:17:39,65.9,97.1,26986,49486,ok
03:17:40,64.9,97.1,26332,49884,ok
03:17:41,65.5,97.7,25283,49249,ok
03:17:42,64.9,97.3,25099,48702,ok
03:17:43,66.2,97.6,25936,49082,ok
03:17:44,61.4,97.5,26163,48863,ok
03:17:45,65.6,96.5,25752,48745,ok
03:17:46,64.2,96.2,26959,49088,ok
03:17:47,62.9,96.7,26271,48511,ok
03:17:48,65.3,97.0,26443,49566,ok
03:17:49,65.0,96.5,26150,48123,ok
03:17:50,62.2,97.2,26849,49067,ok
03:17:51,65.4,97.4,26482,48458,ok
03:17:52,64.5,97.8,26851,48785,ok
03:17:53,64.4,98.0,26487,48786,ok
03:17:54,65.9,97.5,25225,48717,ok
03:17:55,63.3,97.5,26525,49665,ok
03:17:56,62.0,96.8,25592,48051,ok
03:17:57,63.9,96.6,26759,48696,ok
03:17:58,67.3,96.7,25895,48502,ok
03:17:59,63.7,97.2,25212,48013,ok
03:18:00,61.6,97.0,25442,48246,ok
03:18:01,66.9,96.7,26795,48695,ok
03:18:02,63.3,96.4,25284,49870,ok
03:18:03,65.1,97.4,25185,48386,ok
03:18:04,65.6,97.1,25452,49908,ok
03:18:05,69.9,98.0,25062,48084,ok
03:18:06,65.4,97.1,26102,48421,ok
03:18:07,65.6,97.7,26685,49925,ok
03:18:08,65.7,96.4,26068,49529,ok
03:18:09,66.9,97.2,25174,48390,ok
03:18:10,61.5,97.3,25374,49684,ok
03:18:11,63.4,97.0,26319,48141,ok
03:18:12,62.0,97.7,25273,49634,ok
03:18:13,62.7,97.0,25457,48525,ok
03:18:14,65.1,96.9,26376,49685,ok
03:18:15,65.7,97.2,25111,49961,ok
03:18:16,65.5,97.1,25321,49673,ok
03:18:17,65.9,96.5,26129,48788,ok
03:18:18,65.8,97.1,25789,48744,ok
03:18:19,66.1,97.4,26689,48351,ok
03:18:20,64.7,97.5,26957,49448,ok
03:18:21,61.2,97.9,26691,49011,ok
03:18:22,65.5,96.3,25041,48523,ok
03:18:23,61.3,98.1,25224,48651,ok
03:18:24,65.1,97.1,26672,49709,ok
03:18:25,64.5,97.1,25455,49504,ok
03:18:26,65.8,96.6,25765,48042,ok
03:18:27,63.2,97.3,25173,49735,ok
03:18:28,66.7,96.6,25194,49805,ok
03:18:29,63.7,96.9,25004,49344,ok
03:18:30,65.6,96.7,25401,48628,ok
03:18:31,62.7,97.2,25245,48229,ok
03:18:32,61.5,97.4,25970,48073,ok
03:18:33,62.7,97.3,25010,48910,ok
03:18:34,66.0,96.1,26215,49262,ok
03:18:35,65.3,97.3,25611,48051,ok
03:18:36,64.2,98.5,26136,48598,ok
03:18:37,63.1,96.7,26346,48615,ok
03:18:38,66.5,97.1,25012,48662,ok
03:18:39,66.7,97.1,25607,49806,ok
03:18:40,66.5,96.2,26447,49571,ok
03:18:41,65.7,96.9,26954,49571,ok
03:18:42,64.3,96.5,26930,49133,ok
03:18:43,63.9,97.9,25367,48789,ok
03:18:44,64.7,96.6,25789,49025,ok
03:18:45,64.0,97.4,26194,49773,ok
03:18:46,66.9,96.5,26690,48841,ok
03:18:47,64.2,97.1,26065,49151,ok
03:18:48,65.7,97.3,26562,48293,ok
03:18:49,67.1,97.4,26327,49112,ok
03:18:50,66.3,97.4,25706,49085,ok
03:18:51,63.8,97.2,26749,48383,ok
03:18:52,65.3,97.7,25201,49141,ok
03:18:53,66.5,96.7,26731,48853,ok
03:18:54,63.9,97.1,26859,49707,ok
03:18:55,61.4,97.0,26232,48991,ok
03:18:56,65.4,97.8,26404,49676,ok
03:18:57,65.2,96.5,26507,49764,ok
03:18:58,66.3,97.4,25572,49984,ok
03:18:59,61.5,96.9,26193,49794,ok
03:19:00,60.6,97.3,25794,49492,ok
03:19:01,63.7,97.5,26496,49216,ok
03:19:02,64.0,97.0,26265,49956,ok
03:19:03,64.4,96.7,25042,48404,ok
03:19:04,62.7,97.3,26873,49033,ok
03:19:05,65.3,96.3,25395,49811,ok
03:19:06,65.4,96.6,26067,48823,ok
03:19:07,66.2,96.6,25995,49070,ok
03:19:08,64.5,97.4,25305,48890,ok
03:19:09,65.4,96.7,26521,49318,ok
03:19:10,66.8,97.1,25112,48949,ok
03:19:11,64.1,97.5,26842,48404,ok
03:19:12,65.2,97.2,25144,48672,ok
03:19:13,61.5,97.4,25287,48218,ok
03:19:14,69.6,96.4,26833,49534,ok
03:19:15,64.1,97.5,25326,48569,ok
03:19:16,65.1,97.3,25068,49356,ok
03:19:17,67.6,97.1,26620,49949,ok
03:19:18,66.4,97.0,26386,48062,ok
03:19:19,64.0,97.0,25468,49645,ok
03:19:20,62.1,96.3,26042,48171,ok
03:19:21,63.6,96.7,25112,49518,ok
03:19:22,66.4,96.7,25267,48454,ok
03:19:23,66.4,96.4,25525,49658,ok
03:19:24,64.4,97.5,26065,48836,ok
03:19:25,63.4,97.1,26453,48073,ok
03:19:26,65.7,96.7,26259,49483,ok
03:19:27,61.5,96.7,25925,48374,ok
03:19:28,68.2,96.8,26890,48012,ok
03:19:29,63.1,97.4,25206,48284,ok
03:19:30,66.5,96.7,26815,48888,ok
03:19:31,60.9,97.2,26610,49468,ok
03:19:32,64.0,96.8,25299,49067,ok
03:19:33,67.3,97.3,26265,49370,ok
03:19:34,67.8,97.7,25751,48734,ok
03:19:35,64.0,96.9,25761,49892,ok
03:19:36,66.1,96.9,25145,48342,ok
03:19:37,66.3,97.0,25698,49202,ok
03:19:38,62.2,96.7,25998,49133,ok
03:19:39,65.9,96.6,26045,48071,ok
03:19:40,69.7,97.3,26842,49364,ok
03:19:41,61.3,96.8,25909,49744,ok
03:19:42,65.1,97.0,26684,48220,ok
03:19:43,64.8,97.2,26184,48908,ok
03:19:44,63.9,97.3,25726,49156,ok
03:19:45,64.1,97.6,25434,48065,ok
03:19:46,64.0,96.7,26463,49588,ok
03:19:47,68.7,96.6,25819,48278,ok
03:19:48,65.6,96.3,26445,49036,ok
03:19:49,64.5,97.3,25094,49816,ok
03:19:50,64.6,97.1,26860,48163,ok
03:19:51,65.4,96.5,25507,48022,ok
03:19:52,64.6,97.2,26222,48895,ok
03:19:53,66.9,96.8,25057,49630,ok
03:19:54,66.4,97.2,25773,48888,ok
03:19:55,64.7,96.9,25129,49641,ok
03:19:56,63.9,96.6,26627,48766,ok
03:19:57,66.9,96.3,25631,48294,ok
03:19:58,65.8,97.2,26609,49306,ok
03:19:59,65.7,97.1,26560,48959,ok
03:20:00,60.7,97.0,26468,49023,ok
03:20:01,66.4,97.3,25856,49077,ok
03:20:02,64.2,96.9,26099,49759,ok
03:20:03,61.4,97.0,25131,49832,ok
03:20:04,63.8,97.3,26979,49477,ok
03:20:05,63.4,97.0,26039,49602,ok
03:20:06,67.5,97.7,25298,48507,ok
03:20:07,61.7,97.4,25881,49942,ok
03:20:08,63.7,96.1,25828,48331,ok
03:20:09,65.3,97.8,25391,48962,ok
03:20:10,68.6,97.0,25042,49731,ok
03:20:11,66.7,98.2,25380,48282,ok
03:20:12,65.1,96.3,25359,49920,ok
03:20:13,63.0,97.2,26017,49400,ok
03:20:14,68.0,96.8,25455,48613,ok
03:20:15,68.4,97.4,25667,48726,ok
03:20:16,63.6,96.4,25081,49495,ok
03:20:17,65.0,97.5,25880,48317,ok
03:20:18,64.9,96.6,26382,49686,ok
03:20:19,62.7,97.1,25236,49992,ok
03:20:20,65.7,97.2,26535,48684,ok
03:20:21,64.5,96.9,25085,49294,ok
03:20:22,60.6,95.8,25727,49079,ok
03:20:23,64.6,97.1,26084,48477,ok
03:20:24,65.4,97.5,26460,49254,ok
03:20:25,66.8,97.1,25224,48708,ok
03:20:26,65.8,97.6,25200,49442,ok
03:20:27,60.7,96.6,26881,49559,ok
03:20:28,66.6,97.3,26902,49184,ok
03:20:29,61.0,96.5,26117,48359,ok
03:20:30,62.2,97.4,25293,48488,ok
03:20:31,63.1,97.1,26981,48294,ok
03:20:32,65.6,95.8,25690,48085,ok
03:20:33,64.8,96.5,25052,49275,ok
03:20:34,64.1,97.1,25338,49115,ok
03:20:35,65.5,96.6,26057,49469,ok
03:20:36,63.7,97.4,26091,48752,ok
03:20:37,65.7,97.2,26557,48397,ok
03:20:38,67.9,97.3,26006,49536,ok
03:20:39,66.3,96.8,25179,48132,ok
03:20:40,64.5,98.1,25417,48004,ok
03:20:41,65.1,96.8,25850,48637,ok
03:20:42,63.7,97.1,25338,48749,ok
03:20:43,67.4,96.6,26396,49702,ok
03:20:44,65.8,97.8,25099,49670,ok
03:20:45,67.2,97.8,26104,48290,ok
03:20:46,68.1,97.4,26113,49482,ok
03:20:47,65.0,97.5,25559,49727,ok
03:20:48,64.2,97.0,25600,48392,ok
03:20:49,64.6,96.6,26574,48301,ok
03:20:50,63.2,96.7,26256,49713,ok
03:20:51,64.4,97.4,25880,49257,ok
03:20:52,64.8,97.3,26507,49428,ok
03:20:53,62.2,97.0,25633,49155,ok
03:20:54,69.1,95.9,25939,48888,ok
03:20:55,62.5,97.8,25298,48492,ok
03:20:56,63.1,97.9,25177,48109,ok
03:20:57,67.3,97.8,26017,49237,ok
03:20:58,67.2,97.3,26572,48764,ok
03:20:59,65.3,97.5,25525,48938,ok
03:21:00,63.7,95.9,25906,49731,ok
03:21:01,65.2,97.2,25940,49943,ok
03:21:02,61.4,96.6,25072,49163,ok
03:21:03,59.6,97.7,25942,48493,ok
03:21:04,67.1,97.1,25138,48008,ok
03:21:05,66.8,97.3,26423,49719,ok
03:21:06,64.0,98.7,25396,49726,ok
03:21:07,63.6,97.6,25231,49938,ok
03:21:08,64.8,96.1,25585,49070,ok
03:21:09,66.9,97.1,26164,49110,ok
03:21:10,63.0,96.6,26540,49657,ok
03:21:11,66.0,96.0,25955,48866,ok
03:21:12,63.6,98.2,25257,49022,ok
03:21:13,66.2,95.3,25922,49575,ok
03:21:14,63.7,97.1,25691,49403,ok
03:21:15,63.1,96.9,25481,48052,ok
03:21:16,60.6,97.2,25902,49785,ok
03:21:17,61.6,96.7,25656,49457,ok
03:21:18,70.5,97.0,25836,49136,ok
03:21:19,65.3,96.9,25014,48984,ok
03:21:20,64.2,96.0,26266,49786,ok
03:21:21,65.7,97.1,26545,49534,ok
03:21:22,63.2,96.8,25189,49359,ok
03:21:23,65.7,96.9,26980,49742,ok
03:21:24,63.3,97.4,26359,48674,ok
03:21:25,64.0,97.9,25432,48532,ok
03:21:26,67.5,96.9,25284,49722,ok
03:21:27,67.1,97.4,25240,49503,ok
03:21:28,63.9,96.6,25219,49088,ok
03:21:29,65.8,97.3,26776,49577,ok
03:21:30,65.8,96.4,26538,48307,ok
03:21:31,66.7,96.5,25565,48175,ok
03:21:32,64.9,96.6,25103,49197,ok
03:21:33,66.9,96.5,25889,49712,ok
03:21:34,69.4,97.1,26220,48571,ok
03:21:35,66.9,97.5,26237,48708,ok
03:21:36,63.8,97.2,26712,49246,ok
03:21:37,62.8,97.3,26952,48471,ok
03:21:38,64.3,97.9,26345,49838,ok
03:21:39,61.9,96.3,26705,49654,ok
03:21:40,70.7,97.3,26404,48457,ok
03:21:41,64.3,95.9,26817,48507,ok
03:21:42,62.0,96.7,26300,48036,ok
03:21:43,65.7,96.4,26744,48999,ok
03:21:44,66.1,96.3,25999,48821,ok
03:21:45,66.8,96.9,26293,48711,ok
03:21:46,68.4,96.5,26535,49721,ok
03:21:47,64.9,97.3,25837,49199,ok
03:21:48,66.5,96.0,25914,49933,ok
03:21:49,66.1,96.2,26280,49264,ok
03:21:50,68.2,96.4,25137,49496,ok
03:21:51,66.0,96.7,25290,49617,ok
03:21:52,65.7,96.4,25089,48418,ok
03:21:53,62.8,97.1,25503,48212,ok
03:21:54,62.9,96.7,25424,49266,ok
03:21:55,65.7,96.5,25704,48718,ok
03:21:56,64.4,96.5,25914,49482,ok
03:21:57,66.4,97.3,26644,48867,ok
03:21:58,65.8,97.3,25481,48997,ok
03:21:59,65.3,96.9,25584,49712,ok
03:22:00,60.6,96.7,25890,48450,ok
03:22:01,66.3,97.1,26153,48729,ok
03:22:02,62.4,97.0,25815,49174,ok
03:22:03,64.8,96.8,26496,49688,ok
03:22:04,67.1,97.2,26134,48153,ok
03:22:05,64.2,96.2,25477,49794,ok
03:22:06,65.4,97.4,26937,49525,ok
03:22:07,66.1,97.2,26701,48175,ok
03:22:08,63.7,97.5,25856,48376,ok
03:22:09,64.6,96.6,26076,48736,ok
03:22:10,63.9,97.3,26805,49802,ok
03:22:11,67.4,97.0,25670,48771,ok
03:22:12,62.7,96.4,25461,49125,ok
03:22:13,63.9,96.8,25160,48340,ok
03:22:14,65.7,97.6,26932,49112,ok
03:22:15,65.8,96.6,25748,48626,ok
03:22:16,66.5,97.4,26272,49697,ok
03:22:17,66.8,97.0,26002,49183,ok
03:22:18,65.5,96.9,25426,48730,ok
03:22:19,62.5,97.5,25618,48378,ok
03:22:20,66.3,97.3,25849,48027,ok
03:22:21,67.5,98.0,26913,49405,ok
03:22:22,66.3,96.5,25800,48336,ok
03:22:23,62.1,96.1,26603,48235,ok
03:22:24,65.3,97.3,25664,48046,ok
03:22:25,67.0,95.1,25612,48390,ok
03:22:26,61.2,97.9,26868,48764,ok
03:22:27,66.5,97.0,26777,48539,ok
03:22:28,67.3,98.2,25453,49354,ok
03:22:29,63.6,97.1,25604,48142,ok
03:22:30,61.1,97.4,25084,48258,ok
03:22:31,64.6,97.0,26689,49780,ok
03:22:32,64.2,96.6,26733,48186,ok
03:22:33,63.3,96.6,25088,48814,ok
03:22:34,67.6,97.0,25239,49473,ok
03:22:35,66.5,97.4,25095,48288,ok
03:22:36,64.4,97.1,25216,48117,ok
03:22:37,67.1,96.9,26555,49026,ok
03:22:38,65.1,96.2,26748,48452,ok
03:22:39,67.5,97.4,25587,49933,ok
03:22:40,64.7,97.7,26917,49848,ok
03:22:41,66.2,98.0,25435,48590,ok
03:22:42,63.5,96.8,25758,49496,ok
03:22:43,66.2,97.4,26722,49351,ok
03:22:44,65.2,98.3,26942,48173,ok
03:22:45,68.0,97.5,26379,48622,ok
03:22:46,64.3,97.1,26985,48646,ok
03:22:47,66.1,97.6,25255,48272,ok
03:22:48,65.3,97.1,26249,48860,ok
03:22:49,66.6,97.2,25607,48635,ok
03:22:50,59.2,96.3,25722,48086,ok
03:22:51,63.1,96.6,25360,48317,ok
03:22:52,65.2,97.8,25544,48148,ok
03:22:53,63.8,97.2,26067,49024,ok
03:22:54,66.0,97.3,26470,49640,ok
03:22:55,63.2,96.4,25559,48165,ok
03:22:56,65.3,97.1,25043,49040,ok
03:22:57,69.4,96.2,25859,49577,ok
03:22:58,64.5,96.6,25763,48818,ok
03:22:59,66.1,97.7,25557,48516,ok
03:23:00,62.1,97.9,25504,49258,ok
03:23:01,66.0,97.0,26786,49782,ok
03:23:02,64.3,96.3,25837,49295,ok
03:23:03,64.0,95.8,26249,49322,ok
03:23:04,64.4,97.9,26477,48688,ok
03:23:05,65.6,96.3,26025,49685,ok
03:23:06,64.5,97.3,25773,49230,ok
03:23:07,67.0,97.2,25225,49078,ok
03:23:08,65.9,97.3,26092,49968,ok
03:23:09,64.2,97.5,25030,49181,ok
03:23:10,62.3,96.2,25563,48145,ok
03:23:11,64.2,96.7,25788,48803,ok
03:23:12,62.9,96.9,25439,49818,ok
03:23:13,63.9,96.7,25827,49757,ok
03:23:14,65.4,97.1,25447,48581,ok
03:23:15,64.3,97.0,25064,49455,ok
03:23:16,66.5,97.7,25425,49717,ok
03:23:17,58.6,97.6,26571,49591,ok
03:23:18,66.7,97.1,25257,49937,ok
03:23:19,63.4,97.3,26643,49969,ok
03:23:20,65.1,97.0,25311,48805,ok
03:23:21,67.3,97.0,26729,49718,ok
03:23:22,67.0,96.5,26937,49423,ok
03:23:23,65.7,97.8,25994,49906,ok
03:23:24,64.0,96.9,26811,48409,ok
03:23:25,65.8,97.3,25833,48883,ok
03:23:26,68.1,95.9,26314,49435,ok
03:23:27,62.8,96.7,25344,48213,ok
03:23:28,64.7,97.3,26092,48298,ok
03:23:29,65.5,96.6,25744,48305,ok
03:23:30,66.6,97.8,26885,48421,ok
03:23:31,67.6,96.9,25704,49978,ok
03:23:32,64.1,96.6,25225,48014,ok
03:23:33,68.9,97.1,25070,48001,ok
03:23:34,65.7,96.2,25131,48723,ok
03:23:35,68.1,96.7,25117,49758,ok
03:23:36,64.0,96.6,26960,49031,ok
03:23:37,64.6,96.6,25174,49866,ok
03:23:38,63.0,97.7,25174,48891,ok
03:23:39,67.1,97.6,25155,48668,ok
03:23:40,68.7,96.7,26993,48912,ok
03:23:41,68.0,96.4,25061,48267,ok
03:23:42,67.5,96.7,25127,48450,ok
03:23:43,65.4,96.2,25731,48199,ok
03:23:44,62.2,97.0,26915,49415,ok
03:23:45,63.6,97.0,26670,48678,ok
03:23:46,64.8,97.7,26945,49396,ok
03:23:47,66.9,96.7,25826,49996,ok
03:23:48,65.1,96.6,26626,49800,ok
03:23:49,60.3,96.6,25950,49660,ok
03:23:50,69.3,96.7,25293,49910,ok
03:23:51,67.7,95.9,26919,49296,ok
03:23:52,67.8,96.5,25772,48841,ok
03:23:53,67.2,96.8,26514,48717,ok
03:23:54,66.5,96.3,25332,49667,ok
03:23:55,63.9,96.6,26227,48732,ok
03:23:56,67.1,97.5,25121,48808,ok
03:23:57,61.3,97.9,26386,48978,ok
03:23:58,67.0,97.7,26271,49237,ok
03:23:59,66.1,97.3,25474,48225,ok
03:24:00,65.0,97.0,26080,48981,ok
03:24:01,65.1,97.3,26336,48170,ok
03:24:02,62.4,96.4,25335,49059,ok
03:24:03,62.0,97.6,25636,49482,ok
03:24:04,64.0,96.8,26932,48594,ok
03:24:05,67.2,97.5,26604,48654,ok
03:24:06,63.6,97.0,25016,49280,ok
03:24:07,66.3,96.6,25532,48407,ok
03:24:08,68.5,96.8,25706,48908,ok
03:24:09,65.9,97.6,25469,49131,ok
03:24:10,65.8,97.3,25845,49487,ok
03:24:11,66.0,97.0,26735,48402,ok
03:24:12,68.0,96.6,26114,49175,ok
03:24:13,66.3,97.5,25936,48128,ok
03:24:14,66.0,98.0,26415,49687,ok
03:24:15,63.5,97.1,26247,49919,ok
03:24:16,63.8,97.5,25740,49352,ok
03:24:17,64.5,96.8,25407,49183,ok
03:24:18,64.3,96.8,26095,49827,ok
03:24:19,64.6,97.8,25443,48437,ok
03:24:20,64.5,97.0,26210,49351,ok
03:24:21,65.7,96.5,26169,49314,ok
03:24:22,63.8,97.2,25069,49924,ok
03:24:23,62.1,96.6,26319,48783,ok
03:24:24,64.1,96.9,25337,49525,ok
03:24:25,67.3,97.4,26944,48492,ok
03:24:26,65.1,96.3,26211,48272,ok
03:24:27,64.3,96.3,25210,48437,ok
03:24:28,67.5,96.4,25900,48232,ok
03:24:29,67.2,97.5,26572,49616,ok
03:24:30,62.5,96.3,25004,48006,ok
03:24:31,67.9,96.5,25303,48010,ok
03:24:32,63.1,96.9,26799,48312,ok
03:24:33,64.0,97.0,26990,49506,ok
03:24:34,64.3,96.4,26339,48282,ok
03:24:35,68.4,96.3,25018,48624,ok
03:24:36,65.7,96.9,25268,48555,ok
03:24:37,64.2,96.3,26089,49734,ok
03:24:38,68.0,96.8,26820,48368,ok
03:24:39,62.9,97.5,26073,49315,ok
03:24:40,66.7,98.1,26160,49120,ok
03:24:41,68.8,97.4,25698,49118,ok
03:24:42,63.7,97.1,26344,48933,ok
03:24:43,60.6,96.8,25462,49984,ok
03:24:44,66.6,97.2,26374,48176,ok
03:24:45,64.5,96.8,25148,49796,ok
03:24:46,67.0,97.5,25929,49412,ok
03:24:47,62.8,97.3,25939,48704,ok
03:24:48,64.9,97.3,26994,48221,ok
03:24:49,66.1,97.1,25403,49597,ok
03:24:50,68.4,96.8,25032,48646,ok
03:24:51,64.5,97.4,26624,48924,ok
03:24:52,66.2,97.0,26967,49910,ok
03:24:53,64.5,97.4,26972,49602,ok
03:24:54,62.7,97.3,26031,49121,ok
03:24:55,63.3,97.6,26025,48191,ok
03:24:56,64.1,97.0,25837,49917,ok
03:24:57,67.6,97.2,26561,49574,ok
03:24:58,62.0,96.6,26102,48221,ok
03:24:59,65.5,96.9,25714,48531,ok
03:25:00,62.8,96.6,25061,48653,ok
03:25:01,65.3,96.9,25497,48496,ok
03:25:02,66.5,97.6,25842,49189,ok
03:25:03,63.8,97.1,25871,49269,ok
03:25:04,62.9,96.9,26726,49370,ok
03:25:05,65.0,96.5,25931,49452,ok
03:25:06,63.0,97.7,25291,49704,ok
03:25:07,68.3,96.5,26033,48656,ok
03:25:08,65.7,98.1,26015,48458,ok
03:25:09,63.4,96.5,25277,48364,ok
03:25:10,63.3,96.6,25136,49393,ok
03:25:11,63.2,97.0,26490,48478,ok
03:25:12,61.4,97.2,26132,49952,ok
03:25:13,66.6,97.3,26674,49338,ok
03:25:14,66.7,96.6,25954,48481,ok
03:25:15,62.9,97.1,25254,48254,ok
03:25:16,65.6,97.7,26488,48078,ok
03:25:17,63.0,96.8,26016,48844,ok
03:25:18,66.4,96.9,26571,48124,ok
03:25:19,66.6,96.5,26078,49003,ok
03:25:20,64.4,97.2,26228,49866,ok
03:25:21,60.5,96.2,26444,48874,ok
03:25:22,67.0,97.5,26815,49317,ok
03:25:23,62.8,97.1,25824,48510,ok
03:25:24,68.0,96.2,26317,49912,ok
03:25:25,66.7,97.1,26586,49547,ok
03:25:26,67.0,96.9,25883,48480,ok
03:25:27,62.4,96.6,25495,49805,ok
03:25:28,64.7,96.5,25968,48966,ok
03:25:29,66.7,96.4,25323,48660,ok
03:25:30,65.2,97.1,26459,48440,ok
03:25:31,63.8,96.0,26266,48813,ok
03:25:32,66.2,97.6,25468,48928,ok
03:25:33,65.5,97.2,25270,49093,ok
03:25:34,65.6,96.1,26216,49473,ok
03:25:35,65.9,96.6,25309,48606,ok
03:25:36,66.1,97.0,26617,49395,ok
03:25:37,66.5,96.6,26224,49596,ok
03:25:38,67.6,96.1,26261,48094,ok
03:25:39,66.2,96.8,26461,49426,ok
03:25:40,66.2,96.6,26108,49295,ok
03:25:41,65.8,97.7,25325,49685,ok
03:25:42,65.4,96.7,26571,49617,ok
03:25:43,61.9,97.0,25291,48788,ok
03:25:44,66.4,96.7,26399,48268,ok
03:25:45,67.6,96.6,26991,48755,ok
03:25:46,62.2,97.0,25651,49423,ok
03:25:47,62.6,97.4,25654,49108,ok
03:25:48,66.6,97.0,26434,49347,ok
03:25:49,65.7,96.9,25609,49651,ok
03:25:50,67.0,97.3,26056,49802,ok
03:25:51,66.0,97.0,26764,49677,ok
03:25:52,64.0,98.0,26302,49155,ok
03:25:53,67.0,96.6,25747,48575,ok
03:25:54,63.6,96.9,25385,49072,ok
03:25:55,62.0,96.8,25665,49750,ok
03:25:56,65.4,97.0,25321,49393,ok
03:25:57,62.4,97.3,25118,49672,ok
03:25:58,66.3,96.6,25373,48744,ok
03:25:59,64.2,96.8,26815,49259,ok
03:26:00,66.1,97.6,26680,49167,ok
03:26:01,63.2,97.3,25698,48963,ok
03:26:02,63.6,96.7,26039,48411,ok
03:26:03,63.5,96.8,25236,48002,ok
03:26:04,63.7,97.6,26710,48174,ok
03:26:05,62.9,96.9,26056,49619,ok
03:26:06,66.5,96.4,26162,49518,ok
03:26:07,64.5,96.5,25935,48023,ok
03:26:08,64.9,97.5,26976,48802,ok
03:26:09,65.9,97.2,26525,49163,ok
03:26:10,61.9,98.3,25913,49699,ok
03:26:11,63.0,96.1,26519,48586,ok
03:26:12,66.6,96.9,25842,48898,ok
03:26:13,66.1,97.2,25854,49914,ok
03:26:14,63.7,96.7,25456,48976,ok
03:26:15,63.4,96.0,25699,48404,ok
03:26:16,64.0,96.7,25132,49897,ok
03:26:17,61.8,96.8,26954,48902,ok
03:26:18,63.9,97.9,25567,49270,ok
03:26:19,67.0,96.6,26470,49221,ok
03:26:20,66.1,96.0,25702,48353,ok
03:26:21,66.0,98.0,26555,48626,ok
03:26:22,63.3,97.2,25529,49737,ok
03:26:23,67.8,97.2,26852,49662,ok
03:26:24,63.5,97.4,26249,48906,ok
03:26:25,66.8,97.8,26655,49759,ok
03:26:26,64.0,97.0,25788,48690,ok
03:26:27,65.9,96.8,26871,49530,ok
03:26:28,65.6,96.6,25499,48616,ok
03:26:29,67.3,97.0,26066,48510,ok
03:26:30,67.3,95.7,25545,48694,ok
03:26:31,65.6,96.3,26469,48368,ok
03:26:32,63.4,97.4,25491,48372,ok
03:26:33,64.5,96.0,26517,48613,ok
03:26:34,67.9,96.4,26322,49453,ok
03:26:35,61.4,97.7,25121,48088,ok
03:26:36,63.3,97.0,26297,48782,ok
03:26:37,66.7,96.8,25317,48726,ok
03:26:38,67.3,96.6,26620,49184,ok
03:26:39,68.0,97.2,25218,49736,ok
03:26:40,63.1,97.4,26320,48030,ok
03:26:41,65.0,97.4,26686,48306,ok
03:26:42,64.0,96.6,26158,48434,ok
03:26:43,60.1,96.5,26852,48738,ok
03:26:44,67.2,97.0,25236,48314,ok
03:26:45,65.7,96.3,25747,48488,ok
03:26:46,64.3,97.0,25792,48440,ok
03:26:47,69.1,96.4,26288,49283,ok
03:26:48,63.7,97.2,26716,49365,ok
03:26:49,61.4,97.8,25289,48176,ok
03:26:50,65.2,97.5,25957,48177,ok
03:26:51,67.5,97.1,26493,48819,ok
03:26:52,67.3,97.5,25636,49157,ok
03:26:53,68.6,96.6,25008,49162,ok
03:26:54,63.9,97.3,25201,48671,ok
03:26:55,67.1,96.0,25207,49606,ok
03:26:56,67.0,96.5,26969,48307,ok
03:26:57,65.1,97.0,26107,49342,ok
03:26:58,64.6,97.0,26086,49964,ok
03:26:59,62.2,97.2,25628,48733,ok
03:27:00,64.8,97.0,25967,48733,ok
03:27:01,67.6,96.7,25867,48068,ok
03:27:02,67.6,95.8,25541,49006,ok
03:27:03,64.7,96.9,25730,48391,ok
03:27:04,63.9,96.7,25556,48410,ok
03:27:05,64.5,96.8,26363,48005,ok
03:27:06,67.5,96.6,26865,48217,ok
03:27:07,65.9,97.6,25056,49931,ok
03:27:08,65.3,96.8,26447,48811,ok
03:27:09,64.6,96.4,26734,48897,ok
03:27:10,66.3,96.7,26332,48583,ok
03:27:11,67.2,97.3,25795,49811,ok
03:27:12,64.2,97.1,25714,48144,ok
03:27:13,66.7,96.8,26477,49469,ok
03:27:14,66.6,96.5,26550,49576,ok
03:27:15,65.5,97.7,26439,48083,ok
03:27:16,66.5,96.2,26880,49065,ok
03:27:17,64.1,96.6,26590,48053,ok
03:27:18,63.7,97.7,26566,49153,ok
03:27:19,67.6,97.0,25259,49698,ok
03:27:20,64.8,97.3,26408,48722,ok
03:27:21,67.3,97.3,26939,48783,ok
03:27:22,66.3,96.0,26950,49695,ok
03:27:23,64.0,97.2,26812,48616,ok
03:27:24,65.5,97.8,25964,48455,ok
03:27:25,61.8,96.9,25359,48591,ok
03:27:26,65.0,97.2,25990,49237,ok
03:27:27,65.5,97.4,26960,48429,ok
03:27:28,61.5,97.1,26759,48400,ok
03:27:29,64.5,97.0,26661,49099,ok
03:27:30,62.5,96.9,26116,49729,ok
03:27:31,66.9,97.5,26492,48852,ok
03:27:32,64.7,96.6,26349,48666,ok
03:27:33,63.8,97.1,26671,49430,ok
03:27:34,62.5,96.9,26392,48435,ok
03:27:35,69.2,96.7,25213,49150,ok
03:27:36,68.6,97.8,26904,48740,ok
03:27:37,64.4,96.9,25807,48259,ok
03:27:38,63.7,96.8,25449,49444,ok
03:27:39,63.7,97.8,26016,49954,ok
03:27:40,61.6,96.6,25088,48287,ok
03:27:41,65.4,96.3,25305,49381,ok
03:27:42,64.1,96.9,26034,48337,ok
03:27:43,62.4,96.9,25025,48518,ok
03:27:44,65.9,97.7,25556,49620,ok
03:27:45,65.7,97.1,26569,48998,ok
03:27:46,62.3,96.0,25385,48653,ok
03:27:47,63.1,97.6,26673,49096,ok
03:27:48,62.1,96.9,26925,49074,ok
03:27:49,65.5,96.7,25264,48405,ok
03:27:50,67.5,97.5,25192,49079,ok
03:27:51,64.1,96.4,26222,48784,ok
03:27:52,63.7,97.1,25098,49121,ok
03:27:53,65.5,97.4,26694,49038,ok
03:27:54,66.5,96.8,26511,48298,ok
03:27:55,65.6,95.7,25610,49094,ok
03:27:56,66.0,97.5,25451,49540,ok
03:27:57,68.0,96.2,25239,48388,ok
03:27:58,63.7,96.9,25534,48110,ok
03:27:59,63.9,97.5,25632,49197,ok
03:28:00,65.3,97.4,26389,49776,ok
03:28:01,63.9,97.0,26709,48453,ok
03:28:02,61.2,96.4,26344,49273,ok
03:28:03,65.2,96.9,25374,48928,ok
03:28:04,64.2,97.1,25634,49969,ok
03:28:05,63.8,97.5,26767,49198,ok
03:28:06,66.5,97.8,25563,49253,ok
03:28:07,65.5,96.5,25165,48587,ok
03:28:08,60.3,96.3,25164,48378,ok
03:28:09,68.5,96.8,26304,49597,ok
03:28:10,64.9,97.8,25328,49926,ok
03:28:11,64.6,96.8,26566,48011,ok
03:28:12,62.3,96.8,26127,48117,ok
03:28:13,65.8,96.1,26165,48582,ok
03:28:14,64.0,96.8,25569,48078,ok
03:28:15,64.7,96.3,26722,49332,ok
03:28:16,63.5,97.4,25570,48351,ok
03:28:17,64.5,96.1,26453,49897,ok
03:28:18,65.4,98.4,25062,48025,ok
03:28:19,64.5,96.9,25265,48372,ok
03:28:20,65.8,98.5,26084,49822,ok
03:28:21,63.1,97.2,25035,49551,ok
03:28:22,62.3,97.8,26230,48496,ok
03:28:23,65.5,95.9,25759,49469,ok
03:28:24,66.2,96.8,25759,48528,ok
03:28:25,65.4,96.7,25939,49322,ok
03:28:26,62.2,96.6,26177,48250,ok
03:28:27,66.7,97.7,26094,49353,ok
03:28:28,68.8,97.0,26596,49188,ok
03:28:29,67.3,97.0,25724,49721,ok
03:28:30,65.6,95.8,26529,48797,ok
03:28:31,66.1,97.4,26742,49455,ok
03:28:32,63.9,97.7,25373,49366,ok
03:28:33,66.5,97.2,25245,49297,ok
03:28:34,64.1,96.0,25525,48654,ok
03:28:35,64.9,97.5,25061,49671,ok
03:28:36,61.8,97.3,26121,48310,ok
03:28:37,65.4,97.2,25721,48717,ok
03:28:38,67.0,97.2,25173,48427,ok
03:28:39,64.4,96.8,26324,48276,ok
03:28:40,66.9,97.3,26106,49365,ok
03:28:41,65.3,96.8,26416,49219,ok
03:28:42,63.9,97.1,25116,48382,ok
03:28:43,65.8,96.9,26518,49564,ok
03:28:44,68.2,96.6,26133,48013,ok
03:28:45,65.0,97.0,26753,48566,ok
03:28:46,60.6,97.9,26597,48676,ok
03:28:47,64.7,97.7,26846,48011,ok
03:28:48,64.2,96.3,25555,49680,ok
03:28:49,65.7,97.1,26019,48301,ok
03:28:50,64.0,97.6,25131,49750,ok
03:28:51,65.9,96.6,25151,49487,ok
03:28:52,66.1,97.8,25960,49743,ok
03:28:53,66.0,96.7,25494,49607,ok
03:28:54,65.3,97.6,26264,49554,ok
03:28:55,67.1,96.9,25315,48159,ok
03:28:56,66.3,96.9,25596,48159,ok
03:28:57,64.2,97.4,26085,48734,ok
03:28:58,60.7,97.5,26149,49367,ok
03:28:59,65.2,96.6,25122,49741,ok
03:29:00,64.5,96.6,25756,48863,ok
03:29:01,67.6,97.1,26867,49269,ok
03:29:02,68.2,96.9,26568,49150,ok
03:29:03,61.6,97.0,26387,49492,ok
03:29:04,66.5,97.2,25753,48653,ok
03:29:05,68.9,96.8,25054,49448,ok
03:29:06,67.4,97.4,25159,49399,ok
03:29:07,68.4,96.6,25341,48116,ok
03:29:08,63.0,97.6,26618,49921,ok
03:29:09,66.6,96.1,26050,49225,ok
03:29:10,66.6,96.9,26392,49896,ok
03:29:11,66.0,97.2,26038,49646,ok
03:29:12,64.8,96.8,25292,48171,ok
03:29:13,62.0,97.1,25195,49624,ok
03:29:14,63.7,97.6,26636,49320,ok
03:29:15,65.7,97.6,26119,49476,ok
03:29:16,64.4,97.9,25239,49575,ok
03:29:17,67.0,97.1,25509,48375,ok
03:29:18,64.7,96.0,25048,48256,ok
03:29:19,62.5,96.6,25408,48559,ok
03:29:20,66.3,96.9,26595,48614,ok
03:29:21,66.5,97.2,26210,49800,ok
03:29:22,66.7,97.1,26372,48105,ok
03:29:23,65.6,96.9,25096,48041,ok
03:29:24,67.1,97.0,25885,49395,ok
03:29:25,64.6,96.5,25168,49107,ok
03:29:26,65.6,96.2,26592,49604,ok
03:29:27,61.5,96.5,26691,49518,ok
03:29:28,65.2,96.8,25501,49680,ok
03:29:29,61.4,97.2,25192,48498,ok
03:29:30,67.1,96.5,26084,49671,ok
03:29:31,67.6,97.1,25451,48872,ok
03:29:32,65.9,96.4,26927,48524,ok
03:29:33,65.7,97.2,25869,48526,ok
03:29:34,63.1,95.9,26879,49342,ok
03:29:35,65.6,95.9,25455,49684,ok
03:29:36,65.9,97.0,25473,48881,ok
03:29:37,63.2,95.9,26113,48104,ok
03:29:38,65.7,96.9,25260,48772,ok
03:29:39,64.1,96.9,26539,49459,ok
03:29:40,63.5,97.8,26609,49993,ok
03:29:41,66.0,97.0,26103,49356,ok
03:29:42,65.2,96.8,26400,49402,ok
03:29:43,63.3,97.0,25853,49179,ok
03:29:44,68.3,97.2,25676,48168,ok
03:29:45,64.8,96.9,26935,49368,ok
03:29:46,67.7,96.8,26111,49459,ok
03:29:47,65.0,96.4,26300,49832,ok
03:29:48,67.9,97.0,25885,49145,ok
03:29:49,67.0,97.3,25338,49573,ok
03:29:50,65.9,98.2,25929,49085,ok
03:29:51,64.3,96.8,26628,49691,ok
03:29:52,66.0,97.5,26054,48179,ok
03:29:53,65.1,96.0,26157,48663,ok
03:29:54,67.3,96.5,25620,49633,ok
03:29:55,61.3,97.1,26178,49700,ok
03:29:56,65.8,97.1,25151,49423,ok
03:29:57,64.8,96.7,25599,49298,ok
03:29:58,64.4,96.7,25661,48263,ok
03:29:59,69.1,97.4,25030,48878,ok
03:30:00,55.7,97.1,25496,49200,ok
03:30:01,54.0,98.6,26513,49852,ok
03:30:02,55.7,97.8,26853,49549,ok
03:30:03,59.7,97.6,25458,49070,ok
03:30:04,57.6,98.2,25965,49484,ok
03:30:05,53.3,97.5,25275,48833,ok
03:30:06,53.3,97.7,26090,48370,ok
03:30:07,55.8,97.8,25773,49809,ok
03:30:08,55.0,96.9,26317,49323,ok
03:30:09,51.4,98.2,26534,48797,ok
03:30:10,56.8,98.3,26085,49319,ok
03:30:11,54.8,98.7,25335,48497,ok
03:30:12,52.8,97.7,25665,49184,ok
03:30:13,52.0,97.8,26831,49266,ok
03:30:14,53.1,98.0,25263,48734,ok
03:30:15,56.0,97.4,25425,48632,ok
03:30:16,53.1,98.4,26226,48284,ok
03:30:17,55.1,97.9,25827,48042,ok
03:30:18,52.6,99.1,26111,48529,ok
03:30:19,54.1,99.1,26152,48466,ok
03:30:20,55.3,98.5,25821,48636,ok
03:30:21,52.2,98.1,26688,49832,ok
03:30:22,50.6,98.4,26073,49490,ok
03:30:23,50.1,97.3,26714,48727,ok
03:30:24,54.7,98.0,26510,49458,ok
03:30:25,55.7,98.3,26774,49843,ok
03:30:26,56.4,98.0,26948,49788,ok
03:30:27,55.2,97.8,26311,49065,ok
03:30:28,55.8,98.8,26822,48139,ok
03:30:29,55.6,97.9,26960,48138,ok
03:30:30,53.4,97.9,26276,49439,ok
03:30:31,52.0,97.6,25890,48864,ok
03:30:32,54.7,98.8,26532,48375,ok
03:30:33,54.5,98.1,25492,49502,ok
03:30:34,51.7,98.4,26577,49260,ok
03:30:35,56.5,98.8,25871,49788,ok
03:30:36,52.9,97.8,25048,49837,ok
03:30:37,55.8,97.6,25598,48393,ok
03:30:38,58.1,98.0,25320,49249,ok
03:30:39,55.4,97.4,26583,49871,ok
03:30:40,52.3,97.5,25762,49396,ok
03:30:41,54.6,97.5,26533,49303,ok
03:30:42,57.9,97.2,26684,49396,ok
03:30:43,49.9,98.7,25434,48873,ok
03:30:44,57.2,97.6,26419,49740,ok
03:30:45,54.5,98.1,26662,49890,ok
03:30:46,57.1,98.1,26921,48895,ok
03:30:47,56.3,97.7,25584,48813,ok
03:30:48,56.8,97.8,26161,49531,ok
03:30:49,57.5,97.5,26681,48608,ok
03:30:50,51.8,98.0,26763,49532,ok
03:30:51,56.0,98.6,25036,48110,ok
03:30:52,53.8,97.5,25623,49194,ok
03:30:53,59.0,98.4,26920,49677,ok
03:30:54,55.2,97.4,25766,49384,ok
03:30:55,57.7,96.7,25192,48606,ok
03:30:56,54.5,97.9,26017,48862,ok
03:30:57,56.7,98.1,26893,49102,ok
03:30:58,51.6,97.5,25377,48715,ok
03:30:59,54.9,98.1,26180,49350,ok
03:31:00,55.7,96.9,25132,49877,ok
03:31:01,53.7,98.5,25747,48139,ok
03:31:02,54.7,97.8,26339,48889,ok
03:31:03,54.8,98.4,26702,49821,ok
03:31:04,53.3,97.7,25563,49733,ok
03:31:05,53.6,98.3,25786,49061,ok
03:31:06,54.8,97.8,26264,48553,ok
03:31:07,57.0,98.6,26700,49564,ok
03:31:08,56.4,97.3,26313,49296,ok
03:31:09,55.2,98.6,26609,48913,ok
03:31:10,53.6,98.1,25545,49076,ok
03:31:11,54.8,96.4,25778,48297,ok
03:31:12,55.4,97.2,26081,49023,ok
03:31:13,55.8,98.8,25220,49665,ok
03:31:14,54.8,97.3,26232,49540,ok
03:31:15,55.9,98.3,25816,49461,ok
03:31:16,52.0,98.0,25862,49465,ok
03:31:17,59.3,97.0,26593,49652,ok
03:31:18,51.3,97.3,26450,48906,ok
03:31:19,55.8,97.4,25172,49077,ok
03:31:20,53.2,98.0,26929,48668,ok
03:31:21,54.3,97.9,25360,49347,ok
03:31:22,55.6,97.2,26240,48384,ok
03:31:23,53.6,97.0,26748,48628,ok
03:31:24,59.8,97.9,26804,49811,ok
03:31:25,57.2,96.9,25840,48772,ok
03:31:26,52.2,98.1,26117,49583,ok
03:31:27,52.6,97.2,25151,49247,ok
03:31:28,56.6,98.0,26985,48785,ok
03:31:29,58.8,97.9,26920,49400,ok
03:31:30,56.5,97.6,25139,49546,ok
03:31:31,57.7,97.9,26760,48700,ok
03:31:32,54.4,97.9,26800,49586,ok
03:31:33,55.2,98.0,25217,49898,ok
03:31:34,52.5,97.6,25684,48771,ok
03:31:35,56.6,97.1,25776,48397,ok
03:31:36,53.6,98.2,25047,48005,ok
03:31:37,53.5,98.0,26083,49282,ok
03:31:38,57.8,97.3,25157,48756,ok
03:31:39,54.3,97.8,25629,48685,ok
03:31:40,56.0,98.3,25173,48750,ok
03:31:41,54.6,98.6,26477,49744,ok
03:31:42,54.6,98.0,26307,48226,ok
03:31:43,56.2,97.7,25187,49414,ok
03:31:44,56.6,98.1,25169,48065,ok
03:31:45,53.9,98.2,25722,48986,ok
03:31:46,53.8,97.9,25514,48649,ok
03:31:47,56.1,97.8,26892,48192,ok
03:31:48,56.4,98.4,25238,48660,ok
03:31:49,56.4,97.5,25861,48180,ok
03:31:50,54.9,97.7,26079,48951,ok
03:31:51,57.3,98.4,26208,49267,ok
03:31:52,54.1,97.9,26479,48100,ok
03:31:53,57.0,98.5,26029,49381,ok
03:31:54,55.6,98.0,25940,49291,ok
03:31:55,50.9,97.6,25081,48239,ok
03:31:56,53.9,98.5,26659,49358,ok
03:31:57,51.6,98.1,26464,48280,ok
03:31:58,56.2,97.7,26353,49750,ok
03:31:59,56.9,98.0,26906,48817,ok
03:32:00,55.7,97.9,26005,48333,ok
03:32:01,51.1,97.9,25236,49587,ok
03:32:02,56.4,97.9,26006,48506,ok
03:32:03,54.5,97.8,26426,49754,ok
03:32:04,52.5,97.9,25052,49556,ok
03:32:05,56.9,97.6,26267,48576,ok
03:32:06,58.4,99.3,25677,48609,ok
03:32:07,57.5,97.4,25549,49541,ok
03:32:08,52.7,98.4,25062,49525,ok
03:32:09,53.7,97.8,26811,49412,ok
03:32:10,56.7,97.4,25467,48125,ok
03:32:11,55.6,98.5,26956,49387,ok
03:32:12,54.1,98.4,25643,48884,ok
03:32:13,55.1,97.5,25537,48694,ok
03:32:14,54.2,98.7,25007,49697,ok
03:32:15,53.7,98.3,25450,49164,ok
03:32:16,53.0,98.1,25840,49356,ok
03:32:17,55.3,98.6,26011,49533,ok
03:32:18,54.4,98.3,25430,49545,ok
03:32:19,55.6,98.0,26218,49982,ok
03:32:20,52.5,98.5,25869,48972,ok
03:32:21,56.2,98.3,26909,49260,ok
03:32:22,56.8,97.3,26764,48399,ok
03:32:23,54.7,97.6,25227,49968,ok
03:32:24,55.0,98.5,26123,48997,ok
03:32:25,57.5,97.9,26059,49333,ok
03:32:26,57.8,98.3,26309,49097,ok
03:32:27,54.5,98.2,26499,49992,ok
03:32:28,57.9,97.8,25351,49698,ok
03:32:29,56.4,98.2,26971,48607,ok
03:32:30,56.6,98.3,26146,49668,ok
03:32:31,55.2,98.3,25080,49791,ok
03:32:32,50.2,98.1,25463,49615,ok
03:32:33,57.7,97.8,26193,49437,ok
03:32:34,55.5,98.1,25964,48960,ok
03:32:35,54.4,98.0,26995,48352,ok
03:32:36,56.7,98.5,25802,48142,ok
03:32:37,53.2,97.5,26929,48820,ok
03:32:38,55.1,98.4,26354,48390,ok
03:32:39,55.6,98.0,25753,48475,ok
03:32:40,52.9,97.8,26260,49086,ok
03:32:41,55.5,98.2,25973,49177,ok
03:32:42,53.7,98.5,25768,48032,ok
03:32:43,55.8,97.5,25219,49526,ok
03:32:44,54.8,98.3,26545,49261,ok
03:32:45,55.6,97.7,26193,48728,ok
03:32:46,55.3,98.7,26197,49679,ok
03:32:47,56.8,97.2,25469,49511,ok
03:32:48,54.7,97.7,25611,49931,ok
03:32:49,53.5,98.1,25433,48979,ok
03:32:50,55.8,97.8,26385,48276,ok
03:32:51,54.6,98.5,25890,48281,ok
03:32:52,55.8,97.3,26424,48944,ok
03:32:53,55.0,97.5,25838,49906,ok
03:32:54,55.0,98.1,25764,48941,ok
03:32:55,55.0,97.5,26457,49423,ok
03:32:56,54.1,98.7,26901,48492,ok
03:32:57,52.2,98.0,26629,48770,ok
03:32:58,54.2,99.2,25897,48962,ok
03:32:59,54.1,98.6,25604,49045,ok
03:33:00,55.8,98.7,26390,48244,ok
03:33:01,56.8,97.9,25185,49461,ok
03:33:02,56.1,97.6,26293,48379,ok
03:33:03,52.6,98.1,26055,49058,ok
03:33:04,53.2,98.4,26028,49477,ok
03:33:05,56.5,98.5,25321,49997,ok
03:33:06,56.3,98.5,26733,48716,ok
03:33:07,54.1,98.5,26127,48250,ok
03:33:08,52.4,98.2,25421,49298,ok
03:33:09,51.0,98.1,25709,48955,ok
03:33:10,53.8,98.8,25214,49226,ok
03:33:11,53.2,97.1,25311,49255,ok
03:33:12,57.1,98.5,26171,49364,ok
03:33:13,57.1,97.4,26190,48929,ok
03:33:14,54.2,98.7,26028,49776,ok
03:33:15,56.8,98.3,25404,48869,ok
03:33:16,50.8,98.4,25246,48202,ok
03:33:17,58.5,97.9,26038,49384,ok
03:33:18,52.6,98.5,25042,48003,ok
03:33:19,59.7,97.7,26486,49898,ok
03:33:20,55.4,98.0,26137,49071,ok
03:33:21,56.9,97.5,25195,48252,ok
03:33:22,55.4,97.5,26147,48131,ok
03:33:23,55.6,98.1,25050,49700,ok
03:33:24,54.8,98.2,26776,49375,ok
03:33:25,52.8,98.5,25388,49303,ok
03:33:26,56.9,97.9,26111,49659,ok
03:33:27,55.8,98.5,26869,49106,ok
03:33:28,53.1,97.5,25048,48321,ok
03:33:29,54.6,97.6,25209,49226,ok
03:33:30,55.5,98.0,25846,49031,ok
03:33:31,54.0,97.7,25833,49079,ok
03:33:32,49.6,98.5,25912,48707,ok
03:33:33,58.5,98.1,26648,49618,ok
03:33:34,56.2,98.9,25383,48659,ok
03:33:35,53.8,98.3,25781,49154,ok
03:33:36,56.9,98.6,26404,48761,ok
03:33:37,56.0,97.9,25750,49273,ok
03:33:38,56.2,97.3,25245,48865,ok
03:33:39,56.4,97.2,26611,48495,ok
03:33:40,54.0,98.2,25177,48367,ok
03:33:41,57.8,97.2,25297,48886,ok
03:33:42,55.7,97.6,25894,49741,ok
03:33:43,52.5,97.4,26843,49880,ok
03:33:44,53.0,98.2,26738,48956,ok
03:33:45,55.3,98.1,26978,48376,ok
03:33:46,53.4,98.7,25525,48373,ok
03:33:47,58.1,98.8,25605,48318,ok
03:33:48,53.9,99.1,26530,48127,ok
03:33:49,55.2,97.9,26931,49072,ok
03:33:50,53.3,97.8,25260,49287,ok
03:33:51,54.4,99.1,25476,48891,ok
03:33:52,53.9,97.7,25291,48172,ok
03:33:53,55.6,98.4,26329,48963,ok
03:33:54,56.0,97.8,25455,48984,ok
03:33:55,57.4,98.7,26626,48630,ok
03:33:56,55.8,98.2,25015,48277,ok
03:33:57,52.6,98.2,26570,49191,ok
03:33:58,55.5,98.1,26938,48899,ok
03:33:59,54.9,98.1,26864,48393,ok
03:34:00,54.3,97.6,25140,49399,ok
03:34:01,56.6,98.7,26456,48575,ok
03:34:02,52.9,98.3,25328,48997,ok
03:34:03,57.3,98.6,25521,48854,ok
03:34:04,54.9,97.4,26158,49013,ok
03:34:05,52.5,98.1,26964,49136,ok
03:34:06,55.0,97.0,25062,49823,ok
03:34:07,54.1,99.0,26794,49362,ok
03:34:08,55.5,97.0,26665,49912,ok
03:34:09,52.9,97.8,25441,48876,ok
03:34:10,56.4,98.2,26582,49303,ok
03:34:11,57.8,98.0,26168,48709,ok
03:34:12,53.7,97.7,25174,48202,ok
03:34:13,52.9,98.7,25580,48712,ok
03:34:14,56.2,98.2,26717,49782,ok
03:34:15,54.1,98.4,26163,48984,ok
03:34:16,58.5,97.9,26947,49217,ok
03:34:17,57.1,98.4,25165,48273,ok
03:34:18,51.2,98.0,26392,48838,ok
03:34:19,54.5,97.9,25066,49820,ok
03:34:20,53.9,97.7,25100,48230,ok
03:34:21,54.5,97.6,26600,48446,ok
03:34:22,52.3,98.0,25487,48001,ok
03:34:23,56.3,97.5,26933,49922,ok
03:34:24,52.8,98.4,25383,49299,ok
03:34:25,52.5,98.3,25262,48079,ok
03:34:26,57.0,98.4,25958,49668,ok
03:34:27,54.7,97.6,25015,48143,ok
03:34:28,54.9,98.8,25683,48748,ok
03:34:29,53.8,98.0,26803,48212,ok
03:34:30,54.2,97.8,25419,48152,ok
03:34:31,54.4,98.2,25090,49385,ok
03:34:32,49.5,98.2,25379,48776,ok
03:34:33,53.9,97.1,26896,49233,ok
03:34:34,53.7,97.9,26949,49253,ok
03:34:35,57.1,98.8,26827,48314,ok
03:34:36,53.1,98.4,26159,49153,ok
03:34:37,56.0,97.9,26476,48440,ok
03:34:38,52.2,98.3,26844,48067,ok
03:34:39,55.9,97.8,25029,49336,ok
03:34:40,56.6,97.8,26059,49047,ok
03:34:41,52.3,98.5,25752,49288,ok
03:34:42,52.4,97.9,26697,48654,ok
03:34:43,51.6,97.1,25188,49511,ok
03:34:44,54.7,97.0,25130,48408,ok
03:34:45,57.4,97.7,26986,48320,ok
03:34:46,58.7,97.6,25321,48059,ok
03:34:47,57.5,98.1,25747,49853,ok
03:34:48,54.6,98.0,25096,48539,ok
03:34:49,56.9,98.2,25278,49936,ok
03:34:50,55.7,97.5,25899,49872,ok
03:34:51,55.6,97.9,25271,49597,ok
03:34:52,49.7,97.7,25683,49087,ok
03:34:53,52.0,98.4,25973,49000,ok
03:34:54,55.0,97.6,25903,49065,ok
03:34:55,50.4,98.1,26265,49848,ok
03:34:56,54.6,98.2,25687,49775,ok
03:34:57,52.2,98.3,25888,49512,ok
03:34:58,54.4,97.5,25761,49552,ok
03:34:59,55.4,96.9,25621,49766,ok
03:35:00,54.4,97.1,26575,49829,ok
03:35:01,59.1,98.1,26947,49173,ok
03:35:02,55.6,97.8,26179,49502,ok
03:35:03,58.2,98.9,26409,49110,ok
03:35:04,55.8,97.8,25625,49112,ok
03:35:05,54.6,98.0,26013,48229,ok
03:35:06,52.4,97.1,26284,48450,ok
03:35:07,53.6,97.7,25756,48456,ok
03:35:08,57.7,98.5,25578,49829,ok
03:35:09,54.4,98.8,26144,49096,ok
03:35:10,56.6,97.2,25792,49452,ok
03:35:11,53.4,97.5,26140,48795,ok
03:35:12,54.6,97.5,26844,48499,ok
03:35:13,52.9,98.3,25703,48139,ok
03:35:14,56.2,98.2,25405,48976,ok
03:35:15,51.1,97.6,25675,49885,ok
03:35:16,54.4,98.6,25385,48726,ok
03:35:17,56.4,97.1,25294,48609,ok
03:35:18,57.0,98.3,26446,49031,ok
03:35:19,55.9,98.2,25091,49537,ok
03:35:20,48.5,97.6,25067,49045,ok
03:35:21,55.1,97.6,26187,49750,ok
03:35:22,56.1,98.4,25946,49040,ok
03:35:23,56.6,98.2,25012,49229,ok
03:35:24,55.6,98.1,26552,49421,ok
03:35:25,56.4,97.4,26640,49561,ok
03:35:26,53.9,97.8,26821,49735,ok
03:35:27,57.0,98.3,26305,49844,ok
03:35:28,53.2,97.6,26307,49418,ok
03:35:29,53.9,97.5,25105,48037,ok
03:35:30,55.0,97.7,26279,48152,ok
03:35:31,54.9,98.0,26128,48054,ok
03:35:32,52.4,97.7,25484,49114,ok
03:35:33,59.4,98.5,25840,49519,ok
03:35:34,53.5,97.7,25676,49420,ok
03:35:35,53.6,97.7,26866,48924,ok
03:35:36,54.2,97.9,26192,48077,ok
03:35:37,60.2,97.3,25828,49181,ok
03:35:38,56.7,98.2,25202,48661,ok
03:35:39,55.5,98.4,25403,48770,ok
03:35:40,53.4,97.2,25786,48525,ok
03:35:41,56.7,96.5,26129,49494,ok
03:35:42,54.5,96.6,25853,48517,ok
03:35:43,52.6,94.3,25138,48914,ok
03:35:44,52.3,93.7,26916,48500,ok
03:35:45,52.9,92.1,25902,48197,ok
03:35:46,55.9,92.6,25896,48576,ok
03:35:47,56.5,91.7,26144,49884,ok
03:35:48,52.8,91.5,25289,49635,ok
03:35:49,54.5,91.2,25327,48004,ok
03:35:50,57.3,90.9,26753,48603,ok
03:35:51,56.3,90.3,26518,48394,ok
03:35:52,53.2,90.2,25237,48106,ok
03:35:53,54.6,89.5,26542,48290,ok
03:35:54,55.8,89.1,25421,49982,ok
03:35:55,56.0,89.4,25246,48718,ok
03:35:56,55.1,90.3,25703,48757,ok
03:35:57,54.6,90.5,26667,49623,ok
03:35:58,53.5,91.3,25843,49191,ok
03:35:59,53.5,90.0,26957,49370,ok
03:36:00,56.6,91.4,26761,48153,ok
03:36:01,56.0,92.0,26708,49188,ok
03:36:02,52.6,93.1,25909,49392,ok
03:36:03,54.5,92.3,26127,48618,ok
03:36:04,54.2,93.7,25890,48755,ok
03:36:05,57.8,94.4,25792,48610,ok
03:36:06,55.4,96.3,26546,48960,ok
03:36:07,58.7,97.4,26036,49244,ok
03:36:08,55.3,97.4,26187,49488,ok
03:36:09,61.0,98.2,25478,49574,ok
03:36:10,54.1,97.5,25041,49279,ok
03:36:11,51.8,98.0,25301,49112,ok
03:36:12,55.7,98.1,25558,49754,ok
03:36:13,50.7,98.4,26277,48668,ok
03:36:14,53.2,97.7,26848,48049,ok
03:36:15,54.1,97.7,25848,49499,ok
03:36:16,56.5,98.0,25758,48001,ok
03:36:17,55.9,99.1,26879,49287,ok
03:36:18,54.3,98.5,26367,48489,ok
03:36:19,54.5,98.5,26101,49055,ok
03:36:20,55.3,98.6,26074,49242,ok
03:36:21,57.6,98.7,25907,48825,ok
03:36:22,53.9,98.4,26694,48143,ok
03:36:23,55.5,98.0,26552,48137,ok
03:36:24,55.0,98.7,26526,49632,ok
03:36:25,55.5,98.1,25733,49279,ok
03:36:26,56.8,97.4,26439,48636,ok
03:36:27,55.3,98.3,25814,48410,ok
03:36:28,57.8,97.8,26729,49535,ok
03:36:29,56.2,97.6,26776,49663,ok
03:36:30,54.5,97.8,25628,49665,ok
03:36:31,53.6,97.6,26420,48923,ok
03:36:32,52.7,98.8,26068,49715,ok
03:36:33,56.9,98.0,26457,48778,ok
03:36:34,57.4,98.2,26835,48716,ok
03:36:35,55.5,97.4,25329,49509,ok
03:36:36,53.2,97.9,25588,48039,ok
03:36:37,55.8,98.1,26009,49724,ok
03:36:38,53.4,97.9,26685,49642,ok
03:36:39,55.6,97.9,26026,48796,ok
03:36:40,57.8,97.3,25497,49950,ok
03:36:41,55.9,97.4,25723,48599,ok
03:36:42,54.9,98.2,26869,48407,ok
03:36:43,56.3,97.6,25692,49332,ok
03:36:44,55.9,97.7,26853,48129,ok
03:36:45,55.6,98.2,26724,49637,ok
03:36:46,54.4,98.3,25171,49767,ok
03:36:47,54.4,97.8,26189,48986,ok
03:36:48,53.2,99.2,26596,48251,ok
03:36:49,55.5,97.0,25833,48238,ok
03:36:50,59.5,98.3,25011,48748,ok
03:36:51,54.7,98.0,25974,49473,ok
03:36:52,54.2,97.7,25690,48121,ok
03:36:53,55.5,99.1,26914,49211,ok
03:36:54,55.3,97.8,26815,49323,ok
03:36:55,56.5,98.3,25049,49617,ok
03:36:56,55.6,98.3,25998,49934,ok
03:36:57,54.9,98.8,26212,49778,ok
03:36:58,57.1,96.8,26340,49967,ok
03:36:59,53.6,98.0,26248,48366,ok
03:37:00,55.2,98.0,26821,49483,ok
03:37:01,56.2,98.4,26298,48787,ok
03:37:02,56.5,97.6,26298,49861,ok
03:37:03,59.8,97.6,26583,48121,ok
03:37:04,56.1,98.3,25491,48323,ok
03:37:05,55.5,98.3,25219,48169,ok
03:37:06,56.1,97.8,26267,49062,ok
03:37:07,54.7,98.3,26684,49914,ok
03:37:08,53.9,98.0,25578,48914,ok
03:37:09,55.7,98.4,26936,48119,ok
03:37:10,58.1,97.9,25369,48414,ok
03:37:11,55.3,98.1,25699,48298,ok
03:37:12,54.5,97.3,25374,49457,ok
03:37:13,56.8,98.1,26511,48050,ok
03:37:14,55.2,97.6,26057,49823,ok
03:37:15,54.4,98.1,25132,49767,ok
03:37:16,55.3,98.0,26011,48334,ok
03:37:17,51.6,97.1,25560,48156,ok
03:37:18,56.3,98.0,26880,48988,ok
03:37:19,52.8,97.6,26822,48693,ok
03:37:20,52.9,97.0,25591,49952,ok
03:37:21,53.2,98.5,26568,49270,ok
03:37:22,52.0,98.0,26818,49488,ok
03:37:23,55.3,97.1,26154,49232,ok
03:37:24,53.1,97.5,25748,48190,ok
03:37:25,58.8,97.7,26951,48591,ok
03:37:26,55.7,98.6,25380,48815,ok
03:37:27,56.8,99.4,26869,49229,ok
03:37:28,54.0,98.3,26319,49151,ok
03:37:29,57.7,97.4,25866,48859,ok
03:37:30,53.5,97.7,26424,48687,ok
03:37:31,54.4,98.0,26730,48060,ok
03:37:32,54.9,98.1,25003,48243,ok
03:37:33,52.9,97.4,25256,48122,ok
03:37:34,55.6,97.8,25415,48503,ok
03:37:35,55.8,97.5,25443,48956,ok
03:37:36,58.2,98.8,26559,48190,ok
03:37:37,54.2,97.9,25022,48517,ok
03:37:38,58.7,98.7,25882,49471,ok
03:37:39,55.4,98.1,26628,49740,ok
03:37:40,54.1,98.1,25056,49697,ok
03:37:41,57.2,97.6,25186,48756,ok
03:37:42,52.2,97.6,26122,48609,ok
03:37:43,55.1,98.1,26073,49183,ok
03:37:44,52.3,98.8,25174,49815,ok
03:37:45,55.3,98.6,26789,49550,ok
03:37:46,54.4,98.6,25662,48409,ok
03:37:47,58.4,97.4,26176,48885,ok
03:37:48,55.2,97.8,25205,49100,ok
03:37:49,51.1,98.1,26373,48158,ok
03:37:50,54.8,98.1,25661,49873,ok
03:37:51,55.8,98.3,26362,49250,ok
03:37:52,53.3,98.4,25897,49398,ok
03:37:53,54.6,98.3,26842,48697,ok
03:37:54,54.5,97.5,26139,49064,ok
03:37:55,59.7,98.0,25672,48016,ok
03:37:56,56.1,97.5,26308,48735,ok
03:37:57,51.6,98.5,25337,49798,ok
03:37:58,55.6,99.5,26549,48627,ok
03:37:59,54.7,98.0,26646,49015,ok
03:38:00,55.5,98.2,26497,48760,ok
03:38:01,54.5,98.3,25601,49772,ok
03:38:02,54.6,97.3,25790,49393,ok
03:38:03,54.2,98.3,26048,49999,ok
03:38:04,53.9,98.4,26283,48619,ok
03:38:05,55.3,98.7,25825,49345,ok
03:38:06,58.5,98.4,26532,48812,ok
03:38:07,55.9,97.9,25701,48594,ok
03:38:08,56.6,97.7,26119,48128,ok
03:38:09,55.3,98.2,26262,48484,ok
03:38:10,52.9,99.2,25359,49265,ok
03:38:11,55.7,97.2,26876,48439,ok
03:38:12,53.7,98.6,25999,49042,ok
03:38:13,59.1,98.4,25457,49952,ok
03:38:14,54.1,97.7,25397,49493,ok
03:38:15,57.3,98.4,25839,48820,ok
03:38:16,56.1,97.7,25748,49499,ok
03:38:17,54.4,98.6,26453,49054,ok
03:38:18,56.2,97.4,26308,48195,ok
03:38:19,53.5,97.4,25068,49174,ok
03:38:20,54.5,98.5,26910,49838,ok
03:38:21,52.5,97.5,25487,48130,ok
03:38:22,56.2,98.4,25610,49442,ok
03:38:23,54.6,98.5,25593,48974,ok
03:38:24,56.4,98.0,25239,49723,ok
03:38:25,54.2,96.8,26316,48042,ok
03:38:26,54.9,97.1,26883,49660,ok
03:38:27,56.7,98.4,25666,49084,ok
03:38:28,54.8,97.3,26832,48057,ok
03:38:29,56.9,98.8,25126,49884,ok
03:38:30,56.4,97.7,26144,48770,ok
03:38:31,54.4,97.5,26527,48269,ok
03:38:32,54.4,98.0,26770,49271,ok
03:38:33,54.6,98.3,26543,48932,ok
03:38:34,56.7,97.7,25151,48418,ok
03:38:35,55.4,98.6,25721,48121,ok
03:38:36,57.0,98.1,26188,49597,ok
03:38:37,54.6,97.6,25125,48667,ok
03:38:38,52.1,98.2,25884,49602,ok
03:38:39,54.0,98.0,25536,48828,ok
03:38:40,56.3,97.7,26788,48684,ok
03:38:41,54.3,97.0,26410,48680,ok
03:38:42,54.7,98.1,26997,49732,ok
03:38:43,57.7,98.2,25528,49155,ok
03:38:44,55.2,98.6,26089,48786,ok
03:38:45,54.0,97.4,25589,48083,ok
03:38:46,54.0,98.1,25742,49715,ok
03:38:47,54.4,97.0,25393,48229,ok
03:38:48,52.3,99.0,26793,49583,ok
03:38:49,56.1,97.9,25231,49935,ok
03:38:50,54.3,97.7,25880,49722,ok
03:38:51,54.4,98.2,25487,49680,ok
03:38:52,56.1,97.9,26673,48393,ok
03:38:53,54.7,98.0,25368,48205,ok
03:38:54,56.6,97.8,26826,49500,ok
03:38:55,52.7,98.1,26828,49741,ok
03:38:56,56.9,97.5,26286,48331,ok
03:38:57,54.5,98.5,26289,48486,ok
03:38:58,53.6,98.0,26533,48764,ok
03:38:59,52.5,97.8,25192,49663,ok
03:39:00,74.1,95.5,26473,49754,ok
03:39:01,76.2,95.5,25896,49631,ok
03:39:02,72.3,96.2,25647,49921,ok
03:39:03,73.0,96.1,25726,49177,ok
03:39:04,70.2,96.3,25002,49028,ok
03:39:05,70.7,96.2,26011,48699,ok
03:39:06,72.2,96.3,26453,49431,ok
03:39:07,73.0,95.2,25611,49541,ok
03:39:08,70.1,95.8,26135,48636,ok
03:39:09,73.8,95.8,25151,48564,ok
03:39:10,74.1,95.7,26663,48841,ok
03:39:11,72.0,96.2,25477,48631,ok
03:39:12,68.3,95.5,25548,49998,ok
03:39:13,70.4,96.5,26205,48763,ok
03:39:14,74.1,95.9,26709,48037,ok
03:39:15,72.2,95.9,26854,49455,ok
03:39:16,69.4,96.0,25153,48239,ok
03:39:17,72.2,95.5,25867,48354,ok
03:39:18,70.6,96.4,25472,48972,ok
03:39:19,69.1,96.1,26515,48992,ok
03:39:20,67.6,95.9,26652,48360,ok
03:39:21,69.5,96.1,26956,49326,ok
03:39:22,74.5,96.0,26954,48736,ok
03:39:23,70.3,96.2,26404,48338,ok
03:39:24,72.3,95.7,26769,49900,ok
03:39:25,72.5,96.0,25609,49625,ok
03:39:26,73.5,96.0,26535,49582,ok
03:39:27,70.8,96.4,26628,49178,ok
03:39:28,70.1,95.3,26790,49964,ok
03:39:29,72.6,95.6,26874,48267,ok
03:39:30,74.6,95.3,25579,48322,ok
03:39:31,71.2,96.2,25593,48543,ok
03:39:32,72.3,95.9,25396,49824,ok
03:39:33,71.8,95.9,26005,49356,ok
03:39:34,71.6,95.8,26248,48141,ok
03:39:35,70.9,96.2,26667,48090,ok
03:39:36,71.4,94.9,25025,48291,ok
03:39:37,71.7,95.4,25187,48940,ok
03:39:38,75.4,95.7,26162,49983,ok
03:39:39,75.1,95.6,25049,49934,ok
03:39:40,72.3,97.0,25081,49601,ok
03:39:41,70.3,96.0,26763,49365,ok
03:39:42,71.5,95.9,26115,49100,ok
03:39:43,73.1,97.0,26366,49662,ok
03:39:44,72.1,96.0,26202,49133,ok
03:39:45,71.0,96.5,26849,48612,ok
03:39:46,73.9,96.4,25987,49887,ok
03:39:47,74.6,96.2,26279,48302,ok
03:39:48,72.0,96.9,25764,49231,ok
03:39:49,70.3,95.7,25043,48207,ok
03:39:50,71.0,96.0,25779,48819,ok
03:39:51,74.7,96.1,25996,48936,ok
03:39:52,70.6,96.2,25268,49005,ok
03:39:53,68.8,95.6,26603,48427,ok
03:39:54,72.4,94.2,26637,48746,ok
03:39:55,74.9,95.0,26641,48156,ok
03:39:56,69.9,96.7,25514,49656,ok
03:39:57,71.5,94.6,26438,49970,ok
03:39:58,69.6,96.4,25774,49708,ok
03:39:59,76.1,96.0,25335,49551,ok
03:40:00,70.9,96.0,25848,49159,ok
03:40:01,72.7,95.1,25477,48120,ok
03:40:02,72.2,95.7,26951,48058,ok
03:40:03,71.8,96.2,26025,48719,ok
03:40:04,66.7,95.2,25749,48168,ok
03:40:05,70.1,95.0,25320,48927,ok
03:40:06,73.2,96.2,25791,48897,ok
03:40:07,71.1,95.1,25778,49754,ok
03:40:08,73.3,96.0,25128,48628,ok
03:40:09,70.4,95.7,25055,49995,ok
03:40:10,72.0,96.8,25327,49965,ok
03:40:11,73.6,95.8,25133,48804,ok
03:40:12,72.0,96.1,25697,49633,ok
03:40:13,71.9,95.5,25561,49018,ok
03:40:14,72.7,95.7,26192,49688,ok
03:40:15,73.9,96.4,26422,48600,ok
03:40:16,69.1,95.7,25339,48055,ok
03:40:17,77.5,95.9,25928,49323,ok
03:40:18,71.5,95.1,26513,49892,ok
03:40:19,73.5,95.6,26549,48503,ok
03:40:20,73.5,97.0,26065,48794,ok
03:40:21,70.1,96.8,26697,48971,ok
03:40:22,71.1,96.1,25698,48093,ok
03:40:23,71.1,96.9,26852,49656,ok
03:40:24,72.0,95.5,25221,49747,ok
03:40:25,72.0,95.8,26111,49099,ok
03:40:26,71.0,96.0,26564,49030,ok
03:40:27,73.7,95.4,26912,48428,ok
03:40:28,74.2,96.6,26624,48864,ok
03:40:29,71.8,97.2,26555,49705,ok
03:40:30,70.7,95.8,26004,48727,ok
03:40:31,73.2,95.4,25597,48859,ok
03:40:32,70.3,96.8,25914,49319,ok
03:40:33,72.4,95.2,26655,49422,ok
03:40:34,72.7,95.6,25160,48546,ok
03:40:35,74.8,95.9,26841,49633,ok
03:40:36,73.2,96.5,25401,48701,ok
03:40:37,71.1,97.1,26714,49014,ok
03:40:38,75.7,96.6,26972,49697,ok
03:40:39,71.6,95.8,26174,49322,ok
03:40:40,73.3,96.3,25953,49641,ok
03:40:41,72.9,95.2,26530,49535,ok
03:40:42,73.6,95.5,26908,48865,ok
03:40:43,67.2,95.9,25457,48819,ok
03:40:44,75.2,95.2,26151,49931,ok
03:40:45,69.4,95.4,25989,49304,ok
03:40:46,69.7,95.3,25697,48379,ok
03:40:47,74.3,95.7,25490,48636,ok
03:40:48,72.7,95.3,26552,48080,ok
03:40:49,72.2,95.6,25580,49819,ok
03:40:50,73.0,95.7,25005,48193,ok
03:40:51,71.0,95.7,26339,48577,ok
03:40:52,71.1,96.0,26389,49682,ok
03:40:53,70.6,95.7,26208,48127,ok
03:40:54,68.4,96.5,26793,49545,ok
03:40:55,72.3,96.0,25130,48313,ok
03:40:56,73.3,96.2,26667,48272,ok
03:40:57,71.9,96.4,26212,48768,ok
03:40:58,76.8,96.7,26665,49579,ok
03:40:59,71.7,96.0,25668,48183,ok
03:41:00,75.0,95.9,26911,48968,ok
03:41:01,69.8,96.4,25075,49384,ok
03:41:02,75.2,96.7,25563,49373,ok
03:41:03,70.7,96.0,25140,49780,ok
03:41:04,74.2,95.6,25923,48473,ok
03:41:05,75.5,95.8,25242,49649,ok
03:41:06,71.0,95.3,26506,49293,ok
03:41:07,73.5,96.3,26427,48559,ok
03:41:08,72.9,96.4,25710,49275,ok
03:41:09,76.5,96.3,26336,48935,ok
03:41:10,75.0,96.9,26280,49668,ok
03:41:11,68.1,96.4,26485,49020,ok
03:41:12,68.2,96.7,25341,49894,ok
03:41:13,75.3,96.2,25184,49038,ok
03:41:14,72.4,96.1,25013,48319,ok
03:41:15,71.1,94.8,25192,48630,ok
03:41:16,69.8,95.8,26979,49074,ok
03:41:17,69.9,96.2,26604,48813,ok
03:41:18,70.5,96.3,25091,48876,ok
03:41:19,69.6,96.1,25760,48378,ok
03:41:20,74.8,96.2,25170,49739,ok
03:41:21,76.3,95.8,25287,48739,ok
03:41:22,67.7,95.8,26917,49113,ok
03:41:23,71.5,96.6,26975,48473,ok
03:41:24,71.3,96.5,25690,48955,ok
03:41:25,70.9,97.0,26009,49388,ok
03:41:26,70.3,95.4,25008,49378,ok
03:41:27,71.5,96.4,26796,48389,ok
03:41:28,72.2,95.2,25935,49333,ok
03:41:29,69.2,96.4,25416,48950,ok
03:41:30,71.4,95.1,25134,49082,ok
03:41:31,74.9,96.3,26284,49462,ok
03:41:32,70.1,96.6,25138,48869,ok
03:41:33,71.0,96.0,26442,48363,ok
03:41:34,73.5,96.3,26684,48031,ok
03:41:35,70.8,95.1,25595,49804,ok
03:41:36,74.3,96.6,26802,48934,ok
03:41:37,71.0,95.9,25250,48006,ok
03:41:38,75.7,95.0,25952,48547,ok
03:41:39,73.2,95.7,25417,48532,ok
03:41:40,71.6,96.2,25070,48224,ok
03:41:41,70.5,96.7,26244,48545,ok
03:41:42,73.4,95.5,25074,48237,ok
03:41:43,70.8,96.7,25386,48572,ok
03:41:44,69.6,96.3,26544,49891,ok
03:41:45,71.7,96.0,26632,49572,ok
03:41:46,70.7,95.4,25894,48864,ok
03:41:47,68.9,95.6,26058,49647,ok
03:41:48,73.2,95.6,26191,49086,ok
03:41:49,75.7,96.4,25044,48197,ok
03:41:50,70.6,96.3,26290,49027,ok
03:41:51,68.3,96.9,26121,49485,ok
03:41:52,74.6,96.2,25341,49966,ok
03:41:53,68.8,95.5,26011,49371,ok
03:41:54,73.5,95.7,25769,49273,ok
03:41:55,73.8,96.2,25864,48414,ok
03:41:56,70.4,95.8,26077,48425,ok
03:41:57,71.3,96.1,25571,49550,ok
03:41:58,72.4,96.4,25923,49884,ok
03:41:59,75.7,95.9,25721,48390,ok
03:42:00,74.3,96.8,25143,48696,ok
03:42:01,73.0,95.7,25166,48014,ok
03:42:02,74.6,95.8,25320,48797,ok
03:42:03,71.9,95.7,26027,48454,ok
03:42:04,71.1,96.1,25429,48783,ok
03:42:05,68.5,95.6,25577,49923,ok
03:42:06,67.6,95.5,26207,49820,ok
03:42:07,74.2,97.5,25181,49091,ok
03:42:08,68.5,96.5,26610,49680,ok
03:42:09,70.7,96.6,25485,49609,ok
03:42:10,74.5,96.1,26571,48078,ok
03:42:11,72.9,96.7,26219,48539,ok
03:42:12,72.0,95.8,26721,48010,ok
03:42:13,70.3,96.4,25991,48656,ok
03:42:14,71.1,97.2,26675,49027,ok
03:42:15,72.2,95.9,25305,49191,ok
03:42:16,71.6,96.4,25537,48262,ok
03:42:17,72.0,95.5,25847,49729,ok
03:42:18,71.2,96.0,25427,48619,ok
03:42:19,74.6,95.7,25678,49117,ok
03:42:20,70.6,96.1,26561,49949,ok
03:42:21,70.1,95.4,25525,49297,ok
03:42:22,71.7,97.2,26656,48416,ok
03:42:23,71.5,95.2,26447,49536,ok
03:42:24,74.9,94.8,26794,48277,ok
03:42:25,69.6,97.1,25511,48572,ok
03:42:26,72.0,96.2,25209,48738,ok
03:42:27,68.8,96.0,26120,48927,ok
03:42:28,69.3,96.1,26456,48297,ok
03:42:29,70.9,96.9,26617,49977,ok
03:42:30,74.7,95.6,26709,48165,ok
03:42:31,72.4,96.4,25835,49656,ok
03:42:32,71.3,95.4,25857,49990,ok
03:42:33,69.7,96.4,25437,49864,ok
03:42:34,73.2,95.7,25734,48649,ok
03:42:35,70.2,96.3,25297,48681,ok
03:42:36,73.9,95.6,26171,49400,ok
03:42:37,73.6,96.2,25559,48073,ok
03:42:38,76.0,95.6,26376,48272,ok
03:42:39,71.6,96.0,26478,49606,ok
03:42:40,72.9,95.8,26806,48858,ok
03:42:41,71.3,95.7,25440,48217,ok
03:42:42,68.4,95.2,26652,49549,ok
03:42:43,73.9,95.8,26347,48610,ok
03:42:44,72.4,96.9,25064,49935,ok
03:42:45,72.6,95.5,26816,48279,ok
03:42:46,71.2,95.5,26485,49114,ok
03:42:47,76.4,96.2,25469,49909,ok
03:42:48,70.6,95.8,26964,49644,ok
03:42:49,69.7,95.9,25370,49780,ok
03:42:50,75.0,97.1,25495,48526,ok
03:42:51,72.6,95.8,25944,49283,ok
03:42:52,70.9,96.1,25716,49442,ok
03:42:53,71.8,96.1,26451,49032,ok
03:42:54,70.2,95.1,26048,49722,ok
03:42:55,71.6,95.6,26956,49654,ok
03:42:56,70.5,96.8,26282,49943,ok
03:42:57,67.3,95.6,25990,48040,ok
03:42:58,72.3,94.9,25035,49059,ok
03:42:59,75.6,95.9,26247,49562,ok
03:43:00,70.8,96.3,25152,48852,ok
03:43:01,73.1,96.3,26740,49321,ok
03:43:02,69.2,95.2,25118,48631,ok
03:43:03,73.3,96.1,26614,49840,ok
03:43:04,73.9,96.4,26696,49036,ok
03:43:05,71.5,96.5,25838,49625,ok
03:43:06,67.4,94.6,25411,48018,ok
03:43:07,72.9,96.5,26154,49313,ok
03:43:08,69.4,96.1,25301,49492,ok
03:43:09,73.8,96.3,25998,49237,ok
03:43:10,72.3,96.5,26145,49042,ok
03:43:11,72.6,95.9,26615,49469,ok
03:43:12,72.2,96.3,26332,48267,ok
03:43:13,69.3,96.4,25133,48266,ok
03:43:14,70.5,95.0,26230,49119,ok
03:43:15,70.7,96.0,25401,48688,ok
03:43:16,67.9,96.1,25463,49808,ok
03:43:17,74.5,95.2,26825,48115,ok
03:43:18,70.0,95.7,25403,48660,ok
03:43:19,71.8,95.9,25219,49056,ok
03:43:20,70.2,96.8,26368,49080,ok
03:43:21,70.4,95.9,25931,48856,ok
03:43:22,70.8,95.5,26851,48837,ok
03:43:23,69.9,96.0,26387,49710,ok
03:43:24,70.5,96.0,26855,48137,ok
03:43:25,73.1,94.4,26280,48174,ok
03:43:26,70.6,93.4,25591,48390,ok
03:43:27,72.0,92.9,25889,48242,ok
03:43:28,70.2,91.9,26384,49685,ok
03:43:29,74.3,91.5,25491,48643,ok
03:43:30,71.4,91.1,26927,49741,ok
03:43:31,73.7,89.7,25954,48425,ok
03:43:32,74.4,89.5,26879,48112,ok
03:43:33,73.0,88.7,25239,49586,ok
03:43:34,71.2,88.3,25321,48529,ok
03:43:35,70.9,89.2,26751,49723,ok
03:43:36,72.4,87.6,25332,48005,ok
03:43:37,74.2,88.1,25016,49850,ok
03:43:38,70.8,86.5,25662,48891,ok
03:43:39,71.4,88.0,26975,48049,ok
03:43:40,73.1,87.5,25082,49015,ok
03:43:41,72.7,88.1,26282,49324,ok
03:43:42,77.3,89.4,26186,48038,ok
03:43:43,76.9,89.0,25971,49957,ok
03:43:44,76.0,89.2,25234,49673,ok
03:43:45,67.7,90.5,26812,49179,ok
03:43:46,70.4,90.6,25744,48371,ok
03:43:47,74.1,91.4,25619,48845,ok
03:43:48,68.0,91.8,25726,48030,ok
03:43:49,73.8,92.6,25153,49303,ok
03:43:50,72.8,92.4,25846,49652,ok
03:43:51,73.6,94.2,26988,48535,ok
03:43:52,70.3,94.3,25500,48264,ok
03:43:53,73.5,96.7,25326,48344,ok
03:43:54,73.4,95.4,26962,49136,ok
03:43:55,73.0,96.9,25621,48164,ok
03:43:56,71.3,96.1,26917,49053,ok
03:43:57,74.4,96.6,25663,48911,ok
03:43:58,74.1,96.2,25694,49194,ok
03:43:59,72.3,96.0,26961,49502,ok
03:44:00,71.4,95.3,26493,48581,ok
03:44:01,72.2,95.8,26755,48660,ok
03:44:02,76.3,95.8,25339,48576,ok
03:44:03,74.2,96.9,25475,49380,ok
03:44:04,71.6,95.6,25111,49723,ok
03:44:05,73.3,96.1,26951,49377,ok
03:44:06,70.3,96.0,26151,49607,ok
03:44:07,71.8,96.6,25835,49491,ok
03:44:08,70.9,94.8,26775,49475,ok
03:44:09,74.6,96.4,25126,48680,ok
03:44:10,69.5,95.6,25912,48043,ok
03:44:11,72.4,96.0,25337,49214,ok
03:44:12,70.3,95.1,25748,48835,ok
03:44:13,74.4,96.7,26863,49581,ok
03:44:14,72.2,96.0,26837,49371,ok
03:44:15,70.5,96.4,25819,49699,ok
03:44:16,69.9,96.5,25926,48703,ok
03:44:17,67.7,96.0,26199,49678,ok
03:44:18,72.0,96.8,25825,48204,ok
03:44:19,72.0,95.5,26906,49841,ok
03:44:20,69.6,95.9,25653,49304,ok
03:44:21,69.6,95.5,26960,49266,ok
03:44:22,72.8,96.2,26031,48879,ok
03:44:23,71.7,96.9,25932,49346,ok
03:44:24,68.8,96.0,25972,49569,ok
03:44:25,69.5,96.7,26467,49570,ok
03:44:26,72.0,95.0,25683,48247,ok
03:44:27,72.2,94.4,25909,48312,ok
03:44:28,72.6,93.5,26568,48171,ok
03:44:29,72.4,92.2,25229,49171,ok
03:44:30,69.1,91.5,25119,48392,ok
03:44:31,71.3,92.2,25821,48883,ok
03:44:32,72.7,90.8,25761,49087,ok
03:44:33,66.7,88.9,26318,48490,ok
03:44:34,72.1,90.3,26444,48859,ok
03:44:35,73.4,88.8,26611,48376,ok
03:44:36,68.7,89.0,25499,48286,ok
03:44:37,69.9,89.0,26278,48918,ok
03:44:38,72.5,87.8,26409,49542,ok
03:44:39,74.1,87.3,26268,49223,ok
03:44:40,69.6,88.1,25089,49065,ok
03:44:41,66.6,88.2,25127,49934,ok
03:44:42,74.3,87.1,25603,49980,ok
03:44:43,72.6,88.1,25493,48940,ok
03:44:44,73.5,88.5,25957,49002,ok
03:44:45,71.5,88.5,25239,49426,ok
03:44:46,75.5,89.7,26845,49013,ok
03:44:47,72.6,90.4,26792,49713,ok
03:44:48,75.0,91.2,26631,48422,ok
03:44:49,71.6,91.4,26353,49975,ok
03:44:50,71.0,91.9,25400,48497,ok
03:44:51,72.1,93.2,26029,48662,ok
03:44:52,69.2,93.1,26555,48039,ok
03:44:53,71.5,94.0,26756,49833,ok
03:44:54,72.3,94.8,25982,48106,ok
03:44:55,71.7,96.1,26366,48507,ok
03:44:56,70.9,96.4,26024,49418,ok
03:44:57,73.4,95.7,25634,49083,ok
03:44:58,71.9,94.8,25384,49738,ok
03:44:59,73.6,95.6,25992,49549,ok
03:45:00,71.4,96.1,26804,49844,ok
03:45:01,71.8,95.7,25058,48216,ok
03:45:02,72.0,95.3,25407,48022,ok
03:45:03,71.2,95.1,26912,48837,ok
03:45:04,71.1,95.8,25939,49904,ok
03:45:05,71.0,96.8,26992,48702,ok
03:45:06,73.7,95.7,26877,48818,ok
03:45:07,73.7,96.8,26545,49979,ok
03:45:08,68.6,95.3,25859,48902,ok
03:45:09,73.0,96.1,25257,49958,ok
03:45:10,71.1,95.5,26713,48742,ok
03:45:11,73.2,96.0,26567,49833,ok
03:45:12,75.1,95.8,26818,48048,ok
03:45:13,72.8,96.6,26193,48144,ok
03:45:14,75.0,95.9,26027,49478,ok
03:45:15,73.0,96.1,26757,49263,ok
03:45:16,71.0,96.0,26690,49678,ok
03:45:17,75.2,95.1,26399,48756,ok
03:45:18,70.0,95.9,26287,48891,ok
03:45:19,71.1,96.2,25547,49757,ok
03:45:20,69.9,95.4,25873,49870,ok
03:45:21,70.1,95.9,25450,49816,ok
03:45:22,72.8,96.4,25522,48297,ok
03:45:23,69.5,95.8,25469,49551,ok
03:45:24,72.6,95.4,26453,49013,ok
03:45:25,74.5,95.2,26016,49521,ok
03:45:26,67.0,95.8,25922,48775,ok
03:45:27,72.2,96.9,25757,48210,ok
03:45:28,69.9,95.8,25187,49112,ok
03:45:29,70.9,95.6,25271,48360,ok
03:45:30,69.3,95.7,26110,49747,ok
03:45:31,72.9,96.8,26450,49843,ok
03:45:32,72.2,96.3,26611,49682,ok
03:45:33,68.3,95.3,26901,48525,ok
03:45:34,71.5,95.9,25075,49710,ok
03:45:35,71.5,95.9,26164,48778,ok
03:45:36,71.4,96.0,26652,48007,ok
03:45:37,71.8,95.9,25748,49302,ok
03:45:38,70.6,96.2,26739,49925,ok
03:45:39,70.3,96.1,26792,48571,ok
03:45:40,70.5,95.6,25143,49705,ok
03:45:41,72.4,95.7,25884,48513,ok
03:45:42,76.4,95.4,26363,48822,ok
03:45:43,69.8,96.1,26036,48229,ok
03:45:44,73.0,95.6,26341,48381,ok
03:45:45,74.5,96.9,26514,48166,ok
03:45:46,71.8,95.4,25045,48366,ok
03:45:47,69.4,96.0,25304,48589,ok
03:45:48,72.4,95.4,26560,48292,ok
03:45:49,73.3,96.1,25004,49003,ok
03:45:50,72.7,97.5,26864,48832,ok
03:45:51,72.0,95.7,26801,49124,ok
03:45:52,70.4,95.7,25654,48550,ok
03:45:53,72.1,96.0,26563,49886,ok
03:45:54,74.8,95.6,25844,48138,ok
03:45:55,68.5,96.1,26445,48059,ok
03:45:56,73.1,95.5,26598,48593,ok
03:45:57,72.0,95.4,25136,48621,ok
03:45:58,70.9,95.7,25693,49550,ok
03:45:59,69.9,96.8,26080,48356,ok
03:46:00,72.6,96.8,26521,48136,ok
03:46:01,72.8,95.9,26382,49358,ok
03:46:02,73.2,95.7,25015,48155,ok
03:46:03,71.2,96.1,26265,49702,ok
03:46:04,74.5,95.6,25150,49111,ok
03:46:05,68.1,95.6,26639,49235,ok
03:46:06,76.3,96.7,25171,49868,ok
03:46:07,72.6,95.2,25004,49721,ok
03:46:08,74.7,95.9,26811,49114,ok
03:46:09,71.5,95.5,25700,49479,ok
03:46:10,72.8,95.8,26719,49899,ok
03:46:11,70.8,95.3,26736,48838,ok
03:46:12,73.1,96.0,26802,49125,ok
03:46:13,70.4,95.9,26651,49135,ok
03:46:14,71.1,97.5,26874,48063,ok
03:46:15,71.5,95.4,26278,48536,ok
03:46:16,68.0,96.0,25832,48154,ok
03:46:17,70.3,96.1,25416,48618,ok
03:46:18,70.8,94.6,25309,49578,ok
03:46:19,74.5,96.4,25269,49788,ok
03:46:20,71.4,96.0,26032,49082,ok
03:46:21,71.4,96.0,26453,49567,ok
03:46:22,69.8,95.8,25484,49296,ok
03:46:23,73.5,96.6,26126,48116,ok
03:46:24,70.4,95.7,26641,48544,ok
03:46:25,71.2,96.7,26868,48508,ok
03:46:26,71.6,96.3,26866,49385,ok
03:46:27,73.0,95.4,26560,49338,ok
03:46:28,74.7,96.6,25071,48112,ok
03:46:29,71.0,95.7,25490,49858,ok
03:46:30,68.3,96.0,26176,48307,ok
03:46:31,73.0,96.6,26919,49073,ok
03:46:32,68.7,95.4,25242,48660,ok
03:46:33,72.2,96.1,25595,49042,ok
03:46:34,71.0,96.1,25074,49076,ok
03:46:35,73.0,95.7,25033,48710,ok
03:46:36,70.0,96.1,25877,49012,ok
03:46:37,70.1,96.1,26607,48659,ok
03:46:38,71.1,95.5,25765,49808,ok
03:46:39,72.1,95.5,26289,49621,ok
03:46:40,77.2,96.1,26522,48943,ok
03:46:41,77.4,96.6,26985,48352,ok
03:46:42,74.6,95.7,25941,49094,ok
03:46:43,72.0,96.2,26865,49305,ok
03:46:44,73.7,95.6,26715,48208,ok
03:46:45,73.1,96.8,26547,48935,ok
03:46:46,70.8,96.2,26711,49242,ok
03:46:47,69.4,95.9,25344,49022,ok
03:46:48,75.7,95.3,26193,48912,ok
03:46:49,73.5,96.2,25451,49521,ok
03:46:50,68.9,96.4,26032,48122,ok
03:46:51,72.6,96.4,26226,48132,ok
03:46:52,73.1,96.8,25728,49562,ok
03:46:53,70.3,95.7,25220,48094,ok
03:46:54,74.0,96.7,26065,49946,ok
03:46:55,73.1,95.9,25056,49523,ok
03:46:56,72.7,96.2,26624,49138,ok
03:46:57,72.7,96.3,25365,48601,ok
03:46:58,75.3,96.9,25054,49794,ok
03:46:59,70.2,96.8,26964,48743,ok
03:47:00,72.1,96.2,26406,48845,ok
03:47:01,75.9,96.3,25719,49414,ok
03:47:02,74.2,95.9,26720,48725,ok
03:47:03,67.7,96.6,26840,49358,ok
03:47:04,73.6,96.9,26770,49427,ok
03:47:05,72.4,96.1,26151,48564,ok
03:47:06,70.4,94.0,26895,49968,ok
03:47:07,72.9,94.3,25618,48807,ok
03:47:08,70.2,92.6,25150,49766,ok
03:47:09,70.2,92.1,26325,48906,ok
03:47:10,69.6,90.6,26834,48526,ok
03:47:11,71.4,90.2,26703,48828,ok
03:47:12,73.0,90.3,26753,48641,ok
03:47:13,74.3,89.8,26802,48881,ok
03:47:14,69.3,89.6,26046,49343,ok
03:47:15,76.0,89.3,25644,48367,ok
03:47:16,72.7,88.6,25896,48242,ok
03:47:17,70.5,89.6,25568,48426,ok
03:47:18,72.0,87.8,26550,49759,ok
03:47:19,72.1,88.7,25241,48430,ok
03:47:20,74.5,87.4,26529,48788,ok
03:47:21,73.7,86.6,26091,49724,ok
03:47:22,73.2,88.5,26441,48603,ok
03:47:23,72.0,88.7,26582,48552,ok
03:47:24,72.9,88.6,26696,49246,ok
03:47:25,69.4,89.0,26095,48019,ok
03:47:26,73.9,90.1,25872,49008,ok
03:47:27,73.4,90.3,25044,49663,ok
03:47:28,69.0,91.2,26600,48988,ok
03:47:29,75.9,92.7,26965,49314,ok
03:47:30,68.7,92.3,26054,48001,ok
03:47:31,73.8,93.1,26381,48397,ok
03:47:32,75.8,94.8,25734,49279,ok
03:47:33,72.1,95.3,26520,49457,ok
03:47:34,71.5,95.7,26937,48207,ok
03:47:35,71.4,95.4,25167,48453,ok
03:47:36,72.6,95.8,26294,49721,ok
03:47:37,71.2,95.2,25064,49371,ok
03:47:38,74.3,96.2,26434,48058,ok
03:47:39,74.6,95.7,25457,49164,ok
03:47:40,70.7,96.4,25907,49204,ok
03:47:41,70.3,96.0,26767,49921,ok
03:47:42,67.7,96.0,25824,48828,ok
03:47:43,72.8,95.9,26245,49224,ok
03:47:44,71.7,96.6,26591,49085,ok
03:47:45,73.1,94.3,26204,48385,ok
03:47:46,74.9,95.5,25530,49868,ok
03:47:47,76.1,96.6,25406,48849,ok
03:47:48,77.6,95.4,25013,49612,ok
03:47:49,70.3,95.8,26651,49793,ok
03:47:50,71.8,96.6,25818,48585,ok
03:47:51,70.0,95.4,25832,48215,ok
03:47:52,69.7,95.9,26926,48992,ok
03:47:53,75.2,96.8,25542,49057,ok
03:47:54,68.3,96.9,25905,49846,ok
03:47:55,70.3,95.7,26505,48103,ok
03:47:56,71.6,96.4,26110,49550,ok
03:47:57,75.0,96.4,25156,48630,ok
03:47:58,74.1,96.4,26358,48266,ok
03:47:59,76.3,95.4,26109,48743,ok
03:48:00,67.2,95.3,26124,48596,ok
03:48:01,75.1,95.6,26930,49292,ok
03:48:02,70.8,95.4,26102,49031,ok
03:48:03,70.9,95.6,26266,48245,ok
03:48:04,73.5,96.4,26714,49646,ok
03:48:05,74.1,95.9,26011,49177,ok
03:48:06,71.2,97.7,25783,48276,ok
03:48:07,71.5,95.4,26530,48969,ok
03:48:08,68.4,96.2,26937,49307,ok
03:48:09,70.7,96.0,26059,48511,ok
03:48:10,73.6,96.4,25373,49620,ok
03:48:11,74.2,96.5,25079,49764,ok
03:48:12,74.9,95.7,26833,49589,ok
03:48:13,74.3,96.0,25866,48934,ok
03:48:14,71.0,96.1,25215,49263,ok
03:48:15,71.7,95.9,25193,48458,ok
03:48:16,71.7,95.6,25928,49209,ok
03:48:17,71.5,95.0,26097,49824,ok
03:48:18,68.7,95.8,25594,49171,ok
03:48:19,68.3,96.4,26864,49794,ok
03:48:20,71.3,96.3,25110,48516,ok
03:48:21,71.9,96.2,26605,48980,ok
03:48:22,70.1,96.1,26922,48103,ok
03:48:23,72.9,95.1,25209,49055,ok
03:48:24,72.5,96.5,26581,49969,ok
03:48:25,73.9,96.4,25047,48876,ok
03:48:26,71.9,95.7,25964,49620,ok
03:48:27,72.4,94.8,25830,48230,ok
03:48:28,74.9,95.0,25796,48257,ok
03:48:29,73.6,96.2,26194,48279,ok
03:48:30,70.5,95.7,25117,48310,ok
03:48:31,73.5,96.4,26310,49599,ok
03:48:32,71.9,95.9,26157,49418,ok
03:48:33,73.6,95.3,26191,49253,ok
03:48:34,66.9,95.9,25491,49359,ok
03:48:35,71.9,97.4,26338,49993,ok
03:48:36,74.5,95.6,25445,48231,ok
03:48:37,74.2,96.1,26402,49738,ok
03:48:38,71.3,95.9,25093,49778,ok
03:48:39,67.3,95.7,26320,48881,ok
03:48:40,71.6,95.2,25803,49735,ok
03:48:41,72.9,95.6,25501,48989,ok
03:48:42,72.2,95.6,26674,48199,ok
03:48:43,72.3,96.1,26719,48499,ok
03:48:44,71.5,96.9,25716,49223,ok
03:48:45,74.9,95.7,26941,48360,ok
03:48:46,74.8,95.3,25434,48270,ok
03:48:47,70.6,95.2,25054,48094,ok
03:48:48,69.9,96.0,26699,48776,ok
03:48:49,72.2,95.9,25820,49469,ok
03:48:50,74.2,96.0,25446,48631,ok
03:48:51,68.0,96.3,26161,49217,ok
03:48:52,69.9,96.3,25212,48704,ok
03:48:53,70.2,95.3,26264,48005,ok
03:48:54,71.5,96.8,26531,49196,ok
03:48:55,72.8,96.1,25469,48702,ok
03:48:56,73.2,96.0,26884,49022,ok
03:48:57,72.6,95.6,26678,48276,ok
03:48:58,73.8,95.2,25542,48387,ok
03:48:59,71.7,95.8,26606,49732,ok
03:49:00,69.9,95.9,25548,49343,ok
03:49:01,70.2,96.0,26594,49352,ok
03:49:02,71.5,95.4,26933,49902,ok
03:49:03,73.2,95.2,25250,49562,ok
03:49:04,71.5,95.9,26735,48525,ok
03:49:05,73.6,97.0,25196,48845,ok
03:49:06,73.9,96.5,25813,49573,ok
03:49:07,74.7,95.7,25044,48916,ok
03:49:08,72.4,94.8,25643,49182,ok
03:49:09,74.1,95.6,25813,48057,ok
03:49:10,71.3,95.8,26294,49497,ok
03:49:11,70.8,96.0,26577,48247,ok
03:49:12,69.5,95.6,26481,48694,ok
03:49:13,71.9,95.8,25710,49739,ok
03:49:14,72.5,96.1,26789,49104,ok
03:49:15,71.7,95.8,25988,49538,ok
03:49:16,71.2,96.4,25300,48363,ok
03:49:17,72.5,96.0,25765,49281,ok
03:49:18,69.5,95.8,25590,49878,ok
03:49:19,73.6,95.4,25030,49992,ok
03:49:20,70.8,95.8,26970,48976,ok
03:49:21,73.8,95.0,26655,49304,ok
03:49:22,74.5,95.8,26889,49984,ok
03:49:23,70.5,96.7,26577,48439,ok
03:49:24,68.8,95.9,25071,48144,ok
03:49:25,75.4,96.4,25876,48456,ok
03:49:26,74.2,95.9,26129,49389,ok
03:49:27,73.5,96.0,26153,48376,ok
03:49:28,66.7,96.4,25494,48451,ok
03:49:29,73.5,96.7,26129,48357,ok
03:49:30,71.1,96.4,25874,49168,ok
03:49:31,70.9,96.2,26282,48957,ok
03:49:32,71.1,95.5,25187,48108,ok
03:49:33,74.9,96.2,26508,48144,ok
03:49:34,73.3,95.0,25778,48966,ok
03:49:35,71.2,96.6,25791,48407,ok
03:49:36,71.0,96.2,25654,48151,ok
03:49:37,69.0,96.7,26301,48016,ok
03:49:38,67.8,96.4,26814,49855,ok
03:49:39,70.7,96.5,25467,48977,ok
03:49:40,68.8,96.2,26885,49702,ok
03:49:41,72.6,95.7,26320,48737,ok
03:49:42,75.1,97.3,25785,48221,ok
03:49:43,71.4,95.3,26812,48484,ok
03:49:44,72.1,96.7,26429,48757,ok
03:49:45,70.5,96.1,26155,49204,ok
03:49:46,74.7,94.9,25603,49745,ok
03:49:47,70.6,96.1,26410,49180,ok
03:49:48,74.3,95.8,26004,48106,ok
03:49:49,74.8,96.5,25072,49870,ok
03:49:50,72.3,96.6,25470,48537,ok
03:49:51,72.3,96.5,25226,48449,ok
03:49:52,72.6,95.9,25343,49394,ok
03:49:53,69.8,95.4,26838,48020,ok
03:49:54,72.4,96.8,26232,49505,ok
03:49:55,70.5,96.3,26477,49735,ok
03:49:56,66.9,94.8,25443,49854,ok
03:49:57,73.1,96.1,26161,49716,ok
03:49:58,66.4,95.4,25196,49260,ok
03:49:59,70.9,95.6,26876,48953,ok
03:50:00,75.4,96.7,26403,49203,ok
03:50:01,73.0,96.0,26885,48704,ok
03:50:02,70.7,96.0,26883,49290,ok
03:50:03,71.0,96.0,25168,49528,ok
03:50:04,73.5,95.9,25065,48321,ok
03:50:05,70.8,95.3,26321,49740,ok
03:50:06,74.7,95.6,25581,48322,ok
03:50:07,71.3,95.5,26581,49346,ok
03:50:08,68.1,95.9,25416,49832,ok
03:50:09,70.8,95.7,26732,49937,ok
03:50:10,71.7,95.8,26867,48651,ok
03:50:11,69.5,95.8,26728,49635,ok
03:50:12,72.1,95.5,25685,48495,ok
03:50:13,72.1,96.5,25894,48094,ok
03:50:14,69.1,95.7,25345,49060,ok
03:50:15,70.7,96.9,25325,49211,ok
03:50:16,70.6,96.7,25259,49480,ok
03:50:17,73.0,96.1,26712,48382,ok
03:50:18,68.0,96.1,25455,48565,ok
03:50:19,71.5,96.2,25047,48741,ok
03:50:20,71.4,95.8,26536,49449,ok
03:50:21,72.8,95.1,26543,49923,ok
03:50:22,71.1,95.9,26122,49147,ok
03:50:23,76.1,95.9,26386,48800,ok
03:50:24,70.0,96.3,26170,48453,ok
03:50:25,71.6,96.1,25936,49708,ok
03:50:26,76.7,97.0,25658,48754,ok
03:50:27,70.0,95.4,25032,49810,ok
03:50:28,72.8,96.4,25452,49003,ok
03:50:29,73.3,96.8,25468,49491,ok
03:50:30,71.6,96.6,25391,48750,ok
03:50:31,76.3,96.4,25998,48796,ok
03:50:32,73.1,95.2,26090,48962,ok
03:50:33,71.5,96.4,26438,48080,ok
03:50:34,73.0,96.7,25394,49788,ok
03:50:35,70.5,96.5,26253,49164,ok
03:50:36,72.4,96.6,26225,48775,ok
03:50:37,73.8,96.6,25815,49062,ok
03:50:38,75.6,96.3,25355,49170,ok
03:50:39,67.9,96.6,26005,48240,ok
03:50:40,72.2,95.1,26447,48181,ok
03:50:41,71.6,95.9,25538,49804,ok
03:50:42,73.4,95.7,26862,48434,ok
03:50:43,71.0,95.1,26939,48243,ok
03:50:44,72.7,96.1,25605,48670,ok
03:50:45,70.7,96.1,25684,49736,ok
03:50:46,69.6,95.3,26745,49242,ok
03:50:47,72.9,96.0,26127,48911,ok
03:50:48,74.4,96.4,25250,49404,ok
03:50:49,71.3,95.4,25336,49890,ok
03:50:50,71.9,96.1,25139,49843,ok
03:50:51,72.8,95.2,25583,49694,ok
03:50:52,71.9,96.4,26946,49526,ok
03:50:53,72.8,96.0,25981,48995,ok
03:50:54,69.6,96.1,26724,49344,ok
03:50:55,70.4,96.2,26230,48756,ok
03:50:56,72.7,95.3,26895,48830,ok
03:50:57,71.3,96.5,25930,48710,ok
03:50:58,75.7,96.6,26784,48151,ok
03:50:59,73.7,95.6,25230,48600,ok
03:51:00,70.9,96.4,25988,49783,ok
03:51:01,69.9,96.4,26673,49650,ok
03:51:02,70.9,96.0,26977,49001,ok
03:51:03,67.9,95.6,25337,49756,ok
03:51:04,73.5,96.3,25594,49512,ok
03:51:05,74.0,95.5,26496,49461,ok
03:51:06,73.4,97.5,25658,48112,ok
03:51:07,72.9,96.7,26115,48798,ok
03:51:08,69.0,95.9,26031,49436,ok
03:51:09,72.4,96.4,26465,49697,ok
03:51:10,73.8,96.5,26090,48693,ok
03:51:11,72.0,96.2,26379,49047,ok
03:51:12,76.8,95.3,25433,48758,ok
03:51:13,71.5,95.5,25205,48820,ok
03:51:14,72.9,96.1,26168,48108,ok
03:51:15,72.8,96.0,26539,48864,ok
03:51:16,71.4,95.8,25017,48756,ok
03:51:17,67.1,97.0,25354,49078,ok
03:51:18,72.7,96.0,25819,49711,ok
03:51:19,68.3,94.8,25238,49043,ok
03:51:20,71.7,96.4,25755,49736,ok
03:51:21,71.1,95.7,26097,49756,ok
03:51:22,71.7,95.6,26324,48925,ok
03:51:23,71.8,96.3,26024,48334,ok
03:51:24,72.3,95.7,25601,48063,ok
03:51:25,72.6,95.4,26000,48388,ok
03:51:26,71.9,96.0,25799,48154,ok
03:51:27,72.3,96.5,25778,48363,ok
03:51:28,72.9,94.8,25390,49984,ok
03:51:29,72.2,96.4,25561,49159,ok
03:51:30,71.1,95.7,25845,49993,ok
03:51:31,72.0,95.2,26459,49489,ok
03:51:32,73.2,95.2,25223,49587,ok
03:51:33,74.8,96.3,25114,48267,ok
03:51:34,71.0,96.0,25438,49534,ok
03:51:35,70.1,95.1,26375,49545,ok
03:51:36,70.8,95.8,25590,48119,ok
03:51:37,72.7,95.7,25402,48751,ok
03:51:38,72.0,96.5,26045,49203,ok
03:51:39,72.3,95.9,25772,48834,ok
03:51:40,72.2,96.3,26487,48417,ok
03:51:41,69.0,95.0,26039,48921,ok
03:51:42,72.8,95.7,26957,49642,ok
03:51:43,71.6,96.1,26410,48654,ok
03:51:44,66.2,96.4,26941,49651,ok
03:51:45,71.9,95.5,25817,49405,ok
03:51:46,73.5,96.3,26195,48514,ok
03:51:47,69.9,95.8,26553,48618,ok
03:51:48,74.0,96.0,25665,48143,ok
03:51:49,68.1,96.2,25490,48356,ok
03:51:50,73.8,94.8,25852,49466,ok
03:51:51,71.6,96.2,25303,48072,ok
03:51:52,69.7,95.9,25375,49883,ok
03:51:53,73.4,95.9,25452,48208,ok
03:51:54,77.6,96.5,26061,49490,ok
03:51:55,71.7,96.4,25911,48150,ok
03:51:56,71.8,95.9,26577,49941,ok
03:51:57,71.6,96.6,25506,49131,ok
03:51:58,72.4,96.0,25908,49766,ok
03:51:59,73.0,95.9,25500,48115,ok
03:52:00,75.6,96.3,26281,48430,ok
03:52:01,76.7,96.3,26135,48054,ok
03:52:02,70.7,96.8,25295,48668,ok
03:52:03,72.9,95.2,25970,48909,ok
03:52:04,71.0,95.5,26227,49723,ok
03:52:05,68.6,96.5,25499,49990,ok
03:52:06,72.1,96.0,26733,49768,ok
03:52:07,73.7,95.7,26252,49284,ok
03:52:08,67.0,96.3,26944,48351,ok
03:52:09,72.7,96.1,26355,48106,ok
03:52:10,73.7,96.0,26675,48522,ok
03:52:11,74.3,95.5,26588,49230,ok
03:52:12,70.8,95.9,25265,49223,ok
03:52:13,71.7,96.5,26002,49787,ok
03:52:14,72.9,95.4,26022,48013,ok
03:52:15,72.6,96.2,25140,49090,ok
03:52:16,73.2,96.0,25308,48976,ok
03:52:17,69.9,96.5,25549,48068,ok
03:52:18,75.1,95.8,25472,48925,ok
03:52:19,74.6,96.4,26029,49108,ok
03:52:20,69.6,96.3,26383,48559,ok
03:52:21,71.7,96.7,26615,48015,ok
03:52:22,73.6,96.7,26497,49997,ok
03:52:23,71.4,96.4,26827,49402,ok
03:52:24,72.0,95.9,26526,49293,ok
03:52:25,67.7,95.3,25945,48511,ok
03:52:26,75.4,95.7,26476,49831,ok
03:52:27,72.1,95.4,25693,48561,ok
03:52:28,71.5,96.6,26709,49691,ok
03:52:29,70.7,96.8,26708,48675,ok
03:52:30,74.9,96.2,25474,49223,ok
03:52:31,73.0,95.1,26049,49538,ok
03:52:32,71.1,96.0,25479,49871,ok
03:52:33,68.2,95.7,26085,48770,ok
03:52:34,72.8,96.0,25645,49225,ok
03:52:35,76.4,96.6,26958,48121,ok
03:52:36,75.5,96.6,26687,48226,ok
03:52:37,70.4,96.2,26031,49872,ok
03:52:38,70.0,95.9,26902,49645,ok
03:52:39,73.2,96.1,25719,49139,ok
03:52:40,73.6,95.8,26072,48634,ok
03:52:41,72.6,95.8,25360,48339,ok
03:52:42,71.6,96.2,26960,48329,ok
03:52:43,70.4,96.1,26312,48247,ok
03:52:44,73.3,96.4,25766,48655,ok
03:52:45,71.7,96.0,25399,48356,ok
03:52:46,72.0,96.3,26643,49086,ok
03:52:47,72.2,96.1,26582,49843,ok
03:52:48,73.5,96.1,26789,49076,ok
03:52:49,71.7,96.1,26543,48940,ok
03:52:50,68.1,96.5,25436,49356,ok
03:52:51,71.1,95.4,26519,48651,ok
03:52:52,70.8,97.0,26521,48330,ok
03:52:53,74.2,96.0,25762,49471,ok
03:52:54,73.0,95.7,25160,49937,ok
03:52:55,69.2,96.2,25281,48301,ok
03:52:56,71.8,95.6,26152,48636,ok
03:52:57,69.9,96.2,26285,48936,ok
03:52:58,74.0,96.4,26178,48203,ok
03:52:59,73.3,96.8,25209,49195,ok
03:53:00,72.0,96.5,26111,48618,ok
03:53:01,71.1,95.7,26066,49401,ok
03:53:02,74.7,96.1,26273,49140,ok
03:53:03,75.5,96.3,26469,48883,ok
03:53:04,72.5,95.6,26590,49688,ok
03:53:05,72.7,96.2,25964,49008,ok
03:53:06,71.1,95.9,25594,48556,ok
03:53:07,69.2,96.5,25169,49548,ok
03:53:08,67.5,95.1,25895,49042,ok
03:53:09,71.3,96.5,25588,48956,ok
03:53:10,70.3,96.2,25852,48011,ok
03:53:11,71.7,95.9,26523,48596,ok
03:53:12,70.8,95.8,26621,48706,ok
03:53:13,71.8,97.2,26212,49883,ok
03:53:14,73.9,95.8,25557,49692,ok
03:53:15,68.4,95.9,25814,48620,ok
03:53:16,70.8,96.6,25955,48226,ok
03:53:17,72.3,95.5,25704,48597,ok
03:53:18,72.4,95.5,25573,49012,ok
03:53:19,72.8,96.1,26347,48636,ok
03:53:20,71.7,95.7,25169,48265,ok
03:53:21,70.8,96.5,26869,48000,ok
03:53:22,73.1,97.1,25779,49491,ok
03:53:23,71.3,96.2,26737,48268,ok
03:53:24,72.9,96.4,25832,48472,ok
03:53:25,73.3,96.3,25816,48597,ok
03:53:26,70.7,96.5,26479,48437,ok
03:53:27,69.4,95.7,25089,49628,ok
03:53:28,68.4,96.9,25693,49371,ok
03:53:29,73.0,95.8,25095,48658,ok
03:53:30,74.2,96.3,26225,48645,ok
03:53:31,71.1,96.1,25970,49193,ok
03:53:32,71.1,95.8,25141,48048,ok
03:53:33,69.3,96.1,25469,48319,ok
03:53:34,72.3,95.9,25979,49828,ok
03:53:35,70.3,96.4,25695,49838,ok
03:53:36,71.6,95.6,25029,49563,ok
03:53:37,72.6,95.8,25272,48434,ok
03:53:38,71.7,96.3,25083,48253,ok
03:53:39,70.9,96.0,26423,49618,ok
03:53:40,70.0,96.3,25944,48026,ok
03:53:41,75.5,96.1,26653,49236,ok
03:53:42,72.8,96.6,25148,49137,ok
03:53:43,71.1,96.7,26299,49839,ok
03:53:44,71.1,95.4,25950,48402,ok
03:53:45,73.4,95.4,26214,48324,ok
03:53:46,70.3,95.9,26474,48729,ok
03:53:47,73.0,95.2,26180,49926,ok
03:53:48,74.0,95.6,26300,49282,ok
03:53:49,72.4,96.1,25807,48621,ok
03:53:50,72.9,97.3,25801,48118,ok
03:53:51,71.8,95.7,26173,48871,ok
03:53:52,71.4,95.6,26092,48459,ok
03:53:53,73.5,96.6,26324,48888,ok
03:53:54,74.2,95.7,25466,49877,ok
03:53:55,70.7,96.1,26801,49032,ok
03:53:56,71.7,96.6,26225,49367,ok
03:53:57,70.8,95.4,26236,49577,ok
03:53:58,72.2,95.5,26719,48542,ok
03:53:59,72.3,95.3,25536,49086,ok
03:54:00,73.7,96.2,25280,48341,ok
03:54:01,72.0,96.7,25035,48464,ok
03:54:02,71.6,95.4,26827,49312,ok
03:54:03,71.2,94.9,26010,48858,ok
03:54:04,71.8,95.9,25842,48928,ok
03:54:05,70.3,96.6,25019,49376,ok
03:54:06,71.4,96.1,26963,48956,ok
03:54:07,72.7,96.5,25487,49039,ok
03:54:08,71.1,96.1,26828,49132,ok
03:54:09,76.1,96.1,25082,48717,ok
03:54:10,72.2,95.6,26731,49695,ok
03:54:11,69.0,95.9,26154,48863,ok
03:54:12,73.4,95.7,26792,49447,ok
03:54:13,73.4,96.1,26108,48736,ok
03:54:14,76.2,95.6,25050,49319,ok
03:54:15,71.8,95.4,25511,49400,ok
03:54:16,71.6,95.2,26863,49233,ok
03:54:17,75.3,96.4,25487,48269,ok
03:54:18,74.9,96.0,26205,48918,ok
03:54:19,72.2,95.9,26942,48042,ok
03:54:20,68.9,95.9,25877,48547,ok
03:54:21,71.4,95.7,25329,49455,ok
03:54:22,72.3,96.5,25832,49700,ok
03:54:23,68.3,96.1,26140,48828,ok
03:54:24,71.7,96.6,26195,48884,ok
03:54:25,72.6,95.6,26593,49730,ok
03:54:26,70.9,95.9,25533,48965,ok
03:54:27,72.5,95.4,26209,48092,ok
03:54:28,75.4,96.0,26770,49299,ok
03:54:29,70.5,96.2,26943,48192,ok
03:54:30,72.5,95.7,26944,48513,ok
03:54:31,70.3,96.4,25353,49066,ok
03:54:32,69.0,95.8,25810,48308,ok
03:54:33,67.7,96.5,26200,49128,ok
03:54:34,71.8,95.3,26580,49124,ok
03:54:35,72.1,95.7,26595,48934,ok
03:54:36,73.5,95.7,26848,48756,ok
03:54:37,69.0,96.3,26748,49836,ok
03:54:38,74.7,95.3,26972,48931,ok
03:54:39,70.3,96.2,26531,49184,ok
03:54:40,69.6,96.3,26520,49844,ok
03:54:41,73.4,95.8,25313,49122,ok
03:54:42,73.0,95.8,26617,48908,ok
03:54:43,70.1,95.8,26733,48826,ok
03:54:44,67.0,96.5,25601,48015,ok
03:54:45,74.5,96.5,26655,49140,ok
03:54:46,77.3,96.1,25356,49668,ok
03:54:47,70.3,96.1,25298,48316,ok
03:54:48,73.5,96.2,26894,49250,ok
03:54:49,74.1,95.9,25131,48561,ok
03:54:50,72.2,95.7,26717,48596,ok
03:54:51,72.1,96.9,26622,48019,ok
03:54:52,72.1,95.8,25237,49143,ok
03:54:53,72.5,95.3,25460,48075,ok
03:54:54,70.5,96.2,26477,49120,ok
03:54:55,71.0,95.7,26638,48437,ok
03:54:56,71.4,96.4,26677,48498,ok
03:54:57,72.4,96.5,25859,49252,ok
03:54:58,73.2,96.6,26660,49561,ok
03:54:59,72.5,95.6,26993,49144,ok
03:55:00,72.5,97.3,26316,48985,ok
03:55:01,70.1,96.1,25489,48636,ok
03:55:02,72.1,95.9,26719,48442,ok
03:55:03,73.4,95.8,26505,48892,ok
03:55:04,73.0,95.7,26524,48709,ok
03:55:05,71.0,95.8,25385,49570,ok
03:55:06,73.2,95.8,25712,48530,ok
03:55:07,72.4,96.0,26986,48712,ok
03:55:08,73.3,95.7,26979,48802,ok
03:55:09,69.4,96.9,26439,48053,ok
03:55:10,72.6,97.2,26211,48896,ok
03:55:11,72.6,95.9,25521,48150,ok
03:55:12,71.6,96.8,26172,49391,ok
03:55:13,72.6,96.6,26179,48919,ok
03:55:14,70.7,96.0,26888,49343,ok
03:55:15,73.5,96.6,25252,48980,ok
03:55:16,72.9,95.8,25742,49886,ok
03:55:17,70.8,95.6,25529,49598,ok
03:55:18,73.2,94.7,25130,48874,ok
03:55:19,71.3,96.2,25654,48453,ok
03:55:20,72.4,96.2,25570,49720,ok
03:55:21,76.2,96.3,25602,49356,ok
03:55:22,73.3,96.3,26059,49426,ok
03:55:23,69.9,96.7,25169,48826,ok
03:55:24,72.6,96.3,26717,49452,ok
03:55:25,70.8,96.0,26378,49534,ok
03:55:26,72.2,95.8,26805,49963,ok
03:55:27,72.9,95.4,25644,49529,ok
03:55:28,69.8,95.6,26989,48843,ok
03:55:29,70.7,95.6,25633,48839,ok
03:55:30,71.5,95.1,26699,49867,ok
03:55:31,73.0,96.3,26921,48249,ok
03:55:32,73.8,95.6,26481,48249,ok
03:55:33,73.9,95.9,26771,49048,ok
03:55:34,72.7,97.0,26478,48263,ok
03:55:35,68.6,95.8,26880,49477,ok
03:55:36,73.3,95.8,25040,49683,ok
03:55:37,71.8,96.8,26672,49367,ok
03:55:38,73.3,96.2,25906,49038,ok
03:55:39,70.0,95.9,26169,48429,ok
03:55:40,67.7,95.8,26834,49820,ok
03:55:41,71.1,96.2,25758,48373,ok
03:55:42,74.8,95.6,25780,49179,ok
03:55:43,69.8,95.9,25946,49890,ok
03:55:44,73.4,95.4,26214,48577,ok
03:55:45,75.7,96.0,25388,48235,ok
03:55:46,72.2,96.7,26070,48620,ok
03:55:47,69.9,96.6,26630,48574,ok
03:55:48,74.0,95.8,25938,49865,ok
03:55:49,71.4,96.1,25362,49355,ok
03:55:50,74.2,96.4,26940,49037,ok
03:55:51,75.2,96.5,25494,48934,ok
03:55:52,71.1,97.4,26163,49646,ok
03:55:53,73.8,96.2,25951,49745,ok
03:55:54,74.6,96.2,26207,49779,ok
03:55:55,74.4,96.3,25028,49274,ok
03:55:56,76.5,95.2,26263,49391,ok
03:55:57,72.7,96.3,26638,48603,ok
03:55:58,67.9,96.9,25810,49398,ok
03:55:59,70.1,96.2,26049,49233,ok
03:56:00,71.5,96.9,26273,49399,ok
03:56:01,68.8,95.4,25689,48871,ok
03:56:02,73.2,96.1,26338,49494,ok
03:56:03,71.5,95.5,26156,49875,ok
03:56:04,73.5,95.5,26178,48684,ok
03:56:05,70.4,95.1,25616,49678,ok
03:56:06,70.4,95.6,26042,49462,ok
03:56:07,74.0,96.1,26554,48644,ok
03:56:08,72.1,95.9,25798,48363,ok
03:56:09,72.9,95.6,26667,48271,ok
03:56:10,73.4,95.9,25069,49696,ok
03:56:11,71.3,96.6,26146,49898,ok
03:56:12,72.4,96.7,25365,48303,ok
03:56:13,70.2,96.4,26466,48666,ok
03:56:14,75.4,96.5,26620,49231,ok
03:56:15,70.6,95.4,26042,48318,ok
03:56:16,70.3,95.9,25690,48759,ok
03:56:17,76.2,95.6,25502,49656,ok
03:56:18,70.2,96.4,25970,49796,ok
03:56:19,71.3,95.9,25490,48837,ok
03:56:20,72.8,96.3,25114,49551,ok
03:56:21,73.3,96.5,26919,49359,ok
03:56:22,72.3,96.2,25048,49902,ok
03:56:23,72.6,95.6,25725,49638,ok
03:56:24,74.9,95.6,26212,48277,ok
03:56:25,68.5,95.5,25480,49237,ok
03:56:26,71.9,96.1,25753,48488,ok
03:56:27,72.2,96.1,26142,49714,ok
03:56:28,72.1,97.2,25455,48037,ok
03:56:29,73.3,95.2,26390,49063,ok
03:56:30,71.2,96.4,25130,48076,ok
03:56:31,70.6,96.2,26382,49826,ok
03:56:32,71.2,96.6,25789,49054,ok
03:56:33,72.1,96.5,26329,49277,ok
03:56:34,68.6,96.9,25800,49645,ok
03:56:35,74.7,96.5,26791,48171,ok
03:56:36,74.8,96.6,25195,48334,ok
03:56:37,71.6,96.6,25198,48045,ok
03:56:38,67.4,95.4,25796,49809,ok
03:56:39,70.9,96.3,25452,48402,ok
03:56:40,70.3,97.5,26127,49580,ok
03:56:41,68.5,94.9,25120,49068,ok
03:56:42,74.0,96.3,26039,48067,ok
03:56:43,73.3,96.7,26457,48447,ok
03:56:44,72.8,95.9,25595,49415,ok
03:56:45,72.0,95.4,26360,48318,ok
03:56:46,67.1,96.8,25676,49019,ok
03:56:47,73.1,95.9,26459,49514,ok
03:56:48,71.6,96.5,25041,49650,ok
03:56:49,71.6,95.8,25055,48513,ok
03:56:50,67.5,96.8,26223,48864,ok
03:56:51,73.2,95.6,25376,49406,ok
03:56:52,67.6,96.2,26723,48928,ok
03:56:53,71.5,97.3,25897,48341,ok
03:56:54,70.4,96.0,25490,49624,ok
03:56:55,71.4,95.5,25993,48340,ok
03:56:56,73.4,96.5,25176,49320,ok
03:56:57,70.9,96.1,25921,48050,ok
03:56:58,70.9,96.3,26910,49136,ok
03:56:59,73.8,95.6,26694,49087,ok
03:57:00,75.6,94.9,26431,49078,ok
03:57:01,71.7,95.7,26900,49092,ok
03:57:02,69.5,95.5,26073,49137,ok
03:57:03,72.4,95.2,26009,49438,ok
03:57:04,73.1,96.0,25680,49162,ok
03:57:05,69.4,95.5,26648,49882,ok
03:57:06,74.4,96.9,25123,48009,ok
03:57:07,69.4,96.1,26004,48000,ok
03:57:08,73.2,96.7,26615,49367,ok
03:57:09,73.1,96.8,26580,48077,ok
03:57:10,71.3,95.3,25781,49906,ok
03:57:11,72.5,96.4,25619,49125,ok
03:57:12,72.8,96.6,25117,48909,ok
03:57:13,72.0,95.5,26500,49394,ok
03:57:14,72.6,95.6,25250,48655,ok
03:57:15,70.1,94.9,26850,48922,ok
03:57:16,74.2,95.8,25002,48778,ok
03:57:17,77.1,95.8,26667,48386,ok
03:57:18,70.1,96.5,26693,49100,ok
03:57:19,69.5,95.6,26589,49529,ok
03:57:20,72.3,96.7,25565,49206,ok
03:57:21,71.3,95.9,26558,49948,ok
03:57:22,72.2,95.6,25653,49575,ok
03:57:23,71.1,95.7,26801,48897,ok
03:57:24,75.7,95.6,25765,48214,ok
03:57:25,72.9,95.9,26992,49209,ok
03:57:26,72.5,96.2,26765,48074,ok
03:57:27,74.1,96.0,25753,49127,ok
03:57:28,72.5,96.1,25008,48914,ok
03:57:29,74.4,95.8,25644,49265,ok
03:57:30,72.3,95.5,26511,49633,ok
03:57:31,73.8,95.8,26715,48386,ok
03:57:32,69.3,97.1,25083,48304,ok
03:57:33,75.0,96.3,26675,48693,ok
03:57:34,72.5,96.0,26268,48336,ok
03:57:35,71.2,96.7,26076,49376,ok
03:57:36,71.8,95.7,25210,49424,ok
03:57:37,73.6,95.8,26336,48859,ok
03:57:38,72.3,97.1,25089,48099,ok
03:57:39,72.3,96.4,25060,48214,ok
03:57:40,71.7,95.9,25954,49324,ok
03:57:41,71.2,96.9,25206,49139,ok
03:57:42,75.2,96.6,26804,48241,ok
03:57:43,71.2,96.0,25897,49059,ok
03:57:44,73.5,96.3,25919,48130,ok
03:57:45,73.3,95.9,25856,49209,ok
03:57:46,73.2,96.0,25782,48668,ok
03:57:47,71.9,96.0,25327,48781,ok
03:57:48,70.4,96.0,26359,48065,ok
03:57:49,72.2,95.6,25117,49815,ok
03:57:50,68.7,96.3,26809,49128,ok
03:57:51,71.7,95.5,25313,49562,ok
03:57:52,71.7,95.6,26342,48055,ok
03:57:53,74.2,95.9,25340,49090,ok
03:57:54,67.5,96.1,26314,48774,ok
03:57:55,71.8,96.3,26000,48834,ok
03:57:56,73.2,96.0,26224,48140,ok
03:57:57,69.0,95.9,26672,49299,ok
03:57:58,71.1,95.8,25311,48213,ok
03:57:59,71.3,95.7,25419,49011,ok
03:58:00,71.8,96.4,25749,48090,ok
03:58:01,72.9,95.9,25968,49243,ok
03:58:02,72.4,96.1,26223,48488,ok
03:58:03,74.0,96.7,26287,48686,ok
03:58:04,71.0,96.4,26180,49482,ok
03:58:05,70.1,95.6,25166,49918,ok
03:58:06,72.2,95.7,26008,49626,ok
03:58:07,72.0,95.3,25480,48692,ok
03:58:08,75.7,95.7,25874,49878,ok
03:58:09,71.3,96.8,25290,49580,ok
03:58:10,75.1,96.2,25256,48424,ok
03:58:11,70.9,96.7,25133,49541,ok
03:58:12,73.5,96.0,26758,48862,ok
03:58:13,72.0,96.3,26501,49995,ok
03:58:14,73.2,96.7,25114,49758,ok
03:58:15,72.2,95.9,25286,48116,ok
03:58:16,68.2,96.1,25891,48488,ok
03:58:17,74.6,95.1,26060,49073,ok
03:58:18,69.9,96.4,26742,49520,ok
03:58:19,72.2,95.2,25080,48948,ok
03:58:20,72.4,95.8,26433,49045,ok
03:58:21,69.8,96.0,25704,49916,ok
03:58:22,72.4,95.2,25805,49023,ok
03:58:23,73.2,97.1,26581,48204,ok
03:58:24,74.0,96.7,26492,49274,ok
03:58:25,75.0,95.9,25823,48744,ok
03:58:26,70.7,96.6,25905,48163,ok
03:58:27,72.7,95.7,25837,49866,ok
03:58:28,75.3,96.1,25632,48123,ok
03:58:29,72.4,96.8,25733,48269,ok
03:58:30,70.4,95.7,25532,49676,ok
03:58:31,69.4,96.0,25347,48043,ok
03:58:32,70.0,95.7,25485,49104,ok
03:58:33,73.5,95.7,25552,48955,ok
03:58:34,69.7,96.6,26363,48685,ok
03:58:35,72.0,96.4,25477,49195,ok
03:58:36,68.1,95.9,25304,48257,ok
03:58:37,70.6,96.4,25923,49343,ok
03:58:38,72.1,96.2,25000,49440,ok
03:58:39,71.3,95.7,26321,49512,ok
03:58:40,70.5,95.3,25758,49707,ok
03:58:41,71.9,96.8,26040,49750,ok
03:58:42,70.0,96.1,25789,49875,ok
03:58:43,70.9,95.8,26560,49395,ok
03:58:44,72.7,96.8,25838,49250,ok
03:58:45,71.2,96.6,25727,48985,ok
03:58:46,72.3,95.2,26191,49246,ok
03:58:47,70.9,96.4,26564,48214,ok
03:58:48,70.8,95.8,25393,49863,ok
03:58:49,74.0,95.6,25392,49353,ok
03:58:50,74.2,95.9,26037,49293,ok
03:58:51,70.4,96.5,25325,49453,ok
03:58:52,69.2,95.9,25848,49902,ok
03:58:53,71.3,97.0,26691,48552,ok
03:58:54,73.3,95.7,25307,48222,ok
03:58:55,72.8,95.5,25229,48912,ok
03:58:56,69.2,95.4,25705,48150,ok
03:58:57,73.5,96.7,25724,48972,ok
03:58:58,73.0,96.3,25413,49313,ok
03:58:59,68.4,96.3,26167,48146,ok
03:59:00,69.8,95.4,25183,49502,ok
03:59:01,73.7,95.9,25125,48009,ok
03:59:02,72.0,96.1,26150,49092,ok
03:59:03,73.2,96.2,26865,48758,ok
03:59:04,74.2,95.9,25694,49696,ok
03:59:05,68.3,96.2,26018,48179,ok
03:59:06,72.3,96.2,25446,48075,ok
03:59:07,72.4,95.9,25781,49745,ok
03:59:08,69.9,95.5,26299,48649,ok
03:59:09,73.5,95.8,25291,49611,ok
03:59:10,72.1,95.6,26872,49197,ok
03:59:11,69.6,97.1,25768,48093,ok
03:59:12,69.9,95.7,25263,49457,ok
03:59:13,71.4,96.2,25271,48370,ok
03:59:14,71.8,96.9,26118,49127,ok
03:59:15,70.7,95.9,25819,48668,ok
03:59:16,76.1,96.1,25727,49826,ok
03:59:17,67.3,96.0,26571,49689,ok
03:59:18,71.8,95.6,26226,49914,ok
03:59:19,72.0,95.7,26874,49389,ok
03:59:20,71.1,95.6,25021,48177,ok
03:59:21,72.7,96.1,25009,49775,ok
03:59:22,73.9,95.4,25642,49803,ok
03:59:23,73.5,96.2,26116,48539,ok
03:59:24,75.7,95.8,25283,49338,ok
03:59:25,73.0,96.7,26841,48766,ok
03:59:26,69.8,95.7,25512,49385,ok
03:59:27,73.7,96.4,25598,48754,ok
03:59:28,73.0,95.5,25379,48917,ok
03:59:29,67.8,95.5,25931,49998,ok
03:59:30,69.6,95.4,26123,48082,ok
03:59:31,72.0,96.6,25420,49007,ok
03:59:32,69.3,96.2,26361,48387,ok
03:59:33,70.2,95.3,25045,49709,ok
03:59:34,71.0,95.6,25112,49892,ok
03:59:35,71.5,95.9,25882,48361,ok
03:59:36,76.9,96.2,26639,48606,ok
03:59:37,76.5,96.7,25461,49952,ok
03:59:38,73.2,95.6,25071,48100,ok
03:59:39,73.8,96.8,26328,48742,ok
03:59:40,71.0,95.5,25589,49800,ok
03:59:41,67.2,95.3,25443,48386,ok
03:59:42,73.9,95.2,26148,49720,ok
03:59:43,70.9,96.3,26797,48743,ok
03:59:44,72.9,96.2,25526,49642,ok
03:59:45,72.0,96.4,25379,48258,ok
03:59:46,68.5,96.2,25237,48877,ok
03:59:47,73.9,95.9,26399,49863,ok
03:59:48,71.5,96.5,25359,48455,ok
03:59:49,70.8,96.5,26277,49443,ok
03:59:50,69.5,96.1,25407,49848,ok
03:59:51,72.7,96.5,26670,49954,ok
03:59:52,69.9,95.6,26491,48054,ok
03:59:53,72.7,95.8,25802,48693,ok
03:59:54,73.8,96.5,26427,49354,ok
03:59:55,72.4,95.2,26475,49827,ok
03:59:56,71.6,96.1,25295,48200,ok
03:59:57,72.6,95.2,26312,49373,ok
03:59:58,73.5,96.5,25616,49079,ok
03:59:59,72.4,95.6,26690,48330,ok
04:00:00,68.1,96.0,26233,48888,ok
04:00:01,73.0,95.7,25163,49131,ok
04:00:02,71.5,95.8,25244,48962,ok
04:00:03,74.5,96.7,26309,49084,ok
04:00:04,74.0,96.7,25104,48510,ok
04:00:05,74.6,95.5,26854,48539,ok
04:00:06,70.1,96.4,26138,49485,ok
04:00:07,71.4,95.1,25307,48073,ok
04:00:08,73.7,96.0,25123,49358,ok
04:00:09,67.8,95.3,25237,49633,ok
04:00:10,70.9,95.7,25381,49900,ok
04:00:11,69.3,95.8,26865,48068,ok
04:00:12,75.0,95.9,26669,48294,ok
04:00:13,71.4,96.1,25453,48246,ok
04:00:14,70.5,95.8,26062,49625,ok
04:00:15,69.3,95.8,26008,48474,ok
04:00:16,72.7,96.6,26236,48277,ok
04:00:17,72.1,95.9,26097,49630,ok
04:00:18,74.3,95.0,25222,48951,ok
04:00:19,68.8,96.2,25039,48452,ok
04:00:20,74.5,94.6,25977,49765,ok
04:00:21,70.4,95.4,26121,48848,ok
04:00:22,72.2,96.3,26992,48035,ok
04:00:23,69.7,96.0,25939,48770,ok
04:00:24,73.3,95.2,26267,49921,ok
04:00:25,72.0,96.2,25589,48445,ok
04:00:26,73.2,96.6,26173,49061,ok
04:00:27,73.2,95.5,25669,48022,ok
04:00:28,73.6,97.1,25827,48902,ok
04:00:29,72.3,95.8,25878,48042,ok
04:00:30,72.3,96.5,26184,49595,ok
04:00:31,71.8,95.8,25751,48981,ok
04:00:32,69.5,95.7,25296,48215,ok
04:00:33,69.5,95.3,25860,48886,ok
04:00:34,73.6,95.8,26431,48133,ok
04:00:35,72.9,95.6,25887,49725,ok
04:00:36,70.7,96.0,26348,49131,ok
04:00:37,68.3,96.3,26680,48171,ok
04:00:38,68.7,96.5,26592,48193,ok
04:00:39,74.3,97.1,25138,48394,ok
04:00:40,70.0,96.2,26464,48608,ok
04:00:41,68.8,96.6,25379,49286,ok
04:00:42,73.5,96.2,25930,49568,ok
04:00:43,68.3,96.0,25602,48316,ok
04:00:44,71.7,96.0,26900,48566,ok
04:00:45,74.4,95.9,26654,48885,ok
04:00:46,70.8,96.0,25727,49577,ok
04:00:47,73.6,95.7,25789,49982,ok
04:00:48,71.5,95.7,25670,48789,ok
04:00:49,71.6,95.9,26095,48923,ok
04:00:50,72.7,97.1,25540,49851,ok
04:00:51,73.9,96.0,26194,48307,ok
04:00:52,74.2,96.0,26547,49318,ok
04:00:53,71.6,96.4,25479,49051,ok
04:00:54,71.3,96.2,25163,48113,ok
04:00:55,71.9,96.9,25666,48047,ok
04:00:56,74.5,95.8,25461,48663,ok
04:00:57,75.5,95.5,25136,48103,ok
04:00:58,72.3,96.6,26843,49382,ok
04:00:59,67.0,96.1,25660,48092,ok
04:01:00,73.6,96.6,25600,48291,ok
04:01:01,70.8,95.4,26707,48257,ok
04:01:02,71.2,95.4,26455,49550,ok
04:01:03,75.6,95.6,26917,48510,ok
04:01:04,74.4,96.9,26806,48889,ok
04:01:05,70.4,96.2,26248,49529,ok
04:01:06,72.4,95.6,25889,49080,ok
04:01:07,71.6,96.4,25900,48362,ok
04:01:08,70.9,96.3,26682,48342,ok
04:01:09,70.4,96.8,26467,49166,ok
04:01:10,72.7,95.6,25499,48658,ok
04:01:11,69.2,96.0,25339,48991,ok
04:01:12,73.5,96.5,26843,49377,ok
04:01:13,72.1,95.6,25106,49565,ok
04:01:14,70.0,95.8,25626,49301,ok
04:01:15,69.8,96.3,26630,49653,ok
04:01:16,70.2,96.6,25850,49677,ok
04:01:17,70.2,96.0,25069,49493,ok
04:01:18,75.7,95.7,25867,48941,ok
04:01:19,69.1,95.7,26737,49514,ok
04:01:20,73.2,95.7,25660,49668,ok
04:01:21,70.2,95.5,25757,49811,ok
04:01:22,73.6,96.7,26005,49697,ok
04:01:23,68.7,97.0,26449,49685,ok
04:01:24,69.8,96.3,25023,48044,ok
04:01:25,70.1,96.7,25702,48049,ok
04:01:26,73.5,95.2,26934,49985,ok
04:01:27,73.6,96.3,25658,48132,ok
04:01:28,72.7,95.8,25323,48523,ok
04:01:29,72.0,95.5,26971,48064,ok
04:01:30,74.5,96.4,26131,49000,ok
04:01:31,73.4,96.5,25518,49958,ok
04:01:32,72.6,95.5,25386,48466,ok
04:01:33,67.8,95.5,26335,48846,ok
04:01:34,72.8,96.3,25106,49694,ok
04:01:35,72.4,95.4,26485,48759,ok
04:01:36,69.9,96.0,25389,49636,ok
04:01:37,72.2,96.1,25502,48208,ok
04:01:38,69.1,95.8,26548,48630,ok
04:01:39,71.7,95.5,26460,48661,ok
04:01:40,70.8,96.0,25213,48168,ok
04:01:41,71.5,96.8,26275,49608,ok
04:01:42,72.0,96.2,26011,49656,ok
04:01:43,71.1,95.7,25895,48074,ok
04:01:44,70.4,95.6,25781,49536,ok
04:01:45,70.4,95.7,25609,49900,ok
04:01:46,72.1,95.0,26198,49301,ok
04:01:47,71.7,96.0,25530,49019,ok
04:01:48,75.7,96.3,26966,48770,ok
04:01:49,73.4,96.9,25062,49502,ok
04:01:50,73.4,95.3,25838,49907,ok
04:01:51,73.1,94.3,26764,48551,ok
04:01:52,73.5,95.9,25117,48223,ok
04:01:53,73.4,95.8,26782,48243,ok
04:01:54,73.2,95.3,25682,49154,ok
04:01:55,73.3,96.0,25457,48066,ok
04:01:56,68.8,95.6,26714,49163,ok
04:01:57,69.3,97.3,26105,49297,ok
04:01:58,72.0,96.0,25295,48317,ok
04:01:59,76.3,95.4,25134,48949,ok
04:02:00,66.9,96.2,26274,49807,ok
04:02:01,72.6,95.2,26634,48029,ok
04:02:02,69.6,95.7,26518,48966,ok
04:02:03,73.1,96.0,25617,49776,ok
04:02:04,71.6,95.7,26801,49883,ok
04:02:05,70.2,96.1,25784,48516,ok
04:02:06,71.7,96.4,26229,48588,ok
04:02:07,71.4,96.1,26109,48249,ok
04:02:08,69.6,95.2,26825,48854,ok
04:02:09,73.7,96.2,25213,49007,ok
04:02:10,70.6,95.9,25083,48760,ok
04:02:11,70.1,96.0,26728,49715,ok
04:02:12,71.0,96.0,25786,48137,ok
04:02:13,72.4,96.6,26293,48044,ok
04:02:14,71.9,96.3,25210,48262,ok
04:02:15,72.8,96.3,26673,48550,ok
04:02:16,70.4,95.7,25300,49583,ok
04:02:17,69.9,95.2,25859,49321,ok
04:02:18,71.6,96.5,26440,48019,ok
04:02:19,71.1,97.1,25900,48671,ok
04:02:20,71.4,96.5,25620,49938,ok
04:02:21,68.8,95.4,26264,49001,ok
04:02:22,72.6,96.3,25325,48945,ok
04:02:23,70.8,96.4,25714,48470,ok
04:02:24,72.0,96.2,26603,48030,ok
04:02:25,75.5,96.3,25979,49714,ok
04:02:26,71.9,96.4,26981,49476,ok
04:02:27,74.1,96.4,26156,48168,ok
04:02:28,72.6,96.3,26516,49128,ok
04:02:29,72.8,96.2,25544,48994,ok
04:02:30,67.8,96.4,25496,49573,ok
04:02:31,74.7,95.4,25991,49238,ok
04:02:32,70.5,96.3,26036,48095,ok
04:02:33,72.0,96.0,25621,49707,ok
04:02:34,69.6,95.6,25550,48181,ok
04:02:35,71.7,96.3,26441,48321,ok
04:02:36,74.1,96.5,26008,49697,ok
04:02:37,72.8,95.9,26734,48584,ok
04:02:38,69.3,95.4,25258,49368,ok
04:02:39,71.9,96.1,26576,49031,ok
04:02:40,73.6,96.3,25986,48737,ok
04:02:41,74.1,95.8,25883,48408,ok
04:02:42,72.2,95.0,25425,48027,ok
04:02:43,72.1,95.3,26042,48555,ok
04:02:44,71.1,96.1,25729,48243,ok
04:02:45,70.9,95.5,25807,49216,ok
04:02:46,71.9,96.0,26147,48879,ok
04:02:47,71.2,95.9,26405,48501,ok
04:02:48,73.1,97.0,25868,49926,ok
04:02:49,69.3,95.7,25284,49457,ok
04:02:50,71.0,95.9,25546,48943,ok
04:02:51,73.3,95.9,26754,48621,ok
04:02:52,69.6,96.2,26128,48361,ok
04:02:53,74.6,95.9,26568,48977,ok
04:02:54,71.9,96.9,25340,48635,ok
04:02:55,75.1,95.4,26195,49594,ok
04:02:56,69.5,96.1,25677,48049,ok
04:02:57,73.0,96.5,26868,48337,ok
04:02:58,72.7,96.0,25793,49343,ok
04:02:59,75.0,95.3,25107,49902,ok
04:03:00,68.7,96.3,25148,49587,ok
04:03:01,72.5,97.3,26996,48775,ok
04:03:02,70.1,95.6,25024,48073,ok
04:03:03,70.4,96.5,26938,49245,ok
04:03:04,72.3,96.1,25144,49814,ok
04:03:05,70.0,96.1,26654,48483,ok
04:03:06,73.1,96.1,26223,49685,ok
04:03:07,70.6,96.4,25296,49895,ok
04:03:08,72.5,95.8,25713,49212,ok
04:03:09,74.1,95.8,26539,48593,ok
04:03:10,73.4,96.5,26842,49220,ok
04:03:11,72.0,95.8,26914,48537,ok
04:03:12,73.1,96.4,26925,49718,ok
04:03:13,73.6,95.6,25759,48425,ok
04:03:14,71.0,96.2,25754,48296,ok
04:03:15,74.6,95.8,25320,48658,ok
04:03:16,68.2,96.0,26131,48009,ok
04:03:17,74.8,96.5,26635,49027,ok
04:03:18,70.3,96.1,26956,49763,ok
04:03:19,72.1,96.7,25413,48689,ok
04:03:20,72.4,96.0,26957,48046,ok
04:03:21,72.6,95.4,25950,48977,ok
04:03:22,70.9,96.4,26533,49433,ok
04:03:23,72.5,95.6,26873,48330,ok
04:03:24,74.1,95.2,25516,48269,ok
04:03:25,74.6,95.8,26443,49207,ok
04:03:26,72.0,95.6,26174,49907,ok
04:03:27,72.3,96.5,25697,48076,ok
04:03:28,74.6,96.3,25607,48779,ok
04:03:29,75.2,96.6,26835,48446,ok
04:03:30,73.6,95.8,26169,48991,ok
04:03:31,71.8,96.1,25021,49876,ok
04:03:32,73.9,96.3,25590,49348,ok
04:03:33,72.0,95.7,25121,49237,ok
04:03:34,74.3,96.8,26511,48435,ok
04:03:35,69.8,96.2,26432,48100,ok
04:03:36,70.5,96.5,26364,48498,ok
04:03:37,72.8,95.8,26399,48336,ok
04:03:38,71.2,95.0,26450,48783,ok
04:03:39,73.6,96.4,25841,49803,ok
04:03:40,73.5,95.6,25413,49467,ok
04:03:41,71.5,95.6,25109,48362,ok
04:03:42,70.4,95.2,26460,48457,ok
04:03:43,72.1,95.4,25134,48908,ok
04:03:44,70.7,96.3,25678,49718,ok
04:03:45,73.5,96.6,25539,48525,ok
04:03:46,72.3,95.7,26900,49022,ok
04:03:47,75.5,96.8,26399,48385,ok
04:03:48,74.7,95.9,26163,49397,ok
04:03:49,71.5,95.5,25204,49015,ok
04:03:50,68.7,95.9,26359,48282,ok
04:03:51,69.9,96.7,25048,48877,ok
04:03:52,69.6,95.8,26851,48761,ok
04:03:53,72.4,96.6,26198,48827,ok
04:03:54,69.4,96.6,26423,48889,ok
04:03:55,73.3,96.8,25817,48262,ok
04:03:56,70.3,96.0,25904,49324,ok
04:03:57,71.7,95.9,26187,48932,ok
04:03:58,73.7,96.8,26694,48420,ok
04:03:59,71.3,96.0,26142,49772,ok
04:04:00,70.3,96.1,26513,49679,ok
04:04:01,73.0,95.5,26828,48243,ok
04:04:02,72.6,95.3,26226,49269,ok
04:04:03,68.6,96.3,26736,49982,ok
04:04:04,72.4,95.6,26922,49602,ok
04:04:05,71.8,95.3,26100,48514,ok
04:04:06,73.5,95.5,25078,48058,ok
04:04:07,69.8,96.7,25901,48568,ok
04:04:08,75.5,94.6,26602,49854,ok
04:04:09,72.6,94.9,26043,49231,ok
04:04:10,68.7,95.3,26121,49954,ok
04:04:11,73.4,95.4,25538,49510,ok
04:04:12,73.4,96.6,25631,48879,ok
04:04:13,73.2,95.8,25551,49914,ok
04:04:14,71.9,95.2,25746,49165,ok
04:04:15,72.0,94.9,26563,49487,ok
04:04:16,73.5,96.8,25305,49425,ok
04:04:17,75.1,96.0,26684,48341,ok
04:04:18,72.3,96.0,25396,49546,ok
04:04:19,74.9,95.5,25472,48070,ok
04:04:20,74.6,95.9,26357,49804,ok
04:04:21,72.3,96.5,26204,48894,ok
04:04:22,68.7,95.9,26382,48755,ok
04:04:23,73.2,96.4,26959,49601,ok
04:04:24,70.1,96.4,26807,49638,ok
04:04:25,75.0,96.3,25551,48178,ok
04:04:26,69.7,96.6,26259,48468,ok
04:04:27,68.9,96.7,25364,48815,ok
04:04:28,75.7,95.8,26044,49692,ok
04:04:29,74.3,95.4,25227,49732,ok
04:04:30,70.8,96.1,25028,48755,ok
04:04:31,72.0,95.7,25389,48185,ok
04:04:32,71.6,96.1,25973,49416,ok
04:04:33,72.1,95.9,25413,49551,ok
04:04:34,72.8,96.1,26046,49816,ok
04:04:35,70.3,97.1,26355,48159,ok
04:04:36,74.5,96.9,26879,48619,ok
04:04:37,70.9,96.0,25530,48684,ok
04:04:38,68.6,96.4,25556,48385,ok
04:04:39,73.8,96.0,25765,48818,ok
04:04:40,70.8,95.2,25778,48317,ok
04:04:41,70.7,96.5,26133,49226,ok
04:04:42,68.3,97.3,26352,48098,ok
04:04:43,73.1,96.8,26824,48811,ok
04:04:44,73.6,95.3,26982,48712,ok
04:04:45,67.4,96.5,26925,48799,ok
04:04:46,72.4,95.3,25738,49949,ok
04:04:47,71.9,96.7,26832,48956,ok
04:04:48,73.2,96.5,26142,48045,ok
04:04:49,74.1,95.6,26162,49060,ok
04:04:50,72.7,96.1,26985,49789,ok
04:04:51,69.9,95.4,26740,49509,ok
04:04:52,74.4,96.6,26654,48215,ok
04:04:53,72.4,95.1,26436,48295,ok
04:04:54,73.6,95.9,25734,48521,ok
04:04:55,73.3,96.8,25627,48985,ok
04:04:56,72.6,95.5,25441,48328,ok
04:04:57,70.9,96.6,25432,48704,ok
04:04:58,71.2,95.8,26898,49150,ok
04:04:59,70.0,96.1,26684,49948,ok
04:05:00,74.4,95.9,25277,49350,ok
04:05:01,70.6,96.7,25085,48175,ok
04:05:02,70.7,96.2,25549,48112,ok
04:05:03,69.4,96.5,26748,49400,ok
04:05:04,72.1,95.6,26594,49520,ok
04:05:05,72.2,95.6,26675,49911,ok
04:05:06,73.7,94.8,25013,48304,ok
04:05:07,71.7,95.4,25244,49225,ok
04:05:08,72.8,95.3,26598,48936,ok
04:05:09,72.8,94.8,25274,49311,ok
04:05:10,73.7,96.3,25127,49525,ok
04:05:11,74.0,96.4,25676,48055,ok
04:05:12,72.4,96.2,26023,49061,ok
04:05:13,72.3,96.8,25897,49631,ok
04:05:14,75.9,96.3,26460,49490,ok
04:05:15,73.9,96.3,26332,49944,ok
04:05:16,74.8,95.4,25160,48043,ok
04:05:17,67.2,96.1,25118,49292,ok
04:05:18,72.5,95.9,26361,48342,ok
04:05:19,72.9,96.6,26266,48091,ok
04:05:20,71.4,96.5,26016,49154,ok
04:05:21,73.1,95.8,26662,49486,ok
04:05:22,72.2,96.5,26465,48301,ok
04:05:23,71.6,95.4,26140,48539,ok
04:05:24,74.5,96.9,25430,49788,ok
04:05:25,73.7,95.8,25226,48017,ok
04:05:26,73.2,96.7,26484,49032,ok
04:05:27,70.2,96.4,26280,48946,ok
04:05:28,73.3,95.9,25445,48700,ok
04:05:29,71.3,95.6,26760,49215,ok
04:05:30,67.5,96.0,25290,48440,ok
04:05:31,68.8,95.4,26073,49175,ok
04:05:32,67.3,96.1,25554,48190,ok
04:05:33,75.7,95.4,26496,49323,ok
04:05:34,68.0,95.3,26858,48806,ok
04:05:35,68.5,95.3,26830,49333,ok
04:05:36,68.7,96.3,26475,48366,ok
04:05:37,69.1,96.4,26129,48139,ok
04:05:38,71.3,96.5,26105,49621,ok
04:05:39,74.5,95.9,25279,49157,ok
04:05:40,72.6,95.5,25008,48674,ok
04:05:41,69.6,95.8,26185,48730,ok
04:05:42,75.1,96.0,26642,49113,ok
04:05:43,73.6,95.9,26628,48364,ok
04:05:44,71.9,96.0,26158,49417,ok
04:05:45,72.2,96.1,25702,49804,ok
04:05:46,68.0,95.9,25934,49598,ok
04:05:47,71.2,96.1,25345,49194,ok
04:05:48,69.1,95.7,26564,48071,ok
04:05:49,70.8,96.0,26668,48741,ok
04:05:50,72.9,95.4,26344,49290,ok
04:05:51,69.0,96.1,26040,49281,ok
04:05:52,70.2,95.7,26780,48557,ok
04:05:53,73.1,95.8,26053,48993,ok
04:05:54,71.8,95.6,26659,49885,ok
04:05:55,70.3,96.3,26889,48064,ok
04:05:56,74.7,95.2,25722,48252,ok
04:05:57,68.3,95.2,25136,49792,ok
04:05:58,71.4,96.5,25052,49064,ok
04:05:59,73.7,95.1,26551,48138,ok
04:06:00,72.1,96.2,26732,48448,ok
04:06:01,71.3,95.5,26317,49092,ok
04:06:02,70.8,96.5,26534,49413,ok
04:06:03,72.4,97.2,26598,49344,ok
04:06:04,72.2,95.0,25942,48843,ok
04:06:05,70.9,95.9,25856,49743,ok
04:06:06,72.2,96.3,26375,48443,ok
04:06:07,69.7,95.7,25090,48813,ok
04:06:08,70.3,96.5,25098,48173,ok
04:06:09,70.6,96.3,26416,48488,ok
04:06:10,71.8,95.8,25632,48752,ok
04:06:11,68.4,95.8,25165,48210,ok
04:06:12,70.1,95.9,26274,48298,ok
04:06:13,72.7,96.6,25649,48988,ok
04:06:14,72.9,95.9,26286,49978,ok
04:06:15,73.1,96.3,25571,48552,ok
04:06:16,71.1,96.2,26183,48810,ok
04:06:17,69.0,95.8,26991,48602,ok
04:06:18,72.4,95.0,25141,48933,ok
04:06:19,74.2,95.5,26740,48861,ok
04:06:20,71.2,95.5,26905,48340,ok
04:06:21,74.2,95.7,25926,49220,ok
04:06:22,70.0,96.8,25809,48623,ok
04:06:23,74.2,95.5,26968,48558,ok
04:06:24,70.2,95.7,25701,49276,ok
04:06:25,67.7,94.7,26128,48397,ok
04:06:26,71.0,96.5,26301,49470,ok
04:06:27,73.6,96.0,26083,49525,ok
04:06:28,73.0,96.4,26193,49239,ok
04:06:29,70.1,96.6,25603,48120,ok
04:06:30,71.0,96.3,26587,49126,ok
04:06:31,71.4,96.3,26849,48814,ok
04:06:32,71.5,96.0,25792,48469,ok
04:06:33,68.8,96.4,26944,49199,ok
04:06:34,72.3,95.9,26205,49369,ok
04:06:35,73.8,95.8,26148,48875,ok
04:06:36,72.5,96.3,26823,48735,ok
04:06:37,73.8,96.4,26677,48439,ok
04:06:38,67.7,96.3,26426,48155,ok
04:06:39,69.3,95.8,25024,49349,ok
04:06:40,74.3,95.1,25918,48148,ok
04:06:41,75.2,95.8,25286,48324,ok
04:06:42,69.5,96.0,25555,49519,ok
04:06:43,73.9,96.2,26394,49914,ok
04:06:44,74.8,96.9,26613,49950,ok
04:06:45,73.4,96.6,26094,48060,ok
04:06:46,71.7,96.4,25571,49708,ok
04:06:47,71.5,95.9,26239,48795,ok
04:06:48,73.3,95.4,25836,48812,ok
04:06:49,69.4,95.6,26756,48375,ok
04:06:50,74.4,95.6,25731,49971,ok
04:06:51,75.4,96.4,26954,48707,ok
04:06:52,71.1,95.8,26269,49262,ok
04:06:53,70.6,95.5,26810,49620,ok
04:06:54,70.0,96.4,26004,49205,ok
04:06:55,73.1,96.2,26596,48471,ok
04:06:56,73.0,96.1,25085,48542,ok
04:06:57,71.2,95.9,26604,48983,ok
04:06:58,70.9,95.3,25533,48953,ok
04:06:59,69.7,96.2,26949,48074,ok
04:07:00,72.4,96.6,26776,48507,ok
04:07:01,73.3,95.7,25853,48584,ok
04:07:02,72.3,96.3,26246,49193,ok
04:07:03,72.7,96.0,25148,49946,ok
04:07:04,73.3,95.4,25056,49371,ok
04:07:05,73.3,96.7,26345,48804,ok
04:07:06,72.4,95.5,25120,49497,ok
04:07:07,72.1,96.0,26065,48417,ok
04:07:08,74.6,96.2,26255,48388,ok
04:07:09,69.4,95.7,26841,49089,ok
04:07:10,70.9,95.3,25126,49119,ok
04:07:11,71.0,95.7,25838,48301,ok
04:07:12,70.4,96.0,26740,49888,ok
04:07:13,73.4,96.5,25905,49886,ok
04:07:14,73.4,95.5,26973,48598,ok
04:07:15,74.6,95.5,26018,49293,ok
04:07:16,69.2,96.0,25345,49565,ok
04:07:17,71.7,96.5,26520,49323,ok
04:07:18,76.5,95.7,25091,49950,ok
04:07:19,70.7,96.8,25241,48989,ok
04:07:20,68.1,96.5,26209,49944,ok
04:07:21,72.8,96.1,26026,48629,ok
04:07:22,70.8,96.3,26060,48824,ok
04:07:23,73.2,95.8,26826,49094,ok
04:07:24,73.2,95.4,25028,48464,ok
04:07:25,71.3,95.9,26472,48494,ok
04:07:26,70.7,95.9,26411,49188,ok
04:07:27,71.0,96.1,25999,48143,ok
04:07:28,71.4,96.9,26211,48068,ok
04:07:29,75.5,96.7,26276,49917,ok
04:07:30,72.7,96.0,25802,48190,ok
04:07:31,74.3,96.9,25153,48389,ok
04:07:32,74.3,95.9,26693,48189,ok
04:07:33,72.7,95.9,25213,49170,ok
04:07:34,73.2,95.7,26269,48357,ok
04:07:35,74.3,96.3,26831,49958,ok
04:07:36,72.2,96.2,25669,48636,ok
04:07:37,70.1,95.7,25327,48828,ok
04:07:38,74.3,96.4,25422,48551,ok
04:07:39,73.5,95.8,25173,48610,ok
04:07:40,72.5,95.5,25102,49394,ok
04:07:41,70.5,95.0,25761,48588,ok
04:07:42,72.6,96.3,25082,48600,ok
04:07:43,70.9,96.7,26012,49494,ok
04:07:44,71.3,95.4,25897,48397,ok
04:07:45,70.8,95.8,26306,48145,ok
04:07:46,71.1,95.9,25973,48044,ok
04:07:47,70.5,95.9,25231,49832,ok
04:07:48,71.2,96.4,25271,49705,ok
04:07:49,74.0,95.8,25742,48846,ok
04:07:50,69.6,96.1,25436,49477,ok
04:07:51,73.1,97.1,26499,48075,ok
04:07:52,71.3,95.3,25770,48890,ok
04:07:53,74.3,96.0,26355,48640,ok
04:07:54,70.7,95.9,26859,48485,ok
04:07:55,73.3,95.7,25434,49093,ok
04:07:56,70.2,95.8,25097,48394,ok
04:07:57,70.1,96.1,25492,48006,ok
04:07:58,69.8,96.3,25688,48684,ok
04:07:59,78.3,96.3,26393,49657,ok
04:08:00,74.1,96.1,25777,49569,ok
04:08:01,71.5,96.5,26702,48393,ok
04:08:02,71.6,95.9,25014,48503,ok
04:08:03,70.8,95.9,25544,49396,ok
04:08:04,72.0,95.7,25567,48815,ok
04:08:05,70.8,95.3,25348,48278,ok
04:08:06,69.1,96.1,26270,49183,ok
04:08:07,73.8,95.6,25858,48319,ok
04:08:08,73.8,96.2,26628,48964,ok
04:08:09,73.5,95.7,26928,49690,ok
04:08:10,75.7,95.7,25036,49842,ok
04:08:11,72.4,96.2,26835,48090,ok
04:08:12,74.6,95.9,25593,49905,ok
04:08:13,72.4,96.1,26943,48107,ok
04:08:14,68.8,95.3,26607,48930,ok
04:08:15,71.2,95.9,26409,49657,ok
04:08:16,75.0,95.9,26601,49691,ok
04:08:17,74.0,96.1,26449,48977,ok
04:08:18,69.8,96.0,25011,49511,ok
04:08:19,76.2,96.0,25114,48456,ok
04:08:20,73.9,95.5,26860,48373,ok
04:08:21,77.0,95.6,25859,49800,ok
04:08:22,68.2,95.8,26855,49820,ok
04:08:23,73.3,95.2,26991,49776,ok
04:08:24,67.0,95.9,26087,49088,ok
04:08:25,72.3,95.6,26754,49387,ok
04:08:26,71.4,96.0,26950,48309,ok
04:08:27,72.3,95.5,25215,48828,ok
04:08:28,73.5,95.8,25029,48352,ok
04:08:29,74.2,96.7,25998,48764,ok
04:08:30,73.4,96.5,25260,49665,ok
04:08:31,71.1,95.4,26257,48289,ok
04:08:32,74.1,95.7,26765,49567,ok
04:08:33,73.6,95.6,25338,48834,ok
04:08:34,70.2,95.6,26473,48401,ok
04:08:35,72.3,95.9,25584,48356,ok
04:08:36,71.1,95.1,25987,49318,ok
04:08:37,73.2,96.2,26284,49938,ok
04:08:38,73.0,95.0,25415,49562,ok
04:08:39,71.3,96.0,25380,49725,ok
04:08:40,72.0,96.0,25453,49844,ok
04:08:41,73.1,96.5,25691,49155,ok
04:08:42,74.6,95.5,26223,49643,ok
04:08:43,72.8,96.3,26677,49805,ok
04:08:44,71.4,96.6,26996,49589,ok
04:08:45,74.7,95.8,26910,48540,ok
04:08:46,76.0,96.3,25810,48785,ok
04:08:47,72.3,96.8,25811,49920,ok
04:08:48,75.8,96.4,25043,49330,ok
04:08:49,74.1,96.4,26580,49406,ok
04:08:50,70.5,95.6,25777,49769,ok
04:08:51,70.9,96.0,25297,48954,ok
04:08:52,71.8,95.3,26625,48994,ok
04:08:53,74.3,95.4,25002,49417,ok
04:08:54,75.5,95.6,26019,48039,ok
04:08:55,69.0,95.1,25509,49057,ok
04:08:56,73.1,95.3,26664,49156,ok
04:08:57,71.1,95.7,26218,48163,ok
04:08:58,75.6,96.1,25261,48309,ok
04:08:59,73.8,96.6,26914,49660,ok
04:09:00,72.0,96.2,26968,48566,ok
04:09:01,75.1,95.5,26416,48290,ok
04:09:02,73.0,96.0,26056,49472,ok
04:09:03,68.7,95.1,25076,49024,ok
04:09:04,68.5,96.1,26161,49092,ok
04:09:05,73.7,95.7,26782,48400,ok
04:09:06,70.4,95.3,26064,49384,ok
04:09:07,70.2,96.0,26403,48481,ok
04:09:08,68.1,95.8,26668,48512,ok
04:09:09,69.8,96.3,25059,49648,ok
04:09:10,74.2,96.4,26438,48632,ok
04:09:11,70.0,95.7,25942,48830,ok
04:09:12,71.0,95.1,25174,48618,ok
04:09:13,74.9,96.3,26628,48509,ok
04:09:14,72.2,96.1,25378,49375,ok
04:09:15,72.1,96.8,25322,49901,ok
04:09:16,71.4,95.6,25106,49743,ok
04:09:17,72.0,95.9,26990,48965,ok
04:09:18,70.9,95.8,26587,49645,ok
04:09:19,68.6,96.6,25232,49269,ok
04:09:20,73.6,95.1,26690,49652,ok
04:09:21,75.5,96.3,25374,48676,ok
04:09:22,73.5,95.7,25140,48861,ok
04:09:23,72.6,96.4,25565,49223,ok
04:09:24,73.5,96.0,26356,48295,ok
04:09:25,73.1,96.5,25916,48095,ok
04:09:26,68.5,96.2,25938,49048,ok
04:09:27,71.8,96.7,26828,49457,ok
04:09:28,74.0,96.1,26429,48914,ok
04:09:29,71.4,96.4,25111,48999,ok
04:09:30,75.6,96.6,25839,48029,ok
04:09:31,71.4,95.7,25569,48716,ok
04:09:32,71.3,95.8,26054,49552,ok
04:09:33,70.7,96.0,26521,48184,ok
04:09:34,73.5,96.6,25447,49090,ok
04:09:35,72.5,96.6,26793,48081,ok
04:09:36,74.1,96.1,25978,49305,ok
04:09:37,71.2,96.3,26957,49557,ok
04:09:38,73.7,96.3,25255,49363,ok
04:09:39,69.0,96.1,26175,48248,ok
04:09:40,70.4,95.8,25975,48093,ok
04:09:41,75.4,95.9,26803,49924,ok
04:09:42,71.8,96.3,26088,48371,ok
04:09:43,74.1,95.9,25549,48838,ok
04:09:44,72.3,96.1,26895,49286,ok
04:09:45,72.6,95.9,26196,48214,ok
04:09:46,70.4,95.9,26689,48854,ok
04:09:47,73.7,96.1,26337,48391,ok
04:09:48,70.3,97.2,26853,48134,ok
04:09:49,71.2,95.2,26656,48142,ok
04:09:50,71.6,95.4,26700,48505,ok
04:09:51,73.3,95.7,25437,49090,ok
04:09:52,68.7,96.3,26194,48217,ok
04:09:53,68.4,94.5,25570,49002,ok
04:09:54,71.7,95.6,25008,48685,ok
04:09:55,75.7,94.9,25925,49349,ok
04:09:56,76.1,95.1,26403,49084,ok
04:09:57,72.3,95.6,26675,49778,ok
04:09:58,72.2,96.1,26977,49102,ok
04:09:59,70.3,96.1,25607,49078,ok
04:10:00,70.5,95.5,26000,48652,ok
04:10:01,70.0,95.8,26376,49845,ok
04:10:02,69.3,95.6,26941,48728,ok
04:10:03,71.7,96.9,26832,48938,ok
04:10:04,69.8,95.3,26232,49847,ok
04:10:05,74.1,96.7,25082,49021,ok
04:10:06,69.5,96.7,26276,49710,ok
04:10:07,72.3,96.7,26691,49611,ok
04:10:08,71.4,97.0,26099,49614,ok
04:10:09,71.7,96.4,26698,49913,ok
04:10:10,75.6,96.0,25260,49048,ok
04:10:11,68.5,96.1,25645,49023,ok
04:10:12,72.0,95.7,25940,48724,ok
04:10:13,69.0,94.5,26030,48464,ok
04:10:14,70.7,95.1,26664,49963,ok
04:10:15,72.2,95.9,25011,49690,ok
04:10:16,68.4,95.7,26508,48990,ok
04:10:17,69.1,96.2,25003,48481,ok
04:10:18,72.7,96.3,26016,48380,ok
04:10:19,73.6,96.3,26628,48192,ok
04:10:20,71.0,95.8,25056,48088,ok
04:10:21,72.4,95.4,26769,48068,ok
04:10:22,68.6,96.4,26467,48087,ok
04:10:23,70.8,95.6,25609,49362,ok
04:10:24,72.2,95.8,25985,48035,ok
04:10:25,69.0,96.3,26623,49203,ok
04:10:26,72.7,96.2,26901,49287,ok
04:10:27,76.8,95.9,25078,49865,ok
04:10:28,75.2,96.4,25072,49856,ok
04:10:29,72.7,95.6,25742,48589,ok
04:10:30,69.9,96.6,25552,48609,ok
04:10:31,72.6,96.1,25569,49369,ok
04:10:32,69.9,96.4,26499,48546,ok
04:10:33,71.6,95.6,26125,48273,ok
04:10:34,70.1,95.0,26097,48860,ok
04:10:35,70.8,96.2,26700,49968,ok
04:10:36,72.4,96.1,25295,48399,ok
04:10:37,71.3,96.4,25546,49005,ok
04:10:38,71.9,96.2,25031,49314,ok
04:10:39,70.0,95.7,26088,49995,ok
04:10:40,71.9,95.8,25989,48737,ok
04:10:41,70.5,96.2,26829,49488,ok
04:10:42,72.6,95.5,25809,48075,ok
04:10:43,69.5,96.0,26797,49465,ok
04:10:44,69.4,96.6,25118,48121,ok
04:10:45,70.0,95.1,25561,48438,ok
04:10:46,73.6,95.9,26381,48062,ok
04:10:47,74.3,96.3,25856,49065,ok
04:10:48,72.5,95.6,25006,49193,ok
04:10:49,74.1,95.6,26990,49181,ok
04:10:50,72.2,95.6,25071,49162,ok
04:10:51,72.2,96.3,25808,49111,ok
04:10:52,74.8,97.0,26821,49245,ok
04:10:53,71.8,97.3,26035,48879,ok
04:10:54,70.9,95.9,25369,48675,ok
04:10:55,72.7,95.7,25904,49956,ok
04:10:56,68.3,95.4,26081,48572,ok
04:10:57,73.4,95.5,25824,49651,ok
04:10:58,69.6,96.2,26255,49675,ok
04:10:59,73.6,95.6,26491,48987,ok
04:11:00,71.2,96.9,26907,49859,ok
04:11:01,72.4,95.7,25485,48906,ok
04:11:02,72.6,95.6,25445,48041,ok
04:11:03,66.9,95.9,25428,48575,ok
04:11:04,71.2,96.1,25843,49069,ok
04:11:05,68.1,96.5,26468,49942,ok
04:11:06,72.0,96.5,26680,49929,ok
04:11:07,70.7,96.5,25326,48699,ok
04:11:08,73.5,95.9,25799,49125,ok
04:11:09,73.1,95.5,25897,49444,ok
04:11:10,74.8,95.3,25470,48159,ok
04:11:11,71.5,95.2,25843,48073,ok
04:11:12,73.6,96.4,25311,48073,ok
04:11:13,71.6,96.4,26266,48152,ok
04:11:14,72.0,96.8,25182,48918,ok
04:11:15,74.4,95.4,26072,49570,ok
04:11:16,74.0,95.7,25014,48794,ok
04:11:17,71.6,96.3,25956,48411,ok
04:11:18,75.3,96.3,26681,48902,ok
04:11:19,71.5,95.8,25395,49395,ok
04:11:20,68.6,96.6,25228,49450,ok
04:11:21,73.1,96.2,25888,49201,ok
04:11:22,69.0,96.0,26555,49320,ok
04:11:23,69.7,96.5,26053,48658,ok
04:11:24,73.3,95.2,26430,48169,ok
04:11:25,73.0,96.4,26341,49457,ok
04:11:26,73.0,96.3,26735,48435,ok
04:11:27,71.9,95.2,25130,49504,ok
04:11:28,70.7,96.5,26454,48909,ok
04:11:29,75.1,96.4,25373,48734,ok
04:11:30,72.7,95.6,25784,49224,ok
04:11:31,75.4,96.5,26430,48508,ok
04:11:32,74.2,96.7,25642,49097,ok
04:11:33,72.2,96.6,25889,49439,ok
04:11:34,71.1,96.4,26997,49769,ok
04:11:35,69.8,96.3,26321,48111,ok
04:11:36,76.8,95.7,25720,48508,ok
04:11:37,74.2,96.2,26231,48049,ok
04:11:38,73.1,95.1,26435,48124,ok
04:11:39,72.0,96.0,25332,49613,ok
04:11:40,74.1,96.9,25675,48636,ok
04:11:41,70.8,95.8,25955,49151,ok
04:11:42,71.0,95.9,26525,49899,ok
04:11:43,72.2,95.1,26486,49405,ok
04:11:44,72.8,95.4,25853,49235,ok
04:11:45,73.3,96.4,25640,48344,ok
04:11:46,69.1,96.3,25049,49100,ok
04:11:47,70.4,96.8,26982,49317,ok
04:11:48,70.6,97.7,25103,48023,ok
04:11:49,70.9,96.1,26438,48411,ok
04:11:50,70.5,96.0,25036,49880,ok
04:11:51,71.9,96.6,25851,49915,ok
04:11:52,72.5,95.3,26071,48213,ok
04:11:53,75.7,96.0,26565,49788,ok
04:11:54,69.0,95.6,25061,48061,ok
04:11:55,71.7,95.8,26356,49732,ok
04:11:56,70.5,96.4,25807,49701,ok
04:11:57,72.1,95.1,25406,49918,ok
04:11:58,71.7,95.5,25828,48107,ok
04:11:59,71.5,95.3,26029,49846,ok
04:12:00,71.7,96.3,26429,48700,ok
04:12:01,71.1,95.9,25315,48325,ok
04:12:02,70.5,96.1,25183,48081,ok
04:12:03,73.1,96.3,26483,48346,ok
04:12:04,71.5,96.1,25124,48858,ok
04:12:05,72.2,95.3,25118,49264,ok
04:12:06,73.3,96.2,25146,49783,ok
04:12:07,72.5,96.3,26749,49205,ok
04:12:08,70.2,95.6,25997,48211,ok
04:12:09,70.7,95.5,26276,49707,ok
04:12:10,71.1,96.0,25181,49783,ok
04:12:11,71.1,96.1,26574,49266,ok
04:12:12,72.4,95.7,26445,48644,ok
04:12:13,70.0,95.6,25148,49795,ok
04:12:14,70.9,95.6,26614,49298,ok
04:12:15,71.4,95.9,25041,48256,ok
04:12:16,71.9,95.8,26501,48399,ok
04:12:17,74.3,96.9,26884,48854,ok
04:12:18,70.8,96.0,25892,48655,ok
04:12:19,71.0,95.9,26653,49412,ok
04:12:20,71.0,96.2,26092,48688,ok
04:12:21,74.4,96.1,26463,49407,ok
04:12:22,72.4,95.6,25062,48023,ok
04:12:23,70.4,96.1,25604,48629,ok
04:12:24,72.7,95.3,25019,49982,ok
04:12:25,73.5,95.8,26010,48446,ok
04:12:26,73.6,95.6,26401,48071,ok
04:12:27,72.3,94.7,26506,48808,ok
04:12:28,70.5,95.9,25214,48026,ok
04:12:29,72.1,97.2,26733,49812,ok
04:12:30,72.9,95.3,26114,48354,ok
04:12:31,71.6,96.1,25087,48222,ok
04:12:32,68.6,96.6,25581,49808,ok
04:12:33,72.9,96.1,26905,48536,ok
04:12:34,72.4,95.7,26855,48111,ok
04:12:35,73.4,95.6,25229,48701,ok
04:12:36,73.5,97.1,25240,48299,ok
04:12:37,72.6,95.6,26738,48450,ok
04:12:38,70.4,96.6,26219,49623,ok
04:12:39,72.1,96.3,26430,49840,ok
04:12:40,70.7,95.8,25948,49264,ok
04:12:41,72.4,96.2,26066,48394,ok
04:12:42,72.0,95.8,26925,49287,ok
04:12:43,74.2,96.4,25792,48618,ok
04:12:44,72.2,97.4,26951,49924,ok
04:12:45,70.3,95.9,26182,49263,ok
04:12:46,70.2,96.4,26972,48913,ok
04:12:47,71.7,95.1,25632,48568,ok
04:12:48,71.6,95.6,25791,49457,ok
04:12:49,68.4,96.5,25484,48682,ok
04:12:50,72.3,95.5,25748,48033,ok
04:12:51,70.5,95.6,26283,48723,ok
04:12:52,75.5,97.4,26019,49197,ok
04:12:53,73.6,95.8,26292,49323,ok
04:12:54,71.8,95.5,25753,49053,ok
04:12:55,70.8,96.2,25210,48724,ok
04:12:56,71.6,95.4,25810,48650,ok
04:12:57,78.1,96.2,26408,49695,ok
04:12:58,72.0,95.8,26478,49396,ok
04:12:59,70.7,96.1,26024,48576,ok
04:13:00,74.9,95.9,26766,49792,ok
04:13:01,71.8,96.7,25254,49825,ok
04:13:02,76.0,95.6,26360,48176,ok
04:13:03,72.0,95.2,26742,48926,ok
04:13:04,71.6,96.1,26409,48687,ok
04:13:05,72.4,95.0,26710,48055,ok
04:13:06,72.0,96.3,25477,49254,ok
04:13:07,73.1,96.9,25432,48036,ok
04:13:08,75.8,97.0,26100,49526,ok
04:13:09,72.1,96.3,26644,48670,ok
04:13:10,72.6,96.6,25071,48255,ok
04:13:11,73.3,96.4,25803,49722,ok
04:13:12,70.0,96.9,26625,49311,ok
04:13:13,71.7,96.6,26845,48343,ok
04:13:14,73.1,96.6,26250,49879,ok
04:13:15,70.1,96.3,25425,48000,ok
04:13:16,69.5,96.3,26540,49964,ok
04:13:17,71.2,96.1,25291,48250,ok
04:13:18,69.8,96.0,25233,49913,ok
04:13:19,74.1,96.3,26896,48176,ok
04:13:20,67.7,95.8,25930,48321,ok
04:13:21,73.3,96.1,25445,49237,ok
04:13:22,69.4,96.2,25572,49066,ok
04:13:23,68.4,95.6,25133,48927,ok
04:13:24,72.9,96.1,26935,49638,ok
04:13:25,72.6,95.5,25117,49162,ok
04:13:26,70.8,95.5,26069,48138,ok
04:13:27,75.2,96.4,26260,48463,ok
04:13:28,73.9,96.2,25493,49961,ok
04:13:29,68.1,96.3,26651,49393,ok
04:13:30,71.1,96.6,25712,48556,ok
04:13:31,71.4,96.2,25880,48284,ok
04:13:32,71.0,96.7,25660,49378,ok
04:13:33,70.1,96.8,26909,49138,ok
04:13:34,71.6,96.5,25277,49281,ok
04:13:35,72.0,96.6,26776,49046,ok
04:13:36,74.9,95.7,25883,49050,ok
04:13:37,76.1,95.7,26745,48536,ok
04:13:38,74.3,96.8,25061,48232,ok
04:13:39,73.6,95.4,25815,49262,ok
04:13:40,70.8,95.7,26077,48578,ok
04:13:41,72.0,96.0,26695,49260,ok
04:13:42,70.7,95.6,26180,49891,ok
04:13:43,69.6,94.8,25627,48614,ok
04:13:44,71.2,96.8,25171,48871,ok
04:13:45,73.6,94.8,26537,49754,ok
04:13:46,74.1,95.8,26736,49852,ok
04:13:47,71.9,95.0,25083,49184,ok
04:13:48,71.2,95.9,25398,49474,ok
04:13:49,74.1,96.5,26764,48491,ok
04:13:50,70.3,96.2,26795,48556,ok
04:13:51,73.9,96.7,26556,48116,ok
04:13:52,74.9,95.9,26557,49558,ok
04:13:53,73.0,96.3,25723,49816,ok
04:13:54,68.4,95.5,26375,49114,ok
04:13:55,70.9,95.6,25194,48073,ok
04:13:56,69.2,95.2,25926,49201,ok
04:13:57,68.7,96.4,25257,48346,ok
04:13:58,73.6,96.3,26182,48942,ok
04:13:59,73.5,95.7,25106,48334,ok
04:14:00,72.7,96.5,25640,48612,ok
04:14:01,66.0,96.2,25681,49092,ok
04:14:02,74.9,95.8,26988,48906,ok
04:14:03,73.6,95.5,26658,49586,ok
04:14:04,70.7,96.3,25353,48590,ok
04:14:05,72.5,95.7,26843,48160,ok
04:14:06,72.2,95.2,25753,48194,ok
04:14:07,72.6,96.6,26786,48730,ok
04:14:08,72.4,96.5,25775,48199,ok
04:14:09,71.7,95.4,26132,48562,ok
04:14:10,74.2,96.0,26886,49002,ok
04:14:11,70.9,96.1,26234,48111,ok
04:14:12,73.2,95.9,26423,49089,ok
04:14:13,72.3,95.7,26936,48157,ok
04:14:14,71.4,94.8,26869,49208,ok
04:14:15,70.6,95.7,25893,49340,ok
04:14:16,72.7,96.4,25059,49787,ok
04:14:17,73.0,95.7,26580,48888,ok
04:14:18,70.4,96.1,25183,48223,ok
04:14:19,70.9,96.6,25270,48497,ok
04:14:20,74.4,97.2,26281,49812,ok
04:14:21,69.5,96.4,26278,48359,ok
04:14:22,75.1,95.8,25671,49553,ok
04:14:23,72.5,96.0,25895,49308,ok
04:14:24,71.5,96.5,26043,48870,ok
04:14:25,67.8,96.2,25202,48001,ok
04:14:26,72.6,95.8,26000,48819,ok
04:14:27,72.3,95.4,25273,49913,ok
04:14:28,69.0,95.9,26362,48482,ok
04:14:29,70.2,95.9,26434,49237,ok
04:14:30,71.3,96.5,25909,49537,ok
04:14:31,74.0,96.2,26939,49976,ok
04:14:32,69.0,96.3,25196,48531,ok
04:14:33,73.5,96.5,25642,49475,ok
04:14:34,74.1,95.9,26826,48565,ok
04:14:35,73.9,96.7,25897,48318,ok
04:14:36,73.1,95.4,26028,48773,ok
04:14:37,73.7,95.5,25490,48480,ok
04:14:38,73.7,96.0,25188,48717,ok
04:14:39,72.9,96.2,25793,49749,ok
04:14:40,72.7,96.6,25315,48554,ok
04:14:41,68.9,96.2,26230,48742,ok
04:14:42,73.9,96.7,25910,48440,ok
04:14:43,73.4,95.6,25376,48341,ok
04:14:44,69.4,95.3,26375,49472,ok
04:14:45,70.6,95.7,25827,49539,ok
04:14:46,76.8,95.7,25464,48261,ok
04:14:47,72.3,96.0,25250,49497,ok
04:14:48,76.6,96.0,26811,49021,ok
04:14:49,73.9,95.8,26839,48604,ok
04:14:50,77.0,96.5,25471,49812,ok
04:14:51,71.7,96.0,25984,49229,ok
04:14:52,71.0,95.1,26152,49562,ok
04:14:53,69.6,95.8,26072,48019,ok
04:14:54,71.0,96.4,26971,48945,ok
04:14:55,71.8,95.5,25374,49940,ok
04:14:56,72.9,96.0,25865,48720,ok
04:14:57,69.4,96.3,26088,48313,ok
04:14:58,74.4,96.5,25190,49539,ok
04:14:59,69.6,95.3,25105,49250,ok
04:15:00,70.4,95.8,26897,49175,ok
04:15:01,71.5,96.5,25116,49329,ok
04:15:02,66.8,95.4,26715,49023,ok
04:15:03,72.1,96.5,26159,48689,ok
04:15:04,71.7,95.9,26239,49842,ok
04:15:05,71.7,95.4,26888,48082,ok
04:15:06,75.1,95.1,25114,49909,ok
04:15:07,70.8,95.7,25146,48919,ok
04:15:08,73.3,96.5,26923,48730,ok
04:15:09,72.0,97.5,25218,48734,ok
04:15:10,71.7,95.9,26659,48840,ok
04:15:11,72.6,95.4,25018,49579,ok
04:15:12,70.5,96.7,25859,48309,ok
04:15:13,70.9,96.6,25344,48921,ok
04:15:14,66.7,95.5,25816,49555,ok
04:15:15,70.1,96.2,25195,48090,ok
04:15:16,72.7,96.5,25122,49842,ok
04:15:17,72.0,96.0,26791,49307,ok
04:15:18,72.3,96.1,26036,48716,ok
04:15:19,73.0,96.7,26333,48995,ok
04:15:20,68.4,95.6,26194,48570,ok
04:15:21,72.7,95.6,25401,48873,ok
04:15:22,69.4,96.4,25752,48531,ok
04:15:23,74.3,96.7,26818,48281,ok
04:15:24,70.1,95.6,26566,48238,ok
04:15:25,70.0,95.7,26019,48103,ok
04:15:26,74.3,95.6,25279,48400,ok
04:15:27,73.9,95.6,26039,48773,ok
04:15:28,72.0,96.4,25430,49469,ok
04:15:29,72.6,95.7,26723,49652,ok
04:15:30,72.0,95.4,26074,49419,ok
04:15:31,70.8,95.1,25819,48862,ok
04:15:32,71.1,95.5,25085,49582,ok
04:15:33,77.2,96.5,25812,49850,ok
04:15:34,69.4,95.3,25408,48193,ok
04:15:35,70.7,96.6,25230,49122,ok
04:15:36,72.1,96.7,25647,49868,ok
04:15:37,69.9,96.2,25923,49478,ok
04:15:38,74.2,96.2,25264,49243,ok
04:15:39,72.1,96.1,26920,48755,ok
04:15:40,72.0,96.4,25828,49605,ok
04:15:41,70.0,97.2,25059,49642,ok
04:15:42,70.8,96.1,26367,49505,ok
04:15:43,71.6,95.8,25226,48274,ok
04:15:44,70.9,95.9,25875,48884,ok
04:15:45,73.3,96.1,25251,48595,ok
04:15:46,71.4,95.7,26377,48398,ok
04:15:47,75.1,96.2,25414,49337,ok
04:15:48,73.2,95.9,25559,48002,ok
04:15:49,72.0,95.3,26189,49329,ok
04:15:50,72.1,96.2,25979,49872,ok
04:15:51,69.0,95.4,26315,48800,ok
04:15:52,72.6,95.6,25780,48233,ok
04:15:53,73.4,95.9,26429,49175,ok
04:15:54,69.1,95.9,26336,48130,ok
04:15:55,68.6,95.8,26511,49386,ok
04:15:56,70.5,95.8,26018,49352,ok
04:15:57,73.0,96.2,26392,49869,ok
04:15:58,68.4,96.3,25482,48185,ok
04:15:59,73.1,96.5,25497,49979,ok
04:16:00,74.3,95.2,25601,49752,ok
04:16:01,71.5,95.3,26517,49376,ok
04:16:02,73.4,95.3,25593,48390,ok
04:16:03,70.9,95.4,26328,48822,ok
04:16:04,73.0,96.9,25911,48769,ok
04:16:05,76.2,96.9,25892,48992,ok
04:16:06,71.7,96.0,25872,48903,ok
04:16:07,73.8,96.5,26854,49465,ok
04:16:08,70.1,96.3,25331,49979,ok
04:16:09,66.8,94.5,26683,49133,ok
04:16:10,67.7,95.6,26534,49124,ok
04:16:11,73.1,95.9,26612,49959,ok
04:16:12,70.8,95.9,25237,48088,ok
04:16:13,71.3,96.7,26659,49291,ok
04:16:14,71.7,96.6,25982,48958,ok
04:16:15,70.3,96.0,26723,48481,ok
04:16:16,75.5,96.5,25040,48269,ok
04:16:17,70.9,96.0,26718,48840,ok
04:16:18,72.0,95.6,26372,49252,ok
04:16:19,74.8,96.4,26567,49733,ok
04:16:20,74.1,95.7,25797,48047,ok
04:16:21,70.8,96.2,26584,48064,ok
04:16:22,72.1,96.4,26008,49218,ok
04:16:23,75.9,95.5,26105,48117,ok
04:16:24,71.3,94.9,26851,49906,ok
04:16:25,71.2,95.9,26448,48619,ok
04:16:26,72.7,95.5,26099,48697,ok
04:16:27,72.7,96.7,26034,48253,ok
04:16:28,72.5,96.2,25278,49802,ok
04:16:29,72.9,96.1,26891,48129,ok
04:16:30,74.7,96.0,25791,49336,ok
04:16:31,73.1,95.9,25369,48737,ok
04:16:32,72.2,96.0,25644,49161,ok
04:16:33,76.4,95.7,25176,48122,ok
04:16:34,73.3,96.9,26427,49843,ok
04:16:35,72.3,95.7,26944,48552,ok
04:16:36,72.3,95.2,25513,49778,ok
04:16:37,76.2,95.5,26588,48190,ok
04:16:38,70.5,96.0,25588,49675,ok
04:16:39,73.0,96.2,25322,49456,ok
04:16:40,70.6,95.5,26348,49513,ok
04:16:41,70.3,96.7,25183,49628,ok
04:16:42,68.4,96.9,26869,49063,ok
04:16:43,75.5,95.7,25381,49771,ok
04:16:44,70.9,95.7,26425,49028,ok
04:16:45,76.2,95.0,26471,48536,ok
04:16:46,72.4,95.5,25949,49972,ok
04:16:47,71.7,95.9,26045,49133,ok
04:16:48,71.4,96.2,26539,48265,ok
04:16:49,69.6,95.6,25568,48638,ok
04:16:50,71.8,95.7,25898,48093,ok
04:16:51,73.6,95.8,25962,48590,ok
04:16:52,73.7,96.2,26975,49631,ok
04:16:53,72.2,96.0,26746,48347,ok
04:16:54,73.1,96.4,25744,48098,ok
04:16:55,71.3,96.8,26915,49284,ok
04:16:56,71.6,96.4,26024,48002,ok
04:16:57,72.8,96.5,26101,48751,ok
04:16:58,74.2,96.0,25561,48443,ok
04:16:59,74.1,96.2,26252,48000,ok
04:17:00,72.6,96.0,25305,48942,ok
04:17:01,67.8,94.8,25261,48096,ok
04:17:02,73.8,97.0,26620,49088,ok
04:17:03,72.4,96.4,26442,48204,ok
04:17:04,72.9,95.8,26050,49798,ok
04:17:05,71.1,95.7,26997,48250,ok
04:17:06,71.7,94.9,26188,48674,ok
04:17:07,75.7,96.4,26729,48205,ok
04:17:08,72.7,96.2,25302,49306,ok
04:17:09,74.1,96.1,25729,48534,ok
04:17:10,70.9,95.6,25615,49817,ok
04:17:11,73.3,95.9,25289,48386,ok
04:17:12,71.1,95.9,26096,49162,ok
04:17:13,72.9,96.7,26226,48113,ok
04:17:14,75.9,96.5,26567,48363,ok
04:17:15,73.4,95.9,25937,48225,ok
04:17:16,70.6,96.4,25761,49563,ok
04:17:17,70.9,95.8,26905,49903,ok
04:17:18,71.8,95.8,25906,48799,ok
04:17:19,74.8,95.5,26018,49895,ok
04:17:20,69.9,95.6,25581,48403,ok
04:17:21,71.4,96.3,26386,48752,ok
04:17:22,72.1,95.4,25326,48358,ok
04:17:23,73.3,96.2,26482,49924,ok
04:17:24,75.5,95.8,26501,49584,ok
04:17:25,75.9,95.9,25381,48669,ok
04:17:26,73.2,96.6,26528,49246,ok
04:17:27,70.1,96.5,25721,49485,ok
04:17:28,72.4,96.2,26416,49118,ok
04:17:29,71.6,95.5,26657,49072,ok
04:17:30,70.9,96.4,26091,49528,ok
04:17:31,71.5,95.5,25079,48854,ok
04:17:32,69.6,96.6,26798,49159,ok
04:17:33,71.7,95.1,26001,48236,ok
04:17:34,70.1,95.9,25436,49741,ok
04:17:35,70.9,95.0,26164,48708,ok
04:17:36,70.5,96.4,25062,48961,ok
04:17:37,70.5,94.7,26526,48957,ok
04:17:38,72.8,96.1,25611,49298,ok
04:17:39,72.5,96.5,26338,48769,ok
04:17:40,71.4,95.9,25464,48317,ok
04:17:41,72.9,96.5,25222,49932,ok
04:17:42,73.4,96.5,25802,48066,ok
04:17:43,72.1,95.8,26467,48008,ok
04:17:44,73.8,95.4,25894,49479,ok
04:17:45,73.0,95.8,26238,48443,ok
04:17:46,71.7,95.4,26461,48366,ok
04:17:47,76.7,95.7,25307,49225,ok
04:17:48,72.6,96.7,26748,49073,ok
04:17:49,73.7,95.2,25097,49413,ok
04:17:50,72.7,95.5,26336,48978,ok
04:17:51,75.9,95.8,25657,48044,ok
04:17:52,70.5,94.8,25327,48182,ok
04:17:53,73.1,95.6,25326,49715,ok
04:17:54,72.0,95.5,25173,48329,ok
04:17:55,70.8,96.2,25865,48663,ok
04:17:56,72.8,96.3,25717,48852,ok
04:17:57,72.8,96.6,26572,49286,ok
04:17:58,73.1,96.4,26722,49900,ok
04:17:59,72.0,95.9,25228,48350,ok
04:18:00,73.1,95.6,25100,49135,ok
04:18:01,72.7,96.0,25182,49989,ok
04:18:02,68.6,96.1,26981,48526,ok
04:18:03,70.5,96.4,25685,49096,ok
04:18:04,70.7,96.1,26838,49852,ok
04:18:05,73.5,96.3,25571,49077,ok
04:18:06,71.2,95.2,26321,48415,ok
04:18:07,70.1,96.2,26473,48965,ok
04:18:08,70.0,95.8,26947,49846,ok
04:18:09,71.1,95.3,26181,48912,ok
04:18:10,68.3,95.8,26904,49827,ok
04:18:11,73.5,95.9,25065,48194,ok
04:18:12,72.1,95.7,25759,49887,ok
04:18:13,68.7,96.5,26457,48989,ok
04:18:14,71.8,94.7,25429,48223,ok
04:18:15,74.9,96.1,25213,49046,ok
04:18:16,71.5,96.4,25490,48837,ok
04:18:17,72.1,95.8,25208,49206,ok
04:18:18,71.0,95.8,25888,48824,ok
04:18:19,72.4,97.1,26954,48169,ok
04:18:20,71.8,96.5,26234,48256,ok
04:18:21,73.5,96.2,25393,48151,ok
04:18:22,76.4,96.0,26645,48627,ok
04:18:23,70.7,96.3,25271,48039,ok
04:18:24,72.8,96.3,25271,49431,ok
04:18:25,73.9,95.6,25914,49544,ok
04:18:26,69.2,95.8,25088,48121,ok
04:18:27,72.0,95.6,25033,48719,ok
04:18:28,70.9,95.9,25129,48392,ok
04:18:29,72.7,96.7,26500,48310,ok
04:18:30,71.7,95.2,25924,48060,ok
04:18:31,68.9,96.8,26008,49285,ok
04:18:32,73.9,95.9,26219,49220,ok
04:18:33,71.3,96.4,25228,48129,ok
04:18:34,73.4,96.4,26904,48944,ok
04:18:35,73.3,96.1,25664,48843,ok
04:18:36,71.2,96.4,26158,49955,ok
04:18:37,69.8,96.5,25036,49333,ok
04:18:38,68.0,96.2,25347,48097,ok
04:18:39,69.7,96.2,26527,49861,ok
04:18:40,70.6,96.0,25490,49634,ok
04:18:41,69.4,96.3,25920,49530,ok
04:18:42,74.3,96.0,26255,49436,ok
04:18:43,72.9,96.0,25924,49418,ok
04:18:44,74.9,95.4,26854,48227,ok
04:18:45,68.0,96.4,26203,48498,ok
04:18:46,74.6,96.1,25998,49917,ok
04:18:47,73.0,96.2,25107,48801,ok
04:18:48,72.1,95.7,25088,48378,ok
04:18:49,72.9,96.2,26536,48955,ok
04:18:50,72.6,95.6,26650,48941,ok
04:18:51,75.8,95.4,25136,49738,ok
04:18:52,71.4,96.2,26953,49636,ok
04:18:53,71.1,96.0,26089,48961,ok
04:18:54,71.2,95.0,25346,49022,ok
04:18:55,69.1,95.7,25241,48593,ok
04:18:56,70.0,96.0,26339,48974,ok
04:18:57,72.6,95.8,25734,48851,ok
04:18:58,70.6,95.3,25785,48865,ok
04:18:59,74.5,95.9,26397,49059,ok
04:19:00,75.8,95.9,25242,48937,ok
04:19:01,69.2,96.1,25003,49108,ok
04:19:02,73.0,96.6,25736,48598,ok
04:19:03,71.4,96.2,26286,49103,ok
04:19:04,72.8,96.3,25459,49569,ok
04:19:05,71.8,96.6,26670,48079,ok
04:19:06,66.8,95.8,26962,49024,ok
04:19:07,69.9,96.4,26112,48877,ok
04:19:08,69.4,96.1,25526,48108,ok
04:19:09,71.5,95.1,26300,48369,ok
04:19:10,75.5,96.7,26396,48571,ok
04:19:11,71.2,95.9,26255,49775,ok
04:19:12,71.5,94.4,26468,48954,ok
04:19:13,68.3,95.6,25870,49625,ok
04:19:14,72.8,96.0,25073,49721,ok
04:19:15,70.2,96.2,25171,48717,ok
04:19:16,70.6,96.7,25312,49293,ok
04:19:17,72.5,95.8,26887,49194,ok
04:19:18,70.8,95.4,26644,48626,ok
04:19:19,71.2,95.9,26430,48936,ok
04:19:20,73.1,95.9,25590,48004,ok
04:19:21,74.1,96.5,25222,48118,ok
04:19:22,68.1,96.5,25956,48215,ok
04:19:23,72.7,96.2,26511,48462,ok
04:19:24,69.2,96.4,25340,48127,ok
04:19:25,71.4,96.2,25647,49744,ok
04:19:26,72.7,96.2,26433,48944,ok
04:19:27,68.6,95.6,26886,49903,ok
04:19:28,73.2,96.2,25688,49881,ok
04:19:29,70.0,94.9,26807,48140,ok
04:19:30,72.7,96.1,25562,49048,ok
04:19:31,72.1,96.2,25544,49304,ok
04:19:32,70.4,97.1,25651,49285,ok
04:19:33,73.2,96.6,26669,49033,ok
04:19:34,72.8,95.0,25759,49518,ok
04:19:35,74.6,95.7,26100,49690,ok
04:19:36,72.9,96.3,26646,49820,ok
04:19:37,72.0,95.1,26229,49817,ok
04:19:38,70.1,96.7,26599,49359,ok
04:19:39,69.9,96.3,25117,49133,ok
04:19:40,75.1,95.4,26840,49551,ok
04:19:41,69.3,96.0,25713,49882,ok
04:19:42,72.4,95.7,26772,48684,ok
04:19:43,71.4,95.6,26157,49999,ok
04:19:44,68.4,95.7,26446,48060,ok
04:19:45,71.7,96.8,26120,48244,ok
04:19:46,73.6,97.0,25540,49603,ok
04:19:47,69.2,95.7,26160,49967,ok
04:19:48,71.4,96.4,26463,48028,ok
04:19:49,70.8,95.3,26468,48946,ok
04:19:50,70.2,96.5,26006,49953,ok
04:19:51,71.3,95.6,26108,49878,ok
04:19:52,67.8,96.1,26255,49652,ok
04:19:53,71.4,95.9,25442,48845,ok
04:19:54,70.1,96.7,26404,49917,ok
04:19:55,71.9,95.4,26662,48605,ok
04:19:56,76.3,96.4,25882,49102,ok
04:19:57,72.2,95.5,25707,48558,ok
04:19:58,72.7,95.8,25176,48846,ok
04:19:59,68.5,95.9,25339,49673,ok
04:20:00,74.5,96.1,25601,49003,ok
04:20:01,70.0,97.0,25540,48397,ok
04:20:02,72.6,96.2,26753,48689,ok
04:20:03,69.6,96.0,26370,48970,ok
04:20:04,69.8,96.6,26494,48820,ok
04:20:05,71.5,96.1,25688,49994,ok
04:20:06,73.2,96.1,26822,48199,ok
04:20:07,70.7,96.1,26816,48811,ok
04:20:08,71.1,96.2,26069,48933,ok
04:20:09,73.3,96.3,25055,49546,ok
04:20:10,72.4,96.0,26294,49057,ok
04:20:11,69.7,95.9,25771,48280,ok
04:20:12,73.5,95.4,26998,49257,ok
04:20:13,71.6,95.5,25762,48080,ok
04:20:14,72.8,96.6,25092,48319,ok
04:20:15,69.9,95.1,25921,49857,ok
04:20:16,71.0,96.6,25524,48421,ok
04:20:17,71.7,95.8,25289,49231,ok
04:20:18,75.9,96.0,26103,48521,ok
04:20:19,70.8,95.6,25721,49455,ok
04:20:20,74.5,95.5,25479,49388,ok
04:20:21,71.6,96.3,26618,48355,ok
04:20:22,73.1,95.4,25494,48760,ok
04:20:23,75.2,96.0,26577,48306,ok
04:20:24,70.6,96.4,26742,49156,ok
04:20:25,75.8,96.1,25711,48183,ok
04:20:26,71.9,95.7,25939,48564,ok
04:20:27,69.8,96.2,26381,49572,ok
04:20:28,72.0,96.2,25199,49424,ok
04:20:29,76.7,96.7,26304,49691,ok
04:20:30,70.8,94.9,25716,49710,ok
04:20:31,69.7,96.6,25890,49299,ok
04:20:32,72.6,96.1,26051,49103,ok
04:20:33,73.6,96.1,25544,49607,ok
04:20:34,74.9,96.0,26303,49133,ok
04:20:35,72.2,96.2,25113,48222,ok
04:20:36,72.2,96.3,26615,48868,ok
04:20:37,69.9,96.1,26236,48600,ok
04:20:38,70.9,96.6,26873,49159,ok
04:20:39,69.6,96.2,25981,49987,ok
04:20:40,70.9,95.1,25510,48606,ok
04:20:41,70.0,95.5,25037,49986,ok
04:20:42,76.1,96.1,26680,49580,ok
04:20:43,72.1,96.4,25685,49837,ok
04:20:44,74.4,96.0,26598,48482,ok
04:20:45,70.0,96.6,26161,49835,ok
04:20:46,68.5,95.4,25899,48658,ok
04:20:47,68.5,96.6,25398,48860,ok
04:20:48,73.3,96.3,25860,49316,ok
04:20:49,73.2,96.1,25009,48473,ok
04:20:50,73.4,95.5,25864,49405,ok
04:20:51,70.5,96.0,26668,48937,ok
04:20:52,74.7,95.9,26658,49435,ok
04:20:53,75.8,95.7,25059,48524,ok
04:20:54,70.9,96.0,26117,48544,ok
04:20:55,70.7,95.4,26074,48737,ok
04:20:56,72.8,96.3,25493,49231,ok
04:20:57,73.1,96.1,26515,49649,ok
04:20:58,68.6,95.1,26278,49412,ok
04:20:59,69.8,95.2,25040,48173,ok
04:21:00,71.2,96.1,25540,49613,ok
04:21:01,70.8,95.6,25101,49293,ok
04:21:02,72.0,96.2,25082,49528,ok
04:21:03,70.2,96.5,25071,49158,ok
04:21:04,72.7,96.5,26668,49424,ok
04:21:05,71.3,95.8,25225,48088,ok
04:21:06,71.8,95.7,26928,48591,ok
04:21:07,69.8,95.7,26060,48741,ok
04:21:08,70.4,96.1,26110,49130,ok
04:21:09,71.7,95.8,25536,49759,ok
04:21:10,70.6,96.7,25630,49101,ok
04:21:11,71.2,95.9,25501,49911,ok
04:21:12,70.3,95.8,25364,48198,ok
04:21:13,73.1,96.3,26276,48082,ok
04:21:14,69.4,95.7,25256,48316,ok
04:21:15,73.4,96.8,26999,48650,ok
04:21:16,72.5,95.3,25203,48687,ok
04:21:17,68.6,95.9,26077,48743,ok
04:21:18,72.4,96.7,26682,48004,ok
04:21:19,72.5,96.1,25155,48939,ok
04:21:20,72.1,96.6,26333,48700,ok
04:21:21,75.4,97.3,25240,49436,ok
04:21:22,69.5,96.3,26821,49956,ok
04:21:23,70.5,95.5,26396,48766,ok
04:21:24,72.4,95.8,25467,48317,ok
04:21:25,74.2,96.0,25063,49424,ok
04:21:26,73.1,96.3,26086,49142,ok
04:21:27,71.3,96.5,26816,48032,ok
04:21:28,70.0,95.8,25760,48630,ok
04:21:29,70.4,95.2,26980,49334,ok
04:21:30,68.5,95.9,26891,48222,ok
04:21:31,74.4,96.9,26683,49824,ok
04:21:32,73.1,95.9,25694,49261,ok
04:21:33,74.6,95.6,26029,49126,ok
04:21:34,70.1,96.5,25282,48226,ok
04:21:35,69.7,94.6,26042,49832,ok
04:21:36,70.5,96.0,26601,49721,ok
04:21:37,70.5,95.3,25515,48153,ok
04:21:38,70.7,95.8,26665,49972,ok
04:21:39,71.5,95.3,25858,49925,ok
04:21:40,72.4,95.7,25258,48666,ok
04:21:41,67.9,96.7,26387,48456,ok
04:21:42,75.7,95.9,25991,48820,ok
04:21:43,71.5,96.0,26055,48190,ok
04:21:44,74.8,95.2,25299,49251,ok
04:21:45,74.4,95.9,26047,48018,ok
04:21:46,72.9,95.5,26458,49421,ok
04:21:47,71.7,96.0,26970,49141,ok
04:21:48,69.0,96.4,25922,48271,ok
04:21:49,69.8,95.4,25639,48276,ok
04:21:50,71.7,96.2,26840,48171,ok
04:21:51,71.6,96.0,26017,49714,ok
04:21:52,71.8,95.9,25418,48644,ok
04:21:53,69.7,96.4,26107,48794,ok
04:21:54,73.8,95.3,26288,49871,ok
04:21:55,70.8,96.0,26470,49209,ok
04:21:56,70.7,96.9,26735,48458,ok
04:21:57,72.3,95.7,25717,49531,ok
04:21:58,75.8,96.1,25482,49103,ok
04:21:59,72.5,95.7,26864,48071,ok
04:22:00,69.5,96.6,26017,48453,ok
04:22:01,71.4,95.9,26586,49437,ok
04:22:02,74.0,96.5,25615,48561,ok
04:22:03,69.7,96.5,26784,49122,ok
04:22:04,72.6,95.7,25395,48864,ok
04:22:05,74.5,96.1,25195,48456,ok
04:22:06,72.4,95.0,26668,48628,ok
04:22:07,67.2,96.2,25525,48503,ok
04:22:08,71.2,96.8,26229,48105,ok
04:22:09,71.6,96.2,25187,48064,ok
04:22:10,68.8,96.9,26159,49333,ok
04:22:11,70.8,96.6,26908,48158,ok
04:22:12,75.5,96.1,26340,48896,ok
04:22:13,71.8,96.2,25458,48383,ok
04:22:14,69.0,96.5,25327,48419,ok
04:22:15,72.8,97.0,25211,49571,ok
04:22:16,72.6,94.9,26789,48861,ok
04:22:17,72.7,95.7,26064,48781,ok
04:22:18,71.0,95.4,26648,48339,ok
04:22:19,69.2,95.9,25002,48925,ok
04:22:20,68.0,96.6,26664,48649,ok
04:22:21,71.3,95.7,26835,48325,ok
04:22:22,71.5,96.5,25256,48457,ok
04:22:23,74.4,95.5,26325,49850,ok
04:22:24,68.9,96.3,25200,49796,ok
04:22:25,70.1,96.4,25216,48042,ok
04:22:26,70.6,96.2,25694,48924,ok
04:22:27,75.9,96.4,26778,48957,ok
04:22:28,74.2,95.6,26547,48063,ok
04:22:29,72.4,95.7,25327,48250,ok
04:22:30,73.0,96.8,25835,49289,ok
04:22:31,69.0,96.7,26336,49841,ok
04:22:32,70.2,96.1,26978,48640,ok
04:22:33,68.4,95.8,25194,48971,ok
04:22:34,72.7,96.1,25599,48730,ok
04:22:35,68.6,96.7,25979,49236,ok
04:22:36,73.6,94.6,26174,48699,ok
04:22:37,72.5,96.1,26331,49020,ok
04:22:38,71.3,96.6,26524,49631,ok
04:22:39,72.2,96.0,26625,49089,ok
04:22:40,74.4,95.7,25687,49206,ok
04:22:41,71.3,96.0,25468,49355,ok
04:22:42,73.6,96.0,26329,48420,ok
04:22:43,74.2,95.9,25321,48523,ok
04:22:44,70.0,95.7,25553,49925,ok
04:22:45,69.0,95.8,25663,49137,ok
04:22:46,74.9,95.3,26715,48777,ok
04:22:47,73.7,96.5,25124,48566,ok
04:22:48,71.5,97.3,26575,49085,ok
04:22:49,70.7,96.1,25521,48238,ok
04:22:50,72.4,95.3,25824,48353,ok
04:22:51,74.7,95.8,26658,48338,ok
04:22:52,72.3,95.8,26235,49020,ok
04:22:53,77.3,95.6,25833,49814,ok
04:22:54,69.7,96.4,25935,48824,ok
04:22:55,72.8,95.7,25459,49187,ok
04:22:56,70.8,95.5,26802,48393,ok
04:22:57,74.2,96.6,25853,49328,ok
04:22:58,70.5,95.8,26080,48155,ok
04:22:59,72.0,96.3,26018,48525,ok
04:23:00,75.6,96.9,26986,49916,ok
04:23:01,76.1,96.3,26186,49772,ok
04:23:02,72.5,96.3,26866,48663,ok
04:23:03,73.3,96.3,26683,49297,ok
04:23:04,71.8,96.8,25760,48140,ok
04:23:05,72.6,95.9,26070,49357,ok
04:23:06,70.1,95.8,25651,48134,ok
04:23:07,73.1,96.5,25544,49594,ok
04:23:08,72.9,96.5,26044,49913,ok
04:23:09,73.2,96.3,25899,48118,ok
04:23:10,70.6,96.3,26552,49210,ok
04:23:11,73.3,96.4,26358,48847,ok
04:23:12,70.7,96.9,25788,48710,ok
04:23:13,70.9,96.1,26123,49272,ok
04:23:14,68.7,96.1,26719,49474,ok
04:23:15,71.3,96.0,26456,48466,ok
04:23:16,75.6,96.0,26068,49952,ok
04:23:17,74.6,96.3,26711,48737,ok
04:23:18,69.0,96.0,25183,49272,ok
04:23:19,72.5,95.3,26161,48025,ok
04:23:20,68.9,95.9,25955,48844,ok
04:23:21,70.8,95.6,25274,49206,ok
04:23:22,72.2,95.6,25932,48957,ok
04:23:23,68.4,95.3,25959,48141,ok
04:23:24,71.0,95.5,26319,49205,ok
04:23:25,73.2,96.0,25782,49745,ok
04:23:26,71.6,96.6,25282,48431,ok
04:23:27,70.1,95.3,26624,49175,ok
04:23:28,72.9,96.4,25927,49983,ok
04:23:29,70.9,96.2,25492,49697,ok
04:23:30,72.1,96.1,25206,49678,ok
04:23:31,72.2,96.3,26692,49487,ok
04:23:32,73.3,96.1,26688,49560,ok
04:23:33,73.3,95.9,26195,48385,ok
04:23:34,71.3,96.0,25250,48261,ok
04:23:35,79.6,96.7,26048,48750,ok
04:23:36,74.2,95.6,25745,48077,ok
04:23:37,67.8,97.2,25287,48934,ok
04:23:38,74.0,95.7,25886,49738,ok
04:23:39,72.4,96.6,25198,48901,ok
04:23:40,72.7,95.6,25279,49896,ok
04:23:41,70.2,95.6,25256,49291,ok
04:23:42,66.8,95.3,25226,48225,ok
04:23:43,73.9,96.6,25827,49266,ok
04:23:44,73.5,96.2,25344,49392,ok
04:23:45,73.4,96.5,25033,48479,ok
04:23:46,72.9,96.0,25694,49872,ok
04:23:47,73.0,96.5,26980,48636,ok
04:23:48,72.7,96.7,26690,48635,ok
04:23:49,70.7,94.9,26577,49623,ok
04:23:50,71.7,95.4,26839,48199,ok
04:23:51,71.6,95.9,26058,48668,ok
04:23:52,72.3,96.0,25528,48782,ok
04:23:53,72.6,96.0,25455,49856,ok
04:23:54,72.4,95.3,25639,49818,ok
04:23:55,73.5,96.8,25594,49727,ok
04:23:56,73.0,95.0,25607,48940,ok
04:23:57,71.4,96.0,25221,49771,ok
04:23:58,67.4,96.5,26524,49085,ok
04:23:59,71.1,96.3,25224,48016,ok
04:24:00,66.1,96.6,26829,48558,ok
04:24:01,67.2,96.8,25656,49327,ok
04:24:02,69.1,97.5,25196,48033,ok
04:24:03,71.1,97.2,26762,49600,ok
04:24:04,72.2,97.0,25655,49346,ok
04:24:05,69.5,97.1,26826,49390,ok
04:24:06,69.5,98.0,26741,48797,ok
04:24:07,70.9,97.3,26702,48678,ok
04:24:08,70.8,97.5,25314,49722,ok
04:24:09,70.7,96.5,26162,49524,ok
04:24:10,65.8,97.3,25658,49659,ok
04:24:11,67.8,97.4,25816,49026,ok
04:24:12,68.3,97.1,26410,48929,ok
04:24:13,71.2,97.1,26544,48402,ok
04:24:14,67.7,96.0,25327,48602,ok
04:24:15,68.3,96.6,25452,48108,ok
04:24:16,71.0,96.3,26942,48474,ok
04:24:17,73.9,97.7,26294,49440,ok
04:24:18,69.1,97.3,26904,49587,ok
04:24:19,69.0,97.4,26484,48458,ok
04:24:20,69.6,97.6,25393,49345,ok
04:24:21,68.5,97.2,26719,49897,ok
04:24:22,67.6,97.7,26444,48045,ok
04:24:23,68.4,97.1,26351,49407,ok
04:24:24,73.1,97.0,26528,48066,ok
04:24:25,72.0,96.5,25960,49204,ok
04:24:26,67.3,96.3,26933,48233,ok
04:24:27,70.1,96.9,25059,49240,ok
04:24:28,67.6,96.8,26985,49023,ok
04:24:29,70.7,97.0,26255,49247,ok
04:24:30,70.4,96.8,25338,49388,ok
04:24:31,69.9,97.5,26020,49327,ok
04:24:32,72.7,96.3,26841,49384,ok
04:24:33,70.6,97.2,26643,48365,ok
04:24:34,70.5,96.7,25596,48061,ok
04:24:35,73.4,96.5,26365,49443,ok
04:24:36,67.8,96.9,25466,48911,ok
04:24:37,66.8,96.4,25728,49492,ok
04:24:38,68.4,97.5,25196,48912,ok
04:24:39,71.5,96.3,25620,49572,ok
04:24:40,73.6,97.5,26844,49493,ok
04:24:41,69.5,97.1,25375,48649,ok
04:24:42,69.4,97.7,25052,49538,ok
04:24:43,69.6,96.2,26803,48568,ok
04:24:44,71.1,97.4,25040,49346,ok
04:24:45,69.0,96.0,25131,49054,ok
04:24:46,72.4,97.5,26704,49178,ok
04:24:47,69.7,97.3,26546,49441,ok
04:24:48,69.8,96.6,26023,49364,ok
04:24:49,68.8,97.6,25624,49680,ok
04:24:50,71.8,97.6,25832,49646,ok
04:24:51,69.2,96.9,25314,48291,ok
04:24:52,72.7,96.6,25654,48646,ok
04:24:53,74.2,98.1,25815,48684,ok
04:24:54,70.6,97.7,26783,49223,ok
04:24:55,69.1,96.6,26587,48017,ok
04:24:56,71.0,96.7,26699,49570,ok
04:24:57,72.1,97.1,26730,49145,ok
04:24:58,71.3,96.7,25549,48283,ok
04:24:59,71.8,97.2,26541,49795,ok
04:25:00,68.6,96.2,25906,49971,ok
04:25:01,70.7,96.5,25712,48425,ok
04:25:02,71.8,97.7,26390,48031,ok
04:25:03,69.9,97.2,25602,49470,ok
04:25:04,72.3,96.5,25622,48966,ok
04:25:05,71.7,97.2,26165,48590,ok
04:25:06,74.5,97.7,26978,48687,ok
04:25:07,69.3,97.3,25504,48932,ok
04:25:08,71.0,96.5,25119,48134,ok
04:25:09,68.5,97.4,26478,49668,ok
04:25:10,71.2,96.1,26435,48195,ok
04:25:11,67.5,96.7,25907,49735,ok
04:25:12,69.1,96.4,26291,48710,ok
04:25:13,70.6,96.2,26028,48703,ok
04:25:14,68.4,96.7,25234,49967,ok
04:25:15,67.5,97.0,26491,49578,ok
04:25:16,72.4,96.8,26085,48180,ok
04:25:17,74.0,97.0,26272,49233,ok
04:25:18,67.8,96.8,26002,49333,ok
04:25:19,68.5,97.1,26916,49783,ok
04:25:20,66.7,97.1,26286,48364,ok
04:25:21,67.1,96.8,25714,49110,ok
04:25:22,70.2,96.5,26140,49352,ok
04:25:23,71.9,97.4,25361,49813,ok
04:25:24,69.8,96.2,26015,48931,ok
04:25:25,70.3,97.9,26084,48201,ok
04:25:26,73.2,96.2,25727,48612,ok
04:25:27,70.4,96.6,25037,48748,ok
04:25:28,69.5,96.2,26644,49474,ok
04:25:29,70.2,96.6,26216,49464,ok
04:25:30,70.4,97.4,26445,49162,ok
04:25:31,70.0,97.1,25331,48547,ok
04:25:32,71.0,96.7,26058,49772,ok
04:25:33,67.3,97.2,26804,49456,ok
04:25:34,73.2,96.6,26972,49655,ok
04:25:35,66.9,97.6,26675,48807,ok
04:25:36,68.3,96.5,26070,49223,ok
04:25:37,71.2,96.8,25551,48685,ok
04:25:38,72.2,96.2,26446,49174,ok
04:25:39,67.0,96.2,25920,48378,ok
04:25:40,68.9,97.4,25074,49162,ok
04:25:41,68.4,98.1,25465,48785,ok
04:25:42,69.1,96.5,25845,48650,ok
04:25:43,71.7,96.3,25735,49572,ok
04:25:44,70.3,97.0,26683,48664,ok
04:25:45,71.4,97.2,26142,49054,ok
04:25:46,71.2,96.3,26310,49623,ok
04:25:47,72.0,96.9,26683,49362,ok
04:25:48,68.3,97.2,26082,49768,ok
04:25:49,68.1,95.8,26581,48669,ok
04:25:50,68.4,97.7,25855,49225,ok
04:25:51,70.6,96.0,25338,49246,ok
04:25:52,71.3,97.8,26938,49603,ok
04:25:53,69.4,96.0,26146,48281,ok
04:25:54,73.8,96.8,26060,48295,ok
04:25:55,69.9,97.4,25128,49918,ok
04:25:56,73.2,96.8,25485,48350,ok
04:25:57,68.0,96.9,25446,48487,ok
04:25:58,74.0,96.8,26088,48505,ok
04:25:59,67.9,97.1,25339,48418,ok
04:26:00,70.5,97.0,25717,49650,ok
04:26:01,72.4,97.2,26384,49731,ok
04:26:02,67.9,97.3,26192,48244,ok
04:26:03,73.2,96.4,26081,49469,ok
04:26:04,68.4,96.6,26110,48123,ok
04:26:05,65.3,97.7,26103,49656,ok
04:26:06,69.9,96.2,25776,49187,ok
04:26:07,69.9,97.5,26872,48295,ok
04:26:08,68.4,97.6,25693,49300,ok
04:26:09,71.8,96.9,25130,48313,ok
04:26:10,71.9,96.7,25991,48676,ok
04:26:11,73.1,97.3,26233,48359,ok
04:26:12,73.6,96.6,25470,48894,ok
04:26:13,66.3,95.5,26388,49255,ok
04:26:14,68.7,96.7,25113,48744,ok
04:26:15,72.8,97.2,26043,48741,ok
04:26:16,73.7,97.6,26088,48785,ok
04:26:17,70.7,97.1,26367,48619,ok
04:26:18,67.6,97.6,26215,48974,ok
04:26:19,72.1,96.8,25042,49170,ok
04:26:20,65.4,97.2,26282,49058,ok
04:26:21,70.2,97.0,26924,49724,ok
04:26:22,68.4,97.8,25686,48591,ok
04:26:23,66.1,96.9,25314,48873,ok
04:26:24,68.1,96.5,26767,48003,ok
04:26:25,71.4,96.4,25491,48824,ok
04:26:26,71.6,97.4,26466,49447,ok
04:26:27,68.4,97.6,26647,49921,ok
04:26:28,70.6,97.7,26136,49783,ok
04:26:29,71.5,97.0,26295,48064,ok
04:26:30,70.0,97.4,25605,48112,ok
04:26:31,70.5,97.4,25213,49144,ok
04:26:32,68.7,96.9,26069,49427,ok
04:26:33,71.7,96.6,25851,48520,ok
04:26:34,68.0,96.2,25910,48785,ok
04:26:35,70.1,96.5,26322,49426,ok
04:26:36,67.7,96.4,25983,48761,ok
04:26:37,69.2,96.6,25677,48519,ok
04:26:38,67.4,96.1,25896,49861,ok
04:26:39,71.4,96.9,25181,48214,ok
04:26:40,68.5,97.0,25307,48593,ok
04:26:41,69.1,97.3,26480,49988,ok
04:26:42,70.8,96.6,25333,48388,ok
04:26:43,67.5,97.6,26829,48512,ok
04:26:44,66.8,97.5,25223,49473,ok
04:26:45,65.9,97.7,25553,48502,ok
04:26:46,68.9,97.2,25862,49868,ok
04:26:47,69.3,96.6,26234,49513,ok
04:26:48,66.5,96.5,25054,48328,ok
04:26:49,68.6,97.1,25244,49292,ok
04:26:50,69.8,97.0,25212,48996,ok
04:26:51,70.3,96.6,25121,48957,ok
04:26:52,68.3,97.0,26750,49592,ok
04:26:53,70.0,97.5,25424,48590,ok
04:26:54,67.2,96.6,25861,49758,ok
04:26:55,71.2,96.5,26105,48344,ok
04:26:56,70.5,96.7,26487,48680,ok
04:26:57,70.8,97.6,25021,48502,ok
04:26:58,69.3,97.3,26360,49041,ok
04:26:59,70.8,97.2,26236,49325,ok
04:27:00,70.1,97.0,26914,49374,ok
04:27:01,69.2,97.7,25434,49814,ok
04:27:02,69.7,97.0,26270,48408,ok
04:27:03,72.6,97.2,25679,49138,ok
04:27:04,73.3,97.2,25446,49705,ok
04:27:05,69.0,96.5,26634,48672,ok
04:27:06,73.5,97.0,25367,48632,ok
04:27:07,69.5,97.4,26946,48078,ok
04:27:08,69.3,97.3,25562,48159,ok
04:27:09,70.0,97.6,26204,49812,ok
04:27:10,68.3,97.1,25974,49812,ok
04:27:11,73.3,97.9,25977,49790,ok
04:27:12,71.4,96.5,26919,49154,ok
04:27:13,70.9,97.3,26812,49857,ok
04:27:14,72.0,97.1,25362,49816,ok
04:27:15,66.3,97.6,26824,48956,ok
04:27:16,66.8,96.5,26205,48588,ok
04:27:17,66.8,97.3,26759,49272,ok
04:27:18,66.7,97.2,25438,48143,ok
04:27:19,67.5,96.9,26854,49006,ok
04:27:20,66.9,97.5,25356,49182,ok
04:27:21,70.8,97.0,25622,49775,ok
04:27:22,70.7,96.8,26164,48285,ok
04:27:23,69.8,97.7,26280,48448,ok
04:27:24,70.2,97.4,25558,48950,ok
04:27:25,72.1,97.0,26802,49974,ok
04:27:26,69.6,97.9,26585,48426,ok
04:27:27,72.3,97.4,25500,49135,ok
04:27:28,72.7,95.9,25782,49205,ok
04:27:29,69.5,97.1,26081,49993,ok
04:27:30,70.3,96.6,26410,48601,ok
04:27:31,70.0,96.8,26984,49647,ok
04:27:32,71.2,96.7,26635,49017,ok
04:27:33,66.9,97.4,26901,49322,ok
04:27:34,69.8,97.0,26844,49815,ok
04:27:35,68.1,96.5,25991,48399,ok
04:27:36,68.8,96.4,26139,49148,ok
04:27:37,72.1,96.1,25916,49453,ok
04:27:38,72.7,97.6,26426,49643,ok
04:27:39,70.5,96.4,26447,48227,ok
04:27:40,69.6,96.9,25553,48358,ok
04:27:41,71.4,97.1,26343,49111,ok
04:27:42,69.4,97.0,26117,49577,ok
04:27:43,74.7,97.2,25299,48265,ok
04:27:44,67.2,96.8,25539,48767,ok
04:27:45,68.7,97.1,25688,49758,ok
04:27:46,72.4,97.1,25192,48934,ok
04:27:47,69.8,97.2,26849,49150,ok
04:27:48,64.6,97.6,25257,49972,ok
04:27:49,66.9,97.1,26790,48673,ok
04:27:50,69.3,98.0,25956,48393,ok
04:27:51,69.4,96.6,26547,49850,ok
04:27:52,72.2,96.4,26882,49656,ok
04:27:53,69.4,97.2,26676,49167,ok
04:27:54,71.1,97.1,26095,48917,ok
04:27:55,69.0,96.1,25949,49926,ok
04:27:56,69.1,96.7,25521,49739,ok
04:27:57,69.2,97.2,25949,48729,ok
04:27:58,72.7,97.4,26132,49011,ok
04:27:59,67.9,96.1,26178,49025,ok
04:28:00,68.9,97.2,26948,48647,ok
04:28:01,65.6,96.3,25101,49083,ok
04:28:02,69.9,96.5,25638,49756,ok
04:28:03,70.2,96.4,25286,49229,ok
04:28:04,70.7,97.7,26491,49261,ok
04:28:05,65.9,96.6,25305,49228,ok
04:28:06,68.8,96.7,26101,48957,ok
04:28:07,71.8,97.0,26317,49730,ok
04:28:08,70.9,97.3,26095,48899,ok
04:28:09,70.0,97.1,25128,49815,ok
04:28:10,66.0,97.5,26692,49304,ok
04:28:11,68.7,97.3,26917,49379,ok
04:28:12,68.9,97.9,25208,49976,ok
04:28:13,70.4,96.5,25978,48823,ok
04:28:14,70.6,96.7,26644,48943,ok
04:28:15,72.3,96.9,26287,48666,ok
04:28:16,69.8,96.2,26049,49352,ok
04:28:17,71.2,97.8,26208,49564,ok
04:28:18,67.4,96.7,25186,49710,ok
04:28:19,68.0,97.1,25922,49910,ok
04:28:20,71.3,97.7,25646,48987,ok
04:28:21,68.3,97.3,25210,48200,ok
04:28:22,69.8,97.5,25341,49146,ok
04:28:23,72.3,97.3,25403,48483,ok
04:28:24,65.7,96.6,25410,49375,ok
04:28:25,70.2,97.2,25194,48962,ok
04:28:26,69.6,97.0,25999,48548,ok
04:28:27,69.1,97.6,26273,49182,ok
04:28:28,71.2,97.0,25364,49735,ok
04:28:29,68.0,96.7,26956,49213,ok
04:28:30,69.0,97.1,25223,48569,ok
04:28:31,69.6,97.0,26729,49844,ok
04:28:32,71.3,97.8,26430,49533,ok
04:28:33,69.6,97.4,25214,49191,ok
04:28:34,69.1,95.5,25219,49520,ok
04:28:35,68.9,96.7,25689,48549,ok
04:28:36,70.3,96.0,26614,49987,ok
04:28:37,73.0,97.4,25171,48109,ok
04:28:38,67.0,97.9,26724,49628,ok
04:28:39,66.7,96.8,25138,48310,ok
04:28:40,70.7,96.4,26703,49029,ok
04:28:41,70.1,97.0,25747,48910,ok
04:28:42,69.0,97.3,25230,48581,ok
04:28:43,71.6,96.1,26517,48030,ok
04:28:44,72.2,98.1,25420,49735,ok
04:28:45,70.6,97.1,25963,48166,ok
04:28:46,71.0,97.4,25506,49839,ok
04:28:47,67.3,97.2,25919,48045,ok
04:28:48,70.5,97.0,25079,48125,ok
04:28:49,68.9,97.1,26191,48092,ok
04:28:50,68.2,97.1,26000,48725,ok
04:28:51,70.7,96.9,26605,49644,ok
04:28:52,71.0,97.2,26200,48186,ok
04:28:53,70.8,96.3,26956,48009,ok
04:28:54,69.8,97.1,26236,49652,ok
04:28:55,72.1,96.7,26946,49828,ok
04:28:56,68.9,97.2,25267,49529,ok
04:28:57,69.6,96.9,25593,49421,ok
04:28:58,71.6,96.0,26271,48886,ok
04:28:59,66.0,97.0,25655,49038,ok
04:29:00,67.9,96.5,25714,49302,ok
04:29:01,60.3,96.6,25528,49464,ok
04:29:02,63.7,97.3,25988,48535,ok
04:29:03,65.5,97.6,26255,49265,ok
04:29:04,63.7,96.8,26200,49260,ok
04:29:05,64.7,97.7,26762,48452,ok
04:29:06,71.1,96.2,26651,49974,ok
04:29:07,63.9,96.1,26203,48398,ok
04:29:08,65.7,97.2,25720,49747,ok
04:29:09,67.2,96.3,25987,49614,ok
04:29:10,66.3,97.5,25283,48627,ok
04:29:11,68.2,97.0,26499,49159,ok
04:29:12,65.3,96.6,25886,48025,ok
04:29:13,65.5,97.5,25039,49955,ok
04:29:14,61.2,95.6,25724,48929,ok
04:29:15,65.2,97.0,25194,49898,ok
04:29:16,64.7,97.1,25774,48827,ok
04:29:17,66.2,96.7,26227,48294,ok
04:29:18,63.1,97.5,25188,49312,ok
04:29:19,65.1,97.3,26201,49049,ok
04:29:20,65.8,96.9,25288,49854,ok
04:29:21,62.7,96.8,25989,48601,ok
04:29:22,66.9,97.5,26266,49106,ok
04:29:23,64.8,97.4,26759,48887,ok
04:29:24,65.5,96.8,26024,48174,ok
04:29:25,65.2,97.1,26773,49228,ok
04:29:26,66.0,96.9,25572,48942,ok
04:29:27,63.8,97.4,26897,49509,ok
04:29:28,63.6,96.7,26286,48066,ok
04:29:29,66.1,96.9,26417,48684,ok
04:29:30,67.4,96.6,26112,49804,ok
04:29:31,63.7,97.3,26236,49395,ok
04:29:32,63.8,96.7,25208,48229,ok
04:29:33,68.0,97.9,25389,49927,ok
04:29:34,67.5,97.9,25543,49626,ok
04:29:35,68.5,97.8,26131,48573,ok
04:29:36,66.5,97.1,25163,48220,ok
04:29:37,66.1,96.7,25624,49264,ok
04:29:38,65.7,97.0,25175,49195,ok
04:29:39,68.4,97.1,26175,48787,ok
04:29:40,64.7,97.5,26130,48792,ok
04:29:41,63.5,96.6,26713,48653,ok
04:29:42,66.4,98.0,26220,49877,ok
04:29:43,63.2,97.7,26655,49750,ok
04:29:44,62.9,97.0,25321,48989,ok
04:29:45,65.7,96.7,26256,49851,ok
04:29:46,63.8,97.1,26709,48920,ok
04:29:47,64.3,97.1,26298,49653,ok
04:29:48,65.6,96.4,26048,48089,ok
04:29:49,62.4,97.5,26706,48147,ok
04:29:50,63.4,96.1,26657,48377,ok
04:29:51,68.2,97.5,26120,49432,ok
04:29:52,66.5,96.2,25267,48263,ok
04:29:53,65.6,97.1,25688,49752,ok
04:29:54,65.0,96.9,25241,49504,ok
04:29:55,64.2,97.1,25899,48150,ok
04:29:56,69.2,97.0,26140,49865,ok
04:29:57,62.9,97.4,26258,48744,ok
04:29:58,66.3,96.9,25570,48722,ok
04:29:59,67.6,96.7,26471,49532,ok
04:30:00,64.5,97.0,26550,48671,ok
04:30:01,66.7,96.8,25170,49569,ok
04:30:02,62.2,97.5,26492,49100,ok
04:30:03,64.1,96.2,26121,48285,ok
04:30:04,63.7,97.1,25982,49904,ok
04:30:05,65.4,97.4,25960,49297,ok
04:30:06,66.8,96.7,26781,48218,ok
04:30:07,68.0,96.9,26855,48422,ok
04:30:08,65.5,96.8,26327,48918,ok
04:30:09,63.9,96.8,25563,48766,ok
04:30:10,63.7,97.5,25268,48634,ok
04:30:11,64.0,97.9,26140,49926,ok
04:30:12,63.6,96.6,26960,49414,ok
04:30:13,65.0,97.3,26859,48363,ok
04:30:14,65.1,97.0,26322,48720,ok
04:30:15,62.9,96.9,25925,48587,ok
04:30:16,65.2,97.3,25459,48652,ok
04:30:17,65.5,96.7,26282,48164,ok
04:30:18,65.6,96.9,26578,49754,ok
04:30:19,67.2,96.8,25098,49855,ok
04:30:20,64.1,97.3,25939,49937,ok
04:30:21,60.4,96.9,25031,49203,ok
04:30:22,64.2,96.9,25753,49478,ok
04:30:23,65.1,98.4,26607,49948,ok
04:30:24,64.8,97.0,25740,48015,ok
04:30:25,63.0,96.5,25609,49558,ok
04:30:26,68.5,96.5,26343,49028,ok
04:30:27,66.1,96.7,26709,49563,ok
04:30:28,67.4,97.7,25247,49572,ok
04:30:29,65.8,98.0,26682,49893,ok
04:30:30,64.0,97.3,26335,49448,ok
04:30:31,63.0,97.0,25665,49035,ok
04:30:32,62.8,96.5,25652,48154,ok
04:30:33,65.7,98.3,26001,49997,ok
04:30:34,64.9,97.4,26223,48226,ok
04:30:35,65.0,97.2,25648,49623,ok
04:30:36,63.0,98.3,25614,48834,ok
04:30:37,64.0,97.7,25197,48859,ok
04:30:38,65.9,97.1,25866,48833,ok
04:30:39,66.6,97.0,25787,49779,ok
04:30:40,65.9,97.4,25121,49780,ok
04:30:41,64.8,96.7,26738,48704,ok
04:30:42,65.0,97.5,26708,48619,ok
04:30:43,65.5,97.4,26175,48147,ok
04:30:44,63.5,96.8,25200,48506,ok
04:30:45,66.5,97.8,26953,49336,ok
04:30:46,62.7,96.8,25577,49783,ok
04:30:47,66.4,97.3,25362,48337,ok
04:30:48,64.3,97.0,26767,49320,ok
04:30:49,63.5,97.3,26482,48460,ok
04:30:50,66.0,97.6,25023,49119,ok
04:30:51,67.0,96.9,25574,48841,ok
04:30:52,64.2,96.2,25151,49253,ok
04:30:53,67.7,96.8,26315,49868,ok
04:30:54,65.8,96.5,26794,48996,ok
04:30:55,68.8,96.7,26958,49380,ok
04:30:56,65.7,97.5,26724,48929,ok
04:30:57,63.9,96.9,26366,49383,ok
04:30:58,61.1,96.8,26021,49749,ok
04:30:59,69.0,97.2,26518,48779,ok
04:31:00,65.0,96.6,25106,48319,ok
04:31:01,63.8,96.6,26829,48828,ok
04:31:02,66.2,96.8,25486,48087,ok
04:31:03,64.2,97.7,26727,48290,ok
04:31:04,66.0,96.6,25044,49168,ok
04:31:05,61.8,97.3,25933,48253,ok
04:31:06,66.1,96.6,26822,48887,ok
04:31:07,61.8,97.6,25165,49404,ok
04:31:08,63.7,96.9,26923,48879,ok
04:31:09,62.1,96.8,26990,48224,ok
04:31:10,62.2,97.1,26352,48944,ok
04:31:11,63.9,97.4,26038,49805,ok
04:31:12,61.3,96.4,26509,49487,ok
04:31:13,67.4,96.7,26952,49425,ok
04:31:14,67.7,96.6,26010,48900,ok
04:31:15,61.1,96.2,25236,48654,ok
04:31:16,64.1,96.5,26307,48758,ok
04:31:17,66.9,96.8,26548,49071,ok
04:31:18,61.2,97.4,25351,49046,ok
04:31:19,67.6,97.4,26435,48219,ok
04:31:20,66.0,97.1,25858,49227,ok
04:31:21,65.9,97.0,25399,48668,ok
04:31:22,66.6,96.4,26205,48573,ok
04:31:23,65.0,97.1,26161,49403,ok
04:31:24,65.7,97.5,26177,49447,ok
04:31:25,67.7,96.9,26250,49372,ok
04:31:26,65.5,96.9,25510,49340,ok
04:31:27,66.7,96.9,25528,48946,ok
04:31:28,67.1,97.2,26756,48473,ok
04:31:29,66.2,96.6,25080,49473,ok
04:31:30,70.0,96.8,25751,48953,ok
04:31:31,65.9,97.3,26396,49868,ok
04:31:32,65.3,97.2,26950,49724,ok
04:31:33,63.0,96.9,25112,48686,ok
04:31:34,67.6,97.2,26953,48679,ok
04:31:35,66.0,96.3,25631,49362,ok
04:31:36,65.4,97.6,25109,48613,ok
04:31:37,65.5,97.5,26988,49330,ok
04:31:38,64.4,97.0,26546,48154,ok
04:31:39,65.1,96.7,26890,49678,ok
04:31:40,64.4,95.9,26427,49497,ok
04:31:41,64.9,97.6,25637,49726,ok
04:31:42,63.8,97.0,25202,49509,ok
04:31:43,64.6,96.9,26934,48620,ok
04:31:44,63.9,96.8,26116,48176,ok
04:31:45,66.5,97.1,25917,49938,ok
04:31:46,65.1,96.8,26490,49935,ok
04:31:47,63.8,97.1,25274,49363,ok
04:31:48,64.1,96.4,25743,48838,ok
04:31:49,65.0,96.8,26084,49957,ok
04:31:50,61.5,96.6,26694,48067,ok
04:31:51,64.9,96.8,26281,49346,ok
04:31:52,63.0,97.3,26370,49173,ok
04:31:53,64.8,96.1,26289,48261,ok
04:31:54,62.7,97.3,25521,48220,ok
04:31:55,64.1,97.2,26562,48947,ok
04:31:56,63.3,96.5,25796,48784,ok
04:31:57,63.0,96.9,26603,48954,ok
04:31:58,64.1,97.6,26554,49728,ok
04:31:59,65.3,97.0,25921,48100,ok
04:32:00,65.4,96.5,25351,48524,ok
04:32:01,61.4,97.3,26865,48091,ok
04:32:02,64.4,96.5,26974,48194,ok
04:32:03,64.6,97.3,25706,48868,ok
04:32:04,65.4,97.6,26722,49012,ok
04:32:05,64.4,97.6,26209,49011,ok
04:32:06,65.0,97.2,25053,48067,ok
04:32:07,65.0,96.3,25829,49029,ok
04:32:08,64.3,97.4,26583,48567,ok
04:32:09,69.5,96.5,25936,48142,ok
04:32:10,62.6,96.4,25936,48160,ok
04:32:11,63.3,96.3,25808,48132,ok
04:32:12,62.8,96.3,26274,49742,ok
04:32:13,66.2,96.3,25539,48024,ok
04:32:14,64.7,97.6,25110,49054,ok
04:32:15,63.7,96.9,25259,48884,ok
04:32:16,62.5,96.3,25276,49515,ok
04:32:17,66.3,96.2,25246,48361,ok
04:32:18,65.0,97.4,25542,49119,ok
04:32:19,62.3,97.3,25051,48174,ok
04:32:20,66.0,97.2,25602,49331,ok
04:32:21,64.9,98.0,26219,49046,ok
04:32:22,68.6,96.8,25547,48440,ok
04:32:23,62.1,97.2,25178,49645,ok
04:32:24,65.1,97.4,25301,49066,ok
04:32:25,64.1,95.9,26222,49004,ok
04:32:26,64.9,96.9,25374,48586,ok
04:32:27,68.0,97.4,26103,49867,ok
04:32:28,65.4,95.8,26724,48604,ok
04:32:29,62.9,97.0,25870,49755,ok
04:32:30,65.8,96.7,25711,49343,ok
04:32:31,61.6,97.5,26882,48693,ok
04:32:32,64.4,96.9,25605,49748,ok
04:32:33,63.9,97.7,25830,49793,ok
04:32:34,67.0,96.5,26608,49469,ok
04:32:35,67.5,97.4,25209,49569,ok
04:32:36,63.1,97.3,25292,49650,ok
04:32:37,62.3,96.8,25511,48290,ok
04:32:38,66.3,96.6,25678,48555,ok
04:32:39,64.2,97.3,26162,48510,ok
04:32:40,68.9,97.2,25895,48771,ok
04:32:41,70.3,96.8,26372,49935,ok
04:32:42,63.7,96.2,25255,48570,ok
04:32:43,64.9,96.6,26185,49241,ok
04:32:44,67.4,96.6,26361,49658,ok
04:32:45,64.0,96.9,26240,49999,ok
04:32:46,62.9,96.6,26843,48815,ok
04:32:47,64.9,97.0,26641,49309,ok
04:32:48,66.6,96.0,25048,49776,ok
04:32:49,64.4,96.0,26544,49843,ok
04:32:50,64.1,96.6,26076,49589,ok
04:32:51,64.8,97.2,25374,48324,ok
04:32:52,64.2,97.3,26234,49203,ok
04:32:53,66.2,96.8,25782,49626,ok
04:32:54,62.9,97.8,26495,48962,ok
04:32:55,65.5,97.2,26024,49798,ok
04:32:56,66.2,97.3,25890,48861,ok
04:32:57,65.6,97.1,25682,49272,ok
04:32:58,66.4,97.5,26579,49130,ok
04:32:59,66.2,97.0,26770,48636,ok
04:33:00,62.9,96.8,25035,48775,ok
04:33:01,66.2,97.0,26420,48476,ok
04:33:02,65.2,96.5,26905,49803,ok
04:33:03,69.3,96.9,26900,48565,ok
04:33:04,63.3,96.3,26283,48885,ok
04:33:05,66.9,96.7,25069,49704,ok
04:33:06,65.5,96.1,25515,49309,ok
04:33:07,67.5,97.0,25880,48597,ok
04:33:08,64.9,97.8,26040,48995,ok
04:33:09,66.7,97.7,25956,49035,ok
04:33:10,65.2,97.1,26018,48224,ok
04:33:11,65.1,97.2,26177,48263,ok
04:33:12,66.0,96.8,25012,49967,ok
04:33:13,64.8,96.5,26503,49518,ok
04:33:14,66.7,97.1,26388,48149,ok
04:33:15,64.6,97.6,26179,49671,ok
04:33:16,64.1,97.4,26245,48885,ok
04:33:17,62.6,96.7,25710,48142,ok
04:33:18,61.3,96.6,26205,48409,ok
04:33:19,62.9,97.0,26807,49535,ok
04:33:20,63.3,96.7,26771,49678,ok
04:33:21,67.2,97.4,25335,48928,ok
04:33:22,64.3,96.5,25095,48225,ok
04:33:23,66.9,97.7,25620,49035,ok
04:33:24,63.2,97.0,26246,49075,ok
04:33:25,67.7,97.5,26444,48274,ok
04:33:26,64.8,97.2,25188,48411,ok
04:33:27,68.6,97.4,26802,49854,ok
04:33:28,67.0,97.8,26013,49959,ok
04:33:29,65.0,96.7,25397,49110,ok
04:33:30,62.0,97.6,25847,49015,ok
04:33:31,63.9,97.2,25474,49050,ok
04:33:32,61.1,96.2,26894,48689,ok
04:33:33,67.3,96.8,25811,49435,ok
04:33:34,64.6,96.7,26693,49102,ok
04:33:35,66.6,97.3,26499,49865,ok
04:33:36,67.4,97.1,25292,48059,ok
04:33:37,64.3,96.7,26860,48404,ok
04:33:38,66.1,96.7,25305,48217,ok
04:33:39,64.6,97.1,25696,48107,ok
04:33:40,65.6,96.5,25882,48318,ok
04:33:41,61.2,96.7,25131,48028,ok
04:33:42,64.0,96.6,25197,48032,ok
04:33:43,65.8,96.9,25452,49539,ok
04:33:44,67.2,96.4,25010,49435,ok
04:33:45,63.8,97.7,26201,49723,ok
04:33:46,63.0,97.8,26891,48961,ok
04:33:47,60.5,96.9,26539,49110,ok
04:33:48,64.6,96.7,25224,48199,ok
04:33:49,65.3,95.6,25730,49587,ok
04:33:50,66.4,96.5,26001,49879,ok
04:33:51,63.2,97.1,26543,49324,ok
04:33:52,64.5,97.2,26862,49161,ok
04:33:53,63.1,96.0,25106,48676,ok
04:33:54,68.9,97.7,25744,48566,ok
04:33:55,68.5,97.2,25077,49165,ok
04:33:56,62.3,97.1,26346,49189,ok
04:33:57,65.5,98.3,25902,49326,ok
04:33:58,66.4,96.8,25718,49233,ok
04:33:59,63.5,97.5,25854,48879,ok
04:34:00,64.9,97.5,26983,49673,ok
04:34:01,66.8,97.7,26628,48049,ok
04:34:02,65.1,97.4,26420,49716,ok
04:34:03,66.1,97.2,25186,49685,ok
04:34:04,68.0,97.1,25779,48829,ok
04:34:05,64.1,96.8,26755,48699,ok
04:34:06,70.1,97.1,25180,49761,ok
04:34:07,65.6,97.2,26923,49489,ok
04:34:08,61.3,96.1,25891,49179,ok
04:34:09,66.8,96.4,26881,49227,ok
04:34:10,65.5,97.6,26545,48724,ok
04:34:11,63.2,96.4,26054,49721,ok
04:34:12,65.4,96.8,25219,48081,ok
04:34:13,63.3,97.3,26680,48826,ok
04:34:14,66.9,96.7,25344,48502,ok
04:34:15,63.1,96.9,26546,49125,ok
04:34:16,66.4,96.2,25708,48016,ok
04:34:17,63.9,96.3,26211,49172,ok
04:34:18,65.6,97.1,25539,49643,ok
04:34:19,64.4,97.0,25442,48546,ok
04:34:20,66.4,97.3,26468,48369,ok
04:34:21,65.7,96.8,26196,48726,ok
04:34:22,65.2,97.4,26817,48752,ok
04:34:23,70.0,97.7,25253,49438,ok
04:34:24,64.4,96.7,26021,48700,ok
04:34:25,64.8,97.0,26974,49107,ok
04:34:26,66.0,97.4,26133,49657,ok
04:34:27,66.5,97.2,25433,48218,ok
04:34:28,64.8,96.5,25999,49934,ok
04:34:29,65.5,96.5,26248,49115,ok
04:34:30,63.8,96.3,26344,48823,ok
04:34:31,65.0,97.9,25626,49463,ok
04:34:32,66.4,97.5,26479,49260,ok
04:34:33,64.6,97.2,25073,48474,ok
04:34:34,64.6,96.5,25551,48019,ok
04:34:35,68.9,95.9,25365,48058,ok
04:34:36,62.4,97.3,25074,49113,ok
04:34:37,63.6,96.7,26251,48900,ok
04:34:38,66.0,97.3,26552,49991,ok
04:34:39,65.9,96.2,25545,48109,ok
04:34:40,66.6,96.3,26229,48810,ok
04:34:41,62.5,96.7,26422,48881,ok
04:34:42,68.8,97.5,25711,48441,ok
04:34:43,67.6,97.2,26841,49634,ok
04:34:44,61.4,96.5,26735,49761,ok
04:34:45,67.1,96.7,25807,48240,ok
04:34:46,64.3,96.7,26866,48446,ok
04:34:47,65.1,97.0,26105,49682,ok
04:34:48,65.3,97.3,25211,49951,ok
04:34:49,64.0,96.5,26439,48614,ok
04:34:50,66.1,97.6,26372,49406,ok
04:34:51,66.0,97.3,26396,48731,ok
04:34:52,60.8,97.5,25233,48549,ok
04:34:53,62.9,96.5,26324,49866,ok
04:34:54,64.4,97.3,25047,49852,ok
04:34:55,61.3,97.2,26171,49825,ok
04:34:56,66.4,97.1,25570,49040,ok
04:34:57,61.4,98.1,26331,49938,ok
04:34:58,65.7,96.6,26422,48733,ok
04:34:59,68.1,97.4,26997,49168,ok
04:35:00,68.6,97.4,26479,48221,ok
04:35:01,63.7,97.2,26579,48869,ok
04:35:02,61.4,97.2,26972,49942,ok
04:35:03,63.6,96.7,25759,49748,ok
04:35:04,63.0,96.5,26808,48437,ok
04:35:05,60.3,96.6,26335,49689,ok
04:35:06,68.9,96.3,25111,48728,ok
04:35:07,65.0,97.8,26467,48596,ok
04:35:08,64.1,97.5,26730,48852,ok
04:35:09,68.7,97.3,26815,48319,ok
04:35:10,64.7,97.1,26179,48853,ok
04:35:11,70.6,96.9,26752,48647,ok
04:35:12,66.3,96.5,25993,49271,ok
04:35:13,65.2,97.8,26802,49803,ok
04:35:14,68.4,97.5,25631,49422,ok
04:35:15,66.8,96.9,25728,48548,ok
04:35:16,67.8,97.7,26956,49438,ok
04:35:17,66.5,96.4,26115,48613,ok
04:35:18,67.6,96.6,26128,49445,ok
04:35:19,66.1,97.6,26495,48228,ok
04:35:20,65.1,97.1,25723,49457,ok
04:35:21,67.2,97.0,26050,49809,ok
04:35:22,63.4,97.1,25296,48500,ok
04:35:23,66.4,96.1,26402,48042,ok
04:35:24,67.4,97.1,25782,48505,ok
04:35:25,63.9,96.6,26789,48390,ok
04:35:26,65.0,96.9,26213,49397,ok
04:35:27,61.5,96.7,25568,49359,ok
04:35:28,66.8,97.2,26995,48326,ok
04:35:29,63.6,96.5,25578,48570,ok
04:35:30,63.6,97.3,26945,48731,ok
04:35:31,66.3,97.8,25817,48749,ok
04:35:32,66.1,96.0,25262,49274,ok
04:35:33,64.5,97.3,26572,48726,ok
04:35:34,67.6,96.6,26500,49902,ok
04:35:35,64.5,96.8,26396,48663,ok
04:35:36,64.1,97.6,26744,48838,ok
04:35:37,64.0,97.1,26765,49747,ok
04:35:38,63.4,96.6,25935,48964,ok
04:35:39,64.2,96.8,25276,48631,ok
04:35:40,64.6,96.3,26716,48685,ok
04:35:41,62.9,97.1,25909,49358,ok
04:35:42,64.1,98.4,26349,48109,ok
04:35:43,63.5,96.9,25487,49201,ok
04:35:44,62.7,96.9,25195,49795,ok
04:35:45,64.7,96.6,25261,48494,ok
04:35:46,64.8,96.5,26848,48201,ok
04:35:47,67.9,96.2,25021,48829,ok
04:35:48,64.5,96.6,25364,49491,ok
04:35:49,65.5,96.7,25105,48667,ok
04:35:50,69.6,97.5,26347,49171,ok
04:35:51,63.9,97.6,26930,49962,ok
04:35:52,62.1,97.3,25855,49215,ok
04:35:53,62.5,96.9,26469,49267,ok
04:35:54,67.2,97.0,25544,48117,ok
04:35:55,67.7,97.2,25481,48496,ok
04:35:56,64.8,97.1,25486,48495,ok
04:35:57,67.8,97.7,26870,48688,ok
04:35:58,64.0,97.3,26371,49821,ok
04:35:59,64.2,97.3,26331,48810,ok
04:36:00,62.8,96.8,25158,49677,ok
04:36:01,65.1,97.8,26747,48917,ok
04:36:02,65.2,96.3,26086,49192,ok
04:36:03,65.5,97.2,25193,48437,ok
04:36:04,65.2,96.1,26548,49825,ok
04:36:05,66.0,97.5,26382,48251,ok
04:36:06,64.5,97.7,25065,49735,ok
04:36:07,64.9,97.2,26712,48726,ok
04:36:08,63.7,96.5,25442,48435,ok
04:36:09,62.3,96.5,25438,49945,ok
04:36:10,61.0,97.0,26032,49931,ok
04:36:11,65.1,96.6,25830,49214,ok
04:36:12,70.4,97.9,25948,48193,ok
04:36:13,66.9,96.1,26878,48569,ok
04:36:14,64.4,97.1,25637,48208,ok
04:36:15,63.4,96.2,26354,48758,ok
04:36:16,67.7,97.4,25636,48979,ok
04:36:17,68.5,97.4,25345,49368,ok
04:36:18,65.6,97.6,25195,48181,ok
04:36:19,63.5,96.8,26620,49842,ok
04:36:20,66.1,96.4,26126,48621,ok
04:36:21,63.6,96.5,25784,48911,ok
04:36:22,62.1,97.8,26346,48506,ok
04:36:23,62.5,96.2,25769,48179,ok
04:36:24,64.9,97.9,26707,48352,ok
04:36:25,62.7,96.7,26519,49705,ok
04:36:26,65.9,97.2,26234,49662,ok
04:36:27,65.6,96.6,25685,48039,ok
04:36:28,64.2,97.4,26003,49626,ok
04:36:29,64.2,97.2,26955,48671,ok
04:36:30,60.9,97.1,25894,49407,ok
04:36:31,67.8,96.3,26645,48186,ok
04:36:32,66.1,97.5,26421,48169,ok
04:36:33,65.7,96.9,25749,49621,ok
04:36:34,63.5,96.3,25343,48227,ok
04:36:35,67.4,96.7,26360,48358,ok
04:36:36,66.7,96.8,26839,49176,ok
04:36:37,65.9,96.3,25222,49086,ok
04:36:38,66.1,96.7,26566,49113,ok
04:36:39,67.5,97.6,26735,48064,ok
04:36:40,61.6,96.3,26887,49177,ok
04:36:41,66.1,96.3,26801,49744,ok
04:36:42,64.0,96.7,26902,48865,ok
04:36:43,65.2,97.7,26938,49847,ok
04:36:44,65.3,96.8,26829,48120,ok
04:36:45,68.9,96.7,25080,49231,ok
04:36:46,65.7,96.3,25359,48431,ok
04:36:47,66.3,97.0,25902,48019,ok
04:36:48,64.1,97.9,26762,49068,ok
04:36:49,67.6,97.7,26230,48444,ok
04:36:50,67.5,98.5,25174,49493,ok
04:36:51,65.0,97.6,26433,48896,ok
04:36:52,61.7,97.0,25725,49444,ok
04:36:53,66.4,97.3,25993,48878,ok
04:36:54,67.8,96.5,26291,48785,ok
04:36:55,65.0,96.5,26100,49479,ok
04:36:56,66.3,96.3,26597,48670,ok
04:36:57,61.1,96.8,26341,48368,ok
04:36:58,61.7,97.2,26306,49934,ok
04:36:59,67.5,97.4,25007,49627,ok
04:37:00,65.4,96.0,26858,49711,ok
04:37:01,62.9,97.3,25527,48530,ok
04:37:02,65.5,97.3,26570,49728,ok
04:37:03,67.1,96.8,26459,49432,ok
04:37:04,57.4,97.1,26243,49544,ok
04:37:05,65.4,96.4,26060,49538,ok
04:37:06,63.4,97.0,25647,49128,ok
04:37:07,66.6,96.5,26890,49775,ok
04:37:08,67.5,97.0,25553,49856,ok
04:37:09,70.0,96.7,26604,49850,ok
04:37:10,64.5,97.7,26675,48029,ok
04:37:11,65.4,96.0,26186,48275,ok
04:37:12,65.3,96.6,26238,49383,ok
04:37:13,69.8,97.8,25133,49289,ok
04:37:14,68.9,97.0,26559,48834,ok
04:37:15,65.4,96.2,26589,48615,ok
04:37:16,62.9,97.1,26463,48779,ok
04:37:17,63.5,97.3,25086,49520,ok
04:37:18,65.8,96.7,25537,48299,ok
04:37:19,66.9,97.1,25707,48898,ok
04:37:20,64.0,97.4,25626,49377,ok
04:37:21,62.7,96.4,26970,48399,ok
04:37:22,62.9,96.9,26058,48572,ok
04:37:23,65.6,97.5,26407,48553,ok
04:37:24,64.7,96.8,26969,48796,ok
04:37:25,64.9,97.8,25037,48611,ok
04:37:26,68.2,97.0,26053,49543,ok
04:37:27,67.4,96.9,26056,49193,ok
04:37:28,64.3,96.3,25979,48492,ok
04:37:29,62.7,96.8,25292,48436,ok
04:37:30,65.9,97.5,26562,49257,ok
04:37:31,65.3,97.8,26867,48363,ok
04:37:32,63.5,96.4,26136,48658,ok
04:37:33,66.0,97.3,25298,49225,ok
04:37:34,60.5,96.8,26565,48346,ok
04:37:35,66.8,96.2,25602,48132,ok
04:37:36,63.0,97.4,25483,49392,ok
04:37:37,62.1,98.0,25538,48192,ok
04:37:38,64.9,96.5,25639,49496,ok
04:37:39,65.0,96.8,26261,49514,ok
04:37:40,61.1,96.9,26199,48843,ok
04:37:41,66.8,97.1,25678,49030,ok
04:37:42,66.3,97.7,25614,49699,ok
04:37:43,64.5,96.9,25719,48675,ok
04:37:44,64.5,96.5,25966,49798,ok
04:37:45,62.5,96.1,26088,48918,ok
04:37:46,64.6,97.3,26993,49874,ok
04:37:47,64.7,96.9,25880,48873,ok
04:37:48,66.8,97.5,25179,48180,ok
04:37:49,68.0,96.4,26007,49637,ok
04:37:50,64.3,98.1,26838,49155,ok
04:37:51,64.2,97.0,26818,48725,ok
04:37:52,63.9,96.7,26604,48933,ok
04:37:53,66.3,97.0,25753,49984,ok
04:37:54,63.0,97.5,25523,49608,ok
04:37:55,59.7,97.1,26158,48548,ok
04:37:56,64.1,98.0,25140,49623,ok
04:37:57,66.3,96.7,25815,49262,ok
04:37:58,62.8,97.1,25214,49894,ok
04:37:59,64.4,97.3,26517,49278,ok
04:38:00,67.8,97.3,25419,49938,ok
04:38:01,67.4,96.8,25802,49357,ok
04:38:02,70.4,97.2,26876,49021,ok
04:38:03,60.7,97.8,26765,48133,ok
04:38:04,65.0,97.9,25036,49790,ok
04:38:05,63.8,96.7,25978,48530,ok
04:38:06,66.3,97.0,25661,49761,ok
04:38:07,66.6,97.0,26085,48847,ok
04:38:08,66.1,97.4,25454,48672,ok
04:38:09,63.6,97.3,25953,49825,ok
04:38:10,65.3,97.3,26949,49607,ok
04:38:11,69.0,97.4,26481,49459,ok
04:38:12,63.7,97.4,26996,49334,ok
04:38:13,63.9,97.0,26085,49752,ok
04:38:14,61.6,97.3,26131,49329,ok
04:38:15,63.0,97.5,26571,49755,ok
04:38:16,65.6,97.2,26764,49720,ok
04:38:17,62.6,96.6,25140,49446,ok
04:38:18,65.8,96.5,25963,48533,ok
04:38:19,68.0,97.5,26072,48634,ok
04:38:20,65.3,96.7,26815,48347,ok
04:38:21,65.8,98.2,26943,49061,ok
04:38:22,64.5,96.1,26598,48618,ok
04:38:23,66.4,97.1,26986,48441,ok
04:38:24,66.9,96.9,26577,49846,ok
04:38:25,65.6,96.2,26986,49989,ok
04:38:26,67.9,96.6,25087,49250,ok
04:38:27,69.1,97.0,26110,49555,ok
04:38:28,65.4,96.2,26085,49477,ok
04:38:29,67.5,96.7,26083,49271,ok
04:38:30,64.6,98.0,26148,49107,ok
04:38:31,64.8,97.6,26111,49994,ok
04:38:32,67.0,96.6,26492,49053,ok
04:38:33,65.7,97.5,26049,49016,ok
04:38:34,65.5,96.0,25412,48228,ok
04:38:35,67.0,97.1,25281,48426,ok
04:38:36,67.3,97.2,26704,49326,ok
04:38:37,67.6,96.0,25759,48929,ok
04:38:38,64.4,96.5,25036,49788,ok
04:38:39,65.4,96.4,26099,49108,ok
04:38:40,65.9,97.0,26903,49379,ok
04:38:41,66.5,97.1,26467,48278,ok
04:38:42,63.1,95.8,25575,48348,ok
04:38:43,66.1,96.5,26978,49978,ok
04:38:44,64.1,96.4,25027,49154,ok
04:38:45,68.1,96.8,25385,49625,ok
04:38:46,63.4,96.7,26586,48496,ok
04:38:47,64.5,97.0,26727,48596,ok
04:38:48,62.7,96.8,25573,48311,ok
04:38:49,63.4,96.8,25878,49932,ok
04:38:50,61.5,96.4,26667,49023,ok
04:38:51,61.6,97.1,25997,48432,ok
04:38:52,64.9,96.9,26739,49687,ok
04:38:53,64.5,96.7,26363,48663,ok
04:38:54,63.3,97.3,26885,48829,ok
04:38:55,61.3,97.1,25523,48577,ok
04:38:56,66.0,97.1,26963,48908,ok
04:38:57,66.6,97.4,26605,49714,ok
04:38:58,65.1,96.7,26806,48097,ok
04:38:59,64.6,96.3,26651,49157,ok
04:39:00,64.6,97.5,26397,49558,ok
04:39:01,64.2,97.9,25533,48690,ok
04:39:02,65.1,97.5,25860,49510,ok
04:39:03,66.5,96.9,26835,48597,ok
04:39:04,64.5,96.9,26557,48772,ok
04:39:05,61.6,97.5,25305,49956,ok
04:39:06,63.1,97.0,26235,48623,ok
04:39:07,64.9,96.9,25183,49952,ok
04:39:08,65.4,96.7,26795,49621,ok
04:39:09,63.8,97.5,25421,49890,ok
04:39:10,63.6,96.9,25432,48206,ok
04:39:11,63.8,96.8,26072,49000,ok
04:39:12,64.1,96.2,26479,49653,ok
04:39:13,64.8,97.6,25197,48661,ok
04:39:14,67.7,95.8,25214,48942,ok
04:39:15,64.0,98.3,25100,49473,ok
04:39:16,64.2,96.7,25516,49443,ok
04:39:17,66.3,96.7,25142,48321,ok
04:39:18,61.9,96.4,25963,49824,ok
04:39:19,65.2,97.2,25286,48505,ok
04:39:20,65.4,97.7,26067,49107,ok
04:39:21,63.8,96.4,25173,49719,ok
04:39:22,65.6,96.1,25713,48931,ok
04:39:23,66.7,97.9,26294,48526,ok
04:39:24,61.5,97.8,26410,48584,ok
04:39:25,63.6,96.9,25662,48862,ok
04:39:26,66.3,98.2,26955,49112,ok
04:39:27,65.5,97.8,26310,48604,ok
04:39:28,66.9,97.0,25999,48479,ok
04:39:29,65.3,96.9,25691,49950,ok
04:39:30,64.1,96.7,26924,48382,ok
04:39:31,65.8,96.9,25241,49233,ok
04:39:32,66.4,96.6,25457,49256,ok
04:39:33,63.6,96.7,26819,49505,ok
04:39:34,64.3,98.0,26331,49716,ok
04:39:35,61.0,98.1,25292,48734,ok
04:39:36,64.8,96.5,25640,49497,ok
04:39:37,68.3,96.5,26827,48155,ok
04:39:38,63.6,96.8,26641,49275,ok
04:39:39,65.9,96.3,26527,48863,ok
04:39:40,62.4,97.0,26320,49798,ok
04:39:41,61.1,96.7,26753,49430,ok
04:39:42,69.1,97.2,25183,48513,ok
04:39:43,65.5,97.3,25014,48101,ok
04:39:44,67.0,96.3,26505,49871,ok
04:39:45,66.3,96.8,25240,49948,ok
04:39:46,61.9,97.5,25466,48430,ok
04:39:47,65.5,98.0,26049,49491,ok
04:39:48,66.4,96.9,25294,48307,ok
04:39:49,61.9,97.4,26443,48399,ok
04:39:50,64.8,97.3,25903,48224,ok
04:39:51,65.0,96.9,25807,48395,ok
04:39:52,63.5,97.0,26366,49541,ok
04:39:53,67.9,97.1,25450,48189,ok
04:39:54,65.7,97.3,25842,49171,ok
04:39:55,67.1,97.8,25844,48773,ok
04:39:56,66.5,97.5,26805,49443,ok
04:39:57,65.1,96.6,25277,49036,ok
04:39:58,64.4,96.4,25802,49438,ok
04:39:59,66.8,96.8,26721,48509,ok
04:40:00,65.6,97.6,26474,49133,ok
04:40:01,62.7,97.1,26570,49639,ok
04:40:02,67.8,96.7,26157,48028,ok
04:40:03,64.2,97.4,25271,48641,ok
04:40:04,70.0,97.3,26158,48463,ok
04:40:05,66.3,97.2,26731,49850,ok
04:40:06,65.6,97.0,26391,48541,ok
04:40:07,63.4,96.9,26242,48886,ok
04:40:08,63.2,96.9,26567,49619,ok
04:40:09,62.2,97.3,26185,49146,ok
04:40:10,63.7,97.5,26833,48914,ok
04:40:11,64.6,97.3,25268,49210,ok
04:40:12,61.7,96.3,25637,48682,ok
04:40:13,66.7,97.1,26560,48232,ok
04:40:14,64.4,97.3,26832,48478,ok
04:40:15,63.0,96.9,25776,48083,ok
04:40:16,65.1,96.7,25047,49599,ok
04:40:17,67.6,96.4,25391,48358,ok
04:40:18,69.0,97.0,25526,49988,ok
04:40:19,67.0,97.1,26529,48176,ok
04:40:20,65.1,97.0,26300,49250,ok
04:40:21,57.1,97.8,26857,48644,ok
04:40:22,65.4,97.7,25859,48162,ok
04:40:23,65.5,97.0,25828,49976,ok
04:40:24,63.8,96.5,25915,48169,ok
04:40:25,65.3,96.9,26313,48890,ok
04:40:26,65.3,97.1,26028,49128,ok
04:40:27,64.9,96.7,26349,48309,ok
04:40:28,69.8,97.6,25371,48644,ok
04:40:29,62.5,96.0,25022,48776,ok
04:40:30,65.7,96.5,25327,48901,ok
04:40:31,67.1,96.8,25535,49759,ok
04:40:32,64.2,96.0,25942,48715,ok
04:40:33,63.6,97.5,25485,49880,ok
04:40:34,65.4,96.3,26645,48548,ok
04:40:35,65.0,97.3,25476,48826,ok
04:40:36,64.8,97.2,25013,48112,ok
04:40:37,66.6,96.9,26032,49819,ok
04:40:38,66.7,97.2,26710,48714,ok
04:40:39,63.2,97.9,25954,48440,ok
04:40:40,65.6,96.7,25418,48215,ok
04:40:41,61.4,97.2,26234,48370,ok
04:40:42,66.8,97.2,26961,48839,ok
04:40:43,66.8,96.8,25664,49305,ok
04:40:44,63.1,97.6,25939,49978,ok
04:40:45,64.9,96.9,26458,49843,ok
04:40:46,65.4,97.0,25842,48271,ok
04:40:47,63.4,97.4,25869,49168,ok
04:40:48,64.6,96.9,26195,48504,ok
04:40:49,64.7,97.5,26263,48796,ok
04:40:50,64.5,97.2,26369,49144,ok
04:40:51,65.7,96.8,25777,49748,ok
04:40:52,63.9,96.8,25039,48528,ok
04:40:53,62.9,97.3,26449,49781,ok
04:40:54,63.9,96.6,26303,49711,ok
04:40:55,66.4,96.9,25652,48686,ok
04:40:56,66.3,96.4,25110,48194,ok
04:40:57,64.5,96.9,26194,48692,ok
04:40:58,63.4,97.3,26612,49863,ok
04:40:59,62.6,97.7,26763,49274,ok
04:41:00,63.1,96.5,25129,49368,ok
04:41:01,65.6,96.8,25454,49793,ok
04:41:02,62.5,96.7,26433,49612,ok
04:41:03,63.7,97.8,26820,49298,ok
04:41:04,66.7,96.8,26746,48612,ok
04:41:05,66.6,96.9,26185,48267,ok
04:41:06,67.2,96.9,26315,49708,ok
04:41:07,66.8,97.1,25710,48817,ok
04:41:08,66.1,96.8,26130,48858,ok
04:41:09,64.4,96.9,25052,48930,ok
04:41:10,66.3,97.0,26162,49380,ok
04:41:11,65.3,96.8,26821,48155,ok
04:41:12,63.3,96.9,25603,48246,ok
04:41:13,64.7,97.7,26660,48347,ok
04:41:14,63.5,96.4,25964,49343,ok
04:41:15,65.7,97.1,25282,49956,ok
04:41:16,64.1,98.0,25768,49638,ok
04:41:17,62.4,96.5,26660,49970,ok
04:41:18,61.9,97.8,25031,49069,ok
04:41:19,65.0,97.0,26964,49089,ok
04:41:20,63.4,97.6,26117,49461,ok
04:41:21,64.4,96.8,25113,49062,ok
04:41:22,65.9,97.4,25455,49355,ok
04:41:23,64.5,97.3,25857,48263,ok
04:41:24,62.0,96.7,25730,48927,ok
04:41:25,63.6,97.2,25374,49922,ok
04:41:26,64.3,97.3,25374,48971,ok
04:41:27,68.3,96.6,26080,48856,ok
04:41:28,63.4,96.7,25716,48955,ok
04:41:29,66.8,96.8,25912,49719,ok
04:41:30,64.5,96.6,25782,48442,ok
04:41:31,68.6,96.7,25150,48115,ok
04:41:32,63.4,97.6,26602,49061,ok
04:41:33,67.5,97.0,25256,49027,ok
04:41:34,66.7,97.4,25351,49150,ok
04:41:35,64.2,96.8,26815,49753,ok
04:41:36,61.0,97.0,26672,48684,ok
04:41:37,64.4,97.9,25825,48924,ok
04:41:38,64.4,96.4,25868,48691,ok
04:41:39,64.3,97.8,25201,49247,ok
04:41:40,66.8,96.3,26303,48964,ok
04:41:41,68.2,98.2,25529,49310,ok
04:41:42,66.5,96.5,25472,49009,ok
04:41:43,64.5,96.9,25918,48394,ok
04:41:44,66.4,97.2,25658,48237,ok
04:41:45,64.4,97.0,25884,48832,ok
04:41:46,63.5,96.8,26207,48191,ok
04:41:47,67.0,97.2,25754,49164,ok
04:41:48,63.4,97.2,25100,48629,ok
04:41:49,63.5,96.4,26785,49289,ok
04:41:50,62.2,96.6,26633,49048,ok
04:41:51,64.6,97.2,26731,49271,ok
04:41:52,66.0,97.7,26594,48448,ok
04:41:53,65.2,97.3,25638,48002,ok
04:41:54,64.7,97.4,25092,49613,ok
04:41:55,61.6,97.1,25038,48505,ok
04:41:56,63.4,97.3,26310,49302,ok
04:41:57,62.0,96.5,25510,48497,ok
04:41:58,60.6,97.0,25761,49568,ok
04:41:59,65.1,96.9,25276,49707,ok
04:42:00,64.6,97.5,25782,49604,ok
04:42:01,62.1,96.7,25258,49256,ok
04:42:02,63.0,97.2,26525,48842,ok
04:42:03,63.9,97.5,26111,48232,ok
04:42:04,63.7,97.5,26840,48064,ok
04:42:05,61.8,96.8,26425,49577,ok
04:42:06,64.2,96.5,26005,48945,ok
04:42:07,67.9,97.7,26942,49990,ok
04:42:08,63.6,96.6,26453,48495,ok
04:42:09,66.6,97.0,25878,48090,ok
04:42:10,67.4,97.0,26345,49957,ok
04:42:11,63.3,97.2,25552,49001,ok
04:42:12,63.7,97.4,25335,49005,ok
04:42:13,67.4,96.7,25569,49247,ok
04:42:14,62.0,97.2,25752,49125,ok
04:42:15,61.5,96.2,25413,48360,ok
04:42:16,64.9,96.4,25629,49317,ok
04:42:17,66.6,97.1,26882,49955,ok
04:42:18,59.6,98.0,26177,49992,ok
04:42:19,63.7,97.9,25368,48693,ok
04:42:20,64.2,97.3,25002,48372,ok
04:42:21,63.5,96.7,26285,48590,ok
04:42:22,65.3,96.1,25315,49098,ok
04:42:23,64.4,96.4,25615,49671,ok
04:42:24,62.1,96.7,26743,49795,ok
04:42:25,67.5,97.4,25939,49820,ok
04:42:26,67.8,96.5,25410,48093,ok
04:42:27,66.0,96.9,26776,49038,ok
04:42:28,65.2,97.0,26091,49382,ok
04:42:29,62.5,96.9,26798,49022,ok
04:42:30,63.1,96.5,25366,48354,ok
04:42:31,63.3,97.9,25118,49931,ok
04:42:32,64.9,97.4,26538,48817,ok
04:42:33,61.2,96.3,25321,49433,ok
04:42:34,65.2,98.2,25880,49642,ok
04:42:35,64.4,96.5,25877,48830,ok
04:42:36,65.4,96.6,26671,49173,ok
04:42:37,65.1,97.0,25207,49642,ok
04:42:38,64.7,96.7,26364,48832,ok
04:42:39,64.0,97.4,25592,49994,ok
04:42:40,63.4,96.9,26612,48311,ok
04:42:41,62.1,96.5,25105,48810,ok
04:42:42,63.6,97.3,25903,49880,ok
04:42:43,66.1,97.4,25856,49065,ok
04:42:44,62.8,97.1,25646,49907,ok
04:42:45,64.7,97.5,25110,48348,ok
04:42:46,64.8,97.3,26315,48444,ok
04:42:47,62.2,97.1,26831,48440,ok
04:42:48,63.1,96.7,26720,48792,ok
04:42:49,63.6,97.4,25526,49810,ok
04:42:50,65.3,96.8,26172,48328,ok
04:42:51,66.7,96.9,26225,48250,ok
04:42:52,66.7,97.0,25199,48709,ok
04:42:53,65.8,97.6,25386,49673,ok
04:42:54,65.1,98.1,26713,48830,ok
04:42:55,66.1,97.2,26190,48339,ok
04:42:56,66.9,97.3,25363,48381,ok
04:42:57,63.8,96.1,25753,49814,ok
04:42:58,67.7,97.9,26078,48290,ok
04:42:59,70.3,97.1,25844,49193,ok
04:43:00,66.4,97.1,26246,48174,ok
04:43:01,64.5,96.3,25013,49548,ok
04:43:02,67.0,96.8,25610,49329,ok
04:43:03,68.9,96.9,25263,48028,ok
04:43:04,63.6,97.3,25969,48532,ok
04:43:05,62.6,96.8,26259,49266,ok
04:43:06,65.9,96.6,25153,49243,ok
04:43:07,68.2,96.8,25456,48912,ok
04:43:08,65.2,96.3,25674,48655,ok
04:43:09,63.6,96.7,25667,49283,ok
04:43:10,65.0,97.0,26436,49636,ok
04:43:11,65.1,97.0,25693,49536,ok
04:43:12,68.3,97.2,25459,49297,ok
04:43:13,62.8,96.4,26647,48429,ok
04:43:14,65.6,96.9,25441,48304,ok
04:43:15,65.3,96.0,25534,48747,ok
04:43:16,64.0,96.7,26428,48731,ok
04:43:17,67.2,97.2,25166,49703,ok
04:43:18,65.9,97.2,25270,49931,ok
04:43:19,64.4,97.4,26872,49916,ok
04:43:20,59.2,97.0,26783,48645,ok
04:43:21,65.9,97.6,26422,49827,ok
04:43:22,64.3,96.6,25265,48459,ok
04:43:23,67.4,96.0,25881,49786,ok
04:43:24,67.8,97.1,25640,48501,ok
04:43:25,63.1,97.9,25420,49889,ok
04:43:26,62.6,96.7,26486,49860,ok
04:43:27,62.3,97.3,26199,48674,ok
04:43:28,68.7,97.3,26380,48821,ok
04:43:29,62.9,97.3,26749,48185,ok
04:43:30,61.8,97.4,25181,49703,ok
04:43:31,70.0,96.5,26033,49474,ok
04:43:32,64.8,96.9,26291,48921,ok
04:43:33,60.8,97.5,25099,48801,ok
04:43:34,67.9,97.9,25327,49571,ok
04:43:35,66.8,96.8,26190,49647,ok
04:43:36,62.9,97.3,26783,48820,ok
04:43:37,64.8,96.8,25495,48845,ok
04:43:38,64.7,97.1,26086,48454,ok
04:43:39,63.1,96.6,26775,49809,ok
04:43:40,61.7,96.1,26813,49218,ok
04:43:41,66.8,96.9,26956,48025,ok
04:43:42,67.7,96.8,25936,49648,ok
04:43:43,66.5,97.0,26867,49112,ok
04:43:44,64.3,96.8,25406,48012,ok
04:43:45,65.4,97.8,26462,49871,ok
04:43:46,64.4,97.6,26608,49232,ok
04:43:47,66.4,96.6,26661,48816,ok
04:43:48,65.3,97.2,26807,49838,ok
04:43:49,67.9,96.9,26566,49824,ok
04:43:50,59.9,97.3,26337,48889,ok
04:43:51,63.0,97.1,25607,48665,ok
04:43:52,67.0,97.0,26288,48613,ok
04:43:53,66.4,95.7,25864,49710,ok
04:43:54,64.7,96.9,25511,48406,ok
04:43:55,65.6,96.3,26852,48417,ok
04:43:56,61.8,96.9,25258,49499,ok
04:43:57,60.6,96.5,26474,48158,ok
04:43:58,63.7,97.2,25407,49166,ok
04:43:59,63.7,96.7,25798,49656,ok
04:44:00,65.4,97.1,25625,49273,ok
04:44:01,69.1,96.9,26016,48118,ok
04:44:02,66.8,98.2,25392,48835,ok
04:44:03,68.1,96.9,26035,49798,ok
04:44:04,62.2,96.6,25875,48517,ok
04:44:05,62.7,96.8,26996,49397,ok
04:44:06,61.9,96.1,25092,49698,ok
04:44:07,63.6,97.3,26361,48988,ok
04:44:08,64.9,96.4,26943,49162,ok
04:44:09,65.7,96.6,26887,48651,ok
04:44:10,66.6,96.5,25538,49650,ok
04:44:11,67.0,96.2,26049,48426,ok
04:44:12,65.6,96.6,25869,48132,ok
04:44:13,67.0,97.3,26280,49171,ok
04:44:14,63.6,97.0,26506,49801,ok
04:44:15,63.5,97.1,26239,48683,ok
04:44:16,65.0,97.1,26874,49611,ok
04:44:17,65.4,96.8,26347,48285,ok
04:44:18,63.4,97.3,25060,48993,ok
04:44:19,62.5,98.0,26437,48237,ok
04:44:20,64.5,97.7,26729,48739,ok
04:44:21,65.6,96.7,26525,48539,ok
04:44:22,66.0,96.7,25840,49629,ok
04:44:23,67.7,96.6,25915,48517,ok
04:44:24,66.1,97.2,26468,49959,ok
04:44:25,66.1,98.0,26953,48176,ok
04:44:26,69.6,97.3,26173,48066,ok
04:44:27,66.7,98.0,25457,48977,ok
04:44:28,65.4,96.8,26649,48719,ok
04:44:29,64.8,96.9,25693,48899,ok
04:44:30,64.9,97.2,26042,49851,ok
04:44:31,64.9,96.5,25062,49802,ok
04:44:32,70.0,96.6,25753,48960,ok
04:44:33,66.8,97.2,26489,48452,ok
04:44:34,63.1,96.9,25492,49783,ok
04:44:35,65.0,96.8,25975,48441,ok
04:44:36,64.2,97.9,26748,49140,ok
04:44:37,63.6,97.1,25591,49729,ok
04:44:38,61.6,96.7,25048,48724,ok
04:44:39,64.9,96.5,25598,49628,ok
04:44:40,67.5,97.4,25451,49034,ok
04:44:41,68.2,97.8,26858,49596,ok
04:44:42,63.4,96.2,25333,49294,ok
04:44:43,66.3,97.6,26147,49664,ok
04:44:44,69.4,97.0,26832,49353,ok
04:44:45,64.7,97.5,25381,48307,ok
04:44:46,65.4,96.8,25696,49741,ok
04:44:47,64.5,96.6,26782,48830,ok
04:44:48,67.0,96.7,26668,48671,ok
04:44:49,64.2,96.4,26125,48126,ok
04:44:50,66.1,96.8,26829,48043,ok
04:44:51,63.9,97.1,25478,48733,ok
04:44:52,65.3,96.6,25422,49003,ok
04:44:53,66.8,96.4,25095,48962,ok
04:44:54,64.5,96.6,25457,48857,ok
04:44:55,68.9,96.4,25474,49324,ok
04:44:56,67.1,97.0,26929,49145,ok
04:44:57,66.2,98.0,25546,48399,ok
04:44:58,67.8,97.2,25743,49721,ok
04:44:59,64.8,97.0,26700,49180,ok
04:45:00,66.7,97.1,25783,49633,ok
04:45:01,66.5,96.7,26060,48942,ok
04:45:02,65.4,96.7,26490,48831,ok
04:45:03,65.4,97.3,26517,49719,ok
04:45:04,64.7,97.0,26194,49446,ok
04:45:05,64.8,96.7,25716,48207,ok
04:45:06,66.0,97.3,25540,48523,ok
04:45:07,64.4,97.1,26608,49090,ok
04:45:08,64.2,96.5,25068,48488,ok
04:45:09,66.9,97.8,26494,48501,ok
04:45:10,66.8,96.3,25633,49570,ok
04:45:11,62.7,97.0,26750,48459,ok
04:45:12,64.7,96.9,26594,49131,ok
04:45:13,61.6,98.2,26782,49466,ok
04:45:14,66.9,97.3,25552,49905,ok
04:45:15,64.4,96.2,26749,49456,ok
04:45:16,67.7,96.1,25710,48313,ok
04:45:17,65.3,96.5,26169,48101,ok
04:45:18,62.4,97.3,26235,49705,ok
04:45:19,63.6,96.8,26062,48947,ok
04:45:20,63.6,96.8,25451,49199,ok
04:45:21,65.3,97.0,25313,48467,ok
04:45:22,70.8,97.2,25169,48162,ok
04:45:23,65.8,96.7,26146,48326,ok
04:45:24,65.0,97.1,26987,49581,ok
04:45:25,64.7,97.3,26410,49114,ok
04:45:26,60.4,96.5,25272,49729,ok
04:45:27,64.3,97.7,26568,48749,ok
04:45:28,65.7,97.9,25844,49106,ok
04:45:29,64.9,96.7,26019,48265,ok
04:45:30,65.2,97.2,25373,48155,ok
04:45:31,66.5,96.8,26006,49368,ok
04:45:32,62.2,96.8,25458,48175,ok
04:45:33,66.8,96.7,25017,48033,ok
04:45:34,64.5,98.0,25728,48142,ok
04:45:35,63.9,97.0,25033,48451,ok
04:45:36,67.4,96.9,26112,49413,ok
04:45:37,66.4,96.8,25333,49873,ok
04:45:38,62.8,96.1,26803,48755,ok
04:45:39,62.4,96.5,25640,48165,ok
04:45:40,62.9,96.6,25108,48020,ok
04:45:41,63.9,97.1,25353,48569,ok
04:45:42,62.3,96.9,26478,48984,ok
04:45:43,59.9,96.0,25076,49618,ok
04:45:44,66.1,98.0,26239,48145,ok
04:45:45,64.1,97.1,26028,49966,ok
04:45:46,64.6,96.5,26484,49521,ok
04:45:47,61.8,96.9,25250,49527,ok
04:45:48,67.8,97.4,25501,49404,ok
04:45:49,61.8,96.9,26610,48595,ok
04:45:50,64.1,97.1,25970,49091,ok
04:45:51,64.8,96.7,26634,48497,ok
04:45:52,64.9,96.9,26107,48844,ok
04:45:53,68.0,96.7,26746,49206,ok
04:45:54,66.5,95.9,26059,48045,ok
04:45:55,70.1,97.0,25609,48879,ok
04:45:56,65.3,97.4,26893,49898,ok
04:45:57,71.2,96.2,25468,49142,ok
04:45:58,63.2,97.6,25866,48816,ok
04:45:59,66.5,96.9,25754,49388,ok
04:46:00,64.1,96.9,26406,49631,ok
04:46:01,64.7,97.0,26949,49910,ok
04:46:02,65.9,96.8,25913,48857,ok
04:46:03,63.8,97.3,25329,48561,ok
04:46:04,65.1,96.9,26396,48892,ok
04:46:05,63.2,96.5,25182,48140,ok
04:46:06,64.2,97.0,25848,48055,ok
04:46:07,66.5,97.3,25179,49059,ok
04:46:08,63.0,96.7,26224,48647,ok
04:46:09,67.6,97.4,26641,49009,ok
04:46:10,69.4,96.5,26141,48504,ok
04:46:11,65.8,97.3,26484,49305,ok
04:46:12,65.3,96.6,26059,49629,ok
04:46:13,60.6,97.0,25585,48322,ok
04:46:14,63.8,97.7,26096,48969,ok
04:46:15,66.0,96.4,25180,49087,ok
04:46:16,64.7,96.7,26362,48312,ok
04:46:17,65.9,96.5,26599,48892,ok
04:46:18,65.3,97.6,25387,49061,ok
04:46:19,62.8,97.4,25777,48570,ok
04:46:20,62.7,96.3,25954,48492,ok
04:46:21,63.5,97.1,26376,48191,ok
04:46:22,63.2,97.0,25848,49567,ok
04:46:23,64.3,96.8,25697,48622,ok
04:46:24,65.5,97.5,26584,48723,ok
04:46:25,66.1,97.0,26929,49350,ok
04:46:26,63.6,96.9,26632,49333,ok
04:46:27,63.6,97.0,25412,49660,ok
04:46:28,64.1,97.0,26223,48843,ok
04:46:29,65.4,97.0,25317,49115,ok
04:46:30,65.1,96.7,26410,49905,ok
04:46:31,61.4,96.5,26828,48569,ok
04:46:32,66.8,96.1,25050,49245,ok
04:46:33,68.0,97.1,25807,48171,ok
04:46:34,62.6,97.5,26707,49034,ok
04:46:35,63.9,97.5,26397,49667,ok
04:46:36,64.5,97.2,26604,49570,ok
04:46:37,64.2,97.6,25756,49522,ok
04:46:38,63.0,96.6,26061,48227,ok
04:46:39,64.9,96.5,25090,49150,ok
04:46:40,61.2,97.1,25440,49712,ok
04:46:41,66.3,97.6,26095,49421,ok
04:46:42,64.6,97.1,26324,48160,ok
04:46:43,61.0,97.1,25211,48870,ok
04:46:44,66.4,97.5,26737,49393,ok
04:46:45,63.2,95.6,26460,49409,ok
04:46:46,65.3,97.2,25948,49533,ok
04:46:47,65.8,97.3,26007,49680,ok
04:46:48,64.7,97.1,26453,49618,ok
04:46:49,65.6,96.6,26397,49746,ok
04:46:50,61.4,96.4,26801,48669,ok
04:46:51,66.0,97.2,25160,49118,ok
04:46:52,65.7,98.1,25687,48239,ok
04:46:53,62.6,96.7,26819,49787,ok
04:46:54,66.6,96.2,25690,48932,ok
04:46:55,67.1,96.6,26612,49140,ok
04:46:56,66.2,96.8,25385,48385,ok
04:46:57,60.3,97.6,26332,48560,ok
04:46:58,65.6,96.9,26271,48897,ok
04:46:59,62.8,97.2,25273,49535,ok
04:47:00,65.7,96.7,25724,49560,ok
04:47:01,64.1,97.6,25265,48667,ok
04:47:02,62.8,97.2,26872,48491,ok
04:47:03,67.0,97.1,26194,49349,ok
04:47:04,63.5,97.7,25864,48868,ok
04:47:05,64.1,96.7,26969,48032,ok
04:47:06,65.0,97.8,26533,48281,ok
04:47:07,66.9,97.4,25948,48335,ok
04:47:08,64.2,97.3,26985,48937,ok
04:47:09,67.4,96.9,26433,48981,ok
04:47:10,65.5,97.3,25640,49577,ok
04:47:11,65.0,96.6,25279,48666,ok
04:47:12,62.4,97.4,26497,49180,ok
04:47:13,62.7,97.1,26271,49130,ok
04:47:14,63.3,97.2,26470,49601,ok
04:47:15,64.4,97.4,25617,49158,ok
04:47:16,67.0,96.4,26297,49589,ok
04:47:17,63.1,97.0,25777,48854,ok
04:47:18,65.8,97.0,25414,48730,ok
04:47:19,59.9,96.9,25001,49089,ok
04:47:20,66.7,97.1,26410,49514,ok
04:47:21,65.0,97.9,25410,48985,ok
04:47:22,66.8,97.4,25485,49426,ok
04:47:23,65.0,97.2,26194,49722,ok
04:47:24,66.9,96.6,25950,48812,ok
04:47:25,64.5,97.2,26942,48832,ok
04:47:26,63.7,96.3,26747,49812,ok
04:47:27,65.8,96.9,25667,48082,ok
04:47:28,65.2,96.9,25122,48791,ok
04:47:29,62.8,96.2,25831,49309,ok
04:47:30,63.0,97.2,25508,48382,ok
04:47:31,66.4,96.2,26342,48422,ok
04:47:32,64.1,97.0,25587,49316,ok
04:47:33,64.7,97.2,25445,49170,ok
04:47:34,61.5,97.2,26364,49184,ok
04:47:35,63.1,96.6,25109,48436,ok
04:47:36,60.1,97.4,25033,49560,ok
04:47:37,65.1,96.9,25282,49369,ok
04:47:38,65.6,97.1,26923,48792,ok
04:47:39,68.4,96.2,26890,48481,ok
04:47:40,66.2,97.2,25646,48101,ok
04:47:41,66.5,97.2,25425,48088,ok
04:47:42,68.5,97.2,26717,48836,ok
04:47:43,65.3,96.5,25646,49759,ok
04:47:44,63.5,96.5,25494,48808,ok
04:47:45,65.0,97.8,25715,48596,ok
04:47:46,67.2,96.7,26173,49935,ok
04:47:47,65.8,97.5,25792,48057,ok
04:47:48,66.1,96.8,26593,49662,ok
04:47:49,61.8,97.9,26925,49284,ok
04:47:50,65.8,96.7,25642,48730,ok
04:47:51,64.7,97.3,25455,49247,ok
04:47:52,63.8,97.1,25233,49931,ok
04:47:53,64.1,96.9,25471,48813,ok
04:47:54,66.2,96.1,25676,48732,ok
04:47:55,65.6,96.8,26877,48900,ok
04:47:56,65.3,96.3,26564,48502,ok
04:47:57,65.1,97.4,26325,48931,ok
04:47:58,66.6,97.1,26202,48640,ok
04:47:59,61.9,97.0,26833,49536,ok
04:48:00,67.7,96.8,25919,48874,ok
04:48:01,64.0,96.4,26905,49352,ok
04:48:02,64.3,97.1,25220,48674,ok
04:48:03,64.3,97.4,26676,49146,ok
04:48:04,64.1,97.2,25649,48505,ok
04:48:05,60.7,97.1,25959,48321,ok
04:48:06,63.7,97.2,25017,48631,ok
04:48:07,67.5,96.4,26275,49493,ok
04:48:08,67.6,97.7,25212,49156,ok
04:48:09,64.4,96.8,25748,48679,ok
04:48:10,65.1,96.4,26234,48529,ok
04:48:11,67.8,97.2,26126,48314,ok
04:48:12,62.7,97.6,25199,48077,ok
04:48:13,65.5,97.0,26258,48214,ok
04:48:14,69.7,97.5,26554,49265,ok
04:48:15,65.6,96.5,26828,49571,ok
04:48:16,66.1,96.9,25606,48404,ok
04:48:17,66.3,97.4,26086,49367,ok
04:48:18,66.9,97.3,26615,49746,ok
04:48:19,66.5,96.7,25952,48494,ok
04:48:20,64.0,97.3,25887,48439,ok
04:48:21,65.4,96.4,26457,48408,ok
04:48:22,65.0,98.0,26469,49848,ok
04:48:23,63.5,96.6,26604,49922,ok
04:48:24,64.6,97.1,26944,49474,ok
04:48:25,66.0,96.9,26985,49728,ok
04:48:26,58.4,97.3,26371,49081,ok
04:48:27,62.7,96.7,26424,49385,ok
04:48:28,59.9,97.5,25812,48748,ok
04:48:29,61.1,96.7,25194,49849,ok
04:48:30,66.8,96.2,25500,48490,ok
04:48:31,66.4,97.0,25973,48762,ok
04:48:32,63.3,97.0,26487,48221,ok
04:48:33,67.2,96.8,26340,49628,ok
04:48:34,60.4,97.9,26124,48641,ok
04:48:35,64.7,97.7,25123,48174,ok
04:48:36,65.7,96.8,26357,48973,ok
04:48:37,71.4,97.9,25392,49881,ok
04:48:38,64.2,97.3,26062,48326,ok
04:48:39,60.6,96.6,26442,48924,ok
04:48:40,65.4,98.0,26503,49550,ok
04:48:41,68.1,96.2,25934,49514,ok
04:48:42,68.9,97.1,25745,49389,ok
04:48:43,63.5,96.9,26349,49897,ok
04:48:44,68.3,97.9,25849,48344,ok
04:48:45,64.5,96.7,25922,48311,ok
04:48:46,63.8,97.4,26200,49777,ok
04:48:47,64.1,97.6,25227,48712,ok
04:48:48,67.4,97.4,25781,49144,ok
04:48:49,65.6,96.7,25848,49725,ok
04:48:50,61.1,97.1,25132,48343,ok
04:48:51,65.2,97.1,26716,48705,ok
04:48:52,67.0,97.2,25343,48252,ok
04:48:53,63.1,97.7,25377,49384,ok
04:48:54,68.1,96.9,26304,48391,ok
04:48:55,67.5,97.1,25713,48462,ok
04:48:56,65.4,96.9,26884,48352,ok
04:48:57,63.7,97.0,26616,49392,ok
04:48:58,61.6,97.0,25159,49057,ok
04:48:59,65.9,96.8,26253,49411,ok
04:49:00,63.3,97.6,26289,49953,ok
04:49:01,70.5,97.2,25077,49658,ok
04:49:02,64.6,97.2,25496,48796,ok
04:49:03,68.1,97.8,26108,48785,ok
04:49:04,64.6,97.8,26831,48447,ok
04:49:05,61.9,96.5,26718,48451,ok
04:49:06,65.8,96.7,25116,48784,ok
04:49:07,66.3,97.0,26916,49623,ok
04:49:08,63.0,96.5,25987,48877,ok
04:49:09,65.0,96.5,25604,49792,ok
04:49:10,65.0,96.4,25771,49436,ok
04:49:11,63.0,96.4,26979,49108,ok
04:49:12,67.3,95.9,26471,49945,ok
04:49:13,64.5,96.8,25296,49456,ok
04:49:14,62.5,97.9,26192,48810,ok
04:49:15,60.4,96.8,25477,49594,ok
04:49:16,60.1,96.9,26698,49131,ok
04:49:17,68.3,97.5,26840,49647,ok
04:49:18,65.7,96.9,26487,49317,ok
04:49:19,68.2,97.6,26671,49473,ok
04:49:20,67.5,97.2,26414,48440,ok
04:49:21,64.0,96.6,26909,49423,ok
04:49:22,64.9,97.2,25008,48286,ok
04:49:23,64.4,97.6,25821,49720,ok
04:49:24,66.8,97.3,26028,49519,ok
04:49:25,67.1,96.1,25582,48774,ok
04:49:26,66.1,96.7,25806,49232,ok
04:49:27,67.4,96.5,25838,48189,ok
04:49:28,66.7,97.0,26468,48477,ok
04:49:29,62.7,96.5,25241,48073,ok
04:49:30,66.3,96.3,25245,48402,ok
04:49:31,70.3,96.9,25655,49590,ok
04:49:32,67.5,96.9,26289,49553,ok
04:49:33,65.1,96.4,26010,49373,ok
04:49:34,65.5,97.6,26817,48492,ok
04:49:35,64.7,97.3,25344,49742,ok
04:49:36,63.9,96.1,25213,49136,ok
04:49:37,65.9,97.1,26601,48786,ok
04:49:38,65.2,96.9,26616,49928,ok
04:49:39,60.9,97.6,25525,48606,ok
04:49:40,61.1,97.2,26803,49925,ok
04:49:41,64.4,96.6,26403,49409,ok
04:49:42,61.5,97.6,25606,49125,ok
04:49:43,67.9,97.5,25282,48135,ok
04:49:44,68.6,96.1,26210,48303,ok
04:49:45,66.4,97.5,25243,49817,ok
04:49:46,63.7,96.3,25936,49721,ok
04:49:47,66.0,97.8,25278,49550,ok
04:49:48,67.4,97.0,25038,49726,ok
04:49:49,67.0,98.0,26617,48744,ok
04:49:50,66.4,96.8,26080,48378,ok
04:49:51,65.2,96.9,26028,49033,ok
04:49:52,64.8,97.6,25517,49967,ok
04:49:53,68.2,95.8,25776,49198,ok
04:49:54,64.5,97.4,25951,48064,ok
04:49:55,64.3,97.8,25405,49635,ok
04:49:56,68.0,97.1,25040,49642,ok
04:49:57,66.4,96.5,26937,48136,ok
04:49:58,67.9,97.0,26091,49618,ok
04:49:59,64.6,97.1,25353,48087,ok
04:50:00,63.8,97.0,26013,48303,ok
04:50:01,63.5,96.4,25030,49948,ok
04:50:02,64.2,96.8,25844,48454,ok
04:50:03,66.3,96.8,25367,48185,ok
04:50:04,65.2,96.7,25709,48606,ok
04:50:05,66.2,96.4,26490,49054,ok
04:50:06,65.8,97.5,25758,49520,ok
04:50:07,63.5,98.0,25747,48679,ok
04:50:08,66.0,96.5,25155,48706,ok
04:50:09,63.3,97.8,25217,48322,ok
04:50:10,65.8,96.3,25357,49348,ok
04:50:11,68.6,96.6,26552,48784,ok
04:50:12,65.8,96.6,25383,49540,ok
04:50:13,64.9,97.6,25523,48145,ok
04:50:14,62.9,97.1,26060,49134,ok
04:50:15,64.6,97.0,26779,48122,ok
04:50:16,67.5,96.5,25670,49669,ok
04:50:17,68.9,96.6,26462,49096,ok
04:50:18,65.0,97.3,26784,49801,ok
04:50:19,62.8,98.1,25293,49123,ok
04:50:20,63.5,96.7,26230,48929,ok
04:50:21,65.3,96.6,25859,48857,ok
04:50:22,66.2,97.0,25377,48287,ok
04:50:23,64.4,97.0,25188,49878,ok
04:50:24,67.0,97.0,26881,49953,ok
04:50:25,66.7,96.9,26172,48091,ok
04:50:26,66.8,96.7,25915,49713,ok
04:50:27,68.0,97.1,26070,48134,ok
04:50:28,64.3,96.3,25425,48367,ok
04:50:29,61.1,97.0,25453,48125,ok
04:50:30,62.7,97.4,26626,49488,ok
04:50:31,65.3,97.4,25828,48664,ok
04:50:32,63.1,97.1,25430,48867,ok
04:50:33,67.4,97.2,26711,48671,ok
04:50:34,64.1,95.9,26362,49588,ok
04:50:35,64.4,97.6,25070,49156,ok
04:50:36,64.8,96.6,25963,49471,ok
04:50:37,65.4,96.8,25085,49120,ok
04:50:38,65.3,97.1,26805,49213,ok
04:50:39,65.2,96.2,25147,49077,ok
04:50:40,64.4,97.1,25993,48251,ok
04:50:41,66.2,96.7,26298,49544,ok
04:50:42,64.7,96.4,25027,49097,ok
04:50:43,63.8,96.3,26166,48478,ok
04:50:44,66.2,96.7,25843,49095,ok
04:50:45,63.2,96.9,26698,48781,ok
04:50:46,64.3,96.8,25880,49482,ok
04:50:47,63.1,97.8,26680,48404,ok
04:50:48,65.3,97.2,26702,49833,ok
04:50:49,63.6,96.9,25711,48155,ok
04:50:50,65.7,96.7,25912,49284,ok
04:50:51,67.7,96.4,26334,48895,ok
04:50:52,61.1,96.3,25305,48646,ok
04:50:53,68.3,96.6,26254,49598,ok
04:50:54,61.0,97.6,25648,48239,ok
04:50:55,64.0,96.7,26324,48424,ok
04:50:56,64.4,97.7,25332,49186,ok
04:50:57,63.5,96.3,25140,49379,ok
04:50:58,63.8,97.4,26183,49785,ok
04:50:59,62.6,97.5,25044,49945,ok
04:51:00,62.7,96.6,25321,48836,ok
04:51:01,64.4,96.8,25395,49836,ok
04:51:02,63.2,96.5,25921,49640,ok
04:51:03,66.1,96.7,25565,48248,ok
04:51:04,64.8,96.5,26434,49848,ok
04:51:05,66.6,96.4,25506,48967,ok
04:51:06,69.8,96.1,26704,48980,ok
04:51:07,62.9,96.9,25207,49174,ok
04:51:08,65.0,97.1,25404,49691,ok
04:51:09,64.6,98.3,25780,48143,ok
04:51:10,65.5,97.6,25225,49421,ok
04:51:11,68.4,96.8,26786,49302,ok
04:51:12,62.2,98.6,25962,49823,ok
04:51:13,65.2,97.0,25678,48622,ok
04:51:14,67.0,96.1,26955,48447,ok
04:51:15,67.2,97.9,26796,48067,ok
04:51:16,67.2,97.7,25552,49960,ok
04:51:17,65.3,97.6,26826,48758,ok
04:51:18,65.1,96.4,25200,49661,ok
04:51:19,65.9,96.4,25704,49982,ok
04:51:20,65.8,97.9,25080,49876,ok
04:51:21,64.4,97.5,26777,48180,ok
04:51:22,65.9,96.3,25964,49658,ok
04:51:23,64.1,96.8,25001,49528,ok
04:51:24,66.2,96.7,25155,49932,ok
04:51:25,63.8,97.1,25760,48644,ok
04:51:26,66.1,97.3,26723,49935,ok
04:51:27,63.8,96.2,25902,49206,ok
04:51:28,67.5,96.5,26892,48002,ok
04:51:29,62.5,96.4,26499,49432,ok
04:51:30,66.2,97.4,26653,49999,ok
04:51:31,65.7,96.3,26577,49227,ok
04:51:32,66.0,96.7,25458,48002,ok
04:51:33,63.7,97.2,25549,48111,ok
04:51:34,69.2,97.3,26741,48100,ok
04:51:35,65.5,96.4,25891,48330,ok
04:51:36,64.1,96.9,26873,49045,ok
04:51:37,64.2,96.2,25710,48516,ok
04:51:38,65.9,98.1,25886,49270,ok
04:51:39,68.0,97.4,26481,48494,ok
04:51:40,65.4,96.4,25587,48237,ok
04:51:41,64.3,97.6,25758,48464,ok
04:51:42,63.2,97.1,25210,49391,ok
04:51:43,68.3,97.2,26950,48441,ok
04:51:44,66.6,97.0,25799,49579,ok
04:51:45,60.8,97.3,25889,49702,ok
04:51:46,66.7,97.1,26614,48575,ok
04:51:47,65.1,97.0,26922,48629,ok
04:51:48,62.9,97.2,25482,49099,ok
04:51:49,67.6,96.3,25127,49076,ok
04:51:50,64.3,97.3,26725,49039,ok
04:51:51,63.3,96.2,25770,49931,ok
04:51:52,65.3,96.8,26255,49835,ok
04:51:53,63.9,96.5,26835,48309,ok
04:51:54,66.5,97.1,25616,49555,ok
04:51:55,67.1,97.4,26280,49291,ok
04:51:56,63.8,97.3,25281,48305,ok
04:51:57,65.5,97.2,25916,48005,ok
04:51:58,67.1,96.9,25548,48713,ok
04:51:59,65.6,97.2,26048,48922,ok
04:52:00,65.3,96.8,25810,49300,ok
04:52:01,65.7,97.4,25235,48792,ok
04:52:02,62.6,97.4,26536,48732,ok
04:52:03,68.2,97.3,25654,49042,ok
04:52:04,64.2,97.0,25286,49413,ok
04:52:05,63.7,97.3,25379,49966,ok
04:52:06,65.6,97.2,25943,48161,ok
04:52:07,63.7,97.1,26082,48975,ok
04:52:08,65.0,97.3,26256,48655,ok
04:52:09,61.2,96.9,25414,48964,ok
04:52:10,69.1,96.7,25417,48961,ok
04:52:11,67.4,96.2,26211,48785,ok
04:52:12,61.6,96.6,26641,48584,ok
04:52:13,63.9,97.1,25418,48630,ok
04:52:14,63.4,96.2,26027,48346,ok
04:52:15,66.2,97.4,26464,48490,ok
04:52:16,70.3,96.6,26963,49358,ok
04:52:17,67.0,97.0,26566,48910,ok
04:52:18,66.0,97.2,25215,48465,ok
04:52:19,64.3,97.4,26811,49131,ok
04:52:20,70.0,97.1,26143,48146,ok
04:52:21,66.4,97.1,25765,49052,ok
04:52:22,64.7,96.7,26529,49493,ok
04:52:23,67.7,97.8,25145,48714,ok
04:52:24,63.1,97.0,25299,49977,ok
04:52:25,68.5,96.7,26648,48913,ok
04:52:26,62.9,97.0,26721,48064,ok
04:52:27,62.5,97.5,25601,48769,ok
04:52:28,66.2,97.2,25743,49869,ok
04:52:29,67.2,96.9,26677,48671,ok
04:52:30,65.1,96.2,26281,49337,ok
04:52:31,67.0,97.1,26829,49756,ok
04:52:32,66.5,97.5,25324,49283,ok
04:52:33,62.1,96.8,25445,48638,ok
04:52:34,66.2,96.8,26252,48848,ok
04:52:35,66.4,97.3,26244,49323,ok
04:52:36,66.4,95.9,25935,49416,ok
04:52:37,63.8,97.0,26680,49296,ok
04:52:38,64.1,97.1,25805,48477,ok
04:52:39,63.9,96.6,26787,48895,ok
04:52:40,63.5,97.3,26865,48637,ok
04:52:41,64.4,96.2,26101,48070,ok
04:52:42,66.5,97.6,25441,49926,ok
04:52:43,64.8,96.6,25615,48040,ok
04:52:44,66.5,97.3,25328,48935,ok
04:52:45,62.6,96.4,26336,49400,ok
04:52:46,66.2,97.3,25358,48047,ok
04:52:47,64.8,97.4,25575,48378,ok
04:52:48,67.0,97.3,25899,49496,ok
04:52:49,63.7,97.6,26987,48620,ok
04:52:50,67.2,96.6,25451,48509,ok
04:52:51,64.9,96.9,25460,48738,ok
04:52:52,65.0,96.0,26304,48314,ok
04:52:53,66.5,97.4,25354,49421,ok
04:52:54,62.7,96.5,26039,48622,ok
04:52:55,67.5,96.9,25603,48284,ok
04:52:56,64.5,96.7,25909,49964,ok
04:52:57,61.6,96.9,26693,48971,ok
04:52:58,63.0,97.4,25722,49525,ok
04:52:59,62.7,96.8,26761,49217,ok
04:53:00,66.9,96.8,26289,48924,ok
04:53:01,62.9,96.8,26295,48888,ok
04:53:02,62.7,96.8,25622,48603,ok
04:53:03,64.9,96.4,25090,49893,ok
04:53:04,65.6,96.8,25787,49815,ok
04:53:05,68.5,97.3,26026,48523,ok
04:53:06,67.0,97.0,25229,48170,ok
04:53:07,66.5,96.8,25471,49425,ok
04:53:08,69.5,96.7,26902,49574,ok
04:53:09,62.3,97.0,26491,48225,ok
04:53:10,65.1,96.9,25757,49966,ok
04:53:11,65.2,97.4,26814,48585,ok
04:53:12,65.3,96.3,26641,49165,ok
04:53:13,66.4,96.8,26894,49380,ok
04:53:14,65.2,97.8,26105,48864,ok
04:53:15,64.5,96.5,26940,48057,ok
04:53:16,64.6,97.4,25986,48252,ok
04:53:17,67.2,97.8,25629,49440,ok
04:53:18,66.5,95.9,25674,49696,ok
04:53:19,69.7,97.2,25603,48633,ok
04:53:20,60.9,96.7,25149,48773,ok
04:53:21,64.4,96.9,26389,48793,ok
04:53:22,64.4,97.1,26269,48501,ok
04:53:23,63.0,96.4,25069,48262,ok
04:53:24,62.1,96.3,26786,49862,ok
04:53:25,64.4,96.7,26676,49554,ok
04:53:26,63.6,97.0,25230,48279,ok
04:53:27,65.2,97.8,25267,49800,ok
04:53:28,61.5,96.7,25692,49335,ok
04:53:29,64.6,97.7,26557,48077,ok
04:53:30,66.6,96.7,26620,49183,ok
04:53:31,63.8,97.2,25224,49565,ok
04:53:32,63.8,97.7,26661,49692,ok
04:53:33,63.2,97.1,25893,49152,ok
04:53:34,63.1,97.1,25598,48318,ok
04:53:35,64.6,96.4,26602,48011,ok
04:53:36,63.2,98.2,26523,48845,ok
04:53:37,63.2,97.1,26876,49554,ok
04:53:38,62.9,97.4,26180,48189,ok
04:53:39,60.8,97.2,26276,48078,ok
04:53:40,63.1,96.0,26243,49100,ok
04:53:41,64.4,97.4,26393,48287,ok
04:53:42,63.5,98.0,26219,49871,ok
04:53:43,66.8,97.5,25603,48348,ok
04:53:44,66.8,95.9,26811,48876,ok
04:53:45,67.9,97.8,25494,49818,ok
04:53:46,62.8,97.3,25137,49424,ok
04:53:47,65.4,96.3,26435,48759,ok
04:53:48,64.7,97.1,26609,49238,ok
04:53:49,64.4,97.5,26256,48582,ok
04:53:50,60.2,96.9,26561,49672,ok
04:53:51,64.4,96.6,26757,48724,ok
04:53:52,63.6,97.4,25245,49874,ok
04:53:53,63.0,97.3,26511,48840,ok
04:53:54,65.4,97.6,26209,49740,ok
04:53:55,63.0,97.8,25267,49687,ok
04:53:56,65.0,97.0,25816,49043,ok
04:53:57,67.1,96.7,25378,49924,ok
04:53:58,69.3,97.9,25948,48217,ok
04:53:59,61.3,96.7,25645,48490,ok
04:54:00,63.6,96.0,26867,49168,ok
04:54:01,63.7,97.0,26546,49746,ok
04:54:02,64.4,97.7,25149,49787,ok
04:54:03,63.9,97.0,26853,49863,ok
04:54:04,65.6,96.9,25201,49115,ok
04:54:05,65.8,97.2,26827,48644,ok
04:54:06,61.2,97.4,25290,48184,ok
04:54:07,64.9,97.2,26809,49671,ok
04:54:08,65.0,97.2,26888,48631,ok
04:54:09,65.7,97.1,26854,49721,ok
04:54:10,66.9,96.9,26250,48980,ok
04:54:11,65.7,97.0,25945,48532,ok
04:54:12,65.6,97.2,25466,48073,ok
04:54:13,62.2,97.1,25849,49969,ok
04:54:14,61.5,97.2,25437,49398,ok
04:54:15,60.8,97.2,26016,48451,ok
04:54:16,65.8,96.1,25934,48504,ok
04:54:17,63.8,96.2,26090,49998,ok
04:54:18,61.7,96.7,25933,49817,ok
04:54:19,66.1,97.3,25534,49198,ok
04:54:20,62.7,97.3,26113,48247,ok
04:54:21,64.8,95.7,25702,48466,ok
04:54:22,64.0,97.1,25889,49694,ok
04:54:23,63.3,98.0,26980,48120,ok
04:54:24,64.0,96.8,25173,48220,ok
04:54:25,62.5,96.8,26765,49248,ok
04:54:26,61.9,96.8,25386,49259,ok
04:54:27,64.8,97.0,25610,48689,ok
04:54:28,66.7,96.9,25941,48754,ok
04:54:29,65.6,97.8,25662,49467,ok
04:54:30,65.5,97.6,26427,48477,ok
04:54:31,65.5,96.2,26484,48485,ok
04:54:32,66.1,96.8,25690,49536,ok
04:54:33,62.9,97.1,26864,49192,ok
04:54:34,62.7,95.6,26323,49738,ok
04:54:35,62.9,97.4,26095,48055,ok
04:54:36,62.5,97.4,25924,49486,ok
04:54:37,64.2,97.5,26976,49152,ok
04:54:38,64.6,96.3,26411,49465,ok
04:54:39,64.5,97.7,26885,48174,ok
04:54:40,63.0,97.1,25425,49216,ok
04:54:41,62.4,96.6,26347,48344,ok
04:54:42,68.8,97.4,26092,49971,ok
04:54:43,61.9,96.6,25749,48195,ok
04:54:44,68.1,96.4,25585,48872,ok
04:54:45,61.2,96.6,25628,48062,ok
04:54:46,65.7,96.3,25614,48442,ok
04:54:47,63.3,98.1,25322,49846,ok
04:54:48,64.8,97.0,26243,48000,ok
04:54:49,65.6,96.6,25153,48686,ok
04:54:50,66.9,96.4,26614,49994,ok
04:54:51,64.6,97.8,26489,48561,ok
04:54:52,65.0,97.4,25562,48441,ok
04:54:53,63.6,97.3,25096,48474,ok
04:54:54,62.0,98.1,25294,49224,ok
04:54:55,64.4,96.8,25276,49824,ok
04:54:56,63.8,97.2,26036,49889,ok
04:54:57,65.4,96.2,25907,49058,ok
04:54:58,64.6,97.3,25482,48834,ok
04:54:59,64.5,96.7,26680,49274,ok
04:55:00,65.4,97.4,25556,49662,ok
04:55:01,67.6,97.6,26907,49321,ok
04:55:02,66.4,97.7,25877,49318,ok
04:55:03,65.9,97.4,25436,48501,ok
04:55:04,65.8,96.1,25725,48915,ok
04:55:05,63.4,97.3,25641,49766,ok
04:55:06,63.7,96.8,25207,48219,ok
04:55:07,65.3,96.0,26467,48615,ok
04:55:08,65.7,96.4,26485,49049,ok
04:55:09,65.2,96.7,26937,49379,ok
04:55:10,69.2,97.4,25364,48791,ok
04:55:11,68.5,97.5,25701,48557,ok
04:55:12,61.2,96.5,25384,48602,ok
04:55:13,65.4,96.9,26432,49154,ok
04:55:14,65.4,96.7,26175,49664,ok
04:55:15,62.5,97.7,25682,49699,ok
04:55:16,63.1,97.3,26642,49020,ok
04:55:17,67.5,96.7,25336,49730,ok
04:55:18,65.4,97.1,26426,49318,ok
04:55:19,68.4,97.2,25991,48688,ok
04:55:20,64.9,96.7,26495,48849,ok
04:55:21,64.7,97.1,25041,48878,ok
04:55:22,67.9,97.6,26320,48569,ok
04:55:23,64.8,97.6,25790,48942,ok
04:55:24,62.6,96.5,26804,49074,ok
04:55:25,68.8,97.4,25482,48436,ok
04:55:26,61.2,97.4,26699,49397,ok
04:55:27,64.4,97.1,25422,48585,ok
04:55:28,63.4,96.7,25484,49558,ok
04:55:29,65.1,98.2,25883,48636,ok
04:55:30,68.4,97.2,26471,49255,ok
04:55:31,63.7,97.1,25857,49184,ok
04:55:32,62.9,96.5,25391,49722,ok
04:55:33,62.1,96.5,26732,48351,ok
04:55:34,65.6,96.1,25800,48338,ok
04:55:35,65.0,97.1,25920,48043,ok
04:55:36,65.2,97.1,26369,49038,ok
04:55:37,66.7,97.0,26586,49499,ok
04:55:38,62.5,96.0,25282,48803,ok
04:55:39,64.5,96.6,26968,49484,ok
04:55:40,65.2,96.4,26900,48479,ok
04:55:41,67.8,96.7,25870,49074,ok
04:55:42,67.5,97.9,26289,49403,ok
04:55:43,65.2,97.0,25807,48041,ok
04:55:44,69.1,97.0,26567,48644,ok
04:55:45,67.7,95.9,25849,48138,ok
04:55:46,64.7,97.1,25442,48559,ok
04:55:47,62.9,96.2,25067,49088,ok
04:55:48,66.6,96.6,26247,49035,ok
04:55:49,64.4,97.3,26536,49924,ok
04:55:50,68.2,97.7,25413,49881,ok
04:55:51,62.9,96.8,25226,48331,ok
04:55:52,64.1,97.0,26749,49524,ok
04:55:53,63.5,96.9,26833,48179,ok
04:55:54,68.0,97.0,26183,48667,ok
04:55:55,65.2,97.6,25059,49426,ok
04:55:56,65.8,97.5,25896,48866,ok
04:55:57,62.5,97.2,26780,49111,ok
04:55:58,63.7,97.2,26874,48834,ok
04:55:59,68.5,96.9,26203,48933,ok
04:56:00,67.3,97.0,26112,49401,ok
04:56:01,68.0,96.9,25229,48308,ok
04:56:02,66.6,96.8,26844,48508,ok
04:56:03,63.0,97.3,25437,48961,ok
04:56:04,62.8,96.8,26208,49658,ok
04:56:05,65.8,96.7,25436,48727,ok
04:56:06,63.9,97.4,25596,48787,ok
04:56:07,63.8,96.0,25670,49083,ok
04:56:08,65.4,97.1,26168,48457,ok
04:56:09,64.5,96.8,26352,48496,ok
04:56:10,63.7,96.9,25499,49129,ok
04:56:11,65.5,97.1,26064,48579,ok
04:56:12,66.7,96.8,25028,48929,ok
04:56:13,62.9,96.0,25001,48768,ok
04:56:14,64.5,96.9,25430,48331,ok
04:56:15,62.9,96.2,26254,49905,ok
04:56:16,66.3,96.4,26458,48666,ok
04:56:17,64.8,96.9,25344,48083,ok
04:56:18,68.8,97.3,26352,49231,ok
04:56:19,62.5,97.6,26270,48232,ok
04:56:20,66.9,96.9,26435,49893,ok
04:56:21,66.8,97.2,25894,48479,ok
04:56:22,64.2,97.4,25147,48370,ok
04:56:23,68.2,96.7,25376,48957,ok
04:56:24,65.1,96.7,25242,48526,ok
04:56:25,65.3,96.5,25504,49433,ok
04:56:26,65.4,96.4,26236,48742,ok
04:56:27,61.7,96.9,26676,48585,ok
04:56:28,64.0,97.5,26989,49302,ok
04:56:29,66.8,97.6,25273,48941,ok
04:56:30,64.9,96.7,26144,48478,ok
04:56:31,65.9,97.7,25473,49323,ok
04:56:32,66.8,97.3,25779,48304,ok
04:56:33,66.5,96.6,25951,48991,ok
04:56:34,64.1,96.4,26519,48705,ok
04:56:35,65.0,97.7,25584,49427,ok
04:56:36,66.3,97.0,26183,49305,ok
04:56:37,66.0,97.3,25225,49193,ok
04:56:38,64.6,97.2,25419,49544,ok
04:56:39,64.0,97.5,26345,48548,ok
04:56:40,64.5,97.3,26913,49804,ok
04:56:41,61.2,97.1,25697,49840,ok
04:56:42,67.9,97.3,26169,49815,ok
04:56:43,69.0,96.1,26563,48325,ok
04:56:44,64.7,96.0,26800,49459,ok
04:56:45,65.8,97.4,26712,49135,ok
04:56:46,61.4,96.8,26436,49196,ok
04:56:47,66.3,96.8,26077,48594,ok
04:56:48,58.4,96.2,26137,48303,ok
04:56:49,64.9,98.7,26747,49683,ok
04:56:50,60.8,97.5,25108,48324,ok
04:56:51,69.2,96.8,25767,48978,ok
04:56:52,63.6,96.4,25756,48729,ok
04:56:53,62.1,97.3,26357,48063,ok
04:56:54,69.2,96.8,25388,49772,ok
04:56:55,62.9,97.0,25639,48680,ok
04:56:56,67.6,96.5,26503,48241,ok
04:56:57,62.8,97.5,26290,48965,ok
04:56:58,67.4,96.9,26460,49414,ok
04:56:59,66.4,96.7,25279,49773,ok
04:57:00,65.3,96.1,26600,48159,ok
04:57:01,63.4,97.7,26116,48824,ok
04:57:02,68.2,96.2,25886,49600,ok
04:57:03,63.2,97.2,26250,48147,ok
04:57:04,65.3,97.4,25189,49836,ok
04:57:05,63.5,95.9,26367,49998,ok
04:57:06,65.8,96.4,26793,48129,ok
04:57:07,65.1,97.3,25566,49084,ok
04:57:08,63.8,96.5,25823,48918,ok
04:57:09,65.4,96.2,26765,48766,ok
04:57:10,64.5,97.0,26296,48794,ok
04:57:11,68.1,95.6,25392,48265,ok
04:57:12,63.5,97.4,25541,48149,ok
04:57:13,67.0,97.1,26336,49566,ok
04:57:14,63.5,97.4,26095,49029,ok
04:57:15,64.9,98.0,26948,49407,ok
04:57:16,66.9,97.2,26434,49393,ok
04:57:17,64.5,97.3,26890,48868,ok
04:57:18,65.0,97.0,26081,48677,ok
04:57:19,64.0,96.9,26650,48296,ok
04:57:20,63.7,96.6,26743,48550,ok
04:57:21,65.1,97.2,25185,49784,ok
04:57:22,65.3,96.8,25875,49170,ok
04:57:23,67.0,99.0,25572,48361,ok
04:57:24,63.7,97.2,26318,48553,ok
04:57:25,65.8,97.4,26238,48868,ok
04:57:26,64.7,97.2,26876,49052,ok
04:57:27,66.9,97.1,26531,48726,ok
04:57:28,64.0,97.0,26038,49804,ok
04:57:29,62.3,96.7,26618,49184,ok
04:57:30,66.5,97.0,26963,48982,ok
04:57:31,62.7,96.3,26000,49371,ok
04:57:32,65.2,96.9,25649,48092,ok
04:57:33,64.1,97.9,25292,48725,ok
04:57:34,63.7,97.4,25278,49193,ok
04:57:35,64.5,97.4,25525,49217,ok
04:57:36,67.9,97.1,26514,48155,ok
04:57:37,63.7,96.8,25005,49143,ok
04:57:38,64.0,97.1,25801,49021,ok
04:57:39,62.2,96.6,25928,49394,ok
04:57:40,64.8,96.6,25847,49533,ok
04:57:41,65.9,96.0,26883,48387,ok
04:57:42,62.4,97.1,26004,49568,ok
04:57:43,67.9,96.9,25904,49171,ok
04:57:44,66.5,97.5,26860,48002,ok
04:57:45,66.0,96.7,25544,48676,ok
04:57:46,65.2,97.2,25443,48495,ok
04:57:47,65.4,97.9,26236,49094,ok
04:57:48,67.9,98.3,26474,48331,ok
04:57:49,63.8,96.5,25622,48678,ok
04:57:50,64.9,96.8,25249,49805,ok
04:57:51,65.9,97.7,26103,49025,ok
04:57:52,60.9,96.2,26628,48593,ok
04:57:53,65.3,96.2,26838,48733,ok
04:57:54,66.8,96.7,25298,49731,ok
04:57:55,63.4,96.9,25224,48623,ok
04:57:56,62.7,96.5,25053,48084,ok
04:57:57,61.6,96.6,26714,48715,ok
04:57:58,61.9,96.8,25648,49347,ok
04:57:59,67.9,96.7,25883,48282,ok
04:58:00,68.5,97.1,26965,48971,ok
04:58:01,62.6,97.3,25584,49663,ok
04:58:02,64.1,97.7,26560,48617,ok
04:58:03,66.2,97.0,26997,49854,ok
04:58:04,62.5,96.2,25604,48288,ok
04:58:05,68.3,97.9,26069,49043,ok
04:58:06,65.1,97.1,25566,49154,ok
04:58:07,66.9,96.6,25058,48696,ok
04:58:08,65.0,97.1,25465,48749,ok
04:58:09,63.5,96.7,25959,49050,ok
04:58:10,64.8,96.6,25000,49571,ok
04:58:11,62.8,97.0,26608,48805,ok
04:58:12,61.6,97.3,25792,49118,ok
04:58:13,64.4,96.8,26499,48441,ok
04:58:14,63.4,97.1,25093,49332,ok
04:58:15,64.8,96.5,25703,49973,ok
04:58:16,67.5,95.9,26400,49196,ok
04:58:17,66.1,96.6,25565,49183,ok
04:58:18,65.1,97.2,25016,49845,ok
04:58:19,66.8,96.5,25099,48421,ok
04:58:20,67.0,97.2,26989,49004,ok
04:58:21,67.0,96.4,26202,48376,ok
04:58:22,63.3,97.4,26645,48351,ok
04:58:23,61.1,96.3,26542,49949,ok
04:58:24,67.9,96.2,26235,48003,ok
04:58:25,64.7,97.3,26069,49987,ok
04:58:26,63.9,96.3,25741,48045,ok
04:58:27,66.5,97.6,26343,49451,ok
04:58:28,69.6,97.0,26341,48778,ok
04:58:29,66.8,96.7,26207,49261,ok
04:58:30,65.2,97.7,25372,48410,ok
04:58:31,66.5,97.4,25223,48283,ok
04:58:32,67.3,96.9,26354,49268,ok
04:58:33,70.0,96.7,26654,48237,ok
04:58:34,64.8,97.2,26728,49703,ok
04:58:35,69.2,96.8,25219,49144,ok
04:58:36,65.1,97.2,26685,49767,ok
04:58:37,63.8,97.2,25876,49418,ok
04:58:38,66.9,96.7,26821,48895,ok
04:58:39,66.4,96.3,26804,48489,ok
04:58:40,66.2,97.3,25979,49593,ok
04:58:41,65.1,97.4,25117,49693,ok
04:58:42,67.0,96.2,26885,48663,ok
04:58:43,64.3,96.8,26355,48241,ok
04:58:44,63.2,96.8,26485,49507,ok
04:58:45,65.7,96.4,25110,49038,ok
04:58:46,63.9,97.3,26466,49309,ok
04:58:47,64.0,97.0,25197,48280,ok
04:58:48,65.3,97.3,26936,48620,ok
04:58:49,65.2,96.5,25631,48649,ok
04:58:50,64.2,97.3,25967,48617,ok
04:58:51,65.9,96.3,25339,48048,ok
04:58:52,66.8,97.9,25748,49787,ok
04:58:53,63.9,96.1,25663,49451,ok
04:58:54,67.0,96.3,25239,48226,ok
04:58:55,62.9,96.8,26099,49928,ok
04:58:56,67.9,97.0,25380,48631,ok
04:58:57,64.5,96.4,26327,49578,ok
04:58:58,67.7,97.2,26311,49266,ok
04:58:59,68.2,96.1,25828,49065,ok
04:59:00,64.8,97.1,26696,48607,ok
04:59:01,64.0,98.2,25746,48230,ok
04:59:02,64.1,98.0,25759,49372,ok
04:59:03,65.3,96.8,25288,49517,ok
04:59:04,62.3,97.2,26011,49115,ok
04:59:05,65.1,97.3,26363,49455,ok
04:59:06,62.6,96.5,25957,48764,ok
04:59:07,64.7,97.7,26661,48816,ok
04:59:08,66.7,96.5,26424,48709,ok
04:59:09,65.1,97.8,26739,48881,ok
04:59:10,66.5,96.9,26813,49607,ok
04:59:11,65.5,97.1,25196,49757,ok
04:59:12,67.0,97.6,25632,49898,ok
04:59:13,67.3,97.0,26327,48953,ok
04:59:14,67.5,97.1,25952,49581,ok
04:59:15,68.9,96.3,25042,49522,ok
04:59:16,64.2,97.1,26775,49215,ok
04:59:17,63.6,97.0,26072,48452,ok
04:59:18,64.5,97.0,25841,48956,ok
04:59:19,64.5,97.3,25297,49546,ok
04:59:20,67.0,96.5,25613,49121,ok
04:59:21,66.0,97.0,26808,49212,ok
04:59:22,63.9,97.0,26702,49619,ok
04:59:23,63.1,97.1,25110,49708,ok
04:59:24,64.9,97.4,26177,48537,ok
04:59:25,64.0,96.9,26148,48254,ok
04:59:26,65.6,97.7,25773,49851,ok
04:59:27,64.5,97.1,25746,48325,ok
04:59:28,67.3,96.8,25236,48802,ok
04:59:29,62.2,97.0,25536,48721,ok
04:59:30,63.9,96.9,25473,48763,ok
04:59:31,61.5,96.5,26914,49176,ok
04:59:32,62.6,97.0,25860,49837,ok
04:59:33,61.3,96.6,26484,49180,ok
04:59:34,61.3,96.6,25193,48471,ok
04:59:35,69.7,97.3,25393,49075,ok
04:59:36,67.2,96.8,25374,48522,ok
04:59:37,71.4,97.5,25912,48029,ok
04:59:38,68.6,97.4,25405,48477,ok
04:59:39,65.7,96.4,26578,49304,ok
04:59:40,61.0,97.3,26531,49933,ok
04:59:41,66.3,97.3,25443,48465,ok
04:59:42,68.5,96.6,25455,48434,ok
04:59:43,65.9,97.0,25091,49228,ok
04:59:44,67.5,97.0,26127,49209,ok
04:59:45,62.9,96.7,26855,48478,ok
04:59:46,63.1,97.7,26081,48746,ok
04:59:47,63.7,96.1,25784,49997,ok
04:59:48,66.8,97.3,25715,48199,ok
04:59:49,66.0,97.2,25051,48231,ok
04:59:50,66.9,97.5,26230,49557,ok
04:59:51,68.6,97.2,25689,48060,ok
04:59:52,62.9,96.4,25804,48122,ok
04:59:53,65.2,96.8,26726,48615,ok
04:59:54,66.5,97.7,26154,49388,ok
04:59:55,66.2,97.0,26336,48477,ok
04:59:56,68.0,97.3,26635,49024,ok
04:59:57,64.0,96.3,26224,49073,ok
04:59:58,64.3,96.8,25525,49178,ok
04:59:59,62.1,97.6,25618,48909,ok
05:00:00,65.9,96.6,26792,48577,ok
05:00:01,66.3,97.9,25528,48917,ok
05:00:02,61.6,97.0,25986,49148,ok
05:00:03,61.9,96.9,25693,49058,ok
05:00:04,65.6,96.5,25860,49020,ok
05:00:05,64.9,96.3,25528,48165,ok
05:00:06,67.6,97.9,26756,48392,ok
05:00:07,64.6,96.8,26468,48584,ok
05:00:08,63.0,97.3,25173,49707,ok
05:00:09,62.2,95.8,25899,49400,ok
05:00:10,64.3,97.0,25417,48478,ok
05:00:11,67.5,96.6,26612,49093,ok
05:00:12,63.9,96.8,25175,49977,ok
05:00:13,65.7,97.1,25384,48359,ok
05:00:14,66.5,97.5,25189,49474,ok
05:00:15,65.7,96.4,26129,49392,ok
05:00:16,68.1,97.1,26512,49043,ok
05:00:17,66.3,97.7,26756,48201,ok
05:00:18,65.6,96.6,26003,48149,ok
05:00:19,60.4,96.3,25060,49434,ok
05:00:20,65.0,96.3,26690,49874,ok
05:00:21,65.5,96.5,26536,49929,ok
05:00:22,64.2,96.8,26606,49859,ok
05:00:23,63.9,97.6,26422,49358,ok
05:00:24,64.0,96.8,25200,49861,ok
05:00:25,61.5,96.2,26345,48831,ok
05:00:26,65.8,97.7,25293,49292,ok
05:00:27,61.9,96.1,25746,48377,ok
05:00:28,64.9,98.3,26361,49426,ok
05:00:29,66.4,97.2,25282,48644,ok
05:00:30,66.1,97.1,26073,48958,ok
05:00:31,64.7,96.9,25978,48647,ok
05:00:32,61.6,96.2,26449,49661,ok
05:00:33,63.1,96.7,25867,49359,ok
05:00:34,66.0,96.4,25317,48398,ok
05:00:35,65.0,97.4,25434,48055,ok
05:00:36,63.3,97.0,26575,49647,ok
05:00:37,63.5,96.6,26472,48095,ok
05:00:38,63.1,96.6,25203,48523,ok
05:00:39,65.0,97.6,25354,48514,ok
05:00:40,64.1,97.2,25576,49600,ok
05:00:41,64.3,96.3,26775,48090,ok
05:00:42,64.6,96.7,25516,49505,ok
05:00:43,66.1,97.0,25088,48718,ok
05:00:44,65.9,96.4,25813,49756,ok
05:00:45,68.0,97.4,26757,48909,ok
05:00:46,66.4,96.7,26348,48177,ok
05:00:47,64.4,97.3,26766,48472,ok
05:00:48,64.5,98.3,26877,48410,ok
05:00:49,63.8,97.1,25407,48916,ok
05:00:50,61.7,97.2,25383,48455,ok
05:00:51,64.6,97.0,26976,48216,ok
05:00:52,62.8,96.8,26890,48729,ok
05:00:53,69.7,97.4,26513,49089,ok
05:00:54,63.6,97.2,25948,49055,ok
05:00:55,64.1,98.0,25173,48610,ok
05:00:56,66.8,97.5,26770,49748,ok
05:00:57,62.8,98.2,25964,49897,ok
05:00:58,65.6,97.5,25728,48665,ok
05:00:59,63.5,96.7,26397,48934,ok
05:01:00,63.2,95.9,26783,48498,ok
05:01:01,67.2,96.9,26216,49206,ok
05:01:02,60.0,97.2,25389,49653,ok
05:01:03,64.5,96.7,25077,49266,ok
05:01:04,65.7,96.8,26605,49389,ok
05:01:05,60.6,96.7,25192,48706,ok
05:01:06,63.6,96.8,26505,49795,ok
05:01:07,67.0,96.8,26365,48309,ok
05:01:08,68.3,97.0,26687,48782,ok
05:01:09,67.6,96.0,26494,48717,ok
05:01:10,64.5,97.0,26710,49034,ok
05:01:11,59.2,96.9,26017,49870,ok
05:01:12,66.7,96.9,26809,48044,ok
05:01:13,61.6,96.2,26182,49325,ok
05:01:14,67.4,97.7,25258,49339,ok
05:01:15,65.4,96.4,26615,49673,ok
05:01:16,68.0,98.1,25460,48766,ok
05:01:17,63.4,98.0,26176,48364,ok
05:01:18,66.9,96.9,26315,49112,ok
05:01:19,62.6,96.7,26766,49730,ok
05:01:20,68.1,96.7,25657,49317,ok
05:01:21,60.3,97.0,25358,49435,ok
05:01:22,64.4,97.2,25665,48926,ok
05:01:23,63.9,97.7,25386,49266,ok
05:01:24,62.8,97.2,26241,48580,ok
05:01:25,63.7,97.8,25081,49800,ok
05:01:26,65.1,97.2,26566,48250,ok
05:01:27,66.1,96.9,26243,48553,ok
05:01:28,62.3,96.9,26696,49335,ok
05:01:29,67.3,97.4,26302,49253,ok
05:01:30,70.7,97.2,26210,49394,ok
05:01:31,64.3,97.8,25375,49301,ok
05:01:32,69.4,97.2,26022,49437,ok
05:01:33,68.4,96.3,25359,49839,ok
05:01:34,64.2,97.0,26973,48096,ok
05:01:35,62.2,96.2,26602,49771,ok
05:01:36,62.0,97.1,25556,48962,ok
05:01:37,64.5,97.0,26724,49403,ok
05:01:38,64.4,96.9,26915,48547,ok
05:01:39,63.8,97.3,25401,49322,ok
05:01:40,65.3,98.1,25126,48930,ok
05:01:41,61.3,97.5,25126,48045,ok
05:01:42,67.4,96.6,25622,49812,ok
05:01:43,66.3,96.8,26362,49533,ok
05:01:44,64.9,96.8,25446,49449,ok
05:01:45,64.9,97.1,25385,49849,ok
05:01:46,66.8,96.0,25205,49421,ok
05:01:47,67.0,96.4,26360,48733,ok
05:01:48,63.0,97.2,25601,49596,ok
05:01:49,66.0,97.6,26339,48566,ok
05:01:50,65.7,96.4,25372,48273,ok
05:01:51,64.8,97.1,26280,48107,ok
05:01:52,65.8,96.6,25940,48704,ok
05:01:53,65.7,97.4,26863,49745,ok
05:01:54,62.2,96.2,25995,49746,ok
05:01:55,63.6,96.3,25693,49152,ok
05:01:56,66.1,97.0,26854,49677,ok
05:01:57,68.3,97.7,25110,48395,ok
05:01:58,65.6,97.0,25966,49789,ok
05:01:59,66.9,97.0,26779,49645,ok
05:02:00,65.3,96.2,25893,48277,ok
05:02:01,62.2,96.8,26386,48829,ok
05:02:02,63.7,96.6,25114,48399,ok
05:02:03,67.0,97.8,25721,49205,ok
05:02:04,67.7,97.5,25616,48268,ok
05:02:05,62.8,96.5,26400,48193,ok
05:02:06,65.2,97.6,25704,49613,ok
05:02:07,65.4,95.7,25986,49337,ok
05:02:08,64.6,97.6,26012,49998,ok
05:02:09,62.6,97.2,25738,48236,ok
05:02:10,64.6,97.0,26745,48969,ok
05:02:11,64.5,97.3,26840,48036,ok
05:02:12,64.6,96.8,25354,49119,ok
05:02:13,63.6,96.5,25575,48818,ok
05:02:14,64.6,96.5,26354,49056,ok
05:02:15,64.3,97.2,25555,49748,ok
05:02:16,65.2,96.9,25979,49410,ok
05:02:17,64.4,97.6,26495,49731,ok
05:02:18,65.0,96.7,26945,48510,ok
05:02:19,64.4,97.7,25041,48822,ok
05:02:20,65.1,96.4,26205,48953,ok
05:02:21,61.6,97.8,26614,49856,ok
05:02:22,62.7,97.7,26762,49441,ok
05:02:23,65.6,97.3,26792,49241,ok
05:02:24,64.2,97.1,26013,48985,ok
05:02:25,65.3,97.9,25728,48305,ok
05:02:26,64.3,97.4,26724,48092,ok
05:02:27,64.4,97.2,26660,48939,ok
05:02:28,61.4,96.1,25185,49124,ok
05:02:29,64.0,97.5,25695,48552,ok
05:02:30,65.1,97.4,25540,48358,ok
05:02:31,61.6,96.8,26676,48334,ok
05:02:32,64.5,96.4,26089,48865,ok
05:02:33,60.2,97.3,26099,49625,ok
05:02:34,65.1,97.2,25217,48552,ok
05:02:35,63.4,96.4,26110,49906,ok
05:02:36,63.9,96.6,25933,49508,ok
05:02:37,63.3,97.1,25856,48593,ok
05:02:38,65.1,97.1,25782,49629,ok
05:02:39,62.4,97.2,25655,49743,ok
05:02:40,64.1,96.3,25334,48539,ok
05:02:41,68.0,97.5,26744,48206,ok
05:02:42,67.1,96.8,25478,49473,ok
05:02:43,66.5,97.2,25552,49417,ok
05:02:44,64.0,97.2,26183,48757,ok
05:02:45,66.5,97.5,26735,48964,ok
05:02:46,65.5,96.7,25974,49140,ok
05:02:47,65.5,97.0,25411,48657,ok
05:02:48,66.2,96.5,25546,49229,ok
05:02:49,63.4,96.5,26511,48732,ok
05:02:50,62.6,97.0,25521,49138,ok
05:02:51,61.2,96.7,25304,48349,ok
05:02:52,66.2,97.2,26806,49888,ok
05:02:53,66.4,97.5,26658,48714,ok
05:02:54,65.1,97.4,25533,48983,ok
05:02:55,61.6,97.1,25784,48529,ok
05:02:56,65.5,96.5,26814,49040,ok
05:02:57,66.5,97.1,26080,49291,ok
05:02:58,65.3,96.8,25469,49699,ok
05:02:59,64.0,97.4,25539,49020,ok
05:03:00,55.8,97.0,26455,48863,ok
05:03:01,55.9,98.6,26205,49119,ok
05:03:02,59.1,98.7,26994,48010,ok
05:03:03,59.3,98.7,26954,49773,ok
05:03:04,55.5,99.2,25916,48840,ok
05:03:05,56.2,97.7,25575,49467,ok
05:03:06,53.9,97.5,26640,48727,ok
05:03:07,51.7,98.1,26717,48579,ok
05:03:08,54.3,98.6,25146,49202,ok
05:03:09,51.6,98.4,25968,48983,ok
05:03:10,55.3,98.7,26572,48604,ok
05:03:11,52.5,97.6,26302,48854,ok
05:03:12,57.4,97.8,26361,49110,ok
05:03:13,57.2,96.8,26272,48890,ok
05:03:14,58.4,97.9,25281,48617,ok
05:03:15,51.6,97.5,26477,49389,ok
05:03:16,54.9,98.7,25454,49481,ok
05:03:17,54.1,97.8,25320,49581,ok
05:03:18,51.6,98.4,26071,48423,ok
05:03:19,53.0,97.9,25518,49418,ok
05:03:20,52.0,97.6,25769,48807,ok
05:03:21,55.2,98.6,25828,48955,ok
05:03:22,55.5,98.6,25538,49448,ok
05:03:23,53.0,97.5,25769,49981,ok
05:03:24,56.5,97.8,25570,49392,ok
05:03:25,55.3,97.7,26338,49354,ok
05:03:26,52.6,97.6,25537,48596,ok
05:03:27,54.3,97.4,25283,49145,ok
05:03:28,53.9,97.7,26200,49488,ok
05:03:29,57.0,98.0,25772,48935,ok
05:03:30,52.8,98.1,26117,49254,ok
05:03:31,56.4,97.8,26570,48540,ok
05:03:32,53.9,98.6,25953,48585,ok
05:03:33,59.7,98.7,25999,48639,ok
05:03:34,57.5,98.4,25757,48721,ok
05:03:35,57.1,98.3,25146,48961,ok
05:03:36,56.4,98.0,25742,49143,ok
05:03:37,53.7,97.5,25914,48111,ok
05:03:38,57.6,97.4,25568,49870,ok
05:03:39,55.4,97.2,25177,48614,ok
05:03:40,54.8,97.4,26890,48025,ok
05:03:41,55.1,98.7,26855,49886,ok
05:03:42,57.0,97.0,25368,48741,ok
05:03:43,53.1,98.3,26292,48899,ok
05:03:44,54.5,98.1,25451,49480,ok
05:03:45,55.1,97.9,25209,48270,ok
05:03:46,54.5,98.2,26035,49198,ok
05:03:47,56.4,99.1,25928,49378,ok
05:03:48,55.2,98.1,25869,48105,ok
05:03:49,54.0,97.5,25423,49325,ok
05:03:50,53.0,98.0,25642,49736,ok
05:03:51,54.6,98.6,25749,49732,ok
05:03:52,54.8,98.4,26644,48630,ok
05:03:53,53.3,98.2,25987,48127,ok
05:03:54,53.9,97.6,26618,48240,ok
05:03:55,58.9,98.8,25562,48509,ok
05:03:56,51.1,98.9,26139,49620,ok
05:03:57,51.1,97.0,25448,49402,ok
05:03:58,55.9,98.3,26427,49764,ok
05:03:59,54.8,98.7,25432,49947,ok
05:04:00,53.1,98.8,26417,48074,ok
05:04:01,54.1,97.5,26352,48343,ok
05:04:02,53.7,98.1,25822,48245,ok
05:04:03,51.8,98.0,26870,48555,ok
05:04:04,52.2,97.9,25485,48288,ok
05:04:05,56.4,98.4,26424,49006,ok
05:04:06,54.4,98.5,26596,48447,ok
05:04:07,54.7,97.9,25973,49275,ok
05:04:08,53.6,97.5,26596,49474,ok
05:04:09,54.2,97.2,26671,48480,ok
05:04:10,52.2,98.5,25647,49223,ok
05:04:11,55.9,97.7,26866,49784,ok
05:04:12,55.6,98.2,25559,48075,ok
05:04:13,53.6,97.6,25243,48707,ok
05:04:14,55.7,97.3,26454,48346,ok
05:04:15,55.5,98.4,26736,48988,ok
05:04:16,54.9,96.9,25162,48353,ok
05:04:17,52.9,98.5,25352,49823,ok
05:04:18,57.0,98.9,25898,49123,ok
05:04:19,53.7,98.2,26305,48368,ok
05:04:20,53.9,98.1,25597,49034,ok
05:04:21,57.1,98.0,25102,49921,ok
05:04:22,54.5,97.5,26146,48726,ok
05:04:23,54.6,98.3,26006,49589,ok
05:04:24,54.8,98.7,26030,49441,ok
05:04:25,57.4,97.7,26203,49567,ok
05:04:26,55.3,97.8,25998,48233,ok
05:04:27,58.8,97.9,26875,48603,ok
05:04:28,52.9,98.4,25948,48936,ok
05:04:29,53.3,98.1,26795,48610,ok
05:04:30,56.5,98.1,26077,49667,ok
05:04:31,52.6,96.6,25546,49960,ok
05:04:32,57.4,98.4,26129,49712,ok
05:04:33,54.2,98.9,26112,49487,ok
05:04:34,55.5,98.3,26654,49250,ok
05:04:35,57.4,98.3,26193,48338,ok
05:04:36,58.7,98.7,26670,49810,ok
05:04:37,54.2,98.2,26640,48493,ok
05:04:38,50.5,98.0,26956,48378,ok
05:04:39,53.3,97.6,25395,49634,ok
05:04:40,54.6,98.2,26988,49528,ok
05:04:41,52.6,98.0,25545,48390,ok
05:04:42,54.3,98.4,25420,49466,ok
05:04:43,53.6,98.7,25038,49200,ok
05:04:44,56.5,97.8,25098,49288,ok
05:04:45,54.3,97.8,26189,49364,ok
05:04:46,54.2,99.1,26756,48663,ok
05:04:47,54.1,98.0,25055,49834,ok
05:04:48,49.4,98.9,26940,49977,ok
05:04:49,56.1,98.3,25776,48285,ok
05:04:50,57.0,99.1,25479,49260,ok
05:04:51,55.4,99.1,26599,48280,ok
05:04:52,55.3,98.1,25967,48734,ok
05:04:53,57.9,98.1,25036,48304,ok
05:04:54,55.0,97.9,26189,49020,ok
05:04:55,53.3,97.6,26732,49069,ok
05:04:56,52.8,98.1,26848,49730,ok
05:04:57,54.1,98.0,26871,48972,ok
05:04:58,57.6,98.2,26314,49335,ok
05:04:59,57.5,97.1,26514,49419,ok
05:05:00,70.5,96.2,25122,48558,ok
05:05:01,71.6,95.5,26779,48723,ok
05:05:02,75.0,97.1,25248,48258,ok
05:05:03,74.9,96.0,25521,48870,ok
05:05:04,74.7,96.2,25095,48933,ok
05:05:05,70.4,96.8,26643,49389,ok
05:05:06,73.4,95.6,25102,49343,ok
05:05:07,74.3,97.0,25988,48545,ok
05:05:08,74.3,96.7,25985,48854,ok
05:05:09,69.1,97.0,26521,49523,ok
05:05:10,68.2,95.7,26975,48949,ok
05:05:11,73.8,96.3,25339,49975,ok
05:05:12,72.2,96.0,26257,48193,ok
05:05:13,71.5,96.0,26626,48935,ok
05:05:14,75.1,96.3,25186,49437,ok
05:05:15,68.6,96.0,25704,48213,ok
05:05:16,72.0,94.8,25290,48296,ok
05:05:17,69.3,95.9,25590,48534,ok
05:05:18,71.4,95.6,25738,49817,ok
05:05:19,72.0,95.8,25549,48569,ok
05:05:20,69.8,95.4,26447,49030,ok
05:05:21,73.3,96.2,26827,48616,ok
05:05:22,71.7,95.1,25849,48656,ok
05:05:23,72.0,96.4,26536,49620,ok
05:05:24,70.6,96.0,25758,48482,ok
05:05:25,71.0,96.3,25435,49138,ok
05:05:26,73.5,96.2,25323,49202,ok
05:05:27,70.1,96.4,26402,48429,ok
05:05:28,71.5,95.9,26919,48399,ok
05:05:29,74.3,96.3,26341,48198,ok
05:05:30,72.6,94.7,26371,49086,ok
05:05:31,71.8,96.6,25090,49596,ok
05:05:32,70.1,95.7,26223,48793,ok
05:05:33,75.7,95.3,26204,48009,ok
05:05:34,72.7,96.2,25232,48530,ok
05:05:35,73.9,95.6,26323,48487,ok
05:05:36,68.7,96.9,25938,49213,ok
05:05:37,70.9,95.7,26535,48048,ok
05:05:38,73.1,96.8,26137,49869,ok
05:05:39,69.1,95.6,25146,48688,ok
05:05:40,74.8,96.5,26734,49386,ok
05:05:41,73.2,95.0,25989,49952,ok
05:05:42,71.5,95.7,25269,49051,ok
05:05:43,72.8,95.8,26735,48376,ok
05:05:44,73.4,95.0,25573,48411,ok
05:05:45,69.9,96.3,26863,49635,ok
05:05:46,75.0,96.2,25675,48964,ok
05:05:47,71.4,96.5,25278,49656,ok
05:05:48,73.1,96.2,26742,49873,ok
05:05:49,72.9,96.1,25994,48691,ok
05:05:50,72.3,96.2,26354,48723,ok
05:05:51,70.9,96.2,25842,49687,ok
05:05:52,70.7,96.3,26710,48067,ok
05:05:53,71.4,95.1,25821,49529,ok
05:05:54,71.9,96.4,25722,49296,ok
05:05:55,69.0,95.8,26926,48061,ok
05:05:56,70.9,95.9,25698,49440,ok
05:05:57,71.0,94.9,25394,48628,ok
05:05:58,79.2,96.5,25937,48693,ok
05:05:59,71.1,96.1,25942,49460,ok
05:06:00,70.4,95.6,26976,48474,ok
05:06:01,71.3,94.9,25044,49865,ok
05:06:02,71.9,96.8,25190,48210,ok
05:06:03,69.0,96.3,26395,49207,ok
05:06:04,75.6,95.8,26649,49961,ok
05:06:05,73.2,96.7,25808,49361,ok
05:06:06,73.8,95.9,26442,48319,ok
05:06:07,69.8,95.9,26893,48085,ok
05:06:08,74.1,96.4,26364,49497,ok
05:06:09,74.0,96.9,26122,48468,ok
05:06:10,68.2,96.0,25731,48141,ok
05:06:11,73.5,96.1,26919,49071,ok
05:06:12,70.8,95.5,25098,49052,ok
05:06:13,72.4,96.5,26633,49866,ok
05:06:14,75.9,96.5,26502,48200,ok
05:06:15,70.2,96.2,26369,48160,ok
05:06:16,72.5,97.0,25169,49979,ok
05:06:17,75.6,96.2,25749,49778,ok
05:06:18,69.3,95.6,25212,49220,ok
05:06:19,73.0,95.6,25182,48651,ok
05:06:20,74.0,96.6,26962,48514,ok
05:06:21,71.2,95.5,26255,48041,ok
05:06:22,72.0,96.8,25559,49815,ok
05:06:23,70.6,95.7,25177,48750,ok
05:06:24,73.5,96.0,25715,49148,ok
05:06:25,73.7,96.5,26588,48404,ok
05:06:26,72.7,95.9,26383,49024,ok
05:06:27,72.3,96.0,25641,48913,ok
05:06:28,69.6,96.4,26272,49096,ok
05:06:29,72.4,94.7,26664,48544,ok
05:06:30,74.9,95.9,26309,49081,ok
05:06:31,76.3,96.2,25154,49815,ok
05:06:32,76.0,96.1,26081,49598,ok
05:06:33,70.9,95.6,26566,48378,ok
05:06:34,70.8,96.4,26078,48519,ok
05:06:35,69.5,95.3,25535,48574,ok
05:06:36,72.6,95.9,26823,48233,ok
05:06:37,71.8,95.0,26844,48421,ok
05:06:38,69.6,96.1,26624,48726,ok
05:06:39,72.3,96.2,26356,49981,ok
05:06:40,68.4,96.1,26626,49008,ok
05:06:41,70.6,95.9,26409,49390,ok
05:06:42,72.9,95.2,26269,48936,ok
05:06:43,75.4,95.6,26632,48259,ok
05:06:44,70.7,96.1,25883,49507,ok
05:06:45,71.6,95.8,26126,48559,ok
05:06:46,69.0,97.3,26766,49409,ok
05:06:47,71.1,96.1,25144,48755,ok
05:06:48,74.1,96.0,25583,48236,ok
05:06:49,73.8,95.7,26706,48019,ok
05:06:50,72.7,96.6,25759,49442,ok
05:06:51,70.8,95.9,25497,49919,ok
05:06:52,74.6,95.6,26135,48245,ok
05:06:53,70.2,96.2,25460,49014,ok
05:06:54,73.1,96.2,25698,48429,ok
05:06:55,73.5,96.0,25465,48876,ok
05:06:56,70.8,96.0,25311,49681,ok
05:06:57,69.3,95.8,25146,49820,ok
05:06:58,70.4,96.1,26032,49247,ok
05:06:59,71.6,96.5,25721,49630,ok
05:07:00,72.1,95.7,26999,48984,ok
05:07:01,71.8,95.7,26741,49480,ok
05:07:02,75.5,95.8,26834,48613,ok
05:07:03,74.3,95.4,26833,49221,ok
05:07:04,69.3,96.6,25477,48065,ok
05:07:05,72.7,95.9,26903,48457,ok
05:07:06,69.2,97.2,25854,48996,ok
05:07:07,74.2,96.3,26748,48937,ok
05:07:08,69.4,95.4,25763,48490,ok
05:07:09,72.6,95.7,25827,48370,ok
05:07:10,70.2,96.6,25619,48197,ok
05:07:11,71.5,96.5,25795,48912,ok
05:07:12,68.9,95.5,26775,48289,ok
05:07:13,73.0,95.9,25067,48782,ok
05:07:14,72.8,94.9,25365,48925,ok
05:07:15,73.0,95.7,26723,48373,ok
05:07:16,70.2,96.1,26342,48953,ok
05:07:17,72.5,95.9,25321,49732,ok
05:07:18,72.5,95.9,25676,49375,ok
05:07:19,71.4,96.4,26373,48160,ok
05:07:20,71.6,96.1,25644,48161,ok
05:07:21,70.8,95.8,25772,49992,ok
05:07:22,67.0,95.8,26382,48754,ok
05:07:23,72.8,97.3,26627,48251,ok
05:07:24,69.9,95.3,26255,48823,ok
05:07:25,69.9,96.2,26917,48080,ok
05:07:26,74.1,96.0,25142,49255,ok
05:07:27,71.4,96.1,26645,49161,ok
05:07:28,71.5,96.2,26105,48273,ok
05:07:29,74.5,95.3,26740,48784,ok
05:07:30,76.3,95.5,26151,48412,ok
05:07:31,69.8,96.4,25321,49203,ok
05:07:32,72.7,95.9,26815,48252,ok
05:07:33,73.7,95.4,25674,49251,ok
05:07:34,73.1,96.2,25169,48384,ok
05:07:35,73.7,95.4,26205,49039,ok
05:07:36,68.4,96.2,25498,49044,ok
05:07:37,74.0,96.3,25024,48983,ok
05:07:38,70.2,96.1,26523,48359,ok
05:07:39,74.2,96.2,26346,48672,ok
05:07:40,71.3,96.2,25618,49003,ok
05:07:41,74.2,96.2,26009,48396,ok
05:07:42,71.0,95.5,26874,49539,ok
05:07:43,71.9,96.4,25471,48049,ok
05:07:44,73.0,96.3,26082,48603,ok
05:07:45,71.9,97.0,25371,49668,ok
05:07:46,72.7,96.1,26109,49631,ok
05:07:47,70.4,95.9,25283,48643,ok
05:07:48,74.3,95.7,26033,49621,ok
05:07:49,72.8,96.4,25680,48028,ok
05:07:50,70.6,96.4,26585,49237,ok
05:07:51,69.0,96.4,26554,48923,ok
05:07:52,73.0,95.6,25652,48175,ok
05:07:53,72.8,95.6,25125,48746,ok
05:07:54,69.8,95.8,26930,49517,ok
05:07:55,70.1,95.7,26092,48750,ok
05:07:56,69.5,95.9,25391,48135,ok
05:07:57,74.4,96.2,25208,48390,ok
05:07:58,75.3,96.3,25238,48079,ok
05:07:59,74.2,95.5,26790,49715,ok
05:08:00,72.4,96.1,26796,49635,ok
05:08:01,71.8,96.8,26274,48468,ok
05:08:02,71.5,96.0,26835,48724,ok
05:08:03,72.5,95.3,26335,49570,ok
05:08:04,72.7,96.4,25943,48249,ok
05:08:05,68.0,96.7,25284,48263,ok
05:08:06,73.1,95.4,26064,48699,ok
05:08:07,78.6,96.3,26367,48800,ok
05:08:08,74.9,97.0,25730,48290,ok
05:08:09,71.4,95.9,25214,49704,ok
05:08:10,72.4,95.8,25539,49128,ok
05:08:11,73.8,96.9,26039,48734,ok
05:08:12,69.7,96.0,26833,49802,ok
05:08:13,75.3,95.8,26102,49061,ok
05:08:14,73.3,95.9,26270,48558,ok
05:08:15,74.2,96.4,26326,49070,ok
05:08:16,69.1,96.0,26316,49628,ok
05:08:17,72.7,96.3,26325,48361,ok
05:08:18,75.4,96.9,25388,49369,ok
05:08:19,74.6,96.2,25815,48868,ok
05:08:20,70.3,97.0,25878,48756,ok
05:08:21,72.2,96.5,25008,48024,ok
05:08:22,69.3,97.1,25097,49844,ok
05:08:23,72.0,96.1,25745,48763,ok
05:08:24,70.9,97.0,26830,48939,ok
05:08:25,71.8,96.7,25328,48806,ok
05:08:26,71.4,95.1,26360,49874,ok
05:08:27,72.5,96.1,26207,49749,ok
05:08:28,71.9,96.3,26495,48121,ok
05:08:29,70.6,96.3,25629,49994,ok
05:08:30,70.0,96.4,25094,49519,ok
05:08:31,71.3,96.0,25199,48927,ok
05:08:32,73.3,96.5,26085,49733,ok
05:08:33,70.8,95.8,25631,49802,ok
05:08:34,74.7,96.6,26195,48483,ok
05:08:35,72.1,95.9,26282,49105,ok
05:08:36,71.3,97.3,26849,49468,ok
05:08:37,73.6,95.8,26791,48115,ok
05:08:38,75.5,97.0,26311,49626,ok
05:08:39,73.4,95.7,26721,48517,ok
05:08:40,77.5,96.3,25222,49941,ok
05:08:41,70.8,95.9,25717,49624,ok
05:08:42,72.6,96.1,26759,48744,ok
05:08:43,74.3,95.8,26378,48488,ok
05:08:44,70.9,96.4,26094,48966,ok
05:08:45,72.0,95.7,26251,48021,ok
05:08:46,70.5,97.0,25012,48186,ok
05:08:47,70.8,94.4,26561,49663,ok
05:08:48,73.3,97.1,26832,48460,ok
05:08:49,72.8,95.8,25249,49908,ok
05:08:50,70.6,96.6,26111,49187,ok
05:08:51,68.2,96.1,25799,49860,ok
05:08:52,70.8,96.2,26997,49416,ok
05:08:53,72.5,95.6,25880,48805,ok
05:08:54,70.7,96.2,26019,49848,ok
05:08:55,75.5,97.0,25701,49243,ok
05:08:56,74.1,96.3,26092,48479,ok
05:08:57,71.6,95.5,25963,49383,ok
05:08:58,71.9,96.5,25857,48225,ok
05:08:59,75.7,96.5,26448,49308,ok
05:09:00,73.4,96.8,26252,48947,ok
05:09:01,69.0,95.5,26200,48131,ok
05:09:02,70.1,96.8,26149,48170,ok
05:09:03,70.0,96.5,25715,48190,ok
05:09:04,71.5,95.6,26884,48582,ok
05:09:05,73.4,95.7,26789,48388,ok
05:09:06,69.1,96.9,26999,49816,ok
05:09:07,73.1,95.7,26216,49883,ok
05:09:08,74.2,96.3,25599,49992,ok
05:09:09,73.2,96.8,25220,48627,ok
05:09:10,73.6,95.3,25882,48157,ok
05:09:11,69.2,96.3,26600,49436,ok
05:09:12,72.6,96.4,26568,48300,ok
05:09:13,66.7,95.7,26532,48976,ok
05:09:14,72.6,96.1,25824,48293,ok
05:09:15,73.7,96.3,26448,49650,ok
05:09:16,70.7,95.8,26410,49189,ok
05:09:17,73.6,95.3,26515,48221,ok
05:09:18,67.3,96.9,25876,49519,ok
05:09:19,74.7,97.0,25283,49158,ok
05:09:20,71.0,96.5,26977,49246,ok
05:09:21,71.2,96.0,26066,48334,ok
05:09:22,71.9,96.4,25695,48102,ok
05:09:23,75.1,95.6,26303,48361,ok
05:09:24,73.2,95.2,25967,49796,ok
05:09:25,70.9,96.3,25150,49543,ok
05:09:26,70.3,96.5,25283,48527,ok
05:09:27,69.7,96.9,25917,48668,ok
05:09:28,70.2,95.3,25667,49383,ok
05:09:29,74.3,96.9,25455,49385,ok
05:09:30,73.7,95.6,26936,48252,ok
05:09:31,71.3,96.1,26257,48360,ok
05:09:32,73.6,96.1,25698,49728,ok
05:09:33,71.6,95.9,25674,49249,ok
05:09:34,72.4,95.7,25099,48432,ok
05:09:35,71.7,96.4,26464,48394,ok
05:09:36,70.3,95.7,25734,48109,ok
05:09:37,71.1,97.5,26458,48807,ok
05:09:38,74.9,95.3,25717,49079,ok
05:09:39,75.1,96.3,26806,48111,ok
05:09:40,73.4,96.4,26565,48783,ok
05:09:41,68.8,96.3,25733,48242,ok
05:09:42,72.7,96.7,25033,48518,ok
05:09:43,70.6,95.6,26048,49871,ok
05:09:44,73.6,95.5,25124,49600,ok
05:09:45,73.5,95.4,25148,48761,ok
05:09:46,73.8,95.8,26010,49952,ok
05:09:47,70.8,95.5,26347,49612,ok
05:09:48,71.9,96.6,25528,49576,ok
05:09:49,71.3,96.6,25767,49742,ok
05:09:50,73.5,96.1,26976,49012,ok
05:09:51,70.2,95.3,25514,48674,ok
05:09:52,69.5,95.5,26093,49729,ok
05:09:53,69.9,96.2,25902,49974,ok
05:09:54,69.2,95.7,25621,49321,ok
05:09:55,73.5,96.6,26810,48355,ok
05:09:56,72.9,94.9,26298,48358,ok
05:09:57,69.0,95.9,26158,49152,ok
05:09:58,68.3,96.0,25394,48393,ok
05:09:59,71.7,95.1,25947,48345,ok
05:10:00,70.9,95.4,26779,48567,ok
05:10:01,72.0,96.5,26233,48798,ok
05:10:02,73.8,95.5,26589,49991,ok
05:10:03,68.2,95.8,25129,49489,ok
05:10:04,73.3,95.3,25751,48687,ok
05:10:05,71.4,95.8,25964,49382,ok
05:10:06,73.1,95.3,26819,48581,ok
05:10:07,72.1,96.3,26028,49312,ok
05:10:08,70.7,95.9,25739,49338,ok
05:10:09,75.4,95.6,26296,49306,ok
05:10:10,72.0,96.1,26744,48291,ok
05:10:11,72.1,96.3,26730,49725,ok
05:10:12,71.8,96.4,26058,49895,ok
05:10:13,72.0,95.4,25441,48781,ok
05:10:14,72.0,94.8,25466,48983,ok
05:10:15,71.7,95.9,25142,48891,ok
05:10:16,69.5,96.3,26963,49989,ok
05:10:17,75.2,96.3,25945,48775,ok
05:10:18,72.5,96.8,26929,49068,ok
05:10:19,73.5,96.2,26511,48588,ok
05:10:20,74.2,95.3,25039,48603,ok
05:10:21,74.8,95.9,25840,48725,ok
05:10:22,70.1,96.6,25202,49688,ok
05:10:23,71.0,96.4,25124,49361,ok
05:10:24,69.9,96.3,26040,49166,ok
05:10:25,71.4,96.4,26473,48407,ok
05:10:26,74.6,95.6,25851,48558,ok
05:10:27,73.8,96.0,26918,48717,ok
05:10:28,75.8,96.5,25193,49574,ok
05:10:29,72.6,95.8,26498,49768,ok
05:10:30,76.7,95.5,25669,48144,ok
05:10:31,69.9,96.4,26429,48870,ok
05:10:32,74.1,95.8,25785,48220,ok
05:10:33,73.0,95.3,25189,49259,ok
05:10:34,70.6,96.3,26763,49903,ok
05:10:35,74.3,95.7,25692,48091,ok
05:10:36,69.2,95.8,26836,49880,ok
05:10:37,72.3,95.9,26800,49325,ok
05:10:38,69.7,95.8,26008,48403,ok
05:10:39,70.8,95.7,25732,48585,ok
05:10:40,68.1,95.8,26423,48962,ok
05:10:41,72.0,96.4,25999,48090,ok
05:10:42,72.5,96.2,25036,48545,ok
05:10:43,73.1,95.6,26995,48288,ok
05:10:44,73.0,97.1,25078,49350,ok
05:10:45,67.8,95.9,26314,49164,ok
05:10:46,71.9,96.2,26035,48511,ok
05:10:47,73.1,96.2,26492,48815,ok
05:10:48,69.4,95.7,25250,49048,ok
05:10:49,72.4,96.2,26377,49491,ok
05:10:50,72.6,95.9,26259,49599,ok
05:10:51,72.6,96.0,25018,48845,ok
05:10:52,74.1,95.4,25567,49021,ok
05:10:53,70.5,96.5,25945,49353,ok
05:10:54,70.6,96.2,25073,48127,ok
05:10:55,77.1,95.7,25562,48946,ok
05:10:56,72.7,96.1,26415,48715,ok
05:10:57,70.1,96.3,26170,48511,ok
05:10:58,71.8,96.2,25138,48885,ok
05:10:59,73.0,96.6,25874,48598,ok
05:11:00,68.2,95.8,25632,48573,ok
05:11:01,72.9,96.1,25863,49320,ok
05:11:02,69.3,95.3,26578,49753,ok
05:11:03,74.3,95.6,26092,49740,ok
05:11:04,71.1,96.3,25478,49483,ok
05:11:05,71.0,96.5,26035,48753,ok
05:11:06,70.6,95.8,25158,48013,ok
05:11:07,73.2,95.8,25659,49495,ok
05:11:08,73.4,96.0,25228,48502,ok
05:11:09,69.3,95.6,26982,49503,ok
05:11:10,72.7,96.0,25129,49081,ok
05:11:11,76.6,95.6,25258,48804,ok
05:11:12,75.8,94.9,25837,49459,ok
05:11:13,67.7,95.8,25393,49948,ok
05:11:14,77.7,95.9,25027,48513,ok
05:11:15,72.8,95.7,26195,49117,ok
05:11:16,73.7,96.8,25519,48989,ok
05:11:17,70.9,96.8,25151,49707,ok
05:11:18,72.0,96.0,25488,49527,ok
05:11:19,72.4,96.5,25659,49092,ok
05:11:20,75.5,96.2,26122,49845,ok
05:11:21,74.9,95.5,26456,49871,ok
05:11:22,71.0,96.4,26575,48444,ok
05:11:23,73.0,95.7,26847,49678,ok
05:11:24,70.4,95.6,25133,49257,ok
05:11:25,71.5,95.9,25075,48439,ok
05:11:26,71.9,95.9,25620,48226,ok
05:11:27,69.8,96.3,26299,49908,ok
05:11:28,70.3,95.6,25591,48509,ok
05:11:29,72.4,96.0,26116,48028,ok
05:11:30,73.0,95.7,26998,49348,ok
05:11:31,72.1,96.6,25191,48410,ok
05:11:32,72.6,95.4,25910,48034,ok
05:11:33,70.6,95.6,25250,49236,ok
05:11:34,70.5,96.0,25167,49614,ok
05:11:35,72.0,96.1,26657,49352,ok
05:11:36,72.2,95.9,25815,49630,ok
05:11:37,71.2,96.4,26666,48249,ok
05:11:38,72.2,96.1,25854,49578,ok
05:11:39,74.3,95.9,26189,49446,ok
05:11:40,71.8,96.1,25098,49492,ok
05:11:41,72.2,96.1,26340,48264,ok
05:11:42,72.0,96.4,25426,49530,ok
05:11:43,72.5,96.2,26696,49376,ok
05:11:44,75.5,96.2,25239,49027,ok
05:11:45,68.2,96.3,26824,48251,ok
05:11:46,73.1,96.2,25206,48841,ok
05:11:47,70.0,96.7,25542,48274,ok
05:11:48,72.3,95.3,26254,49462,ok
05:11:49,74.8,96.1,26665,48532,ok
05:11:50,73.6,95.1,26174,48982,ok
05:11:51,69.4,96.8,26479,48732,ok
05:11:52,72.9,95.3,26813,48627,ok
05:11:53,71.8,95.5,25876,48595,ok
05:11:54,67.7,96.1,25251,48522,ok
05:11:55,70.3,95.9,26013,49003,ok
05:11:56,71.7,95.6,25949,48608,ok
05:11:57,72.0,95.9,25615,48191,ok
05:11:58,73.4,96.4,26060,48773,ok
05:11:59,71.3,95.4,25856,48232,ok
05:12:00,68.2,96.1,26421,48729,ok
05:12:01,72.3,95.9,25431,48829,ok
05:12:02,73.1,97.8,25825,48715,ok
05:12:03,72.4,96.4,26928,49191,ok
05:12:04,72.4,96.3,25891,48174,ok
05:12:05,73.0,96.4,26912,48554,ok
05:12:06,73.9,96.3,25817,48149,ok
05:12:07,71.5,95.9,26890,49247,ok
05:12:08,72.1,96.0,26318,49218,ok
05:12:09,71.9,96.6,26108,48122,ok
05:12:10,72.8,96.7,25498,49644,ok
05:12:11,74.0,96.4,25982,49714,ok
05:12:12,72.4,95.8,26996,49942,ok
05:12:13,69.9,95.4,25273,48703,ok
05:12:14,71.6,95.8,25827,48109,ok
05:12:15,77.2,95.8,26603,48647,ok
05:12:16,73.0,96.8,25935,49478,ok
05:12:17,66.7,95.9,25792,48261,ok
05:12:18,72.3,95.3,25885,49621,ok
05:12:19,71.8,97.0,25351,48800,ok
05:12:20,68.7,96.3,26019,49360,ok
05:12:21,70.5,96.3,26982,48978,ok
05:12:22,72.8,95.6,25371,49497,ok
05:12:23,69.9,96.0,25463,49879,ok
05:12:24,75.8,96.9,25997,49530,ok
05:12:25,71.9,96.1,25602,49811,ok
05:12:26,77.1,96.5,26776,48403,ok
05:12:27,67.1,95.8,26425,49670,ok
05:12:28,72.6,95.3,25180,48992,ok
05:12:29,74.7,96.0,26548,49342,ok
05:12:30,72.4,96.5,25740,49168,ok
05:12:31,73.6,96.4,26394,48828,ok
05:12:32,76.4,97.0,26606,48715,ok
05:12:33,72.6,96.0,26841,49377,ok
05:12:34,69.0,95.5,26682,49521,ok
05:12:35,72.6,96.0,25793,49703,ok
05:12:36,72.5,95.4,25903,49765,ok
05:12:37,74.4,95.8,25557,48012,ok
05:12:38,70.8,95.8,26772,49980,ok
05:12:39,72.2,96.0,26887,48896,ok
05:12:40,75.0,96.0,26512,48338,ok
05:12:41,68.5,95.8,26813,48596,ok
05:12:42,75.1,95.0,25914,48125,ok
05:12:43,74.3,95.9,25463,48684,ok
05:12:44,73.5,96.5,25301,49538,ok
05:12:45,71.5,96.0,26820,48968,ok
05:12:46,70.0,96.1,25012,48410,ok
05:12:47,70.7,95.8,25077,48282,ok
05:12:48,71.6,95.5,25084,49865,ok
05:12:49,73.7,96.2,26609,49771,ok
05:12:50,75.2,95.3,26797,48373,ok
05:12:51,71.0,96.4,25423,49402,ok
05:12:52,71.2,96.1,26643,48277,ok
05:12:53,72.4,95.8,25837,48234,ok
05:12:54,71.5,96.0,26242,49063,ok
05:12:55,73.4,96.4,26654,48025,ok
05:12:56,75.9,95.8,26587,49265,ok
05:12:57,71.5,95.9,26226,48251,ok
05:12:58,70.4,95.9,25622,49910,ok
05:12:59,71.5,96.3,26386,48196,ok
05:13:00,74.1,95.5,25637,49738,ok
05:13:01,69.4,95.6,26802,48879,ok
05:13:02,75.4,96.2,26124,48822,ok
05:13:03,67.5,96.7,25713,48944,ok
05:13:04,67.6,96.4,25687,49357,ok
05:13:05,71.6,95.5,26481,49574,ok
05:13:06,72.4,95.8,26049,48374,ok
05:13:07,72.2,97.0,26363,49734,ok
05:13:08,70.1,95.7,25774,48182,ok
05:13:09,73.2,95.8,26870,49321,ok
05:13:10,70.1,96.9,26119,49665,ok
05:13:11,68.6,95.7,25409,49606,ok
05:13:12,73.7,96.1,26248,48404,ok
05:13:13,71.5,96.0,25085,49235,ok
05:13:14,71.4,95.5,25280,48454,ok
05:13:15,70.4,95.6,25613,48896,ok
05:13:16,71.7,95.6,25809,49993,ok
05:13:17,70.8,95.7,25919,49819,ok
05:13:18,78.1,96.6,26651,48452,ok
05:13:19,73.8,96.0,25120,49748,ok
05:13:20,68.8,96.2,25906,49156,ok
05:13:21,72.8,96.5,26319,48019,ok
05:13:22,73.9,95.5,25274,48643,ok
05:13:23,70.8,96.0,25549,48233,ok
05:13:24,71.9,96.6,26280,48335,ok
05:13:25,74.7,96.2,26404,48679,ok
05:13:26,73.6,95.5,26955,48035,ok
05:13:27,74.9,96.6,26661,49945,ok
05:13:28,72.6,95.9,25252,48585,ok
05:13:29,71.4,95.6,26946,48939,ok
05:13:30,69.7,95.2,25452,49241,ok
05:13:31,75.4,96.3,26440,49448,ok
05:13:32,72.1,94.8,25250,49847,ok
05:13:33,68.4,95.6,26926,49139,ok
05:13:34,69.8,95.4,25092,49153,ok
05:13:35,74.0,95.7,25977,49223,ok
05:13:36,73.4,95.5,26657,49959,ok
05:13:37,70.0,96.6,25079,48661,ok
05:13:38,72.1,95.8,25189,48335,ok
05:13:39,72.5,95.8,26544,49405,ok
05:13:40,73.2,96.4,26888,49073,ok
05:13:41,70.6,95.3,25616,49360,ok
05:13:42,71.4,95.7,26102,49378,ok
05:13:43,72.1,95.7,25979,49603,ok
05:13:44,71.9,95.6,25378,48742,ok
05:13:45,71.0,96.3,26039,49041,ok
05:13:46,69.1,95.0,25389,48818,ok
05:13:47,71.0,96.7,26953,49993,ok
05:13:48,69.8,96.9,25008,48161,ok
05:13:49,71.8,96.3,25952,48031,ok
05:13:50,74.3,95.6,26961,48515,ok
05:13:51,74.1,95.7,25013,49753,ok
05:13:52,67.1,96.2,26071,48434,ok
05:13:53,72.8,95.4,26714,49438,ok
05:13:54,71.4,95.9,25600,49202,ok
05:13:55,70.8,96.3,25965,49025,ok
05:13:56,69.3,95.9,26148,48989,ok
05:13:57,72.8,96.2,26674,49086,ok
05:13:58,77.0,96.1,25399,48807,ok
05:13:59,70.7,96.1,26791,48432,ok
05:14:00,69.1,96.5,26616,48421,ok
05:14:01,72.0,95.8,25199,48196,ok
05:14:02,70.6,95.9,25324,48899,ok
05:14:03,74.4,95.4,26602,49063,ok
05:14:04,72.9,96.1,25053,49687,ok
05:14:05,71.8,96.5,25098,48136,ok
05:14:06,72.4,97.3,26639,49042,ok
05:14:07,73.0,96.3,26190,48123,ok
05:14:08,71.5,95.7,25753,49269,ok
05:14:09,71.8,95.5,25446,49221,ok
05:14:10,72.5,95.3,26397,49914,ok
05:14:11,67.8,96.8,25303,49090,ok
05:14:12,74.1,95.7,26461,49553,ok
05:14:13,74.0,95.1,25886,49783,ok
05:14:14,71.4,96.4,25224,48549,ok
05:14:15,70.3,95.9,25697,49635,ok
05:14:16,70.7,95.9,25275,49294,ok
05:14:17,71.0,95.5,26406,48565,ok
05:14:18,70.6,94.9,26187,48942,ok
05:14:19,70.8,96.5,26556,49324,ok
05:14:20,73.3,95.9,25469,48560,ok
05:14:21,74.4,96.2,25821,48997,ok
05:14:22,70.0,96.9,25338,49960,ok
05:14:23,70.0,96.1,25644,49033,ok
05:14:24,69.2,95.7,26675,48696,ok
05:14:25,72.1,95.8,26377,48889,ok
05:14:26,71.2,96.1,25024,49454,ok
05:14:27,71.2,96.5,25682,49115,ok
05:14:28,74.2,95.7,25632,49195,ok
05:14:29,71.7,95.2,26488,49105,ok
05:14:30,71.3,95.9,25939,48731,ok
05:14:31,69.9,96.7,25667,49516,ok
05:14:32,75.6,96.6,25759,48106,ok
05:14:33,72.8,95.3,25954,48498,ok
05:14:34,74.9,96.4,25738,49426,ok
05:14:35,72.1,96.6,25338,49712,ok
05:14:36,73.4,95.8,25150,48507,ok
05:14:37,70.7,95.8,25812,49403,ok
05:14:38,69.4,95.5,26415,48307,ok
05:14:39,70.6,95.7,25277,49914,ok
05:14:40,74.5,95.7,26214,49600,ok
05:14:41,71.8,97.9,25458,48418,ok
05:14:42,70.1,95.9,25076,48865,ok
05:14:43,72.1,95.3,25412,49162,ok
05:14:44,73.8,95.6,25341,49298,ok
05:14:45,70.0,96.6,26338,48305,ok
05:14:46,75.4,96.1,25153,49884,ok
05:14:47,76.3,94.9,25304,49488,ok
05:14:48,72.0,95.8,25054,49948,ok
05:14:49,72.0,95.7,25829,49460,ok
05:14:50,71.9,95.9,25590,48877,ok
05:14:51,73.9,96.3,26056,49411,ok
05:14:52,77.2,95.3,25174,48780,ok
05:14:53,71.6,96.0,26696,48466,ok
05:14:54,74.8,96.2,26162,48332,ok
05:14:55,73.3,97.1,26655,49131,ok
05:14:56,67.8,96.8,25995,49595,ok
05:14:57,70.3,96.2,25221,48903,ok
05:14:58,69.4,96.0,25478,49528,ok
05:14:59,69.9,95.9,25999,48834,ok
05:15:00,72.3,95.5,25821,48539,ok
05:15:01,71.1,95.7,26794,48141,ok
05:15:02,69.6,95.6,25228,49771,ok
05:15:03,69.0,96.2,26110,49586,ok
05:15:04,76.2,96.8,25538,49517,ok
05:15:05,74.2,96.3,25322,48971,ok
05:15:06,71.6,96.9,25493,49390,ok
05:15:07,74.7,95.3,26329,49913,ok
05:15:08,74.1,95.9,26165,48726,ok
05:15:09,72.7,96.1,25485,49906,ok
05:15:10,70.9,95.7,26601,49807,ok
05:15:11,70.5,95.9,26338,49003,ok
05:15:12,75.0,95.7,26071,48639,ok
05:15:13,72.7,95.4,25726,48734,ok
05:15:14,71.8,96.2,26598,49711,ok
05:15:15,72.1,95.4,26797,49395,ok
05:15:16,72.4,95.7,25799,48053,ok
05:15:17,73.0,96.4,26224,49349,ok
05:15:18,71.8,95.5,26751,48841,ok
05:15:19,73.9,95.2,25240,48425,ok
05:15:20,74.5,96.3,26337,48985,ok
05:15:21,71.1,96.0,25672,48106,ok
05:15:22,72.2,96.1,26904,49580,ok
05:15:23,71.3,96.6,26765,48033,ok
05:15:24,72.8,95.7,26795,48387,ok
05:15:25,70.7,96.2,26074,49347,ok
05:15:26,74.7,96.0,26668,49506,ok
05:15:27,68.0,95.8,26312,49926,ok
05:15:28,73.6,96.6,25695,49578,ok
05:15:29,72.0,96.5,25769,48581,ok
05:15:30,70.6,95.6,25973,48863,ok
05:15:31,74.2,95.5,26732,48732,ok
05:15:32,70.5,95.8,26731,49408,ok
05:15:33,69.8,96.1,25903,48555,ok
05:15:34,73.2,95.6,25907,48163,ok
05:15:35,71.6,94.9,26568,48833,ok
05:15:36,69.8,96.0,26381,48980,ok
05:15:37,73.2,96.2,26423,48563,ok
05:15:38,76.2,96.7,26220,49429,ok
05:15:39,69.8,95.6,25781,49142,ok
05:15:40,71.3,96.3,26920,48543,ok
05:15:41,72.0,95.8,25034,49248,ok
05:15:42,74.0,95.8,26192,49158,ok
05:15:43,70.8,95.6,26003,49440,ok
05:15:44,72.1,96.3,26585,48307,ok
05:15:45,74.0,95.5,26593,49234,ok
05:15:46,73.1,96.8,26437,49951,ok
05:15:47,69.5,96.1,26644,49002,ok
05:15:48,71.4,96.4,26866,49420,ok
05:15:49,68.6,96.3,25032,48220,ok
05:15:50,67.0,95.8,26883,49520,ok
05:15:51,76.3,95.3,25982,48993,ok
05:15:52,71.5,96.6,25722,48961,ok
05:15:53,72.6,95.5,25508,49650,ok
05:15:54,69.9,95.5,26605,48451,ok
05:15:55,69.3,95.9,25555,49233,ok
05:15:56,70.7,96.3,25199,49068,ok
05:15:57,73.1,96.6,25502,49318,ok
05:15:58,72.0,95.8,26356,48277,ok
05:15:59,70.3,95.5,26314,48732,ok
05:16:00,73.4,96.5,26953,48322,ok
05:16:01,71.2,96.0,26596,48902,ok
05:16:02,68.7,96.7,25144,48906,ok
05:16:03,73.8,95.7,25784,49899,ok
05:16:04,67.8,96.5,25786,49326,ok
05:16:05,72.0,95.8,25241,49261,ok
05:16:06,74.3,95.4,25771,49619,ok
05:16:07,72.3,96.9,26291,48309,ok
05:16:08,73.0,96.5,25678,48921,ok
05:16:09,69.8,96.3,26620,49219,ok
05:16:10,71.4,95.4,25201,48691,ok
05:16:11,68.4,95.7,26893,49803,ok
05:16:12,74.7,95.3,25999,48125,ok
05:16:13,71.2,96.0,26587,49023,ok
05:16:14,70.5,95.8,25692,48549,ok
05:16:15,75.3,96.2,26645,48542,ok
05:16:16,69.2,95.4,25039,49194,ok
05:16:17,72.2,95.9,26627,48373,ok
05:16:18,72.9,96.1,25266,48135,ok
05:16:19,71.9,96.0,25604,48972,ok
05:16:20,71.8,96.1,26048,48890,ok
05:16:21,69.4,95.7,26980,49072,ok
05:16:22,72.5,96.4,25304,49780,ok
05:16:23,74.7,96.7,26731,49305,ok
05:16:24,70.8,95.8,25128,48584,ok
05:16:25,75.3,96.5,25293,48855,ok
05:16:26,72.0,95.7,26788,49111,ok
05:16:27,72.3,96.4,25814,49688,ok
05:16:28,70.5,95.8,25572,48158,ok
05:16:29,72.9,96.4,25788,49627,ok
05:16:30,71.4,96.9,25534,48656,ok
05:16:31,71.4,96.4,26722,49700,ok
05:16:32,68.9,94.8,25865,49156,ok
05:16:33,68.3,95.8,26119,49420,ok
05:16:34,72.5,96.3,26167,48307,ok
05:16:35,69.3,96.2,26252,48219,ok
05:16:36,68.2,96.2,26991,48921,ok
05:16:37,75.7,95.6,26652,49026,ok
05:16:38,70.0,96.3,25916,48898,ok
05:16:39,75.4,96.9,25427,48944,ok
05:16:40,74.8,96.2,26237,49538,ok
05:16:41,71.2,96.3,26261,49227,ok
05:16:42,70.2,95.4,26411,49174,ok
05:16:43,72.8,96.7,26120,48425,ok
05:16:44,71.9,95.1,25796,49951,ok
05:16:45,73.9,96.6,25910,49296,ok
05:16:46,74.2,96.6,26871,49205,ok
05:16:47,73.2,95.8,26580,48028,ok
05:16:48,67.3,96.1,26778,49089,ok
05:16:49,75.6,95.5,25065,49807,ok
05:16:50,71.0,96.4,25747,49494,ok
05:16:51,72.6,95.6,26308,48737,ok
05:16:52,72.8,95.5,25960,48638,ok
05:16:53,73.5,95.8,25317,48674,ok
05:16:54,70.2,95.5,26925,49794,ok
05:16:55,72.7,96.0,25672,48211,ok
05:16:56,73.9,96.1,25614,48134,ok
05:16:57,71.9,95.7,25318,48391,ok
05:16:58,74.2,96.2,26601,49182,ok
05:16:59,67.8,96.2,25268,48539,ok
05:17:00,70.2,96.1,26925,49890,ok
05:17:01,69.6,95.8,26794,48920,ok
05:17:02,72.7,96.1,25216,48081,ok
05:17:03,74.7,95.8,25319,48222,ok
05:17:04,71.2,95.8,26125,48499,ok
05:17:05,76.4,96.1,25800,48530,ok
05:17:06,70.9,96.7,26573,49044,ok
05:17:07,70.1,95.7,26855,49317,ok
05:17:08,72.6,95.8,26371,48970,ok
05:17:09,72.1,95.8,25621,49097,ok
05:17:10,72.2,94.7,25553,48270,ok
05:17:11,71.3,96.1,25539,48476,ok
05:17:12,72.1,96.0,25486,49431,ok
05:17:13,73.8,96.3,25059,48261,ok
05:17:14,73.5,95.7,25652,49441,ok
05:17:15,73.0,96.9,26612,49885,ok
05:17:16,70.9,95.5,25537,49430,ok
05:17:17,70.8,96.0,25740,48306,ok
05:17:18,70.5,96.8,25240,48899,ok
05:17:19,73.6,95.9,26449,48906,ok
05:17:20,75.6,95.0,25519,49629,ok
05:17:21,73.6,96.2,26552,49718,ok
05:17:22,70.4,95.7,25585,49154,ok
05:17:23,67.5,96.0,26424,49956,ok
05:17:24,74.0,95.8,26272,49791,ok
05:17:25,74.7,95.3,25825,49065,ok
05:17:26,68.8,95.8,25051,48155,ok
05:17:27,70.7,95.2,25844,48677,ok
05:17:28,76.5,96.0,26848,48317,ok
05:17:29,73.3,96.2,25151,48409,ok
05:17:30,72.8,96.4,26138,48232,ok
05:17:31,69.8,96.5,25784,49040,ok
05:17:32,71.6,96.0,26831,48278,ok
05:17:33,70.7,96.3,26678,48828,ok
05:17:34,70.2,95.3,26357,48877,ok
05:17:35,72.7,95.1,25482,49403,ok
05:17:36,69.5,95.7,26854,48852,ok
05:17:37,70.1,96.5,25393,49653,ok
05:17:38,71.0,96.4,26835,48997,ok
05:17:39,71.0,95.1,26433,49147,ok
05:17:40,72.9,96.2,26331,49250,ok
05:17:41,68.9,95.4,26814,49029,ok
05:17:42,71.9,95.2,25673,49000,ok
05:17:43,72.1,96.4,25500,49031,ok
05:17:44,72.2,95.3,25944,48909,ok
05:17:45,71.7,96.6,25573,48163,ok
05:17:46,69.1,96.4,26448,49044,ok
05:17:47,70.7,95.8,26280,49164,ok
05:17:48,72.6,96.4,26287,48929,ok
05:17:49,73.7,95.5,25637,48157,ok
05:17:50,72.1,95.6,25740,48390,ok
05:17:51,72.8,96.3,26344,49089,ok
05:17:52,73.7,96.1,26740,49453,ok
05:17:53,73.6,96.4,26450,48553,ok
05:17:54,69.7,96.6,25476,48114,ok
05:17:55,73.6,95.4,26106,48949,ok
05:17:56,69.2,96.1,26044,48979,ok
05:17:57,74.6,96.8,26660,49671,ok
05:17:58,76.4,95.9,25189,49708,ok
05:17:59,70.9,95.6,26616,49731,ok
05:18:00,71.0,95.9,26773,49471,ok
05:18:01,73.0,95.7,26965,49934,ok
05:18:02,76.1,96.0,26639,49566,ok
05:18:03,72.8,95.9,25522,48540,ok
05:18:04,69.3,95.3,25262,49751,ok
05:18:05,73.0,96.7,25136,48009,ok
05:18:06,71.5,96.9,26794,48753,ok
05:18:07,75.3,95.1,25968,49995,ok
05:18:08,71.4,95.9,26671,49136,ok
05:18:09,75.6,96.0,26791,49793,ok
05:18:10,72.5,96.2,26677,49142,ok
05:18:11,73.8,96.2,25773,48427,ok
05:18:12,74.0,96.6,25968,49590,ok
05:18:13,72.3,95.7,25925,48639,ok
05:18:14,70.5,96.3,26196,48893,ok
05:18:15,68.7,96.7,26271,48512,ok
05:18:16,73.4,96.3,25242,48902,ok
05:18:17,75.1,96.0,26826,49307,ok
05:18:18,69.8,95.7,26850,49706,ok
05:18:19,72.2,96.8,25452,49364,ok
05:18:20,72.7,96.7,25750,48859,ok
05:18:21,70.6,96.5,26882,48696,ok
05:18:22,72.9,96.2,25096,49379,ok
05:18:23,72.8,96.4,25076,49408,ok
05:18:24,70.5,96.4,26344,48268,ok
05:18:25,70.4,95.9,25074,49249,ok
05:18:26,72.6,95.6,26875,48347,ok
05:18:27,74.2,95.7,25262,48736,ok
05:18:28,73.6,96.5,25228,49986,ok
05:18:29,72.4,95.7,25225,48181,ok
05:18:30,72.0,95.9,25468,48640,ok
05:18:31,75.2,96.2,25844,49198,ok
05:18:32,69.9,96.6,25086,49321,ok
05:18:33,71.5,96.6,26665,49200,ok
05:18:34,68.7,96.0,25391,48783,ok
05:18:35,75.1,96.8,25941,48377,ok
05:18:36,73.5,96.4,26655,49673,ok
05:18:37,72.7,95.3,26510,48850,ok
05:18:38,70.2,95.6,25593,48463,ok
05:18:39,69.7,96.9,25215,49248,ok
05:18:40,75.7,96.7,26864,48236,ok
05:18:41,73.4,95.5,26631,48900,ok
05:18:42,71.9,96.4,25894,48681,ok
05:18:43,71.0,97.1,26123,49987,ok
05:18:44,73.2,95.3,25990,49062,ok
05:18:45,74.1,95.8,26461,48294,ok
05:18:46,68.8,95.2,25965,48575,ok
05:18:47,71.9,96.3,25874,49594,ok
05:18:48,71.0,96.3,26347,49190,ok
05:18:49,71.1,96.2,26764,48287,ok
05:18:50,70.7,95.7,25712,48744,ok
05:18:51,72.5,96.6,26492,49254,ok
05:18:52,73.9,96.0,26072,48380,ok
05:18:53,73.5,95.2,25899,49782,ok
05:18:54,73.1,96.3,26091,49052,ok
05:18:55,71.2,96.3,26401,49198,ok
05:18:56,67.9,95.9,26367,49795,ok
05:18:57,74.7,95.2,26109,48934,ok
05:18:58,67.4,96.2,26999,49774,ok
05:18:59,70.5,95.8,25765,48098,ok
05:19:00,70.7,95.6,25668,48206,ok
05:19:01,69.7,96.2,25710,48170,ok
05:19:02,75.0,95.8,26504,49751,ok
05:19:03,70.8,95.7,26004,49537,ok
05:19:04,71.2,95.9,26284,48177,ok
05:19:05,69.4,95.9,26497,48689,ok
05:19:06,72.9,95.7,25963,48811,ok
05:19:07,71.6,95.0,26939,48351,ok
05:19:08,72.3,96.0,26089,49725,ok
05:19:09,71.3,95.5,25805,48946,ok
05:19:10,68.2,95.6,25837,49720,ok
05:19:11,75.3,95.2,25483,48141,ok
05:19:12,67.3,96.0,26379,48740,ok
05:19:13,68.0,96.3,25347,49093,ok
05:19:14,74.0,96.8,25830,48848,ok
05:19:15,73.9,96.7,26589,48605,ok
05:19:16,73.5,96.0,26280,48402,ok
05:19:17,72.2,95.4,26715,48169,ok
05:19:18,74.8,95.3,26897,48011,ok
05:19:19,67.8,95.9,25503,49531,ok
05:19:20,71.1,96.3,25481,48878,ok
05:19:21,71.6,96.4,25387,48942,ok
05:19:22,71.0,94.8,26235,49691,ok
05:19:23,71.3,96.1,25206,49238,ok
05:19:24,74.5,95.9,25898,48454,ok
05:19:25,73.1,96.6,25250,49953,ok
05:19:26,69.0,96.3,26630,48216,ok
05:19:27,70.3,96.0,25562,49201,ok
05:19:28,71.7,95.3,26780,49375,ok
05:19:29,71.8,96.2,26179,49434,ok
05:19:30,72.8,96.9,25271,48230,ok
05:19:31,74.2,95.4,25333,48987,ok
05:19:32,74.5,95.5,25977,49935,ok
05:19:33,73.0,94.8,26113,49494,ok
05:19:34,72.1,96.5,26710,49735,ok
05:19:35,76.9,95.9,25732,48919,ok
05:19:36,70.3,95.4,26903,48636,ok
05:19:37,73.0,96.7,26342,49221,ok
05:19:38,71.7,95.5,26919,48093,ok
05:19:39,69.1,95.8,26204,49125,ok
05:19:40,73.4,95.4,26336,49665,ok
05:19:41,73.5,95.5,26831,49199,ok
05:19:42,74.3,96.4,25587,48887,ok
05:19:43,69.6,95.8,26384,49716,ok
05:19:44,74.1,96.4,25425,48085,ok
05:19:45,72.4,96.6,25814,49783,ok
05:19:46,69.6,96.2,26467,48817,ok
05:19:47,73.7,96.3,26337,48157,ok
05:19:48,71.2,95.7,25379,48252,ok
05:19:49,72.1,96.1,26360,48509,ok
05:19:50,70.5,96.8,25309,48446,ok
05:19:51,70.3,96.7,26673,48296,ok
05:19:52,71.9,96.3,25136,48647,ok
05:19:53,72.6,95.9,25684,49030,ok
05:19:54,73.0,95.6,26675,48489,ok
05:19:55,72.3,96.6,26338,49684,ok
05:19:56,72.4,96.1,26958,49967,ok
05:19:57,71.5,96.4,25882,48840,ok
05:19:58,71.4,95.8,26149,48912,ok
05:19:59,74.8,96.0,26643,49259,ok
05:20:00,73.2,96.6,25119,48392,ok
05:20:01,74.0,95.4,26789,49234,ok
05:20:02,70.2,95.2,25441,49541,ok
05:20:03,71.3,96.1,25733,48594,ok
05:20:04,71.2,96.2,26435,49084,ok
05:20:05,73.0,95.3,25732,49397,ok
05:20:06,74.5,96.2,26859,48209,ok
05:20:07,74.0,95.9,26857,48671,ok
05:20:08,74.0,95.8,26559,49802,ok
05:20:09,67.3,96.2,26287,49883,ok
05:20:10,69.0,95.9,25784,48531,ok
05:20:11,71.7,96.5,26336,49093,ok
05:20:12,68.6,96.1,25525,49600,ok
05:20:13,73.1,95.6,25644,49509,ok
05:20:14,72.1,95.1,26428,48324,ok
05:20:15,71.9,95.9,26101,48476,ok
05:20:16,71.0,95.8,26572,48705,ok
05:20:17,74.2,95.6,26212,49735,ok
05:20:18,69.3,95.5,26878,48636,ok
05:20:19,72.8,95.6,26755,48638,ok
05:20:20,72.8,96.2,25129,49940,ok
05:20:21,72.1,96.5,25624,48133,ok
05:20:22,70.9,97.0,26452,48131,ok
05:20:23,72.7,96.3,25671,48573,ok
05:20:24,70.8,96.6,26275,48383,ok
05:20:25,72.8,95.4,25308,49649,ok
05:20:26,70.4,96.5,26046,48627,ok
05:20:27,72.0,95.7,26770,48202,ok
05:20:28,69.5,96.2,25542,48457,ok
05:20:29,73.2,95.7,25538,48215,ok
05:20:30,71.3,95.2,25890,48970,ok
05:20:31,73.7,95.2,26485,48445,ok
05:20:32,73.4,96.7,25229,49073,ok
05:20:33,68.6,96.0,25479,48736,ok
05:20:34,71.5,96.3,26917,49590,ok
05:20:35,72.7,96.1,25605,48461,ok
05:20:36,72.0,95.9,25317,49887,ok
05:20:37,74.2,96.1,25544,48319,ok
05:20:38,68.4,95.6,25230,48788,ok
05:20:39,71.3,95.9,25871,49876,ok
05:20:40,70.1,96.0,26029,48661,ok
05:20:41,73.8,96.4,25068,49766,ok
05:20:42,74.6,95.4,26714,49631,ok
05:20:43,71.3,96.1,25712,49875,ok
05:20:44,73.2,96.5,25398,49802,ok
05:20:45,71.4,96.3,26746,49774,ok
05:20:46,72.4,95.6,25831,48883,ok
05:20:47,71.1,96.2,25882,49187,ok
05:20:48,75.8,96.5,26334,49612,ok
05:20:49,68.7,95.8,26552,49204,ok
05:20:50,72.9,95.5,26074,49890,ok
05:20:51,74.3,96.3,25898,49615,ok
05:20:52,75.2,96.0,26807,49461,ok
05:20:53,72.1,96.1,26444,48404,ok
05:20:54,70.1,96.1,26441,49562,ok
05:20:55,73.1,96.2,25565,48171,ok
05:20:56,71.4,95.9,26783,49347,ok
05:20:57,74.4,96.2,25570,49441,ok
05:20:58,75.6,96.1,26655,49301,ok
05:20:59,71.6,94.7,26058,48550,ok
05:21:00,74.2,96.4,25632,49905,ok
05:21:01,73.6,95.8,25816,49382,ok
05:21:02,72.9,95.4,26440,49363,ok
05:21:03,71.1,96.9,25602,48025,ok
05:21:04,71.2,95.8,25656,49235,ok
05:21:05,76.2,95.4,26678,48647,ok
05:21:06,69.8,95.3,26102,49292,ok
05:21:07,73.3,96.0,26982,49015,ok
05:21:08,71.3,95.6,25984,49199,ok
05:21:09,73.1,96.5,26688,49769,ok
05:21:10,74.1,96.0,26492,49906,ok
05:21:11,74.0,96.3,26618,49550,ok
05:21:12,71.4,95.8,25113,49538,ok
05:21:13,71.8,96.2,25229,49632,ok
05:21:14,72.0,96.5,26436,48512,ok
05:21:15,70.8,95.6,25601,48845,ok
05:21:16,71.5,96.1,25510,48297,ok
05:21:17,72.3,95.8,25746,49743,ok
05:21:18,70.1,95.0,25841,49036,ok
05:21:19,72.9,96.1,26026,49504,ok
05:21:20,73.2,96.2,25457,49611,ok
05:21:21,71.6,96.5,25201,48581,ok
05:21:22,71.4,95.9,25943,48425,ok
05:21:23,70.9,95.5,26050,48362,ok
05:21:24,73.4,96.1,25245,48398,ok
05:21:25,71.7,95.7,26398,49056,ok
05:21:26,71.0,96.1,25128,49798,ok
05:21:27,68.4,96.0,25717,48460,ok
05:21:28,69.8,95.8,26809,49502,ok
05:21:29,72.3,96.3,25162,49968,ok
05:21:30,72.2,96.1,25069,49501,ok
05:21:31,72.7,96.7,26846,49694,ok
05:21:32,71.4,95.4,25796,48139,ok
05:21:33,75.7,96.0,26625,49381,ok
05:21:34,73.6,95.7,25298,48856,ok
05:21:35,72.2,96.9,26046,48944,ok
05:21:36,72.4,96.1,25496,49378,ok
05:21:37,70.5,95.8,26034,48039,ok
05:21:38,73.9,95.4,25151,48197,ok
05:21:39,72.5,96.3,25977,49334,ok
05:21:40,70.6,95.4,26787,48112,ok
05:21:41,70.3,95.8,26135,48255,ok
05:21:42,70.4,95.7,25470,49312,ok
05:21:43,74.7,95.9,26710,48898,ok
05:21:44,73.1,96.2,25698,48605,ok
05:21:45,74.0,96.0,26744,49795,ok
05:21:46,71.4,96.6,26522,48744,ok
05:21:47,70.5,95.9,25410,49581,ok
05:21:48,73.8,95.5,26570,49319,ok
05:21:49,72.5,96.1,26346,48857,ok
05:21:50,71.3,96.3,26003,48171,ok
05:21:51,70.9,96.4,25562,49565,ok
05:21:52,72.2,96.9,25933,48733,ok
05:21:53,73.5,96.1,26445,48337,ok
05:21:54,72.1,95.6,25849,48579,ok
05:21:55,74.5,96.4,26855,49644,ok
05:21:56,75.1,95.9,26672,49850,ok
05:21:57,70.3,96.5,26167,49620,ok
05:21:58,74.4,96.2,26176,49744,ok
05:21:59,69.1,96.4,26912,48598,ok
05:22:00,73.8,96.0,26251,48281,ok
05:22:01,72.6,95.5,26156,48246,ok
05:22:02,72.4,95.9,25987,49749,ok
05:22:03,74.5,96.3,25128,49694,ok
05:22:04,72.7,94.9,25778,48603,ok
05:22:05,73.1,96.1,26826,48748,ok
05:22:06,67.7,96.1,25369,48957,ok
05:22:07,72.1,95.9,26140,48910,ok
05:22:08,72.2,96.1,26077,49884,ok
05:22:09,73.4,96.0,26514,49061,ok
05:22:10,71.4,96.8,26361,48109,ok
05:22:11,74.1,95.5,25550,49375,ok
05:22:12,71.2,94.9,25934,48745,ok
05:22:13,72.1,96.3,25336,49646,ok
05:22:14,73.8,95.2,26667,48727,ok
05:22:15,75.5,95.9,25720,48198,ok
05:22:16,76.8,96.5,26948,48917,ok
05:22:17,71.4,96.3,25401,48410,ok
05:22:18,70.4,96.4,25042,49943,ok
05:22:19,70.9,96.0,26746,48147,ok
05:22:20,72.6,96.2,26900,48149,ok
05:22:21,71.9,96.5,25264,49413,ok
05:22:22,71.9,95.7,25186,49107,ok
05:22:23,70.8,95.9,25965,49038,ok
05:22:24,69.5,96.7,26338,48556,ok
05:22:25,70.8,97.0,25410,49701,ok
05:22:26,73.4,97.0,25753,49683,ok
05:22:27,73.3,96.2,26957,48187,ok
05:22:28,71.0,95.2,26077,49024,ok
05:22:29,73.2,96.3,26040,49296,ok
05:22:30,73.2,96.0,25234,48956,ok
05:22:31,72.4,96.2,25378,48226,ok
05:22:32,69.6,96.0,26851,48305,ok
05:22:33,74.2,95.9,26622,49890,ok
05:22:34,73.3,96.6,26405,48061,ok
05:22:35,74.9,96.2,25986,48169,ok
05:22:36,76.2,96.3,26732,48960,ok
05:22:37,73.2,96.1,25230,48197,ok
05:22:38,71.1,95.9,25394,49945,ok
05:22:39,69.8,96.1,25547,48275,ok
05:22:40,70.8,96.5,25341,48367,ok
05:22:41,68.6,95.8,25017,48581,ok
05:22:42,71.8,96.2,26695,48709,ok
05:22:43,70.2,96.0,26654,49646,ok
05:22:44,70.4,96.0,25973,49552,ok
05:22:45,72.0,95.3,26351,49800,ok
05:22:46,72.5,96.5,25637,48118,ok
05:22:47,72.3,95.9,26584,49648,ok
05:22:48,71.0,95.6,25183,48826,ok
05:22:49,70.6,95.6,26355,49809,ok
05:22:50,76.3,95.2,25058,48828,ok
05:22:51,72.4,96.5,26553,49921,ok
05:22:52,71.4,95.8,26937,49461,ok
05:22:53,73.2,96.7,25513,49901,ok
05:22:54,69.7,95.1,25770,48350,ok
05:22:55,73.1,95.1,26778,49368,ok
05:22:56,70.0,96.0,25263,49793,ok
05:22:57,75.9,97.0,25931,49409,ok
05:22:58,67.9,96.3,25639,49703,ok
05:22:59,71.9,96.6,25463,48263,ok
05:23:00,72.6,96.1,25859,48313,ok
05:23:01,72.5,95.9,26897,49427,ok
05:23:02,69.1,95.2,25278,48709,ok
05:23:03,73.9,96.0,25167,48267,ok
05:23:04,69.4,96.4,26271,48970,ok
05:23:05,71.1,96.5,26352,48926,ok
05:23:06,69.4,96.4,25916,48730,ok
05:23:07,72.8,96.2,26838,48607,ok
05:23:08,67.2,95.5,25207,48161,ok
05:23:09,72.5,94.8,26196,48830,ok
05:23:10,76.8,96.0,25447,49797,ok
05:23:11,73.9,95.9,26314,48856,ok
05:23:12,75.5,95.4,26508,49895,ok
05:23:13,68.1,95.0,25161,48234,ok
05:23:14,71.3,95.7,25476,49807,ok
05:23:15,71.7,96.1,25663,48986,ok
05:23:16,73.1,96.9,26767,49283,ok
05:23:17,70.1,95.4,26957,48059,ok
05:23:18,72.9,96.7,25114,48442,ok
05:23:19,70.7,97.0,26425,48123,ok
05:23:20,67.5,95.6,26002,48549,ok
05:23:21,74.4,96.2,25904,49261,ok
05:23:22,70.8,96.1,26727,49355,ok
05:23:23,75.6,96.0,26141,49135,ok
05:23:24,74.1,95.7,25196,48208,ok
05:23:25,72.4,95.9,25398,48932,ok
05:23:26,71.2,95.3,26644,49612,ok
05:23:27,74.2,96.4,25069,48272,ok
05:23:28,71.0,96.2,26466,49249,ok
05:23:29,70.0,95.3,26259,48654,ok
05:23:30,70.5,95.9,26692,49655,ok
05:23:31,72.8,95.0,26068,49532,ok
05:23:32,71.6,96.3,26849,48490,ok
05:23:33,71.5,96.4,25488,49544,ok
05:23:34,70.7,95.8,26339,48354,ok
05:23:35,71.1,96.2,26617,48823,ok
05:23:36,72.6,95.8,25172,49931,ok
05:23:37,73.2,95.3,25124,48659,ok
05:23:38,72.2,96.5,25446,49769,ok
05:23:39,69.3,96.2,26644,48290,ok
05:23:40,71.6,96.9,26912,48098,ok
05:23:41,71.6,95.6,26861,49857,ok
05:23:42,75.0,96.1,26495,49369,ok
05:23:43,72.1,96.2,26261,49369,ok
05:23:44,68.9,96.1,25141,48262,ok
05:23:45,76.4,96.4,25929,49856,ok
05:23:46,69.2,95.0,25514,48888,ok
05:23:47,71.6,96.2,26525,48066,ok
05:23:48,72.3,95.6,25272,49863,ok
05:23:49,71.6,96.6,25445,48526,ok
05:23:50,69.5,95.5,25383,48790,ok
05:23:51,70.3,95.9,25177,48029,ok
05:23:52,73.8,96.0,25646,48819,ok
05:23:53,71.8,95.8,25778,49191,ok
05:23:54,74.7,95.7,26489,48647,ok
05:23:55,70.5,95.8,26573,48037,ok
05:23:56,70.4,95.3,25069,49323,ok
05:23:57,69.0,96.3,26103,49805,ok
05:23:58,74.1,95.6,26105,49276,ok
05:23:59,74.6,94.9,26447,49793,ok
05:24:00,72.3,96.6,25344,48494,ok
05:24:01,73.4,95.3,26520,49828,ok
05:24:02,74.7,96.2,26429,48645,ok
05:24:03,68.3,96.0,25352,48876,ok
05:24:04,74.7,96.4,26597,48129,ok
05:24:05,74.3,95.4,26417,48842,ok
05:24:06,69.5,95.4,25042,48264,ok
05:24:07,71.8,95.6,25831,48629,ok
05:24:08,70.0,96.7,26343,49381,ok
05:24:09,68.0,95.6,25092,49474,ok
05:24:10,74.2,95.4,26058,48479,ok
05:24:11,73.9,96.1,25074,48464,ok
05:24:12,71.0,95.3,26896,49318,ok
05:24:13,73.1,97.1,26293,49896,ok
05:24:14,76.4,96.6,26809,49278,ok
05:24:15,71.5,95.0,25216,48231,ok
05:24:16,70.1,96.7,25196,49727,ok
05:24:17,73.6,96.3,25220,49752,ok
05:24:18,71.6,95.5,25615,48117,ok
05:24:19,73.9,95.8,26868,48880,ok
05:24:20,66.6,96.3,25373,48605,ok
05:24:21,71.2,96.6,25015,49405,ok
05:24:22,70.8,96.4,25684,49451,ok
05:24:23,73.0,96.0,26322,48023,ok
05:24:24,73.1,96.5,25842,49328,ok
05:24:25,75.5,96.1,26989,48604,ok
05:24:26,71.9,95.9,25692,48211,ok
05:24:27,73.3,94.7,26314,49243,ok
05:24:28,71.9,96.2,25151,48418,ok
05:24:29,68.8,95.5,25852,48087,ok
05:24:30,71.8,95.4,26003,49836,ok
05:24:31,71.7,96.9,26131,48728,ok
05:24:32,73.4,95.8,25599,49693,ok
05:24:33,71.0,96.3,25334,48514,ok
05:24:34,72.0,95.4,26540,49881,ok
05:24:35,74.5,95.3,25157,49736,ok
05:24:36,72.5,96.0,25656,49216,ok
05:24:37,74.8,95.8,25341,48347,ok
05:24:38,69.2,95.7,25360,48552,ok
05:24:39,69.3,96.1,25315,48328,ok
05:24:40,69.2,96.0,26037,49303,ok
05:24:41,70.3,95.9,25006,48870,ok
05:24:42,70.4,96.6,26711,49367,ok
05:24:43,72.8,95.9,25778,49496,ok
05:24:44,70.1,96.2,25717,49008,ok
05:24:45,72.0,96.5,25215,48940,ok
05:24:46,72.2,95.9,25879,48823,ok
05:24:47,71.1,96.3,26024,49486,ok
05:24:48,69.1,96.9,25916,49426,ok
05:24:49,68.9,96.0,26818,48376,ok
05:24:50,73.8,95.9,25946,49122,ok
05:24:51,73.7,96.1,25797,49425,ok
05:24:52,69.8,96.1,26305,49668,ok
05:24:53,69.0,95.5,26712,48610,ok
05:24:54,76.2,95.4,26434,48853,ok
05:24:55,68.4,96.3,26327,48275,ok
05:24:56,72.7,96.2,25756,48209,ok
05:24:57,73.4,95.7,26293,49755,ok
05:24:58,72.3,95.6,25536,49894,ok
05:24:59,70.2,96.6,26240,49823,ok
05:25:00,68.2,96.4,25236,49648,ok
05:25:01,71.0,95.8,26538,48780,ok
05:25:02,70.4,96.0,26056,49724,ok
05:25:03,69.7,96.0,26233,48228,ok
05:25:04,72.3,95.4,25896,48330,ok
05:25:05,73.1,96.4,25417,49529,ok
05:25:06,70.8,95.1,25979,49151,ok
05:25:07,72.1,96.1,25476,49126,ok
05:25:08,70.6,96.6,25895,48010,ok
05:25:09,71.0,95.7,26184,49592,ok
05:25:10,72.0,95.4,25679,49429,ok
05:25:11,72.6,96.3,25478,49883,ok
05:25:12,70.1,95.8,26020,49208,ok
05:25:13,71.8,95.2,25906,48171,ok
05:25:14,68.3,95.0,26237,48968,ok
05:25:15,72.6,96.2,26527,48865,ok
05:25:16,70.3,96.4,26139,49142,ok
05:25:17,73.2,95.7,25749,48038,ok
05:25:18,73.4,96.1,26252,48482,ok
05:25:19,72.8,96.0,26796,49194,ok
05:25:20,70.9,96.1,26052,49783,ok
05:25:21,72.1,95.8,25036,49967,ok
05:25:22,72.4,95.2,25768,48998,ok
05:25:23,69.7,96.3,26136,49276,ok
05:25:24,70.0,95.8,26078,49503,ok
05:25:25,70.4,96.1,25410,49338,ok
05:25:26,72.2,95.5,25772,49737,ok
05:25:27,74.9,96.1,25211,48129,ok
05:25:28,72.3,95.9,26562,49205,ok
05:25:29,72.1,96.1,26349,49666,ok
05:25:30,71.9,96.6,26975,48468,ok
05:25:31,70.8,96.5,25823,48074,ok
05:25:32,72.5,96.1,26746,48916,ok
05:25:33,71.0,95.6,25775,49674,ok
05:25:34,73.9,96.0,26011,49964,ok
05:25:35,74.7,95.4,26092,49407,ok
05:25:36,72.3,95.8,25979,48480,ok
05:25:37,73.9,95.5,25752,48411,ok
05:25:38,73.2,95.2,26178,48410,ok
05:25:39,70.7,95.5,25437,48147,ok
05:25:40,71.0,96.7,25826,49289,ok
05:25:41,68.7,95.8,26181,49076,ok
05:25:42,69.1,96.4,25540,48785,ok
05:25:43,68.3,95.5,25082,49399,ok
05:25:44,75.5,96.1,25237,48644,ok
05:25:45,76.6,97.0,25302,49567,ok
05:25:46,71.6,95.8,25488,49679,ok
05:25:47,76.8,95.8,25309,48237,ok
05:25:48,72.6,96.9,26260,49710,ok
05:25:49,72.6,96.1,26826,48124,ok
05:25:50,68.7,96.7,25219,49794,ok
05:25:51,73.3,96.0,25867,48378,ok
05:25:52,71.2,96.3,25083,49631,ok
05:25:53,72.4,97.3,26218,49929,ok
05:25:54,69.4,96.3,26176,48818,ok
05:25:55,71.7,96.2,25502,48460,ok
05:25:56,72.9,95.9,25883,48611,ok
05:25:57,70.1,95.9,26300,49200,ok
05:25:58,71.1,96.5,25532,48648,ok
05:25:59,72.0,96.3,26327,48120,ok
05:26:00,72.9,96.4,26428,48812,ok
05:26:01,68.9,96.3,25235,48264,ok
05:26:02,75.7,96.5,25691,48505,ok
05:26:03,67.3,95.9,26006,48268,ok
05:26:04,74.0,95.8,25153,48876,ok
05:26:05,72.8,96.6,25524,49051,ok
05:26:06,74.9,95.1,25758,48854,ok
05:26:07,73.7,95.0,25298,49944,ok
05:26:08,72.3,96.5,26274,48359,ok
05:26:09,69.6,96.2,26067,49634,ok
05:26:10,71.1,96.5,25018,48022,ok
05:26:11,71.1,96.0,25775,49982,ok
05:26:12,74.8,96.0,26644,48178,ok
05:26:13,69.1,96.1,26928,48228,ok
05:26:14,73.6,96.1,25354,49404,ok
05:26:15,72.8,95.8,26598,49457,ok
05:26:16,72.3,96.0,25822,49075,ok
05:26:17,71.1,95.0,26894,48610,ok
05:26:18,71.3,96.3,26819,49252,ok
05:26:19,74.5,94.9,26113,49561,ok
05:26:20,69.6,96.9,25754,48779,ok
05:26:21,76.5,97.2,26494,48688,ok
05:26:22,70.2,96.6,26112,49088,ok
05:26:23,68.6,95.1,25023,48883,ok
05:26:24,69.3,95.7,25380,48115,ok
05:26:25,68.1,97.0,25685,48896,ok
05:26:26,71.3,95.6,25459,48390,ok
05:26:27,70.9,97.0,26553,49509,ok
05:26:28,66.4,96.2,25567,49411,ok
05:26:29,72.1,95.5,26890,49093,ok
05:26:30,73.7,96.6,26543,49471,ok
05:26:31,70.0,95.9,26440,49479,ok
05:26:32,71.2,95.6,25063,48786,ok
05:26:33,71.2,95.7,26598,48437,ok
05:26:34,72.0,95.1,25443,48201,ok
05:26:35,73.1,95.8,26602,49056,ok
05:26:36,68.8,95.8,25754,49118,ok
05:26:37,73.6,96.5,26701,49757,ok
05:26:38,73.1,96.2,25264,48451,ok
05:26:39,67.5,96.2,26998,48074,ok
05:26:40,70.5,95.1,26176,49187,ok
05:26:41,72.4,95.7,26368,49811,ok
05:26:42,73.1,96.9,26588,48416,ok
05:26:43,68.8,95.6,25642,48326,ok
05:26:44,73.9,96.1,25982,49716,ok
05:26:45,70.9,95.6,26971,48667,ok
05:26:46,75.1,95.7,25568,48241,ok
05:26:47,72.7,95.5,25475,48169,ok
05:26:48,71.1,96.1,26200,48472,ok
05:26:49,71.8,96.2,25574,49444,ok
05:26:50,70.7,96.4,26098,48056,ok
05:26:51,72.2,95.6,26328,48410,ok
05:26:52,73.1,95.7,26341,49092,ok
05:26:53,74.1,95.7,26683,48766,ok
05:26:54,71.8,96.7,26781,49775,ok
05:26:55,74.2,96.4,25394,49087,ok
05:26:56,73.5,96.2,25659,49192,ok
05:26:57,72.8,96.2,26773,48136,ok
05:26:58,72.5,96.7,26361,49913,ok
05:26:59,71.9,95.4,25794,48460,ok
05:27:00,72.1,96.6,25051,49385,ok
05:27:01,71.6,95.9,26049,49394,ok
05:27:02,73.8,95.7,26097,49719,ok
05:27:03,73.7,96.1,26281,48260,ok
05:27:04,68.8,95.3,26250,48889,ok
05:27:05,73.6,96.0,26512,49178,ok
05:27:06,74.2,96.5,26181,49062,ok
05:27:07,71.5,96.2,25119,48121,ok
05:27:08,71.9,95.5,26535,48612,ok
05:27:09,73.2,96.3,25549,48564,ok
05:27:10,75.1,95.4,26292,49684,ok
05:27:11,69.5,95.4,25650,48226,ok
05:27:12,71.6,96.3,26158,48075,ok
05:27:13,68.7,96.2,25127,49206,ok
05:27:14,72.1,94.6,26732,48175,ok
05:27:15,73.2,95.8,26676,49647,ok
05:27:16,75.2,96.0,26644,48511,ok
05:27:17,72.6,95.2,26060,49327,ok
05:27:18,70.5,96.0,26526,48738,ok
05:27:19,73.9,96.4,26667,48866,ok
05:27:20,70.4,96.0,25780,48882,ok
05:27:21,75.9,96.0,25139,48806,ok
05:27:22,70.6,96.7,25009,49942,ok
05:27:23,72.3,96.5,26402,49529,ok
05:27:24,75.1,96.0,26177,49942,ok
05:27:25,72.0,96.1,25570,48799,ok
05:27:26,70.7,95.7,25843,48320,ok
05:27:27,74.8,96.1,26451,49713,ok
05:27:28,73.1,96.0,25834,49703,ok
05:27:29,68.0,96.3,25645,48606,ok
05:27:30,67.8,95.2,25846,49950,ok
05:27:31,69.7,96.0,26342,48453,ok
05:27:32,69.0,96.1,26394,48976,ok
05:27:33,72.0,94.4,26752,49659,ok
05:27:34,69.7,95.9,26350,49639,ok
05:27:35,73.7,95.2,26802,48432,ok
05:27:36,68.4,95.6,25030,49237,ok
05:27:37,72.9,95.6,26545,49513,ok
05:27:38,71.9,96.1,25942,48327,ok
05:27:39,72.1,95.4,25851,48371,ok
05:27:40,69.5,96.7,26390,48996,ok
05:27:41,74.2,95.4,25403,48452,ok
05:27:42,77.9,95.8,25550,48954,ok
05:27:43,75.5,96.1,26284,48379,ok
05:27:44,72.6,96.1,25331,49738,ok
05:27:45,70.5,94.8,25414,48717,ok
05:27:46,71.2,95.9,26029,49477,ok
05:27:47,73.5,96.2,26163,48047,ok
05:27:48,71.5,95.9,26306,49089,ok
05:27:49,73.5,96.0,26241,48967,ok
05:27:50,72.8,96.1,25189,49675,ok
05:27:51,72.7,96.3,25374,48806,ok
05:27:52,73.8,95.8,25794,49397,ok
05:27:53,72.7,96.1,26352,48116,ok
05:27:54,72.9,95.5,25219,48184,ok
05:27:55,72.1,95.2,25009,48112,ok
05:27:56,67.5,96.0,26689,49698,ok
05:27:57,71.1,95.8,25718,49324,ok
05:27:58,75.1,95.8,26207,49496,ok
05:27:59,73.6,96.1,25319,49450,ok
05:28:00,69.1,95.8,26007,48910,ok
05:28:01,72.3,96.1,25942,49500,ok
05:28:02,71.5,95.9,26697,48040,ok
05:28:03,68.9,96.7,25262,49504,ok
05:28:04,70.2,95.8,26256,48941,ok
05:28:05,71.8,95.5,26671,49432,ok
05:28:06,73.2,96.0,26655,48622,ok
05:28:07,73.1,96.6,25672,48720,ok
05:28:08,73.7,96.1,25611,49021,ok
05:28:09,74.0,96.8,25794,48093,ok
05:28:10,72.6,95.3,26810,48160,ok
05:28:11,70.4,96.1,26408,49752,ok
05:28:12,72.1,95.5,25719,49046,ok
05:28:13,71.1,96.0,25558,48319,ok
05:28:14,72.5,96.6,26073,49618,ok
05:28:15,70.6,95.6,26240,48752,ok
05:28:16,70.6,95.5,26393,49911,ok
05:28:17,71.7,96.6,26439,48920,ok
05:28:18,73.1,95.9,25077,48983,ok
05:28:19,71.2,96.2,26712,48216,ok
05:28:20,68.4,96.4,26070,49100,ok
05:28:21,70.3,96.4,25225,49257,ok
05:28:22,72.6,96.9,25050,48922,ok
05:28:23,73.9,96.1,26407,48418,ok
05:28:24,72.0,95.7,26985,49418,ok
05:28:25,76.2,95.7,25180,48758,ok
05:28:26,71.9,95.7,26226,49799,ok
05:28:27,75.4,95.8,26299,49010,ok
05:28:28,71.7,96.0,26628,49452,ok
05:28:29,75.1,96.1,25812,48138,ok
05:28:30,72.4,95.6,25175,49255,ok
05:28:31,71.3,95.5,26096,49838,ok
05:28:32,71.2,95.9,25544,49416,ok
05:28:33,69.4,96.3,26228,48624,ok
05:28:34,70.6,96.5,26537,48292,ok
05:28:35,71.1,95.7,26117,49571,ok
05:28:36,73.6,96.3,25741,48211,ok
05:28:37,69.7,96.4,25638,49208,ok
05:28:38,77.5,95.5,25294,49406,ok
05:28:39,72.0,96.1,25672,49326,ok
05:28:40,70.7,95.9,25528,48215,ok
05:28:41,72.4,96.1,25829,49578,ok
05:28:42,73.0,95.8,25087,48847,ok
05:28:43,71.4,95.2,25839,49656,ok
05:28:44,72.9,95.9,26270,49854,ok
05:28:45,76.7,95.5,26232,49051,ok
05:28:46,72.6,95.7,26780,48059,ok
05:28:47,71.1,95.7,25869,48213,ok
05:28:48,73.6,96.0,25458,48496,ok
05:28:49,73.5,95.9,26874,48138,ok
05:28:50,69.1,95.5,25244,49885,ok
05:28:51,71.1,95.3,25957,48951,ok
05:28:52,72.8,95.7,25971,48315,ok
05:28:53,75.3,96.3,25194,48731,ok
05:28:54,71.8,95.8,25238,48790,ok
05:28:55,72.3,94.9,26027,49234,ok
05:28:56,69.0,96.0,26174,48944,ok
05:28:57,68.0,96.1,25304,48000,ok
05:28:58,74.6,96.5,26101,49308,ok
05:28:59,72.3,96.6,25323,49999,ok
05:29:00,72.7,96.2,26024,49965,ok
05:29:01,72.6,97.0,25513,49847,ok
05:29:02,75.3,95.8,25983,49095,ok
05:29:03,75.5,95.5,25161,49301,ok
05:29:04,70.1,95.4,25726,48875,ok
05:29:05,70.5,96.1,25938,49949,ok
05:29:06,69.5,96.3,25399,48083,ok
05:29:07,70.7,97.3,25489,49536,ok
05:29:08,70.6,95.9,25522,49480,ok
05:29:09,73.9,95.3,26558,49333,ok
05:29:10,72.4,96.4,26421,49079,ok
05:29:11,72.6,96.1,26309,49518,ok
05:29:12,68.2,95.5,25660,48234,ok
05:29:13,74.1,96.1,26734,48907,ok
05:29:14,72.1,95.5,26273,49256,ok
05:29:15,69.4,95.6,25789,49950,ok
05:29:16,72.2,96.7,26047,49768,ok
05:29:17,70.9,95.7,26072,48119,ok
05:29:18,70.0,96.0,25001,49385,ok
05:29:19,70.6,96.2,25387,49318,ok
05:29:20,73.1,96.1,26102,48169,ok
05:29:21,74.6,95.5,26616,49806,ok
05:29:22,72.7,96.3,25065,48711,ok
05:29:23,71.8,96.4,26330,48509,ok
05:29:24,71.1,94.9,25629,49062,ok
05:29:25,74.0,95.5,26883,49316,ok
05:29:26,71.2,96.3,26529,48941,ok
05:29:27,74.2,95.5,25762,49160,ok
05:29:28,70.9,96.4,26414,48460,ok
05:29:29,70.6,95.7,25041,49183,ok
05:29:30,69.0,96.2,25180,49326,ok
05:29:31,71.8,95.9,25505,48663,ok
05:29:32,72.7,95.8,25521,48768,ok
05:29:33,71.8,95.7,26075,48909,ok
05:29:34,69.7,95.9,26900,48888,ok
05:29:35,72.6,96.4,25673,48473,ok
05:29:36,72.5,96.4,26781,49148,ok
05:29:37,74.6,96.6,25733,48756,ok
05:29:38,70.7,95.9,26221,48704,ok
05:29:39,73.0,95.9,26700,48297,ok
05:29:40,72.3,95.6,26853,49237,ok
05:29:41,69.0,95.6,26072,48326,ok
05:29:42,70.6,96.5,26920,48435,ok
05:29:43,69.1,96.2,26410,48609,ok
05:29:44,75.9,96.3,25214,49006,ok
05:29:45,74.6,96.2,25311,49119,ok
05:29:46,73.2,96.8,25474,48743,ok
05:29:47,71.6,95.7,26231,48807,ok
05:29:48,72.7,95.3,26621,48387,ok
05:29:49,70.2,95.5,26510,48994,ok
05:29:50,73.0,96.4,26158,48562,ok
05:29:51,72.0,96.6,26391,49002,ok
05:29:52,72.7,96.1,26936,48245,ok
05:29:53,72.6,96.5,26391,49081,ok
05:29:54,68.9,95.3,26611,49654,ok
05:29:55,70.8,96.7,26659,49025,ok
05:29:56,72.0,95.3,25772,49012,ok
05:29:57,75.8,96.1,26363,49082,ok
05:29:58,69.0,96.9,25285,49416,ok
05:29:59,70.3,96.2,25785,48212,ok
05:30:00,71.0,96.1,26741,49825,ok
05:30:01,76.1,96.1,25368,49420,ok
05:30:02,69.1,96.4,25345,48570,ok
05:30:03,71.3,96.2,25698,48371,ok
05:30:04,70.7,97.5,26189,49959,ok
05:30:05,75.8,95.7,26222,49501,ok
05:30:06,69.1,95.5,25313,48397,ok
05:30:07,70.2,95.8,25342,49071,ok
05:30:08,71.0,95.5,25015,49795,ok
05:30:09,70.0,96.4,25008,48386,ok
05:30:10,73.0,95.2,25352,49535,ok
05:30:11,70.9,95.6,26981,48143,ok
05:30:12,74.8,96.1,26589,48830,ok
05:30:13,68.9,95.4,25790,48751,ok
05:30:14,72.2,96.1,26496,49578,ok
05:30:15,69.0,95.9,26545,49723,ok
05:30:16,71.0,95.3,26286,48086,ok
05:30:17,74.2,96.1,26323,49457,ok
05:30:18,69.5,95.5,26956,48989,ok
05:30:19,73.0,95.5,25515,49364,ok
05:30:20,73.4,95.9,26399,48481,ok
05:30:21,75.7,96.8,25987,49975,ok
05:30:22,71.5,96.2,26370,48480,ok
05:30:23,70.9,94.7,25462,49905,ok
05:30:24,72.6,96.2,26907,48523,ok
05:30:25,69.1,95.7,26430,48351,ok
05:30:26,78.0,97.2,26692,49808,ok
05:30:27,71.5,95.0,25991,49210,ok
05:30:28,72.7,96.7,25769,49965,ok
05:30:29,76.3,96.5,26850,48394,ok
05:30:30,74.6,95.4,25998,49630,ok
05:30:31,74.3,95.4,26853,49725,ok
05:30:32,70.7,96.1,26816,49569,ok
05:30:33,74.8,95.2,25580,49813,ok
05:30:34,72.8,96.1,25800,48371,ok
05:30:35,76.1,95.5,25168,48586,ok
05:30:36,72.5,95.2,26244,48756,ok
05:30:37,73.5,96.6,25049,48331,ok
05:30:38,74.1,96.9,26059,48615,ok
05:30:39,71.3,95.8,26449,48856,ok
05:30:40,70.3,96.4,26514,48421,ok
05:30:41,71.9,95.8,25577,48055,ok
05:30:42,71.6,95.6,25829,49816,ok
05:30:43,73.4,95.7,25516,48045,ok
05:30:44,69.6,96.1,25610,49937,ok
05:30:45,71.9,95.8,25924,48390,ok
05:30:46,69.8,95.5,25920,49177,ok
05:30:47,69.8,96.6,25376,49713,ok
05:30:48,71.9,95.4,26563,48271,ok
05:30:49,72.5,95.4,26822,48405,ok
05:30:50,73.5,95.4,26376,48957,ok
05:30:51,71.5,96.3,26769,48873,ok
05:30:52,72.2,96.7,25938,49339,ok
05:30:53,73.0,95.7,25022,48938,ok
05:30:54,66.3,96.2,25613,48237,ok
05:30:55,73.0,96.3,25227,49917,ok
05:30:56,71.7,96.4,26783,48411,ok
05:30:57,74.5,96.7,25135,49283,ok
05:30:58,69.2,96.7,26741,48925,ok
05:30:59,70.7,95.2,25382,49543,ok
05:31:00,74.7,96.1,25203,48788,ok
05:31:01,74.5,95.2,26812,49843,ok
05:31:02,71.0,96.4,26070,49968,ok
05:31:03,74.1,95.8,25956,49271,ok
05:31:04,69.2,96.0,25112,49244,ok
05:31:05,71.8,96.0,26960,49105,ok
05:31:06,71.2,96.2,26390,49356,ok
05:31:07,73.0,96.6,25853,48910,ok
05:31:08,76.0,95.7,25247,48410,ok
05:31:09,74.2,95.0,26684,49709,ok
05:31:10,72.0,95.6,25050,48656,ok
05:31:11,71.5,96.5,25367,48103,ok
05:31:12,72.3,96.0,26082,49736,ok
05:31:13,73.0,96.2,25856,49385,ok
05:31:14,72.0,96.3,25418,49443,ok
05:31:15,71.1,95.7,26301,49514,ok
05:31:16,73.2,96.4,26699,49693,ok
05:31:17,74.1,95.5,25211,49152,ok
05:31:18,74.2,96.0,26198,49603,ok
05:31:19,76.1,95.7,26642,48964,ok
05:31:20,68.7,95.7,25545,48330,ok
05:31:21,73.3,95.4,26687,49366,ok
05:31:22,74.0,96.5,26365,48069,ok
05:31:23,73.4,95.6,26141,48582,ok
05:31:24,70.5,95.9,25148,48590,ok
05:31:25,70.7,95.5,26209,49938,ok
05:31:26,71.8,95.8,25046,48683,ok
05:31:27,72.9,96.3,25078,49254,ok
05:31:28,70.8,96.1,26845,49385,ok
05:31:29,73.7,96.2,26047,49388,ok
05:31:30,70.0,96.0,25599,49837,ok
05:31:31,72.0,95.7,26270,49691,ok
05:31:32,71.2,96.1,25286,48747,ok
05:31:33,74.6,95.8,26370,49566,ok
05:31:34,68.9,96.0,26872,49576,ok
05:31:35,74.1,96.1,26556,48699,ok
05:31:36,72.0,96.7,26473,48098,ok
05:31:37,69.6,96.7,26347,48933,ok
05:31:38,75.4,95.1,26762,49140,ok
05:31:39,69.3,95.4,25045,48142,ok
05:31:40,71.9,97.2,26832,48081,ok
05:31:41,73.9,96.0,25341,49726,ok
05:31:42,70.6,96.0,25032,49736,ok
05:31:43,73.3,96.0,25427,48396,ok
05:31:44,75.6,96.5,25328,49605,ok
05:31:45,71.6,96.8,26582,49698,ok
05:31:46,72.9,96.2,25129,48692,ok
05:31:47,72.1,96.4,25456,48772,ok
05:31:48,69.8,95.8,26392,48801,ok
05:31:49,67.1,96.0,26370,49962,ok
05:31:50,71.4,95.7,25741,48182,ok
05:31:51,70.8,96.0,25700,49687,ok
05:31:52,69.9,96.1,26610,49015,ok
05:31:53,72.7,96.4,26030,48977,ok
05:31:54,74.2,95.7,25867,49796,ok
05:31:55,74.6,95.6,25223,49071,ok
05:31:56,70.3,96.9,25436,49104,ok
05:31:57,69.8,95.8,25623,49787,ok
05:31:58,72.1,95.8,25089,49009,ok
05:31:59,72.8,95.5,26614,49430,ok
05:32:00,69.9,95.8,25724,49582,ok
05:32:01,70.0,96.1,25223,48375,ok
05:32:02,71.2,97.1,26133,48247,ok
05:32:03,70.4,96.2,25242,49780,ok
05:32:04,72.8,96.2,26133,48581,ok
05:32:05,70.8,95.6,25548,49475,ok
05:32:06,75.1,95.8,25150,48037,ok
05:32:07,72.3,96.7,26069,48516,ok
05:32:08,70.7,95.9,26246,48938,ok
05:32:09,69.3,96.4,26714,49987,ok
05:32:10,71.0,95.7,26539,48031,ok
05:32:11,69.9,95.7,25483,48830,ok
05:32:12,70.4,95.1,26524,48084,ok
05:32:13,71.9,97.0,25804,48533,ok
05:32:14,72.0,96.4,26156,49038,ok
05:32:15,71.1,95.3,25650,49066,ok
05:32:16,73.0,95.4,26896,49577,ok
05:32:17,70.8,96.8,25661,49317,ok
05:32:18,71.3,95.6,25783,48391,ok
05:32:19,72.7,96.7,25623,49053,ok
05:32:20,71.3,95.8,25477,49889,ok
05:32:21,75.4,95.5,26217,48808,ok
05:32:22,73.8,94.9,26705,48453,ok
05:32:23,67.5,96.8,25767,49653,ok
05:32:24,69.2,95.9,26529,49606,ok
05:32:25,72.5,96.7,25312,49228,ok
05:32:26,68.8,96.1,25005,48519,ok
05:32:27,75.0,95.9,26562,49963,ok
05:32:28,70.3,96.0,26729,48526,ok
05:32:29,73.8,96.4,25657,49374,ok
05:32:30,67.8,96.0,26705,49360,ok
05:32:31,71.4,96.1,25135,49436,ok
05:32:32,72.7,95.5,26168,48025,ok
05:32:33,74.0,96.1,26650,48812,ok
05:32:34,70.4,96.4,25336,49561,ok
05:32:35,72.9,95.8,26369,49984,ok
05:32:36,72.6,95.1,26569,48834,ok
05:32:37,72.8,95.8,26556,48374,ok
05:32:38,75.2,96.1,25522,48632,ok
05:32:39,74.2,97.1,25657,49826,ok
05:32:40,75.2,95.9,25875,48439,ok
05:32:41,69.5,97.5,26653,48627,ok
05:32:42,71.6,96.4,26603,49198,ok
05:32:43,73.1,96.5,25208,49989,ok
05:32:44,71.2,95.9,25274,48653,ok
05:32:45,71.7,95.9,25956,48398,ok
05:32:46,72.5,96.0,25492,49680,ok
05:32:47,72.8,95.6,26719,49280,ok
05:32:48,71.8,94.6,25801,48164,ok
05:32:49,72.0,96.5,25808,49863,ok
05:32:50,69.8,96.2,25435,48732,ok
05:32:51,73.8,95.6,26715,49902,ok
05:32:52,70.2,96.3,25510,49287,ok
05:32:53,75.0,95.8,25184,48734,ok
05:32:54,71.3,95.8,25104,48913,ok
05:32:55,68.4,96.5,25685,48964,ok
05:32:56,69.7,96.1,25339,48966,ok
05:32:57,71.9,96.2,25651,48542,ok
05:32:58,70.4,95.5,26894,49910,ok
05:32:59,71.9,96.1,26050,49896,ok
05:33:00,72.4,96.0,26388,48211,ok
05:33:01,71.0,96.7,25441,48885,ok
05:33:02,72.6,95.8,25954,49190,ok
05:33:03,69.6,95.7,26812,49026,ok
05:33:04,74.2,95.7,25097,49585,ok
05:33:05,74.3,96.0,25160,48323,ok
05:33:06,70.8,95.3,25100,49165,ok
05:33:07,72.4,95.8,26712,49165,ok
05:33:08,70.7,96.2,25907,48381,ok
05:33:09,75.1,95.8,26071,48448,ok
05:33:10,71.6,96.2,25516,48574,ok
05:33:11,70.0,96.2,25826,48994,ok
05:33:12,72.4,96.3,26248,48534,ok
05:33:13,70.3,95.9,26231,49936,ok
05:33:14,71.6,96.1,26836,48636,ok
05:33:15,70.7,96.7,26616,49494,ok
05:33:16,71.9,95.4,26370,48656,ok
05:33:17,76.4,95.0,25053,49330,ok
05:33:18,71.1,96.0,26451,49154,ok
05:33:19,71.7,97.0,25088,49701,ok
05:33:20,73.7,95.5,25844,48666,ok
05:33:21,72.5,96.5,25555,49435,ok
05:33:22,73.7,96.7,26078,48428,ok
05:33:23,75.3,95.9,25712,48056,ok
05:33:24,67.8,96.0,26976,49218,ok
05:33:25,69.5,95.1,25096,48556,ok
05:33:26,72.8,95.6,25762,48339,ok
05:33:27,69.1,96.4,25162,49951,ok
05:33:28,69.9,96.6,26640,48208,ok
05:33:29,73.1,95.5,25628,49801,ok
05:33:30,72.2,96.6,26740,49564,ok
05:33:31,72.9,95.8,25401,49730,ok
05:33:32,67.5,95.1,25659,48250,ok
05:33:33,74.5,94.9,26078,49421,ok
05:33:34,72.8,95.9,26250,49481,ok
05:33:35,72.7,96.7,26577,49622,ok
05:33:36,74.3,96.4,25313,48462,ok
05:33:37,69.8,96.8,25607,48146,ok
05:33:38,73.7,96.6,25238,49555,ok
05:33:39,69.1,96.2,26626,49332,ok
05:33:40,72.7,96.4,26162,48614,ok
05:33:41,70.5,96.3,26308,48213,ok
05:33:42,73.1,95.6,26622,49241,ok
05:33:43,75.1,96.6,25313,49549,ok
05:33:44,71.6,94.9,26264,48719,ok
05:33:45,73.1,95.9,25730,48191,ok
05:33:46,73.1,96.5,26469,48419,ok
05:33:47,73.7,95.9,26696,48229,ok
05:33:48,70.3,96.1,25662,48650,ok
05:33:49,75.0,96.9,26422,48361,ok
05:33:50,73.1,96.2,25833,49952,ok
05:33:51,70.3,96.9,25615,48142,ok
05:33:52,74.0,96.0,25989,48007,ok
05:33:53,73.4,95.6,26225,48134,ok
05:33:54,73.1,96.7,25349,49490,ok
05:33:55,71.8,95.2,25030,48690,ok
05:33:56,71.0,96.1,25455,48252,ok
05:33:57,71.8,95.7,26960,49264,ok
05:33:58,76.7,96.4,25179,48766,ok
05:33:59,72.3,95.8,25889,48138,ok
05:34:00,71.7,96.3,25841,48140,ok
05:34:01,70.8,96.0,25792,48102,ok
05:34:02,72.3,96.6,26119,48495,ok
05:34:03,72.7,96.0,26453,49751,ok
05:34:04,74.1,96.2,25030,48618,ok
05:34:05,72.2,95.8,25441,48931,ok
05:34:06,70.6,96.5,26030,49869,ok
05:34:07,71.1,96.4,26901,48037,ok
05:34:08,71.2,95.8,26973,48295,ok
05:34:09,73.0,96.5,25988,48774,ok
05:34:10,67.7,95.3,25486,49691,ok
05:34:11,69.1,96.4,25613,49815,ok
05:34:12,71.0,96.0,25674,48962,ok
05:34:13,71.8,97.4,25154,48103,ok
05:34:14,74.2,95.1,26443,48001,ok
05:34:15,70.5,96.4,26006,49502,ok
05:34:16,66.1,97.1,26617,48682,ok
05:34:17,74.4,95.4,25615,48005,ok
05:34:18,68.8,96.5,26898,49202,ok
05:34:19,71.8,96.5,26088,49587,ok
05:34:20,68.7,96.7,25384,48410,ok
05:34:21,71.2,96.1,25607,48236,ok
05:34:22,72.4,96.7,25811,48176,ok
05:34:23,72.6,96.0,25949,49396,ok
05:34:24,76.9,96.5,26487,48107,ok
05:34:25,72.2,96.6,26470,49552,ok
05:34:26,69.1,96.3,25378,49064,ok
05:34:27,72.6,95.4,26028,48581,ok
05:34:28,75.8,96.0,25130,49851,ok
05:34:29,68.0,96.0,26927,49762,ok
05:34:30,69.8,95.8,25721,48110,ok
05:34:31,72.1,96.7,25416,48452,ok
05:34:32,68.4,95.6,26230,49827,ok
05:34:33,73.2,95.7,26491,49831,ok
05:34:34,69.8,94.8,25802,49350,ok
05:34:35,67.8,96.5,26426,49681,ok
05:34:36,70.9,96.2,25137,49603,ok
05:34:37,70.9,96.1,26980,49492,ok
05:34:38,70.2,96.3,25869,48283,ok
05:34:39,74.7,95.8,26806,48117,ok
05:34:40,70.5,96.2,25869,48850,ok
05:34:41,71.2,96.6,26673,48580,ok
05:34:42,69.2,95.1,26650,48518,ok
05:34:43,69.7,96.1,26210,48063,ok
05:34:44,73.5,96.1,26610,48036,ok
05:34:45,74.5,95.8,25498,48391,ok
05:34:46,70.1,96.7,26539,48425,ok
05:34:47,70.8,96.5,26906,48162,ok
05:34:48,72.8,96.8,26945,48460,ok
05:34:49,70.5,96.0,25814,48465,ok
05:34:50,72.3,95.0,25963,49162,ok
05:34:51,72.6,95.5,26532,48609,ok
05:34:52,66.5,96.3,26444,49846,ok
05:34:53,73.6,96.0,26379,49097,ok
05:34:54,73.9,96.4,25461,49040,ok
05:34:55,70.8,97.2,25892,49108,ok
05:34:56,70.6,95.9,25655,48008,ok
05:34:57,73.6,96.3,25990,48822,ok
05:34:58,72.7,96.8,26279,48899,ok
05:34:59,72.6,95.1,25118,48108,ok
05:35:00,73.3,96.2,26766,48868,ok
05:35:01,69.8,96.4,25335,49586,ok
05:35:02,70.7,96.0,25650,48237,ok
05:35:03,74.9,95.5,25864,49336,ok
05:35:04,72.3,95.4,26504,49873,ok
05:35:05,77.3,96.3,26193,48261,ok
05:35:06,73.3,96.0,25978,49456,ok
05:35:07,72.2,95.7,25019,49107,ok
05:35:08,70.2,96.3,26002,49582,ok
05:35:09,73.3,95.4,26473,49472,ok
05:35:10,75.1,96.0,25432,48103,ok
05:35:11,69.0,97.0,26939,49704,ok
05:35:12,71.6,95.9,25363,48161,ok
05:35:13,73.0,96.3,25935,48742,ok
05:35:14,71.9,96.2,26038,49996,ok
05:35:15,72.2,95.7,25435,48335,ok
05:35:16,72.2,97.0,26704,49514,ok
05:35:17,72.8,95.7,26732,49696,ok
05:35:18,71.9,95.8,25477,48777,ok
05:35:19,73.4,95.2,26680,48210,ok
05:35:20,70.4,95.5,25644,49690,ok
05:35:21,71.9,95.7,26153,48259,ok
05:35:22,71.3,96.1,25708,49841,ok
05:35:23,73.7,96.0,26524,48450,ok
05:35:24,71.6,96.4,26630,49230,ok
05:35:25,72.4,95.5,25491,48315,ok
05:35:26,74.1,96.3,25984,48103,ok
05:35:27,71.1,96.6,26739,48891,ok
05:35:28,71.2,95.8,25999,49974,ok
05:35:29,71.8,95.9,26422,48490,ok
05:35:30,70.5,96.0,26605,49747,ok
05:35:31,71.2,96.6,26794,49249,ok
05:35:32,73.0,96.0,25344,48734,ok
05:35:33,73.4,96.2,26213,48211,ok
05:35:34,72.0,96.2,26309,48607,ok
05:35:35,72.4,96.3,25679,49856,ok
05:35:36,72.6,95.0,25196,49672,ok
05:35:37,73.3,96.0,25948,48793,ok
05:35:38,69.0,95.7,26677,48092,ok
05:35:39,72.7,96.6,25392,48426,ok
05:35:40,74.3,96.0,26770,48126,ok
05:35:41,68.2,95.7,26411,49319,ok
05:35:42,72.1,95.9,25908,49777,ok
05:35:43,74.6,95.7,26402,49357,ok
05:35:44,70.6,96.1,25214,48380,ok
05:35:45,72.3,95.3,26879,48756,ok
05:35:46,72.8,96.4,26712,49295,ok
05:35:47,76.8,95.9,25917,49448,ok
05:35:48,73.6,95.6,26886,48548,ok
05:35:49,71.4,95.9,26488,49513,ok
05:35:50,69.6,96.2,26221,48509,ok
05:35:51,69.6,96.0,25054,49730,ok
05:35:52,71.5,96.5,25401,49718,ok
05:35:53,69.9,96.9,25097,48593,ok
05:35:54,69.7,96.0,25843,49278,ok
05:35:55,71.8,96.3,26969,49931,ok
05:35:56,70.4,96.5,25593,49175,ok
05:35:57,77.4,95.0,26641,48955,ok
05:35:58,70.1,95.5,26740,49304,ok
05:35:59,73.7,95.6,26414,48431,ok
05:36:00,70.3,95.5,25919,48877,ok
05:36:01,70.9,96.5,26408,49873,ok
05:36:02,70.4,95.9,26870,48896,ok
05:36:03,70.1,96.2,26188,49795,ok
05:36:04,69.3,95.8,26744,49346,ok
05:36:05,74.9,95.6,26562,48296,ok
05:36:06,74.7,95.4,26115,48153,ok
05:36:07,67.8,95.7,25781,48744,ok
05:36:08,74.8,94.7,26477,49904,ok
05:36:09,74.9,95.6,25023,49036,ok
05:36:10,72.8,95.5,26469,48941,ok
05:36:11,73.7,94.8,26934,48334,ok
05:36:12,71.9,96.6,26281,49502,ok
05:36:13,70.6,95.8,25353,49197,ok
05:36:14,74.6,95.6,25551,48571,ok
05:36:15,77.8,96.0,26657,49430,ok
05:36:16,70.6,95.5,26056,49079,ok
05:36:17,70.3,95.8,25058,48769,ok
05:36:18,73.7,95.7,25385,49804,ok
05:36:19,72.1,95.3,26867,49583,ok
05:36:20,72.8,96.1,25865,49010,ok
05:36:21,68.5,95.8,26041,49616,ok
05:36:22,72.0,96.9,25492,49873,ok
05:36:23,70.1,95.9,25656,49129,ok
05:36:24,70.2,94.6,26805,48739,ok
05:36:25,71.3,95.4,26319,49070,ok
05:36:26,71.2,96.8,26050,49381,ok
05:36:27,70.5,96.7,25365,48248,ok
05:36:28,75.8,95.5,26481,48292,ok
05:36:29,73.8,96.4,25504,49140,ok
05:36:30,68.2,95.5,25821,49297,ok
05:36:31,69.8,95.7,26345,48742,ok
05:36:32,70.9,95.8,26665,49834,ok
05:36:33,69.9,96.1,26611,49300,ok
05:36:34,72.4,95.3,26970,48034,ok
05:36:35,69.4,96.5,25213,49335,ok
05:36:36,71.2,95.7,26828,49046,ok
05:36:37,72.5,96.3,25528,48502,ok
05:36:38,71.6,96.2,26563,49871,ok
05:36:39,69.7,95.8,25602,49478,ok
05:36:40,73.3,95.7,26715,49220,ok
05:36:41,70.4,96.1,26360,49930,ok
05:36:42,71.2,95.6,26102,49007,ok
05:36:43,73.2,96.9,25912,48144,ok
05:36:44,76.5,95.5,25775,48853,ok
05:36:45,73.0,96.6,26736,48739,ok
05:36:46,69.7,95.4,25980,48012,ok
05:36:47,71.3,96.2,26468,48289,ok
05:36:48,72.0,95.8,25250,49255,ok
05:36:49,71.5,95.9,25117,49515,ok
05:36:50,71.7,95.6,26642,48663,ok
05:36:51,70.5,95.4,26215,48397,ok
05:36:52,74.7,95.8,26289,48049,ok
05:36:53,70.7,96.3,25818,49468,ok
05:36:54,69.1,95.7,25110,49299,ok
05:36:55,72.1,95.7,25369,49191,ok
05:36:56,69.9,96.4,26052,49699,ok
05:36:57,70.9,95.9,25387,49299,ok
05:36:58,72.6,96.3,26378,48905,ok
05:36:59,72.1,96.2,26157,49157,ok
05:37:00,73.3,96.3,26345,48790,ok
05:37:01,74.7,96.1,26453,49865,ok
05:37:02,72.3,95.9,25089,49211,ok
05:37:03,73.0,95.3,25717,48967,ok
05:37:04,71.1,95.9,26461,49200,ok
05:37:05,74.2,96.0,26328,48319,ok
05:37:06,73.1,95.6,25289,49952,ok
05:37:07,69.5,95.8,25431,48515,ok
05:37:08,72.8,96.5,26965,49174,ok
05:37:09,73.3,95.8,25037,49260,ok
05:37:10,75.0,95.8,26028,49229,ok
05:37:11,71.8,96.1,26734,49883,ok
05:37:12,70.3,95.1,25810,48801,ok
05:37:13,74.5,95.9,26410,48313,ok
05:37:14,70.5,96.1,25500,48779,ok
05:37:15,75.0,96.0,25554,48755,ok
05:37:16,69.1,95.8,26994,48809,ok
05:37:17,74.1,96.2,25953,49574,ok
05:37:18,67.0,95.4,26314,49168,ok
05:37:19,71.7,96.2,25537,49779,ok
05:37:20,71.8,96.1,26420,49888,ok
05:37:21,70.1,95.8,25518,48263,ok
05:37:22,72.2,96.1,25116,49280,ok
05:37:23,70.3,95.7,25322,49040,ok
05:37:24,71.6,95.8,26056,49580,ok
05:37:25,73.8,95.6,26601,49235,ok
05:37:26,70.2,95.5,25883,48482,ok
05:37:27,70.6,95.6,25589,49674,ok
05:37:28,71.8,95.8,25417,49977,ok
05:37:29,70.0,95.8,25059,49714,ok
05:37:30,73.0,95.8,26585,49546,ok
05:37:31,73.3,96.0,26056,49996,ok
05:37:32,71.1,95.9,25567,48525,ok
05:37:33,71.7,95.7,25968,48840,ok
05:37:34,72.4,96.1,25326,48025,ok
05:37:35,72.7,95.6,26670,49461,ok
05:37:36,68.7,95.4,26782,49034,ok
05:37:37,70.6,95.9,26056,49121,ok
05:37:38,72.5,96.6,26681,49479,ok
05:37:39,70.6,96.1,25728,48512,ok
05:37:40,71.0,95.7,25333,49703,ok
05:37:41,73.4,97.0,25131,48120,ok
05:37:42,73.6,95.5,25488,49168,ok
05:37:43,73.6,96.4,26192,49344,ok
05:37:44,71.7,96.1,26178,49486,ok
05:37:45,70.3,95.9,25003,48865,ok
05:37:46,75.3,96.0,26119,48270,ok
05:37:47,71.4,96.5,26657,49257,ok
05:37:48,71.5,96.5,25705,48148,ok
05:37:49,73.4,95.9,25650,49200,ok
05:37:50,73.3,96.4,25835,48043,ok
05:37:51,69.9,96.5,26863,49490,ok
05:37:52,71.3,95.1,25732,49330,ok
05:37:53,73.2,96.2,25424,48818,ok
05:37:54,73.2,95.8,26335,49476,ok
05:37:55,72.7,95.6,26424,48631,ok
05:37:56,73.7,96.0,25971,48011,ok
05:37:57,67.8,96.3,26830,49220,ok
05:37:58,72.1,95.6,26430,48171,ok
05:37:59,73.2,96.7,26596,49422,ok
05:38:00,69.9,95.1,25110,48761,ok
05:38:01,72.9,95.9,25785,48339,ok
05:38:02,75.7,95.5,25297,49485,ok
05:38:03,72.3,96.5,25488,49878,ok
05:38:04,68.9,96.0,25420,48138,ok
05:38:05,74.5,95.7,26616,48824,ok
05:38:06,72.8,95.7,25444,48790,ok
05:38:07,74.4,97.4,25443,49658,ok
05:38:08,70.9,96.0,25795,49587,ok
05:38:09,71.2,95.4,25851,48624,ok
05:38:10,74.5,96.5,25046,48459,ok
05:38:11,70.8,96.0,25774,48994,ok
05:38:12,73.2,96.3,26784,49321,ok
05:38:13,74.3,96.0,25359,48553,ok
05:38:14,68.7,96.0,25903,49046,ok
05:38:15,77.2,96.5,26420,48560,ok
05:38:16,68.7,96.0,25849,48530,ok
05:38:17,71.8,95.5,25745,49147,ok
05:38:18,73.2,95.9,26926,48100,ok
05:38:19,73.0,96.6,26272,49462,ok
05:38:20,71.4,96.6,26245,48036,ok
05:38:21,72.3,95.6,25689,48455,ok
05:38:22,69.2,95.1,25342,49287,ok
05:38:23,70.9,96.2,25524,48452,ok
05:38:24,73.2,94.6,25216,48000,ok
05:38:25,70.7,96.1,26557,49157,ok
05:38:26,74.1,96.7,26288,48043,ok
05:38:27,67.4,94.8,26111,49397,ok
05:38:28,74.2,95.6,26295,49415,ok
05:38:29,73.1,97.0,25928,49783,ok
05:38:30,73.5,96.6,26195,49847,ok
05:38:31,70.9,96.2,25149,48964,ok
05:38:32,74.7,96.8,26474,48733,ok
05:38:33,73.3,96.9,26272,49459,ok
05:38:34,69.6,96.6,26361,48089,ok
05:38:35,73.1,95.4,25203,49654,ok
05:38:36,74.9,96.0,26456,49216,ok
05:38:37,70.4,95.2,26521,49979,ok
05:38:38,71.3,97.1,25420,48218,ok
05:38:39,71.5,96.0,25022,48849,ok
05:38:40,71.2,96.0,26951,48022,ok
05:38:41,69.1,95.3,25875,49057,ok
05:38:42,69.6,96.8,26267,49419,ok
05:38:43,75.8,96.3,25534,49897,ok
05:38:44,72.7,96.1,25743,48734,ok
05:38:45,72.5,96.4,26676,49132,ok
05:38:46,72.0,96.0,25148,48252,ok
05:38:47,74.3,96.2,25293,49486,ok
05:38:48,70.0,95.0,25726,48338,ok
05:38:49,75.1,95.8,26053,49980,ok
05:38:50,72.4,96.5,25402,49639,ok
05:38:51,70.2,95.5,26111,49933,ok
05:38:52,73.3,95.6,26756,48940,ok
05:38:53,74.2,96.0,26262,49305,ok
05:38:54,69.3,96.3,26831,49196,ok
05:38:55,71.7,95.7,26605,48826,ok
05:38:56,72.6,95.2,26842,48003,ok
05:38:57,75.2,96.6,26745,49071,ok
05:38:58,72.5,96.0,26338,49399,ok
05:38:59,75.0,96.1,26162,48773,ok
05:39:00,72.4,96.3,26906,48531,ok
05:39:01,70.8,96.1,26811,48773,ok
05:39:02,71.5,95.4,25359,49655,ok
05:39:03,68.7,96.1,26968,48892,ok
05:39:04,74.8,96.5,25437,49487,ok
05:39:05,71.5,96.9,25606,48137,ok
05:39:06,74.7,96.5,26320,48102,ok
05:39:07,70.9,95.9,25150,49555,ok
05:39:08,68.5,96.4,26322,48840,ok
05:39:09,71.4,95.8,25310,49919,ok
05:39:10,72.5,97.0,26098,48392,ok
05:39:11,71.7,96.4,25543,49871,ok
05:39:12,74.9,96.3,25323,49314,ok
05:39:13,70.7,96.7,26157,49716,ok
05:39:14,72.3,95.4,26277,49457,ok
05:39:15,67.2,95.9,26043,49153,ok
05:39:16,70.1,96.4,25499,49450,ok
05:39:17,70.5,96.1,26164,49775,ok
05:39:18,70.1,96.9,25841,48532,ok
05:39:19,73.9,96.1,25743,48939,ok
05:39:20,70.5,96.1,26955,48499,ok
05:39:21,73.8,95.3,26905,48904,ok
05:39:22,70.9,96.1,25452,49089,ok
05:39:23,74.0,95.4,26175,48333,ok
05:39:24,72.0,95.8,26883,49651,ok
05:39:25,73.1,95.2,26703,49971,ok
05:39:26,67.2,95.5,26253,49418,ok
05:39:27,71.7,95.5,25969,48810,ok
05:39:28,71.9,96.3,25340,49709,ok
05:39:29,72.7,96.5,25524,48522,ok
05:39:30,74.7,96.7,25667,49813,ok
05:39:31,70.2,95.7,26076,48214,ok
05:39:32,72.8,96.0,25813,48963,ok
05:39:33,70.8,96.3,26076,49662,ok
05:39:34,72.6,95.9,26007,49005,ok
05:39:35,72.8,95.4,25472,49000,ok
05:39:36,74.7,95.9,26700,49346,ok
05:39:37,70.7,95.8,26440,48516,ok
05:39:38,73.7,95.5,25871,49413,ok
05:39:39,72.5,95.7,25287,49850,ok
05:39:40,75.0,96.2,26666,49206,ok
05:39:41,72.5,96.6,25041,49047,ok
05:39:42,69.1,96.4,26411,48199,ok
05:39:43,73.0,96.5,25974,48982,ok
05:39:44,73.4,96.3,26839,49591,ok
05:39:45,73.8,95.6,25135,48802,ok
05:39:46,72.6,96.0,25287,48143,ok
05:39:47,69.3,96.6,26973,48625,ok
05:39:48,71.4,95.7,26898,49642,ok
05:39:49,72.1,94.6,26093,49838,ok
05:39:50,70.0,96.2,26087,49783,ok
05:39:51,71.0,95.6,26560,49937,ok
05:39:52,71.7,95.8,25851,48549,ok
05:39:53,69.5,95.7,25201,48295,ok
05:39:54,75.4,95.9,25097,48058,ok
05:39:55,76.0,95.9,26703,49649,ok
05:39:56,72.0,96.0,26661,49750,ok
05:39:57,71.5,96.0,25440,49609,ok
05:39:58,71.7,96.7,26441,48296,ok
05:39:59,69.7,95.6,26611,49154,ok
05:40:00,70.6,96.1,25627,49139,ok
05:40:01,72.3,96.1,26083,49275,ok
05:40:02,72.0,95.9,25856,49602,ok
05:40:03,72.3,95.5,26387,49708,ok
05:40:04,72.8,96.2,25513,48915,ok
05:40:05,72.8,96.3,26526,49221,ok
05:40:06,68.8,96.4,26389,48911,ok
05:40:07,71.7,96.0,25260,48153,ok
05:40:08,73.4,95.9,25866,49429,ok
05:40:09,72.0,96.3,25844,49525,ok
05:40:10,73.7,95.3,26839,48657,ok
05:40:11,71.9,96.2,26981,49338,ok
05:40:12,69.0,96.6,26564,49834,ok
05:40:13,70.2,94.7,26135,49619,ok
05:40:14,67.9,95.5,25773,49523,ok
05:40:15,69.7,95.4,25566,49162,ok
05:40:16,74.0,97.2,25939,48086,ok
05:40:17,71.2,95.2,25550,48097,ok
05:40:18,68.8,95.9,26744,48791,ok
05:40:19,74.4,96.0,25399,48937,ok
05:40:20,74.9,95.9,26616,48624,ok
05:40:21,71.9,95.8,25566,49136,ok
05:40:22,73.7,96.7,25086,49791,ok
05:40:23,68.0,95.4,26694,49164,ok
05:40:24,69.7,96.1,25188,49045,ok
05:40:25,74.0,96.1,25261,48571,ok
05:40:26,73.2,96.3,26874,49011,ok
05:40:27,68.8,96.9,25987,49496,ok
05:40:28,70.1,95.6,25083,48378,ok
05:40:29,72.3,96.7,26095,49461,ok
05:40:30,74.5,96.3,26979,48112,ok
05:40:31,71.2,95.6,25187,48304,ok
05:40:32,72.5,95.1,26847,49643,ok
05:40:33,68.5,96.3,26363,48943,ok
05:40:34,70.9,96.2,26742,48351,ok
05:40:35,72.2,95.4,25901,49142,ok
05:40:36,73.4,96.0,25737,49715,ok
05:40:37,69.8,95.5,26736,48387,ok
05:40:38,72.8,96.1,26487,48935,ok
05:40:39,70.5,96.4,26643,49610,ok
05:40:40,72.4,96.2,26491,49457,ok
05:40:41,72.8,96.0,25856,48366,ok
05:40:42,72.7,95.7,25073,48201,ok
05:40:43,70.2,95.5,26721,48815,ok
05:40:44,71.6,96.3,26701,48775,ok
05:40:45,72.4,96.1,26999,48405,ok
05:40:46,70.3,96.6,25953,49400,ok
05:40:47,73.6,96.2,26773,49202,ok
05:40:48,70.4,96.5,25805,49243,ok
05:40:49,68.9,96.0,26013,48613,ok
05:40:50,76.1,96.3,25447,49644,ok
05:40:51,73.5,96.7,25098,48016,ok
05:40:52,72.7,95.3,26086,49968,ok
05:40:53,71.1,96.7,26582,49294,ok
05:40:54,73.7,95.9,25597,49663,ok
05:40:55,67.8,96.2,26340,49842,ok
05:40:56,72.5,96.0,25020,48678,ok
05:40:57,69.4,95.5,26707,49250,ok
05:40:58,69.9,96.2,26613,48441,ok
05:40:59,72.2,95.9,26945,48620,ok
05:41:00,72.7,95.8,26965,49291,ok
05:41:01,73.3,95.7,26659,48019,ok
05:41:02,70.5,96.4,25416,48054,ok
05:41:03,68.1,96.6,25711,49317,ok
05:41:04,71.0,96.3,25068,48546,ok
05:41:05,71.3,96.7,26323,49376,ok
05:41:06,74.1,96.3,25777,48873,ok
05:41:07,72.2,95.9,26156,49251,ok
05:41:08,72.2,96.1,26207,48393,ok
05:41:09,73.6,96.3,25050,49120,ok
05:41:10,71.5,96.1,26066,48752,ok
05:41:11,73.1,95.8,26764,49561,ok
05:41:12,72.7,96.0,25278,48194,ok
05:41:13,70.0,96.4,25761,48178,ok
05:41:14,72.6,94.8,25273,49495,ok
05:41:15,74.0,96.1,26028,48168,ok
05:41:16,73.6,96.2,25720,49605,ok
05:41:17,72.8,95.7,25581,49941,ok
05:41:18,69.9,96.1,25979,49255,ok
05:41:19,72.6,96.5,25431,49758,ok
05:41:20,73.9,95.9,26450,49280,ok
05:41:21,70.3,95.9,25680,49201,ok
05:41:22,72.6,96.0,25133,48402,ok
05:41:23,71.6,96.0,25607,49942,ok
05:41:24,68.7,95.5,25089,48537,ok
05:41:25,74.8,95.9,25370,48219,ok
05:41:26,70.8,96.2,26465,49086,ok
05:41:27,71.2,95.9,26882,49351,ok
05:41:28,75.4,96.4,26031,48977,ok
05:41:29,67.8,96.6,26600,48438,ok
05:41:30,73.7,95.9,25710,49082,ok
05:41:31,76.4,96.3,26340,48428,ok
05:41:32,71.7,96.6,25593,48688,ok
05:41:33,66.0,96.2,26839,48605,ok
05:41:34,72.9,96.2,26642,49674,ok
05:41:35,74.2,96.2,25155,49704,ok
05:41:36,71.9,95.3,26809,49636,ok
05:41:37,69.4,96.1,25573,48427,ok
05:41:38,72.3,95.7,25294,48502,ok
05:41:39,70.8,95.8,26524,49438,ok
05:41:40,74.1,96.6,26941,49705,ok
05:41:41,66.9,96.1,26139,49980,ok
05:41:42,73.2,95.8,25217,49518,ok
05:41:43,69.8,95.9,26259,49638,ok
05:41:44,71.0,95.3,25107,48571,ok
05:41:45,70.5,95.7,26883,49907,ok
05:41:46,70.1,95.8,26221,48176,ok
05:41:47,69.6,95.9,26375,48691,ok
05:41:48,73.3,96.1,26211,49406,ok
05:41:49,72.7,96.3,25612,48763,ok
05:41:50,73.3,95.6,25506,48192,ok
05:41:51,74.5,95.4,25651,49867,ok
05:41:52,72.6,95.4,26033,48805,ok
05:41:53,70.7,96.8,25976,49622,ok
05:41:54,71.8,96.0,26317,48983,ok
05:41:55,68.9,96.0,26001,48001,ok
05:41:56,71.3,96.4,26178,48963,ok
05:41:57,72.3,95.9,26418,49952,ok
05:41:58,69.1,95.7,26270,48107,ok
05:41:59,71.6,95.8,26749,48312,ok
05:42:00,70.3,96.7,26631,49261,ok
05:42:01,68.2,95.9,26454,48132,ok
05:42:02,73.2,95.7,25916,49257,ok
05:42:03,71.7,95.7,26955,49664,ok
05:42:04,71.8,95.9,25141,48492,ok
05:42:05,69.3,95.8,26767,48635,ok
05:42:06,71.8,95.9,25885,49497,ok
05:42:07,72.1,96.7,25936,48550,ok
05:42:08,72.8,95.5,26846,49309,ok
05:42:09,73.8,96.3,26109,49877,ok
05:42:10,69.0,95.8,25742,48267,ok
05:42:11,72.6,96.0,25916,49052,ok
05:42:12,70.6,95.8,25756,48051,ok
05:42:13,73.1,96.2,25996,48223,ok
05:42:14,70.2,96.2,25877,48406,ok
05:42:15,70.6,96.3,26253,49839,ok
05:42:16,69.4,95.4,25704,48548,ok
05:42:17,71.2,95.1,26770,49949,ok
05:42:18,70.4,95.3,26693,49566,ok
05:42:19,72.3,96.1,26360,48813,ok
05:42:20,71.3,96.8,26236,49161,ok
05:42:21,71.6,97.5,26335,48123,ok
05:42:22,73.3,96.2,26057,48791,ok
05:42:23,72.7,95.7,26362,49294,ok
05:42:24,74.1,96.2,25761,48760,ok
05:42:25,71.4,96.0,25007,48683,ok
05:42:26,69.9,95.5,26484,48913,ok
05:42:27,71.5,95.5,25583,48829,ok
05:42:28,73.9,96.9,25223,49502,ok
05:42:29,70.5,95.1,26055,49161,ok
05:42:30,70.9,96.0,25446,48354,ok
05:42:31,71.1,96.1,25746,48076,ok
05:42:32,74.8,96.2,26758,49737,ok
05:42:33,74.5,95.9,26631,48353,ok
05:42:34,73.7,94.8,26664,49515,ok
05:42:35,71.1,96.3,26619,48836,ok
05:42:36,73.3,96.5,26866,49414,ok
05:42:37,70.1,96.0,26863,48260,ok
05:42:38,68.9,96.9,26624,49152,ok
05:42:39,73.3,95.5,26584,49735,ok
05:42:40,68.4,95.8,25766,49543,ok
05:42:41,74.5,96.2,25501,48384,ok
05:42:42,72.6,96.3,25822,49832,ok
05:42:43,72.0,95.8,26946,48826,ok
05:42:44,73.9,95.2,25376,48917,ok
05:42:45,71.9,95.4,25022,48179,ok
05:42:46,69.4,96.6,26606,48519,ok
05:42:47,75.1,96.0,25037,48726,ok
05:42:48,72.6,97.1,25504,48488,ok
05:42:49,72.9,95.9,26882,49411,ok
05:42:50,73.9,95.7,25616,48999,ok
05:42:51,72.2,95.7,26686,49876,ok
05:42:52,70.3,96.3,25753,48828,ok
05:42:53,67.4,96.2,25795,49510,ok
05:42:54,72.0,96.5,25824,49692,ok
05:42:55,74.3,96.1,25154,48129,ok
05:42:56,69.5,96.2,25428,48176,ok
05:42:57,72.4,96.6,26499,48400,ok
05:42:58,71.0,96.2,25425,49317,ok
05:42:59,68.8,95.2,25684,49057,ok
05:43:00,69.9,95.8,26553,49303,ok
05:43:01,72.2,96.9,26151,49258,ok
05:43:02,72.5,96.3,26504,49297,ok
05:43:03,71.9,95.7,26617,48961,ok
05:43:04,70.8,96.2,25717,49406,ok
05:43:05,72.9,95.8,26862,48442,ok
05:43:06,70.4,95.5,26812,48939,ok
05:43:07,72.5,96.6,25039,49145,ok
05:43:08,68.2,96.5,25881,48834,ok
05:43:09,67.6,95.4,26009,49334,ok
05:43:10,73.7,96.1,25161,49038,ok
05:43:11,74.6,96.3,25571,48254,ok
05:43:12,72.5,95.5,25005,48623,ok
05:43:13,73.6,95.7,25525,48128,ok
05:43:14,74.0,95.5,25451,48876,ok
05:43:15,72.8,96.2,26057,48342,ok
05:43:16,72.5,95.4,25266,49047,ok
05:43:17,74.0,95.5,26196,49496,ok
05:43:18,69.9,95.7,25059,49637,ok
05:43:19,74.2,95.6,25441,48664,ok
05:43:20,73.2,96.2,25168,49193,ok
05:43:21,69.3,96.1,25178,48962,ok
05:43:22,69.6,95.6,26233,49669,ok
05:43:23,70.0,96.8,26302,49313,ok
05:43:24,72.6,95.7,26539,49391,ok
05:43:25,73.7,96.2,25994,48133,ok
05:43:26,69.9,96.2,25813,48102,ok
05:43:27,71.9,96.0,26448,49939,ok
05:43:28,73.3,97.2,26141,49070,ok
05:43:29,72.4,95.3,25680,48820,ok
05:43:30,73.4,95.8,26080,48635,ok
05:43:31,72.3,95.7,25286,49112,ok
05:43:32,71.5,95.6,25618,49406,ok
05:43:33,69.9,95.3,25407,49067,ok
05:43:34,68.8,96.9,25934,48683,ok
05:43:35,73.9,96.1,26615,48013,ok
05:43:36,76.0,95.6,25167,49986,ok
05:43:37,72.6,96.5,26598,49828,ok
05:43:38,71.1,96.1,26753,48453,ok
05:43:39,69.9,96.0,26208,49065,ok
05:43:40,72.6,97.0,25890,49708,ok
05:43:41,72.8,96.1,25888,48804,ok
05:43:42,70.0,96.0,26629,48313,ok
05:43:43,75.2,96.2,25817,48205,ok
05:43:44,72.1,95.6,25861,49021,ok
05:43:45,71.4,96.0,26716,49162,ok
05:43:46,71.4,95.1,25751,49910,ok
05:43:47,70.6,96.3,26078,48221,ok
05:43:48,73.3,95.5,25199,48886,ok
05:43:49,67.8,96.2,25082,49191,ok
05:43:50,69.9,96.3,26461,49607,ok
05:43:51,70.8,96.5,25418,48487,ok
05:43:52,71.5,94.9,25054,49197,ok
05:43:53,71.7,95.5,25644,48194,ok
05:43:54,66.7,95.7,26999,49862,ok
05:43:55,72.7,96.6,26005,48431,ok
05:43:56,72.2,96.1,26490,48436,ok
05:43:57,69.1,96.9,26278,48442,ok
05:43:58,71.3,95.2,25387,48569,ok
05:43:59,74.1,95.4,26286,48055,ok
05:44:00,73.0,96.8,25417,48992,ok
05:44:01,72.9,95.8,25209,48111,ok
05:44:02,73.9,96.0,25639,49773,ok
05:44:03,71.9,96.3,26584,48637,ok
05:44:04,75.7,96.1,26802,48881,ok
05:44:05,69.3,95.9,26246,49348,ok
05:44:06,73.2,96.0,25496,48100,ok
05:44:07,71.7,96.3,26320,48469,ok
05:44:08,73.6,96.4,25702,48715,ok
05:44:09,72.2,96.0,25990,49477,ok
05:44:10,73.3,95.9,26534,48276,ok
05:44:11,72.0,96.0,25912,49996,ok
05:44:12,72.2,95.9,26738,48486,ok
05:44:13,69.9,96.1,26075,49527,ok
05:44:14,75.2,96.6,26027,49600,ok
05:44:15,73.3,95.9,25735,49782,ok
05:44:16,71.9,95.4,25612,49094,ok
05:44:17,68.6,96.4,26237,49920,ok
05:44:18,73.7,95.3,25839,48045,ok
05:44:19,72.2,96.1,25234,48830,ok
05:44:20,73.7,96.3,25540,48343,ok
05:44:21,73.3,96.5,25443,48046,ok
05:44:22,73.4,96.1,26627,49233,ok
05:44:23,72.9,95.5,26154,48009,ok
05:44:24,74.9,96.1,26745,48944,ok
05:44:25,73.5,95.3,25587,49860,ok
05:44:26,74.3,96.0,25456,48173,ok
05:44:27,68.5,95.8,25860,48028,ok
05:44:28,70.4,95.2,25514,48195,ok
05:44:29,74.1,95.9,26649,48362,ok
05:44:30,71.8,96.4,26342,49172,ok
05:44:31,72.2,96.1,25689,49633,ok
05:44:32,66.8,95.7,25150,49997,ok
05:44:33,72.6,95.6,25825,48708,ok
05:44:34,69.7,96.4,25495,49974,ok
05:44:35,72.4,96.0,26592,49302,ok
05:44:36,72.4,95.4,25423,49126,ok
05:44:37,71.8,96.2,26894,49483,ok
05:44:38,71.7,96.0,26540,49451,ok
05:44:39,70.4,96.1,25578,49176,ok
05:44:40,70.7,96.1,26848,48682,ok
05:44:41,73.3,95.7,26780,48991,ok
05:44:42,73.3,95.8,25181,49864,ok
05:44:43,76.7,95.6,26088,49177,ok
05:44:44,70.3,95.9,25953,49241,ok
05:44:45,76.0,96.1,26653,48207,ok
05:44:46,72.7,96.0,25220,48488,ok
05:44:47,72.1,96.8,25646,49478,ok
05:44:48,69.8,95.7,25932,49080,ok
05:44:49,73.3,95.7,25624,48411,ok
05:44:50,69.5,95.9,25430,48928,ok
05:44:51,72.1,95.9,26298,49485,ok
05:44:52,73.6,96.3,26562,49437,ok
05:44:53,70.3,96.2,26497,48285,ok
05:44:54,71.6,96.0,25127,48180,ok
05:44:55,73.8,97.3,26309,49625,ok
05:44:56,69.2,96.3,26030,49482,ok
05:44:57,67.3,95.9,25598,49006,ok
05:44:58,72.4,95.5,26074,49943,ok
05:44:59,74.8,95.4,26486,49146,ok
05:45:00,70.2,95.6,26455,49581,ok
05:45:01,70.4,95.4,26175,48169,ok
05:45:02,73.3,95.7,26239,48417,ok
05:45:03,75.0,96.4,25315,48824,ok
05:45:04,71.7,96.3,25329,49956,ok
05:45:05,71.6,96.2,26332,48698,ok
05:45:06,71.5,95.3,25499,49558,ok
05:45:07,72.1,95.5,25332,49226,ok
05:45:08,72.3,96.1,25535,49662,ok
05:45:09,70.7,96.2,26346,49962,ok
05:45:10,70.9,96.9,25983,48952,ok
05:45:11,73.7,95.6,25816,49069,ok
05:45:12,68.5,96.1,26543,49130,ok
05:45:13,71.9,95.8,26894,48094,ok
05:45:14,72.7,95.5,25619,48409,ok
05:45:15,68.8,96.1,26478,49636,ok
05:45:16,70.9,95.5,25962,48429,ok
05:45:17,73.8,95.8,26698,48912,ok
05:45:18,72.9,97.5,25948,49778,ok
05:45:19,76.9,96.0,26907,49371,ok
05:45:20,70.4,96.6,26911,48276,ok
05:45:21,70.6,95.4,25619,48929,ok
05:45:22,73.6,95.9,25182,49099,ok
05:45:23,71.8,95.7,25670,48033,ok
05:45:24,73.1,95.6,26340,49247,ok
05:45:25,74.3,96.4,25013,49404,ok
05:45:26,72.8,94.9,25481,48664,ok
05:45:27,68.1,95.7,25920,49370,ok
05:45:28,70.6,96.0,26018,48913,ok
05:45:29,73.7,97.1,25345,49559,ok
05:45:30,73.7,96.2,25030,49417,ok
05:45:31,72.5,96.3,26234,48511,ok
05:45:32,69.5,95.4,26965,49245,ok
05:45:33,71.6,96.6,25950,48118,ok
05:45:34,70.2,96.6,26243,48044,ok
05:45:35,71.2,96.1,25862,49839,ok
05:45:36,73.1,95.6,25995,49212,ok
05:45:37,71.9,95.7,25754,48375,ok
05:45:38,72.5,96.3,26484,48793,ok
05:45:39,69.8,96.7,25033,49784,ok
05:45:40,72.1,96.2,25419,48354,ok
05:45:41,70.8,96.5,26886,49325,ok
05:45:42,67.0,95.7,26441,48300,ok
05:45:43,74.1,96.1,25920,48076,ok
05:45:44,69.5,96.2,26132,48340,ok
05:45:45,72.8,95.5,25651,48397,ok
05:45:46,73.3,96.2,25831,49296,ok
05:45:47,73.5,96.8,25377,48472,ok
05:45:48,69.7,95.7,25579,49024,ok
05:45:49,72.8,95.8,26981,49967,ok
05:45:50,70.5,96.0,26758,49075,ok
05:45:51,70.9,96.7,26665,48417,ok
05:45:52,69.6,97.1,26013,48374,ok
05:45:53,74.0,95.6,26654,49967,ok
05:45:54,73.9,96.1,25141,49331,ok
05:45:55,69.5,96.2,26821,49191,ok
05:45:56,70.2,96.6,25210,49828,ok
05:45:57,73.4,96.2,25646,48581,ok
05:45:58,71.8,95.9,25436,48903,ok
05:45:59,72.0,95.9,26625,48216,ok
05:46:00,71.2,95.8,26579,48141,ok
05:46:01,70.3,96.2,25628,48894,ok
05:46:02,72.9,95.9,25469,48646,ok
05:46:03,68.9,96.6,25002,48095,ok
05:46:04,72.2,96.1,26967,48507,ok
05:46:05,69.1,96.1,25583,49562,ok
05:46:06,70.7,96.3,25293,49202,ok
05:46:07,72.9,95.9,25245,49808,ok
05:46:08,73.3,96.3,26483,48444,ok
05:46:09,72.3,95.8,25573,48468,ok
05:46:10,70.2,96.3,25249,49180,ok
05:46:11,74.6,95.5,25521,48119,ok
05:46:12,71.1,96.3,26676,49744,ok
05:46:13,73.2,95.6,25040,49788,ok
05:46:14,70.7,95.5,25706,49823,ok
05:46:15,72.0,95.7,25660,49422,ok
05:46:16,72.8,96.3,26580,48770,ok
05:46:17,75.0,95.6,25357,49650,ok
05:46:18,70.4,96.3,25733,48650,ok
05:46:19,72.9,95.3,25349,49432,ok
05:46:20,73.2,95.7,25291,48359,ok
05:46:21,70.8,96.2,26477,49271,ok
05:46:22,75.3,95.9,26101,49414,ok
05:46:23,71.8,95.3,26536,48842,ok
05:46:24,75.1,96.3,26393,48787,ok
05:46:25,67.7,96.5,25566,48158,ok
05:46:26,71.5,95.1,26289,49732,ok
05:46:27,70.7,95.5,26172,49639,ok
05:46:28,71.5,96.0,26191,48492,ok
05:46:29,69.6,96.1,25665,48165,ok
05:46:30,71.6,95.9,26316,49845,ok
05:46:31,73.0,95.7,26035,49466,ok
05:46:32,75.1,96.7,25992,48100,ok
05:46:33,71.9,95.5,26429,49177,ok
05:46:34,73.3,96.5,26430,48830,ok
05:46:35,72.1,95.5,25273,49391,ok
05:46:36,72.0,95.8,25662,48561,ok
05:46:37,68.8,96.3,26049,49610,ok
05:46:38,75.1,95.7,25118,48963,ok
05:46:39,70.6,96.8,25627,49748,ok
05:46:40,73.5,95.4,25362,48705,ok
05:46:41,69.8,96.6,26305,48810,ok
05:46:42,70.3,96.8,25746,49763,ok
05:46:43,74.3,95.7,26402,49258,ok
05:46:44,69.5,95.6,26945,48996,ok
05:46:45,68.3,95.0,26861,49716,ok
05:46:46,70.5,96.8,26149,49410,ok
05:46:47,74.0,95.9,26859,48945,ok
05:46:48,72.2,95.7,26733,49252,ok
05:46:49,72.7,95.1,25345,49317,ok
05:46:50,70.0,95.8,26509,48160,ok
05:46:51,75.1,96.1,25553,48267,ok
05:46:52,74.1,97.1,26594,48315,ok
05:46:53,72.0,95.5,26686,48667,ok
05:46:54,71.5,96.3,26228,48580,ok
05:46:55,69.0,95.4,25801,49829,ok
05:46:56,69.8,95.0,26980,49044,ok
05:46:57,71.6,96.3,26484,48111,ok
05:46:58,74.2,96.0,25016,49250,ok
05:46:59,71.7,96.5,25032,49470,ok
05:47:00,74.5,95.8,25552,49058,ok
05:47:01,73.4,95.9,26200,48270,ok
05:47:02,75.3,96.6,25805,49482,ok
05:47:03,74.5,95.8,26912,48434,ok
05:47:04,73.2,95.9,25860,49999,ok
05:47:05,70.0,95.7,25185,49020,ok
05:47:06,72.3,95.2,25640,49052,ok
05:47:07,69.8,95.8,26322,49303,ok
05:47:08,75.0,95.2,25099,48948,ok
05:47:09,69.9,96.5,25137,49215,ok
05:47:10,72.8,96.1,25630,48958,ok
05:47:11,73.2,95.9,25256,49621,ok
05:47:12,68.7,95.8,26707,48548,ok
05:47:13,72.7,95.8,26384,48180,ok
05:47:14,72.6,95.2,26484,48797,ok
05:47:15,72.0,95.7,25517,48297,ok
05:47:16,73.5,96.0,25436,48007,ok
05:47:17,74.8,96.1,25015,49588,ok
05:47:18,72.1,94.8,26354,48097,ok
05:47:19,73.9,96.4,26789,49063,ok
05:47:20,73.5,96.8,26747,49230,ok
05:47:21,72.4,96.5,26097,49592,ok
05:47:22,72.2,96.1,25846,48848,ok
05:47:23,74.1,96.2,25139,49906,ok
05:47:24,72.6,95.8,26418,49843,ok
05:47:25,69.0,96.7,26182,49640,ok
05:47:26,73.9,95.9,25032,48996,ok
05:47:27,71.5,96.1,25403,48653,ok
05:47:28,69.1,96.5,25796,49481,ok
05:47:29,68.1,96.0,25931,48327,ok
05:47:30,69.0,96.5,25990,48879,ok
05:47:31,70.9,95.9,25052,48287,ok
05:47:32,72.5,96.4,25632,48895,ok
05:47:33,73.2,96.6,25264,49681,ok
05:47:34,70.9,97.2,26182,49013,ok
05:47:35,74.0,95.8,26419,48860,ok
05:47:36,73.7,95.0,26513,48319,ok
05:47:37,67.6,95.9,25130,48580,ok
05:47:38,73.0,96.0,25247,48518,ok
05:47:39,70.6,95.7,25186,49321,ok
05:47:40,72.9,95.7,26464,49950,ok
05:47:41,70.8,95.9,26823,49222,ok
05:47:42,71.6,95.3,25498,48684,ok
05:47:43,73.5,96.7,25403,49658,ok
05:47:44,72.0,96.1,26728,49578,ok
05:47:45,70.4,95.8,26584,48346,ok
05:47:46,71.1,95.5,25315,49275,ok
05:47:47,71.9,96.5,25868,49425,ok
05:47:48,68.8,95.9,25616,48905,ok
05:47:49,76.6,95.2,25382,48219,ok
05:47:50,73.6,95.9,26328,48041,ok
05:47:51,72.5,95.5,26947,49635,ok
05:47:52,71.0,96.1,25824,48735,ok
05:47:53,76.6,96.6,25409,48954,ok
05:47:54,71.4,95.0,25696,49373,ok
05:47:55,72.5,95.6,26313,49667,ok
05:47:56,71.0,96.0,26416,48122,ok
05:47:57,71.6,96.0,26391,48032,ok
05:47:58,69.4,95.2,26395,48905,ok
05:47:59,72.2,95.8,26117,48758,ok
05:48:00,73.2,95.4,26609,48448,ok
05:48:01,70.7,96.1,25605,48842,ok
05:48:02,73.3,95.8,25994,48446,ok
05:48:03,70.2,96.1,26009,49883,ok
05:48:04,68.9,95.5,26043,49158,ok
05:48:05,72.7,95.6,25632,49229,ok
05:48:06,71.0,95.2,25994,49688,ok
05:48:07,70.7,94.9,26206,48525,ok
05:48:08,72.6,95.5,25413,49682,ok
05:48:09,74.3,95.9,26381,49261,ok
05:48:10,71.3,96.2,26156,49255,ok
05:48:11,72.9,96.1,25543,49706,ok
05:48:12,72.8,95.8,26352,48663,ok
05:48:13,71.1,96.4,26169,49967,ok
05:48:14,69.6,95.8,26111,49974,ok
05:48:15,70.2,96.8,25496,48870,ok
05:48:16,73.9,95.5,25580,49178,ok
05:48:17,70.2,96.1,26613,49721,ok
05:48:18,67.3,96.1,25604,48463,ok
05:48:19,73.7,95.6,25178,49505,ok
05:48:20,69.8,95.4,26608,49601,ok
05:48:21,68.0,96.0,26179,48550,ok
05:48:22,72.0,95.8,25338,48215,ok
05:48:23,69.3,95.4,26153,48362,ok
05:48:24,72.5,96.8,25938,49883,ok
05:48:25,72.0,95.5,25665,49932,ok
05:48:26,69.1,96.0,26286,49999,ok
05:48:27,72.5,96.4,26250,48094,ok
05:48:28,69.7,95.9,26029,49290,ok
05:48:29,71.9,95.7,26054,49640,ok
05:48:30,69.3,95.9,25275,48869,ok
05:48:31,72.3,95.7,26487,49753,ok
05:48:32,73.8,96.3,25053,49735,ok
05:48:33,73.7,95.8,26082,49940,ok
05:48:34,72.6,95.3,26819,49766,ok
05:48:35,71.2,95.6,26829,48245,ok
05:48:36,68.8,96.6,26715,49557,ok
05:48:37,70.3,96.3,25727,49812,ok
05:48:38,73.6,96.2,26955,48811,ok
05:48:39,74.2,96.7,26217,48164,ok
05:48:40,71.6,95.4,25951,48662,ok
05:48:41,71.1,95.7,25427,49853,ok
05:48:42,74.7,95.9,26977,48612,ok
05:48:43,74.4,96.0,26080,48817,ok
05:48:44,73.0,96.6,25678,49359,ok
05:48:45,72.4,97.0,26840,48445,ok
05:48:46,70.5,96.1,26925,48462,ok
05:48:47,70.7,95.3,25116,48480,ok
05:48:48,69.9,96.0,25032,49516,ok
05:48:49,69.3,96.2,26540,49397,ok
05:48:50,73.3,96.7,25271,49500,ok
05:48:51,75.5,96.1,25025,48663,ok
05:48:52,74.3,95.1,26675,48305,ok
05:48:53,70.1,96.8,26586,49362,ok
05:48:54,71.6,96.2,25516,49507,ok
05:48:55,71.9,96.2,26477,49759,ok
05:48:56,70.4,95.4,25961,48310,ok
05:48:57,73.4,95.4,26828,48327,ok
05:48:58,71.3,95.4,26862,49795,ok
05:48:59,72.5,96.2,26227,48985,ok
05:49:00,72.3,95.9,25299,48269,ok
05:49:01,72.3,96.0,26733,48607,ok
05:49:02,74.2,94.3,25459,49458,ok
05:49:03,72.6,95.7,25600,48362,ok
05:49:04,73.8,95.3,25877,49723,ok
05:49:05,75.5,96.5,26261,48255,ok
05:49:06,67.3,96.6,26750,49372,ok
05:49:07,74.7,96.7,26686,49421,ok
05:49:08,71.5,96.3,26453,48764,ok
05:49:09,71.2,96.2,26792,48358,ok
05:49:10,72.8,96.3,26535,49254,ok
05:49:11,70.8,95.8,25811,49185,ok
05:49:12,75.6,95.9,26005,49821,ok
05:49:13,72.0,95.8,25910,48678,ok
05:49:14,72.9,95.3,26449,48349,ok
05:49:15,72.1,97.2,26446,48682,ok
05:49:16,74.2,96.6,26305,49115,ok
05:49:17,71.2,95.9,26564,48983,ok
05:49:18,72.2,96.0,26715,49826,ok
05:49:19,72.0,96.1,26895,48394,ok
05:49:20,73.0,95.8,26253,48684,ok
05:49:21,70.0,95.9,25601,49005,ok
05:49:22,73.7,95.6,26179,49234,ok
05:49:23,67.7,97.3,26245,48727,ok
05:49:24,72.9,95.5,26642,48841,ok
05:49:25,72.1,97.2,26087,49051,ok
05:49:26,71.5,95.9,26297,49150,ok
05:49:27,72.4,95.7,26898,49265,ok
05:49:28,71.6,95.8,26153,48983,ok
05:49:29,69.9,95.5,26403,48881,ok
05:49:30,71.8,96.4,26151,49456,ok
05:49:31,72.9,96.3,25879,49521,ok
05:49:32,72.0,95.0,26858,49592,ok
05:49:33,70.9,95.9,26949,48970,ok
05:49:34,71.6,96.1,26608,48736,ok
05:49:35,69.3,96.0,25579,49455,ok
05:49:36,71.2,95.0,25382,49535,ok
05:49:37,71.5,96.7,26382,48309,ok
05:49:38,72.1,95.9,25143,49064,ok
05:49:39,73.1,95.8,25000,49332,ok
05:49:40,72.6,95.5,25961,48831,ok
05:49:41,69.7,96.4,25969,48346,ok
05:49:42,72.3,96.4,26169,49790,ok
05:49:43,72.7,96.0,26676,49418,ok
05:49:44,71.0,96.5,26634,48488,ok
05:49:45,72.4,96.0,26146,49944,ok
05:49:46,70.0,96.6,25937,48212,ok
05:49:47,69.2,95.0,26178,49189,ok
05:49:48,73.6,95.2,26030,49753,ok
05:49:49,69.9,95.9,26831,49884,ok
05:49:50,71.5,96.2,26224,48946,ok
05:49:51,67.6,96.3,25429,49352,ok
05:49:52,72.6,95.7,26976,48921,ok
05:49:53,75.6,96.2,26323,48610,ok
05:49:54,74.0,95.2,25985,49945,ok
05:49:55,70.6,96.0,25354,48686,ok
05:49:56,74.2,95.9,25873,48443,ok
05:49:57,72.8,96.5,25981,48837,ok
05:49:58,72.4,96.2,26285,48051,ok
05:49:59,74.6,96.2,26289,49711,ok
05:50:00,74.7,98.4,25095,48505,ok
05:50:01,73.2,97.7,26216,48108,ok
05:50:02,71.7,97.8,26221,49866,ok
05:50:03,75.7,98.0,25990,49036,ok
05:50:04,72.8,98.8,26089,48374,ok
05:50:05,75.2,98.4,26065,48487,ok
05:50:06,73.2,98.5,25450,49323,ok
05:50:07,72.0,98.4,26078,49880,ok
05:50:08,76.1,98.5,26348,49575,ok
05:50:09,75.3,98.9,25107,49971,ok
05:50:10,72.6,97.4,25274,48986,ok
05:50:11,72.8,98.0,26824,49757,ok
05:50:12,77.0,99.0,26426,48008,ok
05:50:13,77.5,98.6,25838,48829,ok
05:50:14,75.4,97.3,25167,49564,ok
05:50:15,80.2,98.3,26428,49073,ok
05:50:16,75.7,97.7,25199,49884,ok
05:50:17,73.2,96.9,26902,48859,ok
05:50:18,72.8,97.8,25740,48407,ok
05:50:19,74.7,99.1,26129,48312,ok
05:50:20,74.9,98.3,25538,48085,ok
05:50:21,74.0,97.6,25388,49351,ok
05:50:22,76.1,97.9,25058,49044,ok
05:50:23,77.5,98.0,25967,49581,ok
05:50:24,76.1,98.3,26382,49343,ok
05:50:25,75.9,97.9,26862,49322,ok
05:50:26,72.6,98.3,26475,48334,ok
05:50:27,78.6,97.3,26922,49978,ok
05:50:28,74.2,98.2,25104,49247,ok
05:50:29,77.4,97.2,25691,49872,ok
05:50:30,73.4,97.7,25486,48778,ok
05:50:31,78.2,96.7,26405,49534,ok
05:50:32,72.8,97.9,26073,48146,ok
05:50:33,75.2,98.1,26917,49489,ok
05:50:34,74.8,98.5,26940,48954,ok
05:50:35,73.5,97.2,26103,49948,ok
05:50:36,76.9,97.6,26194,49543,ok
05:50:37,75.1,98.1,26559,48464,ok
05:50:38,73.1,98.6,25431,49166,ok
05:50:39,78.2,98.4,26748,48218,ok
05:50:40,73.3,98.1,26349,49458,ok
05:50:41,76.2,97.9,26724,49798,ok
05:50:42,72.1,98.0,25770,48372,ok
05:50:43,73.4,98.4,25036,48930,ok
05:50:44,76.3,98.3,25072,48989,ok
05:50:45,73.3,98.1,26975,49266,ok
05:50:46,75.4,97.3,26793,49459,ok
05:50:47,75.7,97.7,26293,48309,ok
05:50:48,75.3,97.4,26688,48487,ok
05:50:49,78.7,97.4,25085,48515,ok
05:50:50,72.7,99.5,25208,48569,ok
05:50:51,73.8,98.4,26309,49334,ok
05:50:52,80.0,98.0,26928,48982,ok
05:50:53,78.4,97.8,25785,49186,ok
05:50:54,74.1,97.9,26682,48796,ok
05:50:55,73.4,97.6,26848,48769,ok
05:50:56,73.3,96.7,25458,48279,ok
05:50:57,78.1,97.5,26387,48736,ok
05:50:58,76.3,98.2,25842,48934,ok
05:50:59,71.3,98.7,25448,49219,ok
05:51:00,73.2,98.6,26185,48674,ok
05:51:01,74.6,98.2,26709,49356,ok
05:51:02,73.4,98.8,25858,48578,ok
05:51:03,72.5,97.8,25017,49925,ok
05:51:04,75.6,98.0,26319,48223,ok
05:51:05,73.6,98.2,25609,49902,ok
05:51:06,72.2,99.3,25414,48451,ok
05:51:07,72.4,97.9,25487,49168,ok
05:51:08,74.8,98.1,25602,48508,ok
05:51:09,74.2,97.5,26792,49341,ok
05:51:10,78.8,97.9,25163,48197,ok
05:51:11,74.2,97.3,26411,48628,ok
05:51:12,71.9,97.5,25472,48054,ok
05:51:13,74.6,98.5,26076,48734,ok
05:51:14,71.0,98.3,26582,48082,ok
05:51:15,76.1,97.9,25506,49549,ok
05:51:16,75.5,99.1,26512,48338,ok
05:51:17,75.6,99.0,26611,49821,ok
05:51:18,74.0,98.2,25235,48241,ok
05:51:19,74.1,98.5,25477,49979,ok
05:51:20,75.3,98.3,26298,49680,ok
05:51:21,79.3,97.7,26114,49087,ok
05:51:22,70.4,97.2,25068,48466,ok
05:51:23,72.6,97.8,25070,48456,ok
05:51:24,75.9,97.3,26310,48863,ok
05:51:25,76.0,98.2,25420,48578,ok
05:51:26,73.6,97.8,26206,49309,ok
05:51:27,76.3,98.0,26865,48262,ok
05:51:28,71.5,97.5,25968,48365,ok
05:51:29,74.4,97.7,26486,49435,ok
05:51:30,75.2,97.8,25763,49623,ok
05:51:31,74.0,97.9,25799,48574,ok
05:51:32,76.2,97.8,26532,49320,ok
05:51:33,78.0,97.7,26602,48583,ok
05:51:34,74.2,97.7,26845,48934,ok
05:51:35,73.3,97.7,26422,48952,ok
05:51:36,71.9,97.4,25520,49899,ok
05:51:37,77.0,98.6,26608,48744,ok
05:51:38,76.8,97.9,25987,49985,ok
05:51:39,72.5,97.6,25912,48988,ok
05:51:40,74.5,97.8,25886,48633,ok
05:51:41,75.0,97.6,26166,48083,ok
05:51:42,72.7,98.5,26312,48668,ok
05:51:43,72.0,97.4,25917,48263,ok
05:51:44,77.3,98.0,25984,49271,ok
05:51:45,73.5,98.3,26148,48774,ok
05:51:46,75.5,98.6,25594,49348,ok
05:51:47,75.8,97.4,25696,49921,ok
05:51:48,74.8,97.1,25940,48454,ok
05:51:49,75.6,98.5,25284,49824,ok
05:51:50,75.8,97.3,25639,48873,ok
05:51:51,73.9,98.2,25372,49623,ok
05:51:52,75.3,98.8,26474,49841,ok
05:51:53,72.5,98.7,25571,48859,ok
05:51:54,76.2,98.7,26436,49422,ok
05:51:55,78.2,98.4,26415,48316,ok
05:51:56,73.8,97.4,26768,48859,ok
05:51:57,75.5,97.7,25094,49171,ok
05:51:58,72.3,99.1,25892,48860,ok
05:51:59,72.2,98.0,26457,48421,ok
05:52:00,75.5,97.9,25147,49635,ok
05:52:01,75.8,98.0,25911,48794,ok
05:52:02,73.5,98.2,25803,49184,ok
05:52:03,72.7,98.0,25884,49987,ok
05:52:04,71.9,98.2,26294,48374,ok
05:52:05,76.5,98.2,25799,48435,ok
05:52:06,73.4,98.2,25473,48384,ok
05:52:07,74.6,98.7,26126,49101,ok
05:52:08,74.5,97.3,25907,48152,ok
05:52:09,74.5,97.5,25515,48924,ok
05:52:10,74.6,97.8,25903,49099,ok
05:52:11,76.9,98.7,26257,49584,ok
05:52:12,74.5,98.0,25094,49905,ok
05:52:13,75.9,98.2,25886,49679,ok
05:52:14,76.2,98.8,26574,49539,ok
05:52:15,71.8,97.4,26659,49890,ok
05:52:16,73.3,98.2,25025,49262,ok
05:52:17,76.1,97.7,25044,48053,ok
05:52:18,74.4,98.1,26647,48230,ok
05:52:19,81.1,96.5,25762,48957,ok
05:52:20,72.6,97.3,25063,48445,ok
05:52:21,77.8,98.4,25914,48392,ok
05:52:22,69.8,98.3,26723,49557,ok
05:52:23,74.8,98.7,25087,48208,ok
05:52:24,73.5,98.2,25777,49477,ok
05:52:25,71.5,97.2,26045,48674,ok
05:52:26,75.5,97.9,25413,49015,ok
05:52:27,76.3,97.8,26456,49097,ok
05:52:28,75.8,98.2,26914,49965,ok
05:52:29,73.9,97.7,26512,49040,ok
05:52:30,78.3,99.2,25288,48525,ok
05:52:31,71.9,97.6,26908,49737,ok
05:52:32,76.5,97.5,26699,49622,ok
05:52:33,77.5,96.3,26921,49243,ok
05:52:34,74.2,98.3,26409,49375,ok
05:52:35,72.3,97.3,25548,49408,ok
05:52:36,76.6,97.3,25134,49527,ok
05:52:37,77.5,97.7,25187,48097,ok
05:52:38,75.7,97.4,26540,49572,ok
05:52:39,74.0,98.3,26050,49781,ok
05:52:40,77.0,98.7,25351,48903,ok
05:52:41,72.4,99.0,26774,49154,ok
05:52:42,75.9,98.4,26489,48837,ok
05:52:43,72.2,98.0,25044,48453,ok
05:52:44,74.5,97.6,26771,49998,ok
05:52:45,78.0,98.4,25603,49905,ok
05:52:46,75.7,98.0,26775,48303,ok
05:52:47,75.5,98.3,26127,49046,ok
05:52:48,73.4,97.7,25741,49593,ok
05:52:49,68.9,97.5,25236,48405,ok
05:52:50,75.3,97.3,26795,48682,ok
05:52:51,75.1,98.4,25396,48859,ok
05:52:52,75.3,97.5,26030,48989,ok
05:52:53,73.0,98.7,26340,49991,ok
05:52:54,70.2,97.6,26065,49549,ok
05:52:55,76.7,98.5,25093,48515,ok
05:52:56,77.1,98.1,26221,49568,ok
05:52:57,76.8,98.5,26398,49227,ok
05:52:58,76.6,97.9,25377,48104,ok
05:52:59,71.3,98.2,25522,48668,ok
05:53:00,77.9,98.0,26861,48574,ok
05:53:01,71.5,97.2,25199,49422,ok
05:53:02,75.8,97.9,26699,49136,ok
05:53:03,72.0,97.4,26184,48551,ok
05:53:04,75.4,98.8,25552,49572,ok
05:53:05,77.5,98.4,26408,49225,ok
05:53:06,73.0,97.4,25730,48607,ok
05:53:07,76.8,98.4,25816,49927,ok
05:53:08,79.5,97.7,25271,48796,ok
05:53:09,75.1,96.7,26997,49142,ok
05:53:10,76.9,97.3,25652,49176,ok
05:53:11,74.5,98.1,26977,49014,ok
05:53:12,73.4,97.1,25029,49697,ok
05:53:13,77.6,97.4,25421,48304,ok
05:53:14,75.0,97.8,25935,48482,ok
05:53:15,75.4,98.5,25167,49735,ok
05:53:16,76.9,97.2,25687,48917,ok
05:53:17,75.1,98.5,26931,48989,ok
05:53:18,76.5,98.5,25806,49189,ok
05:53:19,73.9,98.2,26713,48710,ok
05:53:20,77.3,97.9,25739,48595,ok
05:53:21,76.0,98.0,26590,49732,ok
05:53:22,72.5,98.0,25146,49640,ok
05:53:23,75.1,97.9,25291,49078,ok
05:53:24,75.3,97.4,26778,49833,ok
05:53:25,70.3,98.3,25825,49325,ok
05:53:26,77.8,98.8,25761,49436,ok
05:53:27,76.4,97.9,25547,49324,ok
05:53:28,77.4,97.4,26913,49712,ok
05:53:29,73.0,97.6,25147,48086,ok
05:53:30,75.4,97.9,26969,48870,ok
05:53:31,73.8,98.3,25318,49227,ok
05:53:32,78.7,98.2,25668,49211,ok
05:53:33,77.9,98.7,26635,48649,ok
05:53:34,78.7,97.0,25432,48943,ok
05:53:35,78.1,97.6,25307,48998,ok
05:53:36,75.1,97.8,26175,49507,ok
05:53:37,75.7,98.3,26263,48197,ok
05:53:38,77.4,98.0,25759,48179,ok
05:53:39,71.0,97.2,25298,49696,ok
05:53:40,76.5,97.0,26567,49507,ok
05:53:41,75.0,97.8,26417,48051,ok
05:53:42,75.5,97.9,25341,49587,ok
05:53:43,75.2,96.8,25027,48970,ok
05:53:44,73.0,98.1,26684,48175,ok
05:53:45,76.3,98.4,26776,48307,ok
05:53:46,74.3,98.0,25990,48446,ok
05:53:47,74.7,97.8,25243,48222,ok
05:53:48,76.7,99.1,26481,48574,ok
05:53:49,74.6,97.6,25163,48245,ok
05:53:50,74.4,98.8,25146,49190,ok
05:53:51,73.1,97.4,26421,49101,ok
05:53:52,73.4,97.8,26164,48476,ok
05:53:53,76.7,98.3,26996,49466,ok
05:53:54,76.0,97.8,26975,48406,ok
05:53:55,73.5,98.2,26887,49514,ok
05:53:56,75.5,98.3,26957,49993,ok
05:53:57,70.7,97.7,25431,49553,ok
05:53:58,77.9,98.1,25729,48170,ok
05:53:59,75.9,98.5,26285,49409,ok
05:54:00,76.0,98.0,25488,49525,ok
05:54:01,73.8,97.0,25628,49749,ok
05:54:02,72.7,98.4,25692,48259,ok
05:54:03,74.6,97.7,25657,49385,ok
05:54:04,76.6,98.3,26068,48986,ok
05:54:05,73.3,98.5,25421,48485,ok
05:54:06,79.0,98.0,25075,48845,ok
05:54:07,77.1,98.1,26430,49871,ok
05:54:08,75.6,98.7,25871,49188,ok
05:54:09,73.8,98.3,26892,49732,ok
05:54:10,73.5,98.9,25798,48605,ok
05:54:11,74.4,98.5,25065,49946,ok
05:54:12,74.2,97.9,25075,49301,ok
05:54:13,73.5,98.6,26418,48886,ok
05:54:14,75.9,97.8,26160,48719,ok
05:54:15,75.9,97.3,26025,48443,ok
05:54:16,74.2,97.9,26986,48943,ok
05:54:17,81.3,98.2,26811,48721,ok
05:54:18,75.7,97.8,25830,48841,ok
05:54:19,72.1,98.8,25137,48524,ok
05:54:20,75.2,97.9,25804,48434,ok
05:54:21,75.9,97.8,25143,49803,ok
05:54:22,77.1,98.4,25492,49044,ok
05:54:23,73.6,98.9,26579,49309,ok
05:54:24,78.7,98.1,25593,48101,ok
05:54:25,73.2,97.1,25959,49698,ok
05:54:26,74.9,97.5,25020,49873,ok
05:54:27,79.1,96.6,26444,49397,ok
05:54:28,77.5,97.7,26219,49876,ok
05:54:29,78.5,97.8,26703,49282,ok
05:54:30,74.6,98.8,25411,49513,ok
05:54:31,76.3,98.8,26094,48860,ok
05:54:32,75.2,97.5,25695,48953,ok
05:54:33,75.2,97.5,25111,49690,ok
05:54:34,74.7,98.9,26068,48732,ok
05:54:35,73.6,97.5,26889,49764,ok
05:54:36,75.9,97.4,25226,49085,ok
05:54:37,73.5,97.7,25132,49520,ok
05:54:38,73.9,97.5,25094,48967,ok
05:54:39,71.3,97.1,26892,49260,ok
05:54:40,75.9,97.0,26133,49208,ok
05:54:41,78.4,98.9,26565,49249,ok
05:54:42,71.3,99.2,25305,49621,ok
05:54:43,74.7,97.5,26228,48448,ok
05:54:44,79.3,98.4,26417,49732,ok
05:54:45,75.2,97.9,26286,48269,ok
05:54:46,76.8,97.5,25020,49979,ok
05:54:47,73.7,98.6,26541,49756,ok
05:54:48,74.6,98.2,26460,48416,ok
05:54:49,73.6,97.6,25604,49854,ok
05:54:50,76.9,97.5,26446,49810,ok
05:54:51,76.1,98.1,25182,49774,ok
05:54:52,71.9,97.8,26427,48588,ok
05:54:53,75.5,97.2,26933,49344,ok
05:54:54,73.7,97.6,25859,48885,ok
05:54:55,74.8,97.4,26952,48803,ok
05:54:56,74.5,98.0,25199,49180,ok
05:54:57,74.0,97.6,25611,48876,ok
05:54:58,75.9,98.0,26001,48533,ok
05:54:59,75.2,98.2,26512,49905,ok
05:55:00,74.5,97.0,26856,48059,ok
05:55:01,77.7,98.0,25530,48198,ok
05:55:02,72.5,98.8,25684,48514,ok
05:55:03,76.7,98.6,26928,49647,ok
05:55:04,74.0,97.7,25245,48019,ok
05:55:05,73.6,97.5,26714,49478,ok
05:55:06,75.4,98.1,25813,49315,ok
05:55:07,73.0,97.2,26566,48092,ok
05:55:08,72.3,97.7,25422,49436,ok
05:55:09,72.9,98.4,25576,48787,ok
05:55:10,75.1,98.3,25713,49805,ok
05:55:11,77.9,97.9,25857,48803,ok
05:55:12,74.6,97.9,25811,49422,ok
05:55:13,73.2,97.7,25010,49107,ok
05:55:14,74.4,97.5,25775,48197,ok
05:55:15,77.8,97.6,26220,49044,ok
05:55:16,74.3,98.5,26947,48708,ok
05:55:17,77.2,97.6,26144,49333,ok
05:55:18,75.1,98.4,25722,49353,ok
05:55:19,74.4,97.0,26968,49358,ok
05:55:20,75.3,98.1,26964,48433,ok
05:55:21,75.8,97.7,26635,49323,ok
05:55:22,74.2,98.2,25572,48304,ok
05:55:23,73.2,97.5,25856,48700,ok
05:55:24,76.3,98.4,26033,49402,ok
05:55:25,77.2,98.3,25856,48579,ok
05:55:26,76.9,97.7,26914,48682,ok
05:55:27,77.1,98.4,26070,49915,ok
05:55:28,73.4,98.4,26135,49501,ok
05:55:29,73.7,97.6,26969,49804,ok
05:55:30,74.2,97.6,26177,49224,ok
05:55:31,80.4,97.8,25751,48291,ok
05:55:32,70.8,98.5,26373,49266,ok
05:55:33,73.8,98.2,26285,49104,ok
05:55:34,73.4,97.4,25360,48552,ok
05:55:35,75.2,98.5,25623,49070,ok
05:55:36,77.0,96.9,26448,48361,ok
05:55:37,75.5,98.4,25383,48842,ok
05:55:38,76.6,98.1,25676,49897,ok
05:55:39,79.4,97.5,25111,49913,ok
05:55:40,73.7,98.0,26039,48885,ok
05:55:41,70.9,98.0,25630,48638,ok
05:55:42,74.6,97.5,26590,49928,ok
05:55:43,76.4,98.0,25507,49738,ok
05:55:44,79.0,98.2,26209,49482,ok
05:55:45,73.8,98.2,25906,48383,ok
05:55:46,73.4,98.3,26251,48074,ok
05:55:47,76.6,98.1,25534,48635,ok
05:55:48,76.2,98.0,26793,48989,ok
05:55:49,74.1,97.9,25904,48037,ok
05:55:50,73.2,97.4,26222,48451,ok
05:55:51,75.1,97.5,26812,49338,ok
05:55:52,73.8,98.2,26200,48607,ok
05:55:53,74.5,97.3,26097,48919,ok
05:55:54,72.5,97.7,26749,48046,ok
05:55:55,71.1,98.3,26692,48062,ok
05:55:56,79.8,97.3,26896,48810,ok
05:55:57,75.0,98.0,26802,49196,ok
05:55:58,76.7,98.2,25704,48629,ok
05:55:59,77.9,97.0,25266,48277,ok
05:56:00,76.4,97.7,26073,49646,ok
05:56:01,76.0,97.8,25993,49119,ok
05:56:02,73.3,97.9,25652,49033,ok
05:56:03,71.8,97.4,25698,49241,ok
05:56:04,72.7,98.1,25481,49272,ok
05:56:05,72.0,99.0,25757,48451,ok
05:56:06,73.8,97.8,26467,49845,ok
05:56:07,71.8,98.5,26790,49516,ok
05:56:08,74.9,97.5,25441,48131,ok
05:56:09,74.0,98.6,26366,48646,ok
05:56:10,73.6,98.6,26936,48815,ok
05:56:11,74.2,97.9,26482,48794,ok
05:56:12,74.1,98.6,26901,49861,ok
05:56:13,72.8,98.6,26113,48007,ok
05:56:14,76.7,97.6,26715,48063,ok
05:56:15,75.3,98.1,26754,49815,ok
05:56:16,70.4,98.3,26286,48368,ok
05:56:17,73.3,97.4,26000,48669,ok
05:56:18,75.6,97.7,25156,49638,ok
05:56:19,73.8,98.3,25903,48628,ok
05:56:20,74.0,97.9,25695,48273,ok
05:56:21,76.3,99.1,25545,49851,ok
05:56:22,77.0,98.5,25718,49920,ok
05:56:23,76.3,99.1,25186,49710,ok
05:56:24,76.7,98.2,26732,49994,ok
05:56:25,77.6,97.8,25287,48659,ok
05:56:26,76.9,98.2,26627,48488,ok
05:56:27,73.3,97.5,25854,48048,ok
05:56:28,72.7,98.0,25183,49662,ok
05:56:29,69.2,98.7,25485,49613,ok
05:56:30,74.0,97.1,26954,49661,ok
05:56:31,72.6,98.3,26031,48281,ok
05:56:32,74.2,97.7,26533,49413,ok
05:56:33,73.4,97.9,26821,48824,ok
05:56:34,74.7,98.1,25286,49056,ok
05:56:35,73.9,97.7,26085,49502,ok
05:56:36,74.4,98.7,26737,49649,ok
05:56:37,75.4,97.5,26285,48840,ok
05:56:38,76.3,97.8,25214,48020,ok
05:56:39,73.9,98.5,26484,49695,ok
05:56:40,72.2,98.6,25655,48354,ok
05:56:41,75.9,98.5,25773,49501,ok
05:56:42,76.3,97.2,26781,49550,ok
05:56:43,73.6,97.7,26014,48909,ok
05:56:44,78.0,97.9,25154,49811,ok
05:56:45,74.0,97.5,26158,49172,ok
05:56:46,70.5,98.2,26681,49112,ok
05:56:47,75.3,97.7,25281,48006,ok
05:56:48,75.7,97.1,25450,48352,ok
05:56:49,74.4,97.5,25984,48221,ok
05:56:50,74.8,97.5,25109,48912,ok
05:56:51,71.7,97.7,25167,48106,ok
05:56:52,73.8,97.4,25434,49750,ok
05:56:53,72.6,98.8,26598,49455,ok
05:56:54,75.7,97.6,25372,48372,ok
05:56:55,74.5,98.2,26219,48275,ok
05:56:56,75.7,98.1,26318,48885,ok
05:56:57,74.4,98.6,25384,48214,ok
05:56:58,76.9,98.1,25646,48229,ok
05:56:59,73.2,97.8,26664,49251,ok
05:57:00,76.4,97.8,26533,49964,ok
05:57:01,74.7,98.0,26754,48427,ok
05:57:02,74.1,97.8,26221,48097,ok
05:57:03,77.9,96.8,26095,48370,ok
05:57:04,76.0,97.5,26714,48099,ok
05:57:05,74.8,97.9,26621,48542,ok
05:57:06,76.3,98.2,25622,49195,ok
05:57:07,72.6,98.3,26516,49386,ok
05:57:08,76.0,97.8,25430,49022,ok
05:57:09,72.3,97.4,25252,49024,ok
05:57:10,73.6,98.5,25871,49670,ok
05:57:11,78.2,97.0,26153,49127,ok
05:57:12,75.1,98.7,26014,49061,ok
05:57:13,74.8,97.7,26444,48503,ok
05:57:14,75.5,98.5,25516,49012,ok
05:57:15,76.5,97.5,26903,48969,ok
05:57:16,75.5,97.8,25707,48371,ok
05:57:17,72.9,98.8,26030,48466,ok
05:57:18,72.1,99.2,26988,49432,ok
05:57:19,73.9,97.9,25541,49041,ok
05:57:20,77.1,98.3,25588,48123,ok
05:57:21,73.1,97.3,26312,48190,ok
05:57:22,74.5,98.5,25287,49205,ok
05:57:23,76.0,98.4,25220,48577,ok
05:57:24,73.3,97.7,26785,49395,ok
05:57:25,73.6,98.6,25127,48473,ok
05:57:26,77.5,97.5,26306,48792,ok
05:57:27,75.5,97.6,26761,48785,ok
05:57:28,73.9,98.1,26186,49698,ok
05:57:29,73.9,98.7,25953,48822,ok
05:57:30,78.4,98.2,25246,48922,ok
05:57:31,71.9,97.9,25722,48243,ok
05:57:32,73.2,97.9,26974,49504,ok
05:57:33,75.6,98.1,25541,49635,ok
05:57:34,76.1,97.8,26008,49650,ok
05:57:35,73.1,97.3,26759,49969,ok
05:57:36,76.8,97.1,25270,48269,ok
05:57:37,80.7,97.9,25615,48295,ok
05:57:38,75.5,98.5,26862,49734,ok
05:57:39,76.3,98.1,26271,48138,ok
05:57:40,74.4,97.4,26926,49958,ok
05:57:41,73.2,98.0,25795,49772,ok
05:57:42,75.4,97.8,26370,49977,ok
05:57:43,77.0,98.5,25096,48335,ok
05:57:44,73.2,98.0,25511,48671,ok
05:57:45,74.3,98.1,25504,49454,ok
05:57:46,75.2,98.3,25354,49903,ok
05:57:47,71.1,98.1,25755,48915,ok
05:57:48,76.0,98.0,25597,48936,ok
05:57:49,74.4,97.5,25952,49364,ok
05:57:50,74.5,97.6,26338,49043,ok
05:57:51,74.6,97.4,25624,48581,ok
05:57:52,73.8,98.8,25547,49447,ok
05:57:53,75.4,99.1,26812,48530,ok
05:57:54,75.3,97.8,26157,49888,ok
05:57:55,77.8,98.9,25858,48484,ok
05:57:56,72.6,98.7,25532,48070,ok
05:57:57,74.4,97.2,25306,49478,ok
05:57:58,75.8,98.4,25728,48978,ok
05:57:59,74.6,98.0,26045,49545,ok
05:58:00,76.2,96.9,26821,48018,ok
05:58:01,73.8,97.4,26821,49796,ok
05:58:02,72.2,98.2,26175,49036,ok
05:58:03,80.9,97.6,25702,49954,ok
05:58:04,71.3,98.2,26664,49997,ok
05:58:05,74.2,97.9,25241,48657,ok
05:58:06,75.4,97.0,26881,48980,ok
05:58:07,72.3,98.0,26598,48627,ok
05:58:08,75.6,97.3,26751,48047,ok
05:58:09,75.3,98.6,26060,48685,ok
05:58:10,73.5,97.9,25748,48500,ok
05:58:11,77.5,98.5,26519,48389,ok
05:58:12,74.2,97.8,26601,48809,ok
05:58:13,75.1,97.9,25653,49762,ok
05:58:14,75.5,98.5,25556,49552,ok
05:58:15,76.6,98.2,25821,48903,ok
05:58:16,74.9,98.4,25245,49438,ok
05:58:17,76.1,98.5,25691,48569,ok
05:58:18,72.7,98.4,26031,49384,ok
05:58:19,74.2,98.6,25614,49200,ok
05:58:20,74.6,98.3,26047,49083,ok
05:58:21,77.0,97.9,25910,48663,ok
05:58:22,75.5,98.2,25907,48873,ok
05:58:23,74.1,98.3,26061,49170,ok
05:58:24,75.3,98.4,25506,48793,ok
05:58:25,74.3,98.2,26060,48159,ok
05:58:26,74.3,98.5,25205,48793,ok
05:58:27,72.8,98.6,26813,49526,ok
05:58:28,72.8,98.1,25308,49365,ok
05:58:29,72.0,97.4,26679,49462,ok
05:58:30,72.1,99.0,26040,48663,ok
05:58:31,76.5,97.8,25517,49718,ok
05:58:32,74.4,97.9,25999,48419,ok
05:58:33,76.5,97.7,25963,48626,ok
05:58:34,77.4,97.7,26264,49465,ok
05:58:35,74.8,97.9,25899,48232,ok
05:58:36,75.5,97.2,26207,48390,ok
05:58:37,74.2,98.6,26963,49703,ok
05:58:38,77.0,98.0,26774,48855,ok
05:58:39,76.6,98.0,26935,48171,ok
05:58:40,74.9,97.8,26829,49795,ok
05:58:41,76.5,97.6,25485,48243,ok
05:58:42,77.1,98.5,25029,49372,ok
05:58:43,75.7,97.9,25199,48433,ok
05:58:44,75.5,97.7,26431,48109,ok
05:58:45,76.0,98.6,26352,48535,ok
05:58:46,73.4,97.0,25845,48468,ok
05:58:47,71.8,98.2,26571,49760,ok
05:58:48,73.9,97.5,26543,49938,ok
05:58:49,74.2,99.4,26691,48801,ok
05:58:50,75.6,98.3,25237,48069,ok
05:58:51,77.6,98.8,25118,48720,ok
05:58:52,77.2,98.0,25483,48756,ok
05:58:53,72.7,97.1,26183,48673,ok
05:58:54,75.9,97.9,26020,49744,ok
05:58:55,76.4,98.3,25824,49028,ok
05:58:56,77.3,98.5,26504,48086,ok
05:58:57,77.8,98.7,25345,49882,ok
05:58:58,74.8,97.8,26974,49565,ok
05:58:59,75.7,97.7,25078,49850,ok
05:59:00,74.5,97.4,26884,49241,ok
05:59:01,76.8,97.8,26215,49852,ok
05:59:02,74.3,97.4,26397,49910,ok
05:59:03,73.1,98.1,25283,48964,ok
05:59:04,75.8,97.6,26449,49531,ok
05:59:05,76.5,97.8,25846,48530,ok
05:59:06,75.9,97.5,25835,48176,ok
05:59:07,74.2,98.0,26216,49916,ok
05:59:08,71.9,98.0,25531,48762,ok
05:59:09,73.4,98.5,26385,48872,ok
05:59:10,76.8,96.6,26049,48102,ok
05:59:11,68.7,98.5,25811,49783,ok
05:59:12,76.9,97.7,26878,48047,ok
05:59:13,75.8,97.3,26525,49627,ok
05:59:14,73.0,97.8,26627,49183,ok
05:59:15,76.4,97.4,25830,49011,ok
05:59:16,72.5,97.7,25948,48618,ok
05:59:17,72.3,98.2,26020,49683,ok
05:59:18,76.2,97.5,26321,49437,ok
05:59:19,76.1,98.3,26522,48746,ok
05:59:20,72.7,97.1,26406,48658,ok
05:59:21,77.0,99.0,26501,49838,ok
05:59:22,73.3,97.6,26142,49189,ok
05:59:23,75.0,97.9,26053,49815,ok
05:59:24,76.6,97.7,26282,48264,ok
05:59:25,74.5,97.6,25925,48547,ok
05:59:26,74.4,98.0,25741,48047,ok
05:59:27,72.5,97.3,25424,49100,ok
05:59:28,75.0,97.4,25525,49912,ok
05:59:29,75.4,97.9,25064,48266,ok
05:59:30,76.7,98.8,25635,48669,ok
05:59:31,77.6,97.2,26816,49037,ok
05:59:32,77.2,98.5,25117,48347,ok
05:59:33,76.8,98.7,25707,48212,ok
05:59:34,75.3,97.4,25192,48496,ok
05:59:35,76.6,97.7,25316,49163,ok
05:59:36,76.0,98.4,26689,48017,ok
05:59:37,77.9,99.6,26182,49981,ok
05:59:38,75.1,98.3,26748,48323,ok
05:59:39,75.5,97.7,26580,48020,ok
05:59:40,74.1,98.6,26970,49555,ok
05:59:41,74.6,99.1,25012,49202,ok
05:59:42,73.1,97.6,26839,49892,ok
05:59:43,74.9,97.6,25678,48723,ok
05:59:44,74.8,98.6,25883,48676,ok
05:59:45,75.3,98.8,25256,49611,ok
05:59:46,74.9,98.6,25105,49520,ok
05:59:47,74.1,98.3,25151,49057,ok
05:59:48,76.5,98.2,25767,48273,ok
05:59:49,76.6,97.7,26790,49957,ok
05:59:50,74.0,98.8,26165,49818,ok
05:59:51,77.9,96.8,25075,48443,ok
05:59:52,74.0,97.7,25604,48388,ok
05:59:53,75.3,97.7,25718,48664,ok
05:59:54,73.7,98.3,26447,49101,ok
05:59:55,74.3,97.6,26848,48455,ok
05:59:56,75.7,98.4,26107,48189,ok
05:59:57,72.6,97.5,25277,48850,ok
05:59:58,71.7,98.2,25721,48042,ok
05:59:59,75.4,97.6,26494,48946,ok
