timestamp,accel_x,accel_y,accel_z,magnitude,status
22:00:00,0.4918,-0.3835,0.7115,0.1058,Moving
22:00:02,0.5349,-0.3714,0.7203,0.1006,Moving
22:00:04,0.4808,-0.3151,0.5961,0.1048,Moving
22:00:06,0.4875,-0.4309,0.6451,0.1037,Moving
22:00:08,0.4763,-0.3286,0.7094,0.1092,Moving
22:00:10,0.4845,-0.3737,0.7051,0.1007,Moving
22:00:12,0.5312,-0.3981,0.6712,0.1154,Moving
22:00:14,0.498,-0.4725,0.7643,0.1016,Moving
22:00:16,0.49,-0.4292,0.7004,0.123,Moving
22:00:18,0.5875,-0.4465,0.6446,0.1058,Moving
22:00:20,0.5094,-0.3416,0.7884,0.1031,Moving
22:00:22,0.4961,-0.3622,0.6963,0.1039,Moving
22:00:24,0.5671,-0.4199,0.6213,0.1021,Moving
22:00:26,0.5558,-0.3527,0.7176,0.1072,Moving
22:00:28,0.425,-0.3889,0.7808,0.1026,Moving
22:00:30,0.5545,-0.4231,0.6464,0.1119,Moving
22:00:32,0.5131,-0.4266,0.6864,0.1114,Moving
22:00:34,0.3948,-0.4145,0.598,0.1043,Moving
22:00:36,0.467,-0.3475,0.6366,0.1133,Moving
22:00:38,0.5414,-0.3413,0.6556,0.1041,Moving
22:00:40,0.4684,-0.4164,0.7141,0.1036,Moving
22:00:42,0.3341,-0.464,0.6577,0.1198,Moving
22:00:44,0.5297,-0.39,0.7064,0.1001,Moving
22:00:46,0.4464,-0.4483,0.7753,0.1011,Moving
22:00:48,0.538,-0.3726,0.749,0.108,Moving
22:00:50,0.521,-0.3461,0.6616,0.1003,Moving
22:00:52,0.5128,-0.3718,0.6451,0.1029,Moving
22:00:54,0.4758,-0.4556,0.6755,0.1255,Moving
22:00:56,0.5294,-0.3527,0.7274,0.1194,Moving
22:00:58,0.4557,-0.4212,0.6614,0.1109,Moving
22:01:00,0.4911,-0.4305,0.6837,0.1017,Moving
22:01:02,0.391,-0.402,0.6982,0.1248,Moving
22:01:04,0.399,-0.4892,0.6824,0.1237,Moving
22:01:06,0.4772,-0.4262,0.7787,0.1076,Moving
22:01:08,0.5165,-0.419,0.7255,0.1165,Moving
22:01:10,0.4643,-0.5218,0.6816,0.1045,Moving
22:01:12,0.5159,-0.4855,0.6004,0.1102,Moving
22:01:14,0.4516,-0.3347,0.6878,0.1015,Moving
22:01:16,0.5319,-0.4462,0.7319,0.1109,Moving
22:01:18,0.4672,-0.4024,0.7176,0.1016,Moving
22:01:20,0.5464,-0.4333,0.7557,0.1231,Moving
22:01:22,0.5229,-0.3717,0.7376,0.1092,Moving
22:01:24,0.5284,-0.4182,0.6846,0.1099,Moving
22:01:26,0.3998,-0.4851,0.8052,0.1047,Moving
22:01:28,0.5559,-0.3002,0.7321,0.1124,Moving
22:01:30,0.4615,-0.4411,0.7239,0.1074,Moving
22:01:32,0.5344,-0.2844,0.705,0.1038,Moving
22:01:34,0.5176,-0.3226,0.6407,0.1132,Moving
22:01:36,0.5401,-0.4255,0.7798,0.1051,Moving
22:01:38,0.459,-0.306,0.7642,0.12,Moving
22:01:40,0.4826,-0.3862,0.6998,0.1013,Moving
22:01:42,0.5587,-0.4188,0.6666,0.1002,Moving
22:01:44,0.4193,-0.3007,0.7022,0.1144,Moving
22:01:46,0.5366,-0.3449,0.6614,0.1028,Moving
22:01:48,0.489,-0.2847,0.6391,0.1073,Moving
22:01:50,0.4181,-0.3838,0.6322,0.1225,Moving
22:01:52,0.5701,-0.3944,0.6811,0.1363,Moving
22:01:54,0.5616,-0.3765,0.6978,0.124,Moving
22:01:56,0.4246,-0.4338,0.72,0.1036,Moving
22:01:58,0.5182,-0.4489,0.7239,0.1013,Moving
22:02:00,0.5215,-0.3552,0.755,0.1012,Moving
22:02:02,0.5293,-0.4594,0.662,0.115,Moving
22:02:04,0.4476,-0.4168,0.7033,0.1126,Moving
22:02:06,0.4546,-0.4459,0.6731,0.1475,Moving
22:02:08,0.5228,-0.4673,0.7335,0.105,Moving
22:02:10,0.4975,-0.3397,0.6988,0.1047,Moving
22:02:12,0.5444,-0.4738,0.7233,0.1428,Moving
22:02:14,0.4639,-0.3923,0.7457,0.1065,Moving
22:02:16,0.3907,-0.347,0.6821,0.107,Moving
22:02:18,0.514,-0.3637,0.7309,0.1281,Moving
22:02:20,0.4418,-0.326,0.7114,0.1,Moving
22:02:22,0.425,-0.4279,0.6383,0.1041,Moving
22:02:24,0.5344,-0.4121,0.6505,0.1076,Moving
22:02:26,0.4111,-0.4534,0.7125,0.1034,Moving
22:02:28,0.5292,-0.4323,0.6367,0.1402,Moving
22:02:30,0.4812,-0.4472,0.7393,0.1077,Moving
22:02:32,0.6161,-0.5312,0.6216,0.1051,Moving
22:02:34,0.4443,-0.4427,0.7947,0.1148,Moving
22:02:36,0.5181,-0.4212,0.5996,0.1015,Moving
22:02:38,0.4529,-0.349,0.6121,0.1061,Moving
22:02:40,0.4933,-0.4367,0.7317,0.1148,Moving
22:02:42,0.6148,-0.3627,0.7742,0.1177,Moving
22:02:44,0.4782,-0.4415,0.7417,0.1521,Moving
22:02:46,0.4662,-0.4373,0.7008,0.1025,Moving
22:02:48,0.463,-0.3771,0.6134,0.1157,Moving
22:02:50,0.4301,-0.369,0.6919,0.1002,Moving
22:02:52,0.4537,-0.4401,0.7409,0.1312,Moving
22:02:54,0.4548,-0.4145,0.6999,0.1088,Moving
22:02:56,0.4918,-0.4434,0.6645,0.1001,Moving
22:02:58,0.4696,-0.4438,0.7072,0.1203,Moving
22:03:00,0.4389,-0.4404,0.6196,0.1032,Moving
22:03:02,0.512,-0.4037,0.68,0.1146,Moving
22:03:04,0.4583,-0.4502,0.655,0.1084,Moving
22:03:06,0.5186,-0.4394,0.7201,0.1004,Moving
22:03:08,0.5004,-0.4061,0.6098,0.1016,Moving
22:03:10,0.532,-0.4962,0.6488,0.1314,Moving
22:03:12,0.4359,-0.3763,0.6518,0.1041,Moving
22:03:14,0.4784,-0.4514,0.73,0.1171,Moving
22:03:16,0.4894,-0.4362,0.6109,0.1191,Moving
22:03:18,0.5148,-0.44,0.69,0.1199,Moving
22:03:20,0.545,-0.3824,0.6913,0.1044,Moving
22:03:22,0.5074,-0.3508,0.71,0.1024,Moving
22:03:24,0.534,-0.4154,0.6518,0.1028,Moving
22:03:26,0.4923,-0.4335,0.6777,0.1017,Moving
22:03:28,0.4508,-0.442,0.6435,0.1198,Moving
22:03:30,0.4538,-0.4801,0.6543,0.1002,Moving
22:03:32,0.4952,-0.4375,0.6122,0.1055,Moving
22:03:34,0.5593,-0.4109,0.679,0.1023,Moving
22:03:36,0.547,-0.3504,0.7091,0.1004,Moving
22:03:38,0.5753,-0.4582,0.7516,0.1028,Moving
22:03:40,0.5356,-0.3512,0.7473,0.1235,Moving
22:03:42,0.4479,-0.4348,0.6599,0.1056,Moving
22:03:44,0.5086,-0.4244,0.6722,0.1045,Moving
22:03:46,0.4371,-0.3908,0.7155,0.1054,Moving
22:03:48,0.4475,-0.3492,0.6997,0.1018,Moving
22:03:50,0.4333,-0.4497,0.6967,0.1146,Moving
22:03:52,0.4938,-0.4247,0.7428,0.1017,Moving
22:03:54,0.5617,-0.3917,0.679,0.1039,Moving
22:03:56,0.4456,-0.3906,0.7143,0.1151,Moving
22:03:58,0.4261,-0.441,0.7665,0.1225,Moving
22:04:00,0.5088,-0.4483,0.6586,0.1159,Moving
22:04:02,0.4416,-0.3287,0.6957,0.1061,Moving
22:04:04,0.5107,-0.4182,0.7326,0.124,Moving
22:04:06,0.5119,-0.3913,0.6678,0.1001,Moving
22:04:08,0.4124,-0.4254,0.7477,0.1092,Moving
22:04:10,0.5197,-0.3828,0.6987,0.1238,Moving
22:04:12,0.5136,-0.387,0.646,0.1081,Moving
22:04:14,0.5878,-0.4253,0.6542,0.1057,Moving
22:04:16,0.5418,-0.4075,0.6676,0.1054,Moving
22:04:18,0.5399,-0.4598,0.6873,0.1156,Moving
22:04:20,0.4621,-0.3899,0.6973,0.1003,Moving
22:04:22,0.5015,-0.4155,0.733,0.1123,Moving
22:04:24,0.6517,-0.4104,0.6547,0.1006,Moving
22:04:26,0.4176,-0.4214,0.6361,0.105,Moving
22:04:28,0.493,-0.3971,0.6904,0.1041,Moving
22:04:30,0.5382,-0.4294,0.6682,0.1215,Moving
22:04:32,0.5385,-0.5168,0.7669,0.105,Moving
22:04:34,0.5196,-0.4327,0.6097,0.1057,Moving
22:04:36,0.5222,-0.3173,0.6262,0.1384,Moving
22:04:38,0.538,-0.4056,0.6859,0.1042,Moving
22:04:40,0.5076,-0.459,0.681,0.1068,Moving
22:04:42,0.4979,-0.4224,0.7162,0.1032,Moving
22:04:44,0.5283,-0.3765,0.6739,0.1176,Moving
22:04:46,0.5649,-0.4141,0.7404,0.1033,Moving
22:04:48,0.434,-0.4366,0.715,0.1087,Moving
22:04:50,0.5505,-0.3505,0.6958,0.1365,Moving
22:04:52,0.4934,-0.3532,0.6832,0.108,Moving
22:04:54,0.4233,-0.3609,0.7345,0.1057,Moving
22:04:56,0.5309,-0.353,0.6695,0.1225,Moving
22:04:58,0.4534,-0.47,0.7297,0.1062,Moving
22:05:00,0.4929,-0.3805,0.7239,0.1009,Moving
22:05:02,0.5451,-0.4548,0.706,0.1027,Moving
22:05:04,0.4814,-0.3963,0.7273,0.1009,Moving
22:05:06,0.5023,-0.4177,0.6704,0.1003,Moving
22:05:08,0.4361,-0.423,0.7543,0.1039,Moving
22:05:10,0.5116,-0.3069,0.6099,0.1075,Moving
22:05:12,0.5089,-0.3968,0.7864,0.1037,Moving
22:05:14,0.5284,-0.4526,0.7207,0.1069,Moving
22:05:16,0.5698,-0.4813,0.732,0.1257,Moving
22:05:18,0.4954,-0.4812,0.6203,0.1067,Moving
22:05:20,0.5384,-0.3928,0.6559,0.1015,Moving
22:05:22,0.4556,-0.3754,0.5742,0.1051,Moving
22:05:24,0.4637,-0.3318,0.7956,0.107,Moving
22:05:26,0.4783,-0.4184,0.6551,0.1101,Moving
22:05:28,0.4788,-0.3372,0.7149,0.1005,Moving
22:05:30,0.574,-0.4429,0.6441,0.1142,Moving
22:05:32,0.5127,-0.5113,0.7264,0.116,Moving
22:05:34,0.5254,-0.3318,0.7119,0.1307,Moving
22:05:36,0.389,-0.4779,0.6766,0.1051,Moving
22:05:38,0.416,-0.4962,0.7561,0.1165,Moving
22:05:40,0.551,-0.4022,0.6518,0.1037,Moving
22:05:42,0.507,-0.4204,0.7273,0.1022,Moving
22:05:44,0.522,-0.4558,0.7566,0.1047,Moving
22:05:46,0.5156,-0.4244,0.6487,0.1064,Moving
22:05:48,0.5358,-0.3288,0.7628,0.1108,Moving
22:05:50,0.4581,-0.3783,0.6815,0.1004,Moving
22:05:52,0.4523,-0.4395,0.7039,0.1193,Moving
22:05:54,0.5306,-0.4106,0.6764,0.101,Moving
22:05:56,0.4815,-0.4078,0.714,0.1213,Moving
22:05:58,0.5733,-0.2963,0.6235,0.1017,Moving
22:06:00,0.4424,-0.3237,0.7431,0.1174,Moving
22:06:02,0.5552,-0.3279,0.7473,0.1027,Moving
22:06:04,0.4368,-0.4941,0.6164,0.1024,Moving
22:06:06,0.4965,-0.5074,0.6953,0.1017,Moving
22:06:08,0.5702,-0.3709,0.7161,0.1181,Moving
22:06:10,0.5859,-0.4153,0.6567,0.1123,Moving
22:06:12,0.5216,-0.4835,0.635,0.1207,Moving
22:06:14,0.5023,-0.3628,0.6945,0.1076,Moving
22:06:16,0.4832,-0.3299,0.7128,0.1085,Moving
22:06:18,0.5706,-0.3909,0.6295,0.123,Moving
22:06:20,0.4555,-0.3692,0.6331,0.1019,Moving
22:06:22,0.5554,-0.3682,0.7719,0.106,Moving
22:06:24,0.5432,-0.3872,0.7594,0.1003,Moving
22:06:26,0.4373,-0.3806,0.7656,0.1007,Moving
22:06:28,0.4312,-0.4344,0.7075,0.1131,Moving
22:06:30,0.5458,-0.485,0.7939,0.1119,Moving
22:06:32,0.4822,-0.4883,0.7028,0.1141,Moving
22:06:34,0.5181,-0.3588,0.7423,0.1208,Moving
22:06:36,0.5,-0.3818,0.6772,0.1534,Moving
22:06:38,0.5334,-0.3983,0.6563,0.1009,Moving
22:06:40,0.4824,-0.3657,0.7278,0.1036,Moving
22:06:42,0.5002,-0.3601,0.6651,0.1138,Moving
22:06:44,0.4434,-0.4239,0.6842,0.1097,Moving
22:06:46,0.5385,-0.4095,0.718,0.1058,Moving
22:06:48,0.4805,-0.4609,0.68,0.1004,Moving
22:06:50,0.5186,-0.3993,0.708,0.1036,Moving
22:06:52,0.4632,-0.4085,0.7293,0.12,Moving
22:06:54,0.5859,-0.4347,0.7319,0.1007,Moving
22:06:56,0.4174,-0.3596,0.6884,0.1086,Moving
22:06:58,0.4973,-0.4075,0.6974,0.1081,Moving
22:07:00,0.5111,-0.3012,0.6852,0.113,Moving
22:07:02,0.4961,-0.3983,0.6712,0.1035,Moving
22:07:04,0.4408,-0.5225,0.6121,0.1009,Moving
22:07:06,0.5194,-0.5102,0.6582,0.1093,Moving
22:07:08,0.4354,-0.3535,0.7509,0.1147,Moving
22:07:10,0.4864,-0.3367,0.7209,0.1048,Moving
22:07:12,0.4821,-0.4637,0.766,0.1068,Moving
22:07:14,0.5121,-0.4533,0.6219,0.1195,Moving
22:07:16,0.5353,-0.3456,0.6327,0.1071,Moving
22:07:18,0.519,-0.3122,0.7217,0.1171,Moving
22:07:20,0.5098,-0.3555,0.6995,0.1006,Moving
22:07:22,0.4548,-0.3543,0.726,0.1113,Moving
22:07:24,0.4916,-0.3501,0.7212,0.1255,Moving
22:07:26,0.5173,-0.4982,0.7302,0.1027,Moving
22:07:28,0.4899,-0.4277,0.6849,0.1101,Moving
22:07:30,0.3966,-0.364,0.7869,0.1009,Moving
22:07:32,0.5206,-0.3073,0.7573,0.1008,Moving
22:07:34,0.5048,-0.4241,0.7221,0.1237,Moving
22:07:36,0.4305,-0.5051,0.674,0.1086,Moving
22:07:38,0.4709,-0.3497,0.6695,0.1034,Moving
22:07:40,0.4769,-0.4683,0.6364,0.1094,Moving
22:07:42,0.5498,-0.3816,0.622,0.1023,Moving
22:07:44,0.4922,-0.4008,0.6991,0.1072,Moving
22:07:46,0.5784,-0.4275,0.6086,0.1003,Moving
22:07:48,0.4965,-0.5083,0.6634,0.1024,Moving
22:07:50,0.5261,-0.3771,0.7165,0.1035,Moving
22:07:52,0.5844,-0.4248,0.7714,0.1018,Moving
22:07:54,0.5916,-0.4568,0.8089,0.1001,Moving
22:07:56,0.533,-0.4102,0.7366,0.1006,Moving
22:07:58,0.5104,-0.3868,0.7097,0.1224,Moving
22:08:00,0.5399,-0.3756,0.6905,0.1217,Moving
22:08:02,0.4714,-0.3389,0.6707,0.1078,Moving
22:08:04,0.4511,-0.3303,0.6403,0.1,Moving
22:08:06,0.5575,-0.3327,0.7678,0.1093,Moving
22:08:08,0.4748,-0.4595,0.6791,0.1002,Moving
22:08:10,0.4861,-0.4514,0.7583,0.1207,Moving
22:08:12,0.4479,-0.3892,0.6526,0.1002,Moving
22:08:14,0.4926,-0.3816,0.6313,0.1014,Moving
22:08:16,0.5228,-0.3514,0.7416,0.1072,Moving
22:08:18,0.5886,-0.3683,0.7015,0.1015,Moving
22:08:20,0.5153,-0.3822,0.6775,0.1031,Moving
22:08:22,0.5454,-0.4291,0.6585,0.1131,Moving
22:08:24,0.5269,-0.3731,0.6924,0.1142,Moving
22:08:26,0.5986,-0.4191,0.7082,0.1035,Moving
22:08:28,0.4355,-0.3585,0.7385,0.1027,Moving
22:08:30,0.5514,-0.34,0.6991,0.1008,Moving
22:08:32,0.501,-0.4811,0.7205,0.1085,Moving
22:08:34,0.4972,-0.3436,0.6505,0.1231,Moving
22:08:36,0.423,-0.4668,0.7289,0.1183,Moving
22:08:38,0.5039,-0.3968,0.7022,0.1074,Moving
22:08:40,0.4492,-0.3727,0.6593,0.1078,Moving
22:08:42,0.418,-0.335,0.7415,0.1041,Moving
22:08:44,0.5082,-0.3352,0.6725,0.1057,Moving
22:08:46,0.4428,-0.5191,0.7081,0.1142,Moving
22:08:48,0.4526,-0.392,0.5905,0.1073,Moving
22:08:50,0.532,-0.4271,0.7069,0.1209,Moving
22:08:52,0.4529,-0.395,0.7582,0.1129,Moving
22:08:54,0.5091,-0.4186,0.7943,0.13,Moving
22:08:56,0.5384,-0.2869,0.6778,0.1051,Moving
22:08:58,0.435,-0.4982,0.664,0.1002,Moving
22:09:00,0.4578,-0.357,0.7135,0.1175,Moving
22:09:02,0.5395,-0.4476,0.7062,0.1023,Moving
22:09:04,0.4399,-0.4737,0.6113,0.1139,Moving
22:09:06,0.4755,-0.4433,0.7508,0.1046,Moving
22:09:08,0.5165,-0.2572,0.6065,0.1295,Moving
22:09:10,0.4718,-0.3903,0.7067,0.1038,Moving
22:09:12,0.4759,-0.3745,0.6581,0.1136,Moving
22:09:14,0.5123,-0.3734,0.6471,0.1048,Moving
22:09:16,0.4782,-0.3523,0.7568,0.1027,Moving
22:09:18,0.5355,-0.3974,0.7637,0.1059,Moving
22:09:20,0.4241,-0.4112,0.7325,0.1044,Moving
22:09:22,0.516,-0.4357,0.7032,0.1113,Moving
22:09:24,0.4378,-0.3935,0.7403,0.108,Moving
22:09:26,0.448,-0.4035,0.766,0.1074,Moving
22:09:28,0.5403,-0.4779,0.6965,0.1182,Moving
22:09:30,0.5009,-0.3596,0.7338,0.1037,Moving
22:09:32,0.6258,-0.3698,0.6296,0.1021,Moving
22:09:34,0.4346,-0.3211,0.7259,0.1023,Moving
22:09:36,0.5547,-0.3979,0.7051,0.1033,Moving
22:09:38,0.5525,-0.4277,0.7254,0.1042,Moving
22:09:40,0.5725,-0.3111,0.6206,0.1071,Moving
22:09:42,0.4679,-0.3705,0.6862,0.1019,Moving
22:09:44,0.5438,-0.4084,0.7443,0.1014,Moving
22:09:46,0.5091,-0.2744,0.6947,0.1024,Moving
22:09:48,0.4827,-0.4126,0.7235,0.1001,Moving
22:09:50,0.579,-0.4155,0.7494,0.106,Moving
22:09:52,0.5045,-0.3382,0.7305,0.109,Moving
22:09:54,0.5239,-0.3926,0.6438,0.1046,Moving
22:09:56,0.5013,-0.4613,0.6693,0.1073,Moving
22:09:58,0.5362,-0.3926,0.6676,0.111,Moving
22:10:00,0.5262,-0.4558,0.6458,0.0118,Rest
22:10:02,0.4839,-0.3701,0.7195,0.0102,Rest
22:10:04,0.4811,-0.4078,0.628,0.0109,Rest
22:10:06,0.373,-0.3589,0.7933,0.0095,Rest
22:10:08,0.4168,-0.3199,0.6997,0.0096,Rest
22:10:10,0.5425,-0.4267,0.6486,0.0121,Rest
22:10:12,0.5166,-0.3916,0.6109,0.0099,Rest
22:10:14,0.5083,-0.378,0.6258,0.0108,Rest
22:10:16,0.5232,-0.3748,0.6179,0.0071,Rest
22:10:18,0.4937,-0.43,0.7198,0.0095,Rest
22:10:20,0.5608,-0.3757,0.6853,0.0104,Rest
22:10:22,0.4533,-0.4011,0.6252,0.0112,Rest
22:10:24,0.4967,-0.4091,0.7065,0.0087,Rest
22:10:26,0.502,-0.4424,0.7105,0.0107,Rest
22:10:28,0.4891,-0.4342,0.7963,0.0089,Rest
22:10:30,0.4885,-0.4374,0.6524,0.0102,Rest
22:10:32,0.4721,-0.4401,0.7468,0.0106,Rest
22:10:34,0.4658,-0.4977,0.6935,0.0113,Rest
22:10:36,0.4573,-0.3647,0.6832,0.0087,Rest
22:10:38,0.4847,-0.4002,0.7293,0.0099,Rest
22:10:40,0.4379,-0.4653,0.7318,0.0123,Rest
22:10:42,0.5431,-0.3893,0.6883,0.0102,Rest
22:10:44,0.5077,-0.4514,0.6666,0.0096,Rest
22:10:46,0.4569,-0.3433,0.7009,0.0101,Rest
22:10:48,0.4437,-0.4395,0.849,0.0101,Rest
22:10:50,0.4622,-0.3976,0.6844,0.0104,Rest
22:10:52,0.4365,-0.4602,0.641,0.0093,Rest
22:10:54,0.5083,-0.3791,0.6555,0.0106,Rest
22:10:56,0.5077,-0.3632,0.7007,0.0096,Rest
22:10:58,0.4914,-0.4506,0.7063,0.0114,Rest
22:11:00,0.5254,-0.3905,0.6525,0.0125,Rest
22:11:02,0.452,-0.3302,0.6013,0.0098,Rest
22:11:04,0.47,-0.3507,0.7442,0.009,Rest
22:11:06,0.405,-0.4111,0.7154,0.0093,Rest
22:11:08,0.4319,-0.4283,0.6768,0.0101,Rest
22:11:10,0.503,-0.4182,0.6397,0.011,Rest
22:11:12,0.4996,-0.3982,0.8142,0.0085,Rest
22:11:14,0.5036,-0.4129,0.7204,0.0097,Rest
22:11:16,0.4628,-0.3768,0.6183,0.0086,Rest
22:11:18,0.5439,-0.3951,0.6908,0.0107,Rest
22:11:20,0.5187,-0.4536,0.7411,0.011,Rest
22:11:22,0.4649,-0.3877,0.6704,0.0105,Rest
22:11:24,0.4078,-0.392,0.641,0.0101,Rest
22:11:26,0.4547,-0.3802,0.7148,0.0097,Rest
22:11:28,0.4833,-0.4449,0.7072,0.0111,Rest
22:11:30,0.4965,-0.4627,0.7944,0.0108,Rest
22:11:32,0.5337,-0.3715,0.5913,0.0111,Rest
22:11:34,0.541,-0.4147,0.6751,0.009,Rest
22:11:36,0.5222,-0.3552,0.7138,0.0085,Rest
22:11:38,0.5461,-0.4111,0.6428,0.0082,Rest
22:11:40,0.524,-0.3585,0.7064,0.0096,Rest
22:11:42,0.5301,-0.4337,0.62,0.0104,Rest
22:11:44,0.6073,-0.3512,0.7777,0.008,Rest
22:11:46,0.4598,-0.3419,0.7007,0.0108,Rest
22:11:48,0.5044,-0.4262,0.7334,0.01,Rest
22:11:50,0.5258,-0.3695,0.6624,0.0099,Rest
22:11:52,0.4742,-0.3573,0.77,0.0098,Rest
22:11:54,0.6368,-0.4793,0.67,0.0092,Rest
22:11:56,0.5555,-0.3857,0.7573,0.0085,Rest
22:11:58,0.4652,-0.3464,0.8221,0.0089,Rest
22:12:00,0.4223,-0.4138,0.59,0.0095,Rest
22:12:02,0.5196,-0.4801,0.7079,0.0106,Rest
22:12:04,0.5745,-0.3589,0.6813,0.0084,Rest
22:12:06,0.4968,-0.3627,0.6804,0.0093,Rest
22:12:08,0.4654,-0.422,0.7644,0.0115,Rest
22:12:10,0.442,-0.4319,0.7837,0.0114,Rest
22:12:12,0.5917,-0.2687,0.7052,0.0104,Rest
22:12:14,0.5912,-0.3453,0.716,0.0099,Rest
22:12:16,0.436,-0.4171,0.4935,0.0097,Rest
22:12:18,0.5093,-0.405,0.7022,0.0085,Rest
22:12:20,0.4902,-0.4382,0.6838,0.0089,Rest
22:12:22,0.5162,-0.3404,0.7425,0.0109,Rest
22:12:24,0.4642,-0.3853,0.5817,0.0083,Rest
22:12:26,0.4939,-0.4215,0.5858,0.0105,Rest
22:12:28,0.5371,-0.3853,0.613,0.0105,Rest
22:12:30,0.5092,-0.416,0.6456,0.0101,Rest
22:12:32,0.4173,-0.4642,0.6215,0.0114,Rest
22:12:34,0.4026,-0.34,0.6454,0.0093,Rest
22:12:36,0.4884,-0.4452,0.6374,0.0096,Rest
22:12:38,0.4799,-0.4135,0.6345,0.0098,Rest
22:12:40,0.5538,-0.497,0.758,0.011,Rest
22:12:42,0.513,-0.3525,0.6995,0.01,Rest
22:12:44,0.52,-0.4601,0.6887,0.0085,Rest
22:12:46,0.3949,-0.4252,0.7035,0.0095,Rest
22:12:48,0.5511,-0.4579,0.7497,0.01,Rest
22:12:50,0.4898,-0.4309,0.7249,0.0103,Rest
22:12:52,0.5604,-0.3385,0.6358,0.0106,Rest
22:12:54,0.6192,-0.4568,0.7518,0.0108,Rest
22:12:56,0.446,-0.3941,0.6984,0.0107,Rest
22:12:58,0.5112,-0.3396,0.6929,0.0107,Rest
22:13:00,0.5066,-0.4162,0.6945,0.0093,Rest
22:13:02,0.5387,-0.3455,0.7148,0.0082,Rest
22:13:04,0.5223,-0.4844,0.6608,0.01,Rest
22:13:06,0.5002,-0.3686,0.6737,0.0092,Rest
22:13:08,0.4738,-0.3526,0.7049,0.0109,Rest
22:13:10,0.61,-0.4125,0.7201,0.0097,Rest
22:13:12,0.5036,-0.3765,0.7652,0.0092,Rest
22:13:14,0.5081,-0.3566,0.7109,0.0079,Rest
22:13:16,0.5624,-0.4721,0.6382,0.0091,Rest
22:13:18,0.4751,-0.4306,0.6633,0.0099,Rest
22:13:20,0.4757,-0.3603,0.7012,0.0104,Rest
22:13:22,0.5098,-0.4259,0.6773,0.0114,Rest
22:13:24,0.414,-0.3676,0.6475,0.0102,Rest
22:13:26,0.5027,-0.4181,0.7215,0.0099,Rest
22:13:28,0.5619,-0.397,0.626,0.0109,Rest
22:13:30,0.5366,-0.2662,0.7454,0.0087,Rest
22:13:32,0.4139,-0.43,0.6805,0.0082,Rest
22:13:34,0.5846,-0.4493,0.6534,0.0084,Rest
22:13:36,0.4887,-0.4139,0.7057,0.0103,Rest
22:13:38,0.4846,-0.3912,0.701,0.0095,Rest
22:13:40,0.4449,-0.3812,0.6689,0.0105,Rest
22:13:42,0.6396,-0.3523,0.6265,0.0103,Rest
22:13:44,0.5403,-0.3988,0.6438,0.0101,Rest
22:13:46,0.5112,-0.4242,0.6984,0.0095,Rest
22:13:48,0.5502,-0.488,0.6461,0.0102,Rest
22:13:50,0.4944,-0.3834,0.7245,0.0105,Rest
22:13:52,0.4135,-0.3886,0.7834,0.0109,Rest
22:13:54,0.5535,-0.4435,0.6625,0.009,Rest
22:13:56,0.5473,-0.4584,0.8029,0.0094,Rest
22:13:58,0.5539,-0.3609,0.822,0.0101,Rest
22:14:00,0.41,-0.4752,0.7243,0.01,Rest
22:14:02,0.4773,-0.4109,0.5967,0.0113,Rest
22:14:04,0.5232,-0.3962,0.7369,0.0114,Rest
22:14:06,0.5229,-0.3689,0.7383,0.0108,Rest
22:14:08,0.5395,-0.4163,0.6487,0.0113,Rest
22:14:10,0.4389,-0.4634,0.6727,0.01,Rest
22:14:12,0.4823,-0.4085,0.7209,0.0099,Rest
22:14:14,0.5167,-0.4694,0.5697,0.0095,Rest
22:14:16,0.5788,-0.3911,0.6324,0.0107,Rest
22:14:18,0.5657,-0.4604,0.6711,0.0106,Rest
22:14:20,0.457,-0.4457,0.6791,0.0102,Rest
22:14:22,0.4394,-0.2903,0.6558,0.0081,Rest
22:14:24,0.5561,-0.2854,0.5889,0.0099,Rest
22:14:26,0.5636,-0.3592,0.7615,0.01,Rest
22:14:28,0.5329,-0.3902,0.8014,0.0099,Rest
22:14:30,0.4335,-0.4191,0.5994,0.0095,Rest
22:14:32,0.4873,-0.3954,0.7827,0.0099,Rest
22:14:34,0.4592,-0.3237,0.7301,0.0095,Rest
22:14:36,0.5039,-0.3822,0.7023,0.0083,Rest
22:14:38,0.4691,-0.463,0.6439,0.0113,Rest
22:14:40,0.4337,-0.3798,0.7028,0.011,Rest
22:14:42,0.5592,-0.3418,0.6955,0.0094,Rest
22:14:44,0.5352,-0.4093,0.7282,0.0093,Rest
22:14:46,0.4922,-0.4661,0.7157,0.012,Rest
22:14:48,0.5287,-0.4607,0.7254,0.0095,Rest
22:14:50,0.5373,-0.4751,0.6914,0.0093,Rest
22:14:52,0.5162,-0.4164,0.7544,0.0102,Rest
22:14:54,0.4558,-0.36,0.6048,0.0112,Rest
22:14:56,0.4652,-0.3802,0.8299,0.0095,Rest
22:14:58,0.4894,-0.4921,0.7534,0.0098,Rest
22:15:00,0.4723,-0.4066,0.6646,0.0093,Rest
22:15:02,0.5585,-0.4236,0.7192,0.0092,Rest
22:15:04,0.4582,-0.3727,0.5732,0.0102,Rest
22:15:06,0.4887,-0.3893,0.7528,0.0094,Rest
22:15:08,0.555,-0.359,0.7233,0.0102,Rest
22:15:10,0.5063,-0.4053,0.7033,0.0096,Rest
22:15:12,0.4752,-0.3311,0.6772,0.0097,Rest
22:15:14,0.5243,-0.4186,0.7102,0.0089,Rest
22:15:16,0.3888,-0.4664,0.7998,0.0097,Rest
22:15:18,0.5109,-0.4881,0.6989,0.0093,Rest
22:15:20,0.5009,-0.3832,0.635,0.0092,Rest
22:15:22,0.5433,-0.4061,0.6608,0.0098,Rest
22:15:24,0.4419,-0.4613,0.7679,0.0105,Rest
22:15:26,0.4046,-0.3964,0.6775,0.0093,Rest
22:15:28,0.5131,-0.4272,0.6102,0.0102,Rest
22:15:30,0.4995,-0.4518,0.6671,0.0092,Rest
22:15:32,0.4792,-0.4207,0.5937,0.0081,Rest
22:15:34,0.4882,-0.3365,0.6963,0.0114,Rest
22:15:36,0.5635,-0.5498,0.6644,0.011,Rest
22:15:38,0.5639,-0.4115,0.7183,0.0095,Rest
22:15:40,0.5052,-0.4412,0.7526,0.0117,Rest
22:15:42,0.4422,-0.3019,0.6331,0.0089,Rest
22:15:44,0.5607,-0.4048,0.6943,0.0094,Rest
22:15:46,0.5602,-0.4437,0.6652,0.0118,Rest
22:15:48,0.4946,-0.364,0.6347,0.0097,Rest
22:15:50,0.5662,-0.4578,0.6296,0.0114,Rest
22:15:52,0.5213,-0.4136,0.6667,0.0087,Rest
22:15:54,0.4306,-0.3343,0.6356,0.0079,Rest
22:15:56,0.5078,-0.2997,0.7986,0.0113,Rest
22:15:58,0.4644,-0.4051,0.7301,0.0095,Rest
22:16:00,0.5174,-0.3608,0.6943,0.01,Rest
22:16:02,0.467,-0.4548,0.67,0.0097,Rest
22:16:04,0.4,-0.3706,0.7658,0.0091,Rest
22:16:06,0.573,-0.4486,0.7015,0.0094,Rest
22:16:08,0.4305,-0.2891,0.6924,0.0093,Rest
22:16:10,0.4825,-0.401,0.6982,0.0098,Rest
22:16:12,0.4861,-0.4542,0.6992,0.01,Rest
22:16:14,0.5335,-0.3941,0.7366,0.0111,Rest
22:16:16,0.4133,-0.4378,0.5963,0.0099,Rest
22:16:18,0.5815,-0.4535,0.7174,0.0102,Rest
22:16:20,0.5914,-0.4294,0.6597,0.0096,Rest
22:16:22,0.4989,-0.3709,0.628,0.0108,Rest
22:16:24,0.4791,-0.3921,0.6709,0.0095,Rest
22:16:26,0.557,-0.3663,0.7136,0.0101,Rest
22:16:28,0.5183,-0.4044,0.6576,0.0085,Rest
22:16:30,0.5099,-0.3858,0.5499,0.0104,Rest
22:16:32,0.4322,-0.3628,0.76,0.0111,Rest
22:16:34,0.5285,-0.3236,0.7095,0.0079,Rest
22:16:36,0.4832,-0.3149,0.6858,0.0106,Rest
22:16:38,0.4586,-0.3648,0.6956,0.0102,Rest
22:16:40,0.5387,-0.4153,0.6704,0.0109,Rest
22:16:42,0.4602,-0.3241,0.6628,0.0103,Rest
22:16:44,0.5117,-0.323,0.7061,0.0112,Rest
22:16:46,0.5093,-0.3613,0.6764,0.0098,Rest
22:16:48,0.5461,-0.4459,0.7747,0.0107,Rest
22:16:50,0.5476,-0.3147,0.7099,0.0111,Rest
22:16:52,0.5883,-0.3814,0.7013,0.0093,Rest
22:16:54,0.4662,-0.3662,0.7416,0.0095,Rest
22:16:56,0.4938,-0.4487,0.725,0.0118,Rest
22:16:58,0.5049,-0.479,0.7585,0.0093,Rest
22:17:00,0.4501,-0.4478,0.5548,0.0106,Rest
22:17:02,0.4831,-0.4114,0.7845,0.0078,Rest
22:17:04,0.4758,-0.303,0.7638,0.0104,Rest
22:17:06,0.43,-0.3493,0.6916,0.0105,Rest
22:17:08,0.4881,-0.3736,0.6339,0.0095,Rest
22:17:10,0.5293,-0.404,0.7316,0.0099,Rest
22:17:12,0.6189,-0.3872,0.6636,0.0106,Rest
22:17:14,0.5163,-0.4011,0.7621,0.0098,Rest
22:17:16,0.5618,-0.4251,0.6885,0.0106,Rest
22:17:18,0.5224,-0.3566,0.7114,0.0103,Rest
22:17:20,0.4565,-0.4301,0.6822,0.0089,Rest
22:17:22,0.549,-0.4469,0.713,0.0106,Rest
22:17:24,0.4866,-0.3975,0.683,0.0105,Rest
22:17:26,0.5227,-0.4822,0.6247,0.0087,Rest
22:17:28,0.5075,-0.4003,0.6884,0.0104,Rest
22:17:30,0.4851,-0.3744,0.6725,0.0106,Rest
22:17:32,0.5173,-0.4009,0.7177,0.0091,Rest
22:17:34,0.5697,-0.4179,0.7043,0.008,Rest
22:17:36,0.4789,-0.3714,0.7871,0.0112,Rest
22:17:38,0.5119,-0.5234,0.7322,0.0085,Rest
22:17:40,0.4945,-0.4282,0.6761,0.0115,Rest
22:17:42,0.5817,-0.344,0.7402,0.0107,Rest
22:17:44,0.5333,-0.4522,0.7296,0.01,Rest
22:17:46,0.4741,-0.3929,0.6491,0.0095,Rest
22:17:48,0.5375,-0.4072,0.7068,0.0097,Rest
22:17:50,0.5053,-0.3762,0.7031,0.0094,Rest
22:17:52,0.4642,-0.4955,0.7579,0.0084,Rest
22:17:54,0.4923,-0.4334,0.5979,0.0102,Rest
22:17:56,0.5941,-0.4072,0.6695,0.0094,Rest
22:17:58,0.4563,-0.3689,0.6844,0.0106,Rest
22:18:00,0.5338,-0.373,0.6298,0.0116,Rest
22:18:02,0.565,-0.4549,0.6574,0.0095,Rest
22:18:04,0.5853,-0.3735,0.7334,0.0098,Rest
22:18:06,0.5343,-0.3911,0.7813,0.0108,Rest
22:18:08,0.4123,-0.3588,0.6942,0.0115,Rest
22:18:10,0.538,-0.3531,0.6878,0.0092,Rest
22:18:12,0.5907,-0.3834,0.7547,0.0109,Rest
22:18:14,0.581,-0.3102,0.7103,0.0112,Rest
22:18:16,0.5164,-0.5065,0.6919,0.0095,Rest
22:18:18,0.4614,-0.3857,0.643,0.0097,Rest
22:18:20,0.5346,-0.3722,0.7062,0.0096,Rest
22:18:22,0.5841,-0.3658,0.7398,0.0092,Rest
22:18:24,0.5369,-0.4037,0.7178,0.0089,Rest
22:18:26,0.4864,-0.3775,0.7338,0.0108,Rest
22:18:28,0.5325,-0.5036,0.5754,0.0113,Rest
22:18:30,0.3951,-0.4892,0.5967,0.0092,Rest
22:18:32,0.5046,-0.3839,0.6992,0.0098,Rest
22:18:34,0.4606,-0.3976,0.6981,0.0114,Rest
22:18:36,0.5892,-0.3933,0.6279,0.0101,Rest
22:18:38,0.5583,-0.4301,0.6882,0.0099,Rest
22:18:40,0.5089,-0.4411,0.7586,0.0101,Rest
22:18:42,0.5508,-0.3551,0.6479,0.0087,Rest
22:18:44,0.4465,-0.3198,0.6677,0.0106,Rest
22:18:46,0.4423,-0.3145,0.6901,0.009,Rest
22:18:48,0.5736,-0.4494,0.667,0.0098,Rest
22:18:50,0.462,-0.3987,0.6272,0.0092,Rest
22:18:52,0.4816,-0.3975,0.6434,0.0112,Rest
22:18:54,0.4958,-0.4241,0.6663,0.0089,Rest
22:18:56,0.542,-0.3824,0.7382,0.0099,Rest
22:18:58,0.552,-0.3913,0.6555,0.0081,Rest
22:19:00,0.4911,-0.4422,0.7715,0.0105,Rest
22:19:02,0.5583,-0.3851,0.7133,0.0108,Rest
22:19:04,0.4974,-0.3411,0.7219,0.0114,Rest
22:19:06,0.5194,-0.4061,0.7255,0.0099,Rest
22:19:08,0.4287,-0.4116,0.7045,0.0096,Rest
22:19:10,0.495,-0.4619,0.6628,0.0098,Rest
22:19:12,0.4995,-0.4549,0.6733,0.0108,Rest
22:19:14,0.4848,-0.4208,0.7284,0.0097,Rest
22:19:16,0.5803,-0.3272,0.6613,0.009,Rest
22:19:18,0.4768,-0.4009,0.7076,0.0089,Rest
22:19:20,0.5025,-0.5323,0.6659,0.0094,Rest
22:19:22,0.5694,-0.3979,0.7524,0.0101,Rest
22:19:24,0.5164,-0.4282,0.7461,0.0086,Rest
22:19:26,0.6015,-0.412,0.7304,0.0089,Rest
22:19:28,0.4257,-0.4265,0.7059,0.0089,Rest
22:19:30,0.5891,-0.3333,0.7245,0.01,Rest
22:19:32,0.3871,-0.2984,0.7594,0.0103,Rest
22:19:34,0.5523,-0.3822,0.6324,0.0094,Rest
22:19:36,0.5709,-0.4527,0.6592,0.0097,Rest
22:19:38,0.4869,-0.3758,0.6607,0.0108,Rest
22:19:40,0.4793,-0.3249,0.751,0.0097,Rest
22:19:42,0.4885,-0.3565,0.6853,0.01,Rest
22:19:44,0.45,-0.4323,0.7105,0.0084,Rest
22:19:46,0.5252,-0.3417,0.7002,0.0097,Rest
22:19:48,0.497,-0.426,0.6418,0.0104,Rest
22:19:50,0.533,-0.4332,0.6921,0.0099,Rest
22:19:52,0.4245,-0.3697,0.6934,0.0084,Rest
22:19:54,0.4889,-0.4845,0.7297,0.0086,Rest
22:19:56,0.536,-0.3712,0.7178,0.0096,Rest
22:19:58,0.543,-0.4604,0.6855,0.0104,Rest
22:20:00,0.5644,-0.3974,0.6386,0.0095,Rest
22:20:02,0.5296,-0.3125,0.7269,0.0096,Rest
22:20:04,0.4403,-0.4233,0.7289,0.0089,Rest
22:20:06,0.3723,-0.4316,0.7883,0.0107,Rest
22:20:08,0.5365,-0.3343,0.6887,0.0102,Rest
22:20:10,0.521,-0.5255,0.6432,0.0099,Rest
22:20:12,0.4999,-0.3383,0.7232,0.0103,Rest
22:20:14,0.5586,-0.3794,0.6341,0.0106,Rest
22:20:16,0.5286,-0.3952,0.6988,0.0092,Rest
22:20:18,0.5465,-0.3627,0.7237,0.0118,Rest
22:20:20,0.5273,-0.3896,0.7049,0.0097,Rest
22:20:22,0.5119,-0.4063,0.72,0.0097,Rest
22:20:24,0.5794,-0.4252,0.7432,0.0105,Rest
22:20:26,0.4884,-0.3483,0.693,0.0109,Rest
22:20:28,0.5543,-0.4109,0.6581,0.0102,Rest
22:20:30,0.5081,-0.4651,0.7937,0.0107,Rest
22:20:32,0.4286,-0.3825,0.6462,0.0114,Rest
22:20:34,0.4695,-0.328,0.7202,0.0095,Rest
22:20:36,0.5537,-0.4032,0.6366,0.0084,Rest
22:20:38,0.4661,-0.3482,0.6829,0.012,Rest
22:20:40,0.5893,-0.4417,0.7086,0.0111,Rest
22:20:42,0.4792,-0.3206,0.6206,0.0105,Rest
22:20:44,0.5403,-0.3717,0.7135,0.0096,Rest
22:20:46,0.5416,-0.4332,0.6871,0.0092,Rest
22:20:48,0.4754,-0.3425,0.6823,0.0112,Rest
22:20:50,0.4815,-0.4384,0.7132,0.0105,Rest
22:20:52,0.5343,-0.3586,0.6755,0.0094,Rest
22:20:54,0.5191,-0.3762,0.6576,0.0096,Rest
22:20:56,0.4305,-0.3758,0.6435,0.0099,Rest
22:20:58,0.5007,-0.3664,0.6554,0.01,Rest
22:21:00,0.4372,-0.3255,0.7728,0.0108,Rest
22:21:02,0.3724,-0.3642,0.7071,0.0109,Rest
22:21:04,0.556,-0.3422,0.714,0.0107,Rest
22:21:06,0.5523,-0.3541,0.7121,0.0076,Rest
22:21:08,0.5934,-0.4356,0.7468,0.0091,Rest
22:21:10,0.554,-0.4321,0.7657,0.0092,Rest
22:21:12,0.4993,-0.3933,0.6397,0.0112,Rest
22:21:14,0.5057,-0.3832,0.6506,0.0096,Rest
22:21:16,0.499,-0.4104,0.6715,0.0085,Rest
22:21:18,0.5131,-0.3878,0.7403,0.0098,Rest
22:21:20,0.526,-0.3667,0.7039,0.0117,Rest
22:21:22,0.4018,-0.3271,0.6892,0.0116,Rest
22:21:24,0.5653,-0.389,0.6775,0.0096,Rest
22:21:26,0.4544,-0.3303,0.6836,0.0088,Rest
22:21:28,0.506,-0.4246,0.7471,0.0114,Rest
22:21:30,0.4569,-0.439,0.7065,0.0101,Rest
22:21:32,0.5766,-0.4564,0.6636,0.0096,Rest
22:21:34,0.3723,-0.4072,0.6976,0.0099,Rest
22:21:36,0.4912,-0.4194,0.6854,0.0102,Rest
22:21:38,0.544,-0.4272,0.6904,0.0108,Rest
22:21:40,0.5401,-0.4081,0.6602,0.0116,Rest
22:21:42,0.5085,-0.4134,0.7908,0.0099,Rest
22:21:44,0.3867,-0.4584,0.6816,0.0099,Rest
22:21:46,0.5322,-0.4154,0.653,0.0097,Rest
22:21:48,0.5436,-0.3636,0.6254,0.0088,Rest
22:21:50,0.6123,-0.3751,0.6763,0.0091,Rest
22:21:52,0.4948,-0.5002,0.6398,0.0083,Rest
22:21:54,0.4604,-0.3862,0.6837,0.0123,Rest
22:21:56,0.4662,-0.4166,0.6857,0.0103,Rest
22:21:58,0.446,-0.4245,0.5922,0.0091,Rest
22:22:00,0.5336,-0.4397,0.6652,0.0115,Rest
22:22:02,0.4627,-0.3541,0.6695,0.0106,Rest
22:22:04,0.4813,-0.5049,0.7163,0.0099,Rest
22:22:06,0.4832,-0.3355,0.6858,0.0114,Rest
22:22:08,0.5113,-0.4408,0.7414,0.0117,Rest
22:22:10,0.5606,-0.3751,0.745,0.0103,Rest
22:22:12,0.532,-0.3878,0.7243,0.0078,Rest
22:22:14,0.5662,-0.3179,0.6246,0.0103,Rest
22:22:16,0.5201,-0.3995,0.6793,0.0115,Rest
22:22:18,0.4856,-0.3724,0.7477,0.0104,Rest
22:22:20,0.4607,-0.3932,0.7452,0.0083,Rest
22:22:22,0.4586,-0.3788,0.6892,0.0101,Rest
22:22:24,0.57,-0.3966,0.7348,0.0106,Rest
22:22:26,0.4998,-0.325,0.6871,0.0094,Rest
22:22:28,0.4623,-0.3955,0.7578,0.011,Rest
22:22:30,0.5221,-0.3968,0.6427,0.0111,Rest
22:22:32,0.4818,-0.443,0.6544,0.0098,Rest
22:22:34,0.3792,-0.4165,0.7687,0.0108,Rest
22:22:36,0.5278,-0.4595,0.7225,0.0091,Rest
22:22:38,0.4347,-0.4374,0.5945,0.0093,Rest
22:22:40,0.5357,-0.4524,0.7554,0.0094,Rest
22:22:42,0.5114,-0.4063,0.6883,0.0119,Rest
22:22:44,0.5358,-0.4217,0.6791,0.0108,Rest
22:22:46,0.5345,-0.4709,0.7076,0.0101,Rest
22:22:48,0.485,-0.4133,0.6452,0.0082,Rest
22:22:50,0.5178,-0.4513,0.7337,0.0101,Rest
22:22:52,0.5447,-0.3771,0.6869,0.0104,Rest
22:22:54,0.4762,-0.4596,0.6883,0.0101,Rest
22:22:56,0.4616,-0.4004,0.69,0.0098,Rest
22:22:58,0.5992,-0.4659,0.7641,0.0106,Rest
22:23:00,0.5193,-0.3851,0.7144,0.0108,Rest
22:23:02,0.5779,-0.3242,0.6868,0.0105,Rest
22:23:04,0.5581,-0.3361,0.7564,0.0101,Rest
22:23:06,0.4372,-0.3482,0.7181,0.0099,Rest
22:23:08,0.5863,-0.4462,0.69,0.0075,Rest
22:23:10,0.5479,-0.4379,0.735,0.0099,Rest
22:23:12,0.3897,-0.3896,0.6733,0.0122,Rest
22:23:14,0.5326,-0.3516,0.6894,0.0111,Rest
22:23:16,0.4355,-0.3387,0.5986,0.0098,Rest
22:23:18,0.5369,-0.3435,0.6445,0.0098,Rest
22:23:20,0.4716,-0.469,0.675,0.0106,Rest
22:23:22,0.424,-0.4175,0.7654,0.0107,Rest
22:23:24,0.5656,-0.3872,0.7146,0.0094,Rest
22:23:26,0.6458,-0.3982,0.701,0.0114,Rest
22:23:28,0.5107,-0.4407,0.7519,0.0103,Rest
22:23:30,0.6206,-0.3968,0.667,0.01,Rest
22:23:32,0.4947,-0.3487,0.6931,0.0097,Rest
22:23:34,0.4405,-0.3984,0.64,0.0113,Rest
22:23:36,0.5269,-0.4389,0.7429,0.0105,Rest
22:23:38,0.4522,-0.4136,0.7044,0.0105,Rest
22:23:40,0.4423,-0.3375,0.6495,0.0103,Rest
22:23:42,0.5984,-0.4368,0.7269,0.0105,Rest
22:23:44,0.4779,-0.4297,0.826,0.0091,Rest
22:23:46,0.5441,-0.3997,0.6524,0.0098,Rest
22:23:48,0.5736,-0.4595,0.7951,0.0096,Rest
22:23:50,0.5436,-0.341,0.6677,0.0104,Rest
22:23:52,0.4695,-0.4443,0.6969,0.0105,Rest
22:23:54,0.5411,-0.4431,0.8461,0.0103,Rest
22:23:56,0.4291,-0.4627,0.6779,0.0091,Rest
22:23:58,0.4904,-0.482,0.6154,0.0105,Rest
22:24:00,0.4046,-0.4057,0.6463,0.0093,Rest
22:24:02,0.4514,-0.3846,0.7332,0.0107,Rest
22:24:04,0.4946,-0.4629,0.7504,0.0099,Rest
22:24:06,0.4308,-0.4511,0.66,0.0093,Rest
22:24:08,0.5326,-0.4495,0.6758,0.008,Rest
22:24:10,0.4954,-0.4314,0.7053,0.0113,Rest
22:24:12,0.5416,-0.3025,0.5799,0.0098,Rest
22:24:14,0.5446,-0.3869,0.6312,0.0106,Rest
22:24:16,0.4459,-0.4408,0.6567,0.0102,Rest
22:24:18,0.5324,-0.4497,0.6191,0.0113,Rest
22:24:20,0.5082,-0.4197,0.7791,0.01,Rest
22:24:22,0.4695,-0.4098,0.6335,0.012,Rest
22:24:24,0.5002,-0.3052,0.769,0.0091,Rest
22:24:26,0.5017,-0.3825,0.6311,0.0095,Rest
22:24:28,0.4949,-0.4206,0.6918,0.0101,Rest
22:24:30,0.5354,-0.3904,0.7289,0.0093,Rest
22:24:32,0.4676,-0.3653,0.676,0.0099,Rest
22:24:34,0.3804,-0.4401,0.7318,0.0093,Rest
22:24:36,0.5445,-0.4216,0.8149,0.0107,Rest
22:24:38,0.495,-0.4652,0.672,0.0117,Rest
22:24:40,0.5147,-0.4679,0.7939,0.0092,Rest
22:24:42,0.4535,-0.4014,0.7469,0.0105,Rest
22:24:44,0.5614,-0.4151,0.7819,0.0085,Rest
22:24:46,0.4983,-0.3614,0.6691,0.0103,Rest
22:24:48,0.4683,-0.3897,0.7459,0.0099,Rest
22:24:50,0.5449,-0.4002,0.7017,0.0093,Rest
22:24:52,0.4306,-0.4285,0.8086,0.0103,Rest
22:24:54,0.5051,-0.3814,0.6672,0.0109,Rest
22:24:56,0.5321,-0.428,0.7172,0.0086,Rest
22:24:58,0.5393,-0.3965,0.6816,0.0101,Rest
22:25:00,0.5005,-0.3174,0.6475,0.0097,Rest
22:25:02,0.5902,-0.4781,0.6933,0.0095,Rest
22:25:04,0.4649,-0.3728,0.6853,0.0116,Rest
22:25:06,0.5145,-0.3274,0.7393,0.0094,Rest
22:25:08,0.4784,-0.376,0.7341,0.01,Rest
22:25:10,0.5228,-0.4031,0.7289,0.0094,Rest
22:25:12,0.4834,-0.3718,0.7036,0.0099,Rest
22:25:14,0.5531,-0.2983,0.6778,0.0081,Rest
22:25:16,0.526,-0.4296,0.5857,0.0102,Rest
22:25:18,0.5201,-0.3733,0.7436,0.0102,Rest
22:25:20,0.569,-0.372,0.7138,0.0107,Rest
22:25:22,0.5043,-0.3789,0.7514,0.0117,Rest
22:25:24,0.4601,-0.3863,0.6324,0.01,Rest
22:25:26,0.4923,-0.4126,0.7387,0.0121,Rest
22:25:28,0.5362,-0.4101,0.7659,0.0104,Rest
22:25:30,0.5741,-0.4145,0.7691,0.0103,Rest
22:25:32,0.5528,-0.4479,0.7003,0.0096,Rest
22:25:34,0.5124,-0.3486,0.6607,0.0104,Rest
22:25:36,0.4789,-0.4402,0.7299,0.01,Rest
22:25:38,0.5665,-0.4496,0.6927,0.0117,Rest
22:25:40,0.4357,-0.4154,0.6917,0.0103,Rest
22:25:42,0.5045,-0.4624,0.6716,0.0093,Rest
22:25:44,0.4518,-0.3447,0.6769,0.0109,Rest
22:25:46,0.5459,-0.5211,0.6665,0.0107,Rest
22:25:48,0.5697,-0.3932,0.7355,0.0102,Rest
22:25:50,0.4054,-0.4671,0.602,0.0109,Rest
22:25:52,0.5307,-0.3807,0.679,0.0112,Rest
22:25:54,0.4841,-0.4011,0.7425,0.009,Rest
22:25:56,0.5757,-0.3612,0.7178,0.0094,Rest
22:25:58,0.5036,-0.4078,0.7635,0.0096,Rest
22:26:00,0.4787,-0.3767,0.68,0.0102,Rest
22:26:02,0.4024,-0.4584,0.6231,0.0104,Rest
22:26:04,0.5253,-0.3588,0.7789,0.0079,Rest
22:26:06,0.5464,-0.4408,0.7491,0.0112,Rest
22:26:08,0.5509,-0.4137,0.6919,0.0097,Rest
22:26:10,0.5152,-0.4296,0.7024,0.0097,Rest
22:26:12,0.4506,-0.4732,0.6984,0.0091,Rest
22:26:14,0.5601,-0.446,0.6797,0.0078,Rest
22:26:16,0.5085,-0.4756,0.7315,0.0099,Rest
22:26:18,0.5189,-0.4088,0.72,0.0101,Rest
22:26:20,0.4469,-0.3315,0.6252,0.0093,Rest
22:26:22,0.5277,-0.3857,0.6588,0.008,Rest
22:26:24,0.5721,-0.3534,0.6858,0.009,Rest
22:26:26,0.5541,-0.3736,0.7723,0.0099,Rest
22:26:28,0.5089,-0.3927,0.7168,0.0101,Rest
22:26:30,0.5366,-0.43,0.6474,0.0103,Rest
22:26:32,0.6023,-0.4087,0.7384,0.0103,Rest
22:26:34,0.501,-0.3843,0.7139,0.0091,Rest
22:26:36,0.5018,-0.4852,0.7027,0.0098,Rest
22:26:38,0.4891,-0.3616,0.6352,0.0112,Rest
22:26:40,0.5112,-0.3926,0.7325,0.0103,Rest
22:26:42,0.4885,-0.5101,0.7567,0.0083,Rest
22:26:44,0.4014,-0.4409,0.6981,0.011,Rest
22:26:46,0.5026,-0.3464,0.719,0.0094,Rest
22:26:48,0.4069,-0.4728,0.7,0.0114,Rest
22:26:50,0.5157,-0.2759,0.6507,0.0112,Rest
22:26:52,0.4496,-0.3438,0.8146,0.0096,Rest
22:26:54,0.4508,-0.3478,0.7206,0.0091,Rest
22:26:56,0.418,-0.4257,0.7726,0.0095,Rest
22:26:58,0.4979,-0.3662,0.7045,0.0114,Rest
22:27:00,0.4785,-0.3577,0.6902,0.0101,Rest
22:27:02,0.6067,-0.3509,0.7648,0.0096,Rest
22:27:04,0.4142,-0.3703,0.6657,0.0121,Rest
22:27:06,0.5214,-0.3559,0.7283,0.011,Rest
22:27:08,0.5269,-0.3865,0.7364,0.0086,Rest
22:27:10,0.4893,-0.406,0.694,0.0097,Rest
22:27:12,0.5136,-0.3897,0.7038,0.01,Rest
22:27:14,0.5093,-0.3794,0.7131,0.0088,Rest
22:27:16,0.4794,-0.3876,0.6829,0.0096,Rest
22:27:18,0.4445,-0.4402,0.7222,0.0095,Rest
22:27:20,0.5421,-0.417,0.6682,0.0114,Rest
22:27:22,0.5069,-0.4122,0.689,0.0112,Rest
22:27:24,0.5123,-0.4237,0.7508,0.0109,Rest
22:27:26,0.4635,-0.3792,0.7787,0.0092,Rest
22:27:28,0.5761,-0.4268,0.7318,0.0094,Rest
22:27:30,0.5136,-0.3887,0.6906,0.0099,Rest
22:27:32,0.5236,-0.2782,0.7398,0.0103,Rest
22:27:34,0.5302,-0.4294,0.6847,0.0103,Rest
22:27:36,0.446,-0.3998,0.6941,0.009,Rest
22:27:38,0.5045,-0.3395,0.7737,0.0099,Rest
22:27:40,0.5766,-0.4407,0.7089,0.0102,Rest
22:27:42,0.459,-0.4163,0.6838,0.0069,Rest
22:27:44,0.4545,-0.369,0.745,0.0097,Rest
22:27:46,0.4462,-0.3484,0.7256,0.0101,Rest
22:27:48,0.4116,-0.4661,0.7459,0.0105,Rest
22:27:50,0.4705,-0.4065,0.7863,0.0099,Rest
22:27:52,0.5321,-0.4459,0.6443,0.0116,Rest
22:27:54,0.4572,-0.3408,0.6984,0.0104,Rest
22:27:56,0.5035,-0.2909,0.5896,0.011,Rest
22:27:58,0.5572,-0.3859,0.7068,0.0112,Rest
22:28:00,0.4829,-0.4094,0.683,0.0109,Rest
22:28:02,0.4462,-0.4671,0.7812,0.0105,Rest
22:28:04,0.5459,-0.4275,0.7264,0.0095,Rest
22:28:06,0.5119,-0.3379,0.7518,0.01,Rest
22:28:08,0.4422,-0.3623,0.7364,0.0109,Rest
22:28:10,0.577,-0.36,0.7401,0.008,Rest
22:28:12,0.5269,-0.4001,0.7101,0.0114,Rest
22:28:14,0.4093,-0.3903,0.6996,0.0096,Rest
22:28:16,0.4987,-0.4407,0.7131,0.0118,Rest
22:28:18,0.4411,-0.4634,0.6764,0.0102,Rest
22:28:20,0.6035,-0.3564,0.652,0.0097,Rest
22:28:22,0.5257,-0.4306,0.713,0.0106,Rest
22:28:24,0.4968,-0.3038,0.6943,0.0087,Rest
22:28:26,0.4799,-0.3449,0.5587,0.0104,Rest
22:28:28,0.5856,-0.4876,0.6541,0.0086,Rest
22:28:30,0.455,-0.4329,0.6822,0.0108,Rest
22:28:32,0.4623,-0.3966,0.7902,0.0103,Rest
22:28:34,0.5884,-0.3416,0.6543,0.0106,Rest
22:28:36,0.4565,-0.3605,0.6631,0.0111,Rest
22:28:38,0.4651,-0.3385,0.6113,0.0107,Rest
22:28:40,0.5667,-0.4295,0.6569,0.0105,Rest
22:28:42,0.4502,-0.4872,0.7486,0.0112,Rest
22:28:44,0.5721,-0.4611,0.6504,0.0087,Rest
22:28:46,0.5342,-0.4118,0.722,0.01,Rest
22:28:48,0.5402,-0.3902,0.6721,0.0088,Rest
22:28:50,0.4895,-0.4302,0.7363,0.0099,Rest
22:28:52,0.5223,-0.3995,0.6429,0.0109,Rest
22:28:54,0.5676,-0.4414,0.748,0.0111,Rest
22:28:56,0.5402,-0.4255,0.706,0.0089,Rest
22:28:58,0.4575,-0.3469,0.7311,0.0103,Rest
22:29:00,0.4682,-0.4004,0.6625,0.0097,Rest
22:29:02,0.5694,-0.3007,0.6687,0.0098,Rest
22:29:04,0.5057,-0.3635,0.7681,0.0097,Rest
22:29:06,0.5111,-0.4242,0.7775,0.0116,Rest
22:29:08,0.4469,-0.4265,0.6621,0.0093,Rest
22:29:10,0.4628,-0.4161,0.7352,0.0105,Rest
22:29:12,0.5453,-0.3554,0.675,0.0098,Rest
22:29:14,0.532,-0.4131,0.7075,0.0113,Rest
22:29:16,0.5368,-0.3788,0.7259,0.0098,Rest
22:29:18,0.5063,-0.4015,0.6533,0.0093,Rest
22:29:20,0.4858,-0.4527,0.6423,0.0113,Rest
22:29:22,0.5191,-0.3942,0.7212,0.0087,Rest
22:29:24,0.4348,-0.3516,0.6328,0.0101,Rest
22:29:26,0.5375,-0.3928,0.6736,0.0114,Rest
22:29:28,0.4569,-0.4987,0.7301,0.0109,Rest
22:29:30,0.4706,-0.4422,0.8182,0.01,Rest
22:29:32,0.5483,-0.3895,0.6661,0.0093,Rest
22:29:34,0.4557,-0.3789,0.7185,0.0112,Rest
22:29:36,0.5332,-0.4674,0.7112,0.0097,Rest
22:29:38,0.532,-0.3371,0.6721,0.0097,Rest
22:29:40,0.5304,-0.4541,0.7396,0.0103,Rest
22:29:42,0.5487,-0.2692,0.7172,0.0087,Rest
22:29:44,0.5075,-0.3581,0.712,0.009,Rest
22:29:46,0.4073,-0.424,0.7622,0.011,Rest
22:29:48,0.534,-0.2599,0.7497,0.01,Rest
22:29:50,0.4472,-0.4439,0.7254,0.0096,Rest
22:29:52,0.5772,-0.3257,0.7165,0.0098,Rest
22:29:54,0.4389,-0.4276,0.6485,0.0119,Rest
22:29:56,0.4182,-0.5401,0.6085,0.0095,Rest
22:29:58,0.5407,-0.3677,0.7982,0.0089,Rest
22:30:00,0.5869,-0.384,0.7398,0.0083,Rest
22:30:02,0.4584,-0.3953,0.6901,0.0107,Rest
22:30:04,0.4227,-0.4059,0.7144,0.0092,Rest
22:30:06,0.4539,-0.3757,0.6854,0.0101,Rest
22:30:08,0.5671,-0.4357,0.765,0.0104,Rest
22:30:10,0.4593,-0.3807,0.6929,0.0094,Rest
22:30:12,0.5252,-0.4109,0.683,0.0093,Rest
22:30:14,0.4784,-0.3409,0.6888,0.009,Rest
22:30:16,0.4888,-0.4457,0.6507,0.01,Rest
22:30:18,0.512,-0.4333,0.6721,0.0093,Rest
22:30:20,0.5971,-0.3653,0.6586,0.0113,Rest
22:30:22,0.5061,-0.3897,0.724,0.0117,Rest
22:30:24,0.5184,-0.4423,0.7563,0.0117,Rest
22:30:26,0.4534,-0.4501,0.7314,0.0102,Rest
22:30:28,0.534,-0.4616,0.696,0.0094,Rest
22:30:30,0.4393,-0.4525,0.7028,0.0109,Rest
22:30:32,0.4852,-0.4609,0.7097,0.0107,Rest
22:30:34,0.456,-0.4566,0.7513,0.0094,Rest
22:30:36,0.504,-0.4367,0.6927,0.0118,Rest
22:30:38,0.536,-0.3477,0.7195,0.0095,Rest
22:30:40,0.4479,-0.374,0.8021,0.011,Rest
22:30:42,0.5157,-0.3834,0.6536,0.0106,Rest
22:30:44,0.5256,-0.3374,0.7208,0.0087,Rest
22:30:46,0.4898,-0.4305,0.7089,0.0121,Rest
22:30:48,0.5587,-0.3452,0.7083,0.0116,Rest
22:30:50,0.5314,-0.4118,0.75,0.0082,Rest
22:30:52,0.4812,-0.3939,0.6362,0.0095,Rest
22:30:54,0.4499,-0.4096,0.7181,0.0091,Rest
22:30:56,0.4846,-0.4204,0.6927,0.0111,Rest
22:30:58,0.5625,-0.4223,0.5266,0.0113,Rest
22:31:00,0.5875,-0.4375,0.7906,0.01,Rest
22:31:02,0.5458,-0.4156,0.7089,0.0091,Rest
22:31:04,0.4544,-0.4628,0.7587,0.01,Rest
22:31:06,0.4718,-0.3956,0.7094,0.0122,Rest
22:31:08,0.5727,-0.3622,0.6828,0.0094,Rest
22:31:10,0.4978,-0.3734,0.7492,0.0102,Rest
22:31:12,0.4407,-0.3369,0.6775,0.0087,Rest
22:31:14,0.5622,-0.4181,0.685,0.0104,Rest
22:31:16,0.5282,-0.3585,0.6355,0.0102,Rest
22:31:18,0.5052,-0.4771,0.689,0.0102,Rest
22:31:20,0.5179,-0.4332,0.7092,0.0101,Rest
22:31:22,0.5137,-0.3761,0.6972,0.0093,Rest
22:31:24,0.5371,-0.3683,0.7484,0.0104,Rest
22:31:26,0.4432,-0.4551,0.7203,0.0102,Rest
22:31:28,0.4973,-0.3814,0.7145,0.0095,Rest
22:31:30,0.5176,-0.3848,0.719,0.0106,Rest
22:31:32,0.5257,-0.4048,0.6735,0.0086,Rest
22:31:34,0.5223,-0.3107,0.7478,0.0082,Rest
22:31:36,0.4342,-0.3383,0.6997,0.0106,Rest
22:31:38,0.5301,-0.4607,0.7434,0.0104,Rest
22:31:40,0.4294,-0.2416,0.6416,0.0098,Rest
22:31:42,0.4921,-0.3845,0.6908,0.0106,Rest
22:31:44,0.5087,-0.4277,0.6396,0.0096,Rest
22:31:46,0.4448,-0.4214,0.7074,0.0101,Rest
22:31:48,0.5827,-0.4168,0.6808,0.0124,Rest
22:31:50,0.476,-0.3688,0.7496,0.0081,Rest
22:31:52,0.5998,-0.4757,0.7188,0.0098,Rest
22:31:54,0.4533,-0.4346,0.7472,0.0095,Rest
22:31:56,0.4886,-0.3614,0.5875,0.01,Rest
22:31:58,0.5025,-0.3943,0.6359,0.0093,Rest
22:32:00,0.4043,-0.4725,0.6667,0.0099,Rest
22:32:02,0.5323,-0.342,0.7318,0.0078,Rest
22:32:04,0.5018,-0.4082,0.7014,0.0114,Rest
22:32:06,0.4127,-0.337,0.681,0.01,Rest
22:32:08,0.4705,-0.4228,0.7556,0.0118,Rest
22:32:10,0.5377,-0.3798,0.6676,0.0099,Rest
22:32:12,0.5151,-0.4211,0.6949,0.0073,Rest
22:32:14,0.5251,-0.3727,0.7015,0.0101,Rest
22:32:16,0.5506,-0.3221,0.7015,0.011,Rest
22:32:18,0.4407,-0.3866,0.7969,0.0099,Rest
22:32:20,0.56,-0.3711,0.7263,0.0113,Rest
22:32:22,0.5103,-0.3066,0.7077,0.0085,Rest
22:32:24,0.6079,-0.5073,0.7022,0.0106,Rest
22:32:26,0.5491,-0.3214,0.7764,0.0091,Rest
22:32:28,0.4584,-0.3753,0.7421,0.0105,Rest
22:32:30,0.5917,-0.3439,0.7805,0.0097,Rest
22:32:32,0.4687,-0.4151,0.663,0.0092,Rest
22:32:34,0.4309,-0.3762,0.6818,0.0097,Rest
22:32:36,0.5424,-0.4481,0.7117,0.0096,Rest
22:32:38,0.4464,-0.3896,0.6253,0.0104,Rest
22:32:40,0.5437,-0.3966,0.6735,0.0104,Rest
22:32:42,0.5746,-0.3223,0.5788,0.0118,Rest
22:32:44,0.556,-0.331,0.6014,0.0109,Rest
22:32:46,0.4046,-0.3984,0.7294,0.0096,Rest
22:32:48,0.5836,-0.3541,0.7237,0.0097,Rest
22:32:50,0.4446,-0.3875,0.6816,0.0104,Rest
22:32:52,0.6083,-0.3941,0.6867,0.0105,Rest
22:32:54,0.5274,-0.4252,0.6873,0.0098,Rest
22:32:56,0.5294,-0.4081,0.6497,0.0107,Rest
22:32:58,0.4641,-0.2333,0.7934,0.0111,Rest
22:33:00,0.5112,-0.4098,0.6685,0.0106,Rest
22:33:02,0.562,-0.5052,0.6967,0.0085,Rest
22:33:04,0.4053,-0.4466,0.647,0.0111,Rest
22:33:06,0.5464,-0.4119,0.7088,0.0095,Rest
22:33:08,0.4881,-0.3439,0.7236,0.0073,Rest
22:33:10,0.4701,-0.4259,0.6607,0.0098,Rest
22:33:12,0.4898,-0.4375,0.7062,0.0102,Rest
22:33:14,0.3916,-0.3772,0.7106,0.0112,Rest
22:33:16,0.5121,-0.3618,0.7404,0.0098,Rest
22:33:18,0.5008,-0.3885,0.6866,0.0095,Rest
22:33:20,0.536,-0.3462,0.6993,0.0115,Rest
22:33:22,0.4776,-0.3964,0.7584,0.01,Rest
22:33:24,0.5132,-0.4751,0.6414,0.0104,Rest
22:33:26,0.5855,-0.3455,0.6889,0.0089,Rest
22:33:28,0.5269,-0.4292,0.7032,0.0099,Rest
22:33:30,0.457,-0.3294,0.8013,0.0109,Rest
22:33:32,0.5119,-0.4497,0.6693,0.0128,Rest
22:33:34,0.5109,-0.3275,0.6674,0.0084,Rest
22:33:36,0.4512,-0.427,0.7158,0.0112,Rest
22:33:38,0.488,-0.3904,0.6287,0.0093,Rest
22:33:40,0.5573,-0.4846,0.726,0.009,Rest
22:33:42,0.5498,-0.4402,0.668,0.0089,Rest
22:33:44,0.482,-0.4468,0.6581,0.0102,Rest
22:33:46,0.5208,-0.4485,0.6909,0.0102,Rest
22:33:48,0.5317,-0.2448,0.6863,0.0097,Rest
22:33:50,0.4894,-0.4064,0.7275,0.0115,Rest
22:33:52,0.4599,-0.3303,0.6375,0.0107,Rest
22:33:54,0.4812,-0.4542,0.6849,0.0083,Rest
22:33:56,0.5741,-0.3524,0.7288,0.0097,Rest
22:33:58,0.5693,-0.343,0.7062,0.0092,Rest
22:34:00,0.543,-0.4103,0.776,0.0096,Rest
22:34:02,0.5188,-0.4067,0.6555,0.0099,Rest
22:34:04,0.5317,-0.3634,0.6911,0.0099,Rest
22:34:06,0.4911,-0.4834,0.7003,0.0108,Rest
22:34:08,0.5951,-0.4481,0.6995,0.0104,Rest
22:34:10,0.4896,-0.3514,0.758,0.0091,Rest
22:34:12,0.4571,-0.39,0.7565,0.0095,Rest
22:34:14,0.4844,-0.4563,0.7735,0.0111,Rest
22:34:16,0.5929,-0.3768,0.7788,0.0094,Rest
22:34:18,0.4382,-0.4031,0.6629,0.0086,Rest
22:34:20,0.5087,-0.3816,0.6549,0.0083,Rest
22:34:22,0.4317,-0.4974,0.713,0.0094,Rest
22:34:24,0.4593,-0.2926,0.7695,0.0091,Rest
22:34:26,0.4645,-0.3722,0.691,0.0099,Rest
22:34:28,0.5039,-0.4079,0.674,0.0097,Rest
22:34:30,0.5947,-0.4181,0.7967,0.0093,Rest
22:34:32,0.3815,-0.3389,0.7168,0.0111,Rest
22:34:34,0.4047,-0.3587,0.6887,0.0099,Rest
22:34:36,0.484,-0.4637,0.7111,0.0097,Rest
22:34:38,0.5353,-0.4157,0.6686,0.0093,Rest
22:34:40,0.4809,-0.3481,0.7944,0.0092,Rest
22:34:42,0.4488,-0.4343,0.7893,0.011,Rest
22:34:44,0.5079,-0.4227,0.5892,0.0075,Rest
22:34:46,0.4744,-0.37,0.7613,0.0108,Rest
22:34:48,0.4789,-0.4496,0.7219,0.0099,Rest
22:34:50,0.5663,-0.4096,0.6772,0.0083,Rest
22:34:52,0.5269,-0.2791,0.679,0.0099,Rest
22:34:54,0.3974,-0.4022,0.6717,0.0091,Rest
22:34:56,0.5171,-0.4462,0.7309,0.0092,Rest
22:34:58,0.4899,-0.4241,0.7217,0.0103,Rest
22:35:00,0.5396,-0.3848,0.625,0.01,Rest
22:35:02,0.4623,-0.4068,0.7314,0.01,Rest
22:35:04,0.432,-0.3879,0.6573,0.0113,Rest
22:35:06,0.46,-0.3068,0.7414,0.0109,Rest
22:35:08,0.4547,-0.4295,0.6469,0.0103,Rest
22:35:10,0.5512,-0.3766,0.7835,0.0105,Rest
22:35:12,0.5112,-0.3724,0.7735,0.0095,Rest
22:35:14,0.5327,-0.3831,0.7148,0.0107,Rest
22:35:16,0.5244,-0.3386,0.585,0.0104,Rest
22:35:18,0.5434,-0.4192,0.5486,0.0114,Rest
22:35:20,0.5726,-0.3765,0.7255,0.0097,Rest
22:35:22,0.4699,-0.3577,0.6724,0.0088,Rest
22:35:24,0.5195,-0.3541,0.6316,0.0098,Rest
22:35:26,0.5836,-0.4299,0.7375,0.011,Rest
22:35:28,0.5456,-0.3787,0.7976,0.0102,Rest
22:35:30,0.5531,-0.3949,0.6872,0.0096,Rest
22:35:32,0.4997,-0.4382,0.5627,0.0099,Rest
22:35:34,0.5549,-0.3846,0.7664,0.0096,Rest
22:35:36,0.4121,-0.3851,0.7198,0.0083,Rest
22:35:38,0.4557,-0.4435,0.7399,0.0097,Rest
22:35:40,0.5766,-0.4812,0.702,0.01,Rest
22:35:42,0.4696,-0.4759,0.7387,0.0112,Rest
22:35:44,0.4638,-0.4373,0.6904,0.0107,Rest
22:35:46,0.4495,-0.4032,0.7205,0.01,Rest
22:35:48,0.5031,-0.3944,0.7213,0.0101,Rest
22:35:50,0.3952,-0.4483,0.6865,0.0089,Rest
22:35:52,0.5338,-0.3935,0.7091,0.0105,Rest
22:35:54,0.4996,-0.4244,0.6593,0.0102,Rest
22:35:56,0.4672,-0.4051,0.6675,0.0113,Rest
22:35:58,0.4743,-0.5034,0.7969,0.0101,Rest
22:36:00,0.5469,-0.4422,0.7207,0.0089,Rest
22:36:02,0.4624,-0.4066,0.6487,0.0097,Rest
22:36:04,0.473,-0.4508,0.7176,0.0111,Rest
22:36:06,0.4719,-0.3001,0.7138,0.0114,Rest
22:36:08,0.4899,-0.3796,0.6913,0.0096,Rest
22:36:10,0.5405,-0.4658,0.669,0.0092,Rest
22:36:12,0.521,-0.3944,0.6604,0.0099,Rest
22:36:14,0.5582,-0.3464,0.7605,0.0091,Rest
22:36:16,0.4969,-0.329,0.7679,0.0105,Rest
22:36:18,0.4639,-0.4352,0.6726,0.0095,Rest
22:36:20,0.436,-0.316,0.728,0.0106,Rest
22:36:22,0.4991,-0.3401,0.7304,0.0098,Rest
22:36:24,0.539,-0.4236,0.7275,0.0097,Rest
22:36:26,0.5365,-0.363,0.735,0.0114,Rest
22:36:28,0.5132,-0.4036,0.7307,0.0085,Rest
22:36:30,0.4814,-0.4006,0.6153,0.0108,Rest
22:36:32,0.4638,-0.453,0.7324,0.0093,Rest
22:36:34,0.4529,-0.3841,0.7433,0.0084,Rest
22:36:36,0.6075,-0.3905,0.7093,0.01,Rest
22:36:38,0.4558,-0.3534,0.7443,0.011,Rest
22:36:40,0.6111,-0.4141,0.7035,0.0093,Rest
22:36:42,0.5049,-0.4601,0.726,0.0106,Rest
22:36:44,0.4564,-0.4745,0.7077,0.0126,Rest
22:36:46,0.4846,-0.4305,0.6755,0.011,Rest
22:36:48,0.4767,-0.503,0.6091,0.0104,Rest
22:36:50,0.491,-0.4188,0.7127,0.0086,Rest
22:36:52,0.4871,-0.3608,0.7588,0.0099,Rest
22:36:54,0.5644,-0.3939,0.7406,0.0122,Rest
22:36:56,0.5253,-0.3217,0.596,0.0096,Rest
22:36:58,0.547,-0.3658,0.6661,0.0091,Rest
22:37:00,0.5775,-0.4079,0.6731,0.0112,Rest
22:37:02,0.5307,-0.3963,0.6806,0.0081,Rest
22:37:04,0.4461,-0.4386,0.6316,0.0077,Rest
22:37:06,0.428,-0.4628,0.632,0.0089,Rest
22:37:08,0.5079,-0.3976,0.6167,0.0104,Rest
22:37:10,0.4555,-0.3679,0.6259,0.0102,Rest
22:37:12,0.5016,-0.3886,0.6028,0.0098,Rest
22:37:14,0.5199,-0.4865,0.686,0.0089,Rest
22:37:16,0.5705,-0.2785,0.7446,0.0098,Rest
22:37:18,0.4873,-0.3819,0.7313,0.011,Rest
22:37:20,0.5579,-0.451,0.7202,0.0086,Rest
22:37:22,0.5027,-0.4047,0.6805,0.0085,Rest
22:37:24,0.5354,-0.3499,0.6958,0.011,Rest
22:37:26,0.5828,-0.4044,0.6592,0.0105,Rest
22:37:28,0.554,-0.4127,0.6808,0.0103,Rest
22:37:30,0.4783,-0.4054,0.6448,0.01,Rest
22:37:32,0.4694,-0.4644,0.6929,0.0102,Rest
22:37:34,0.4873,-0.4042,0.666,0.0104,Rest
22:37:36,0.5221,-0.4349,0.6344,0.0116,Rest
22:37:38,0.4877,-0.4276,0.6963,0.01,Rest
22:37:40,0.4377,-0.3829,0.7005,0.0097,Rest
22:37:42,0.548,-0.3206,0.6545,0.0101,Rest
22:37:44,0.495,-0.3787,0.7244,0.0082,Rest
22:37:46,0.4956,-0.4276,0.7172,0.008,Rest
22:37:48,0.5631,-0.4042,0.7848,0.0114,Rest
22:37:50,0.5287,-0.3969,0.6921,0.008,Rest
22:37:52,0.5584,-0.3441,0.6441,0.0102,Rest
22:37:54,0.4816,-0.4631,0.762,0.009,Rest
22:37:56,0.5434,-0.4313,0.675,0.0102,Rest
22:37:58,0.4878,-0.4501,0.6226,0.0097,Rest
22:38:00,0.4741,-0.4113,0.7114,0.0096,Rest
22:38:02,0.4794,-0.4404,0.7053,0.0104,Rest
22:38:04,0.4638,-0.319,0.6317,0.0094,Rest
22:38:06,0.4888,-0.3585,0.6867,0.0092,Rest
22:38:08,0.4454,-0.4187,0.7592,0.0111,Rest
22:38:10,0.5244,-0.5011,0.735,0.0112,Rest
22:38:12,0.5442,-0.3814,0.6766,0.0099,Rest
22:38:14,0.5188,-0.4646,0.6867,0.0089,Rest
22:38:16,0.4951,-0.3863,0.6375,0.0079,Rest
22:38:18,0.4601,-0.3561,0.6496,0.0098,Rest
22:38:20,0.4897,-0.3738,0.7986,0.0115,Rest
22:38:22,0.4749,-0.4095,0.7229,0.009,Rest
22:38:24,0.5985,-0.4247,0.781,0.0101,Rest
22:38:26,0.5481,-0.4659,0.6964,0.0102,Rest
22:38:28,0.5304,-0.4109,0.7186,0.0106,Rest
22:38:30,0.5556,-0.3538,0.6771,0.0097,Rest
22:38:32,0.536,-0.489,0.6748,0.01,Rest
22:38:34,0.5227,-0.3722,0.795,0.0099,Rest
22:38:36,0.5055,-0.4476,0.7069,0.0116,Rest
22:38:38,0.4582,-0.3666,0.6289,0.0114,Rest
22:38:40,0.5102,-0.3875,0.8198,0.0088,Rest
22:38:42,0.4787,-0.3574,0.6557,0.009,Rest
22:38:44,0.4814,-0.4685,0.7527,0.0087,Rest
22:38:46,0.5329,-0.4422,0.6756,0.0115,Rest
22:38:48,0.4903,-0.3392,0.6749,0.0094,Rest
22:38:50,0.5194,-0.4174,0.6749,0.009,Rest
22:38:52,0.4863,-0.3716,0.8614,0.0105,Rest
22:38:54,0.4242,-0.4001,0.7485,0.0112,Rest
22:38:56,0.4406,-0.3872,0.6548,0.0092,Rest
22:38:58,0.4469,-0.3924,0.5712,0.0099,Rest
22:39:00,0.4549,-0.345,0.6795,0.0108,Rest
22:39:02,0.4572,-0.4603,0.7582,0.0081,Rest
22:39:04,0.5924,-0.4796,0.7772,0.0112,Rest
22:39:06,0.5573,-0.3683,0.7248,0.0089,Rest
22:39:08,0.4891,-0.3889,0.6374,0.0106,Rest
22:39:10,0.5144,-0.4108,0.698,0.0107,Rest
22:39:12,0.4722,-0.441,0.7586,0.01,Rest
22:39:14,0.4645,-0.2938,0.6883,0.0094,Rest
22:39:16,0.4282,-0.4447,0.6275,0.0104,Rest
22:39:18,0.5404,-0.4277,0.769,0.0125,Rest
22:39:20,0.5026,-0.3377,0.7448,0.0094,Rest
22:39:22,0.5345,-0.3688,0.7594,0.0086,Rest
22:39:24,0.522,-0.4188,0.669,0.0086,Rest
22:39:26,0.5479,-0.3317,0.6714,0.0089,Rest
22:39:28,0.4216,-0.3872,0.6773,0.0092,Rest
22:39:30,0.5423,-0.4594,0.7101,0.0102,Rest
22:39:32,0.455,-0.4903,0.6557,0.0106,Rest
22:39:34,0.463,-0.3958,0.6374,0.0106,Rest
22:39:36,0.538,-0.4749,0.7026,0.0094,Rest
22:39:38,0.5051,-0.4159,0.7371,0.0115,Rest
22:39:40,0.445,-0.3658,0.6895,0.012,Rest
22:39:42,0.4995,-0.4532,0.6187,0.0111,Rest
22:39:44,0.4794,-0.37,0.6905,0.0088,Rest
22:39:46,0.4616,-0.3934,0.7353,0.0092,Rest
22:39:48,0.6039,-0.4333,0.6237,0.009,Rest
22:39:50,0.4022,-0.2819,0.6924,0.0106,Rest
22:39:52,0.5476,-0.4218,0.708,0.0106,Rest
22:39:54,0.4736,-0.4757,0.6407,0.0097,Rest
22:39:56,0.6092,-0.3778,0.6104,0.0105,Rest
22:39:58,0.5396,-0.378,0.6703,0.0105,Rest
22:40:00,0.5814,-0.3466,0.7319,0.0081,Rest
22:40:02,0.4881,-0.3877,0.7596,0.011,Rest
22:40:04,0.5478,-0.2788,0.7354,0.0108,Rest
22:40:06,0.556,-0.4129,0.7075,0.0109,Rest
22:40:08,0.5568,-0.3099,0.6752,0.0088,Rest
22:40:10,0.4883,-0.3943,0.8482,0.0093,Rest
22:40:12,0.4683,-0.427,0.6953,0.0096,Rest
22:40:14,0.4724,-0.3418,0.7776,0.0082,Rest
22:40:16,0.4354,-0.4137,0.6819,0.0084,Rest
22:40:18,0.5238,-0.3118,0.6735,0.0103,Rest
22:40:20,0.4916,-0.4472,0.6563,0.0107,Rest
22:40:22,0.5289,-0.4144,0.7445,0.0096,Rest
22:40:24,0.4107,-0.2943,0.6905,0.0094,Rest
22:40:26,0.4805,-0.3599,0.7645,0.0091,Rest
22:40:28,0.4994,-0.4723,0.8356,0.0085,Rest
22:40:30,0.5106,-0.3945,0.6383,0.0104,Rest
22:40:32,0.5501,-0.3581,0.73,0.0091,Rest
22:40:34,0.3974,-0.3374,0.7132,0.0092,Rest
22:40:36,0.5949,-0.3973,0.6014,0.0099,Rest
22:40:38,0.443,-0.4873,0.7518,0.0116,Rest
22:40:40,0.4312,-0.2783,0.7635,0.0098,Rest
22:40:42,0.4509,-0.4235,0.6559,0.0109,Rest
22:40:44,0.4799,-0.3312,0.7577,0.0111,Rest
22:40:46,0.4872,-0.4166,0.761,0.0107,Rest
22:40:48,0.4861,-0.4724,0.6724,0.0104,Rest
22:40:50,0.5107,-0.3857,0.6566,0.009,Rest
22:40:52,0.5153,-0.3186,0.7549,0.0102,Rest
22:40:54,0.47,-0.3136,0.7081,0.0101,Rest
22:40:56,0.4158,-0.3792,0.6902,0.0099,Rest
22:40:58,0.5278,-0.4055,0.6087,0.0104,Rest
22:41:00,0.452,-0.3687,0.6023,0.0097,Rest
22:41:02,0.5826,-0.3913,0.6395,0.01,Rest
22:41:04,0.4731,-0.4437,0.7253,0.0101,Rest
22:41:06,0.5523,-0.5034,0.6738,0.0095,Rest
22:41:08,0.4655,-0.3518,0.703,0.0095,Rest
22:41:10,0.4748,-0.4119,0.7252,0.01,Rest
22:41:12,0.443,-0.4424,0.7392,0.0105,Rest
22:41:14,0.5626,-0.4193,0.6946,0.0079,Rest
22:41:16,0.4653,-0.3639,0.7397,0.0109,Rest
22:41:18,0.4858,-0.3832,0.6334,0.0111,Rest
22:41:20,0.5861,-0.3974,0.7288,0.0111,Rest
22:41:22,0.4907,-0.4654,0.6738,0.0097,Rest
22:41:24,0.5628,-0.3674,0.7335,0.01,Rest
22:41:26,0.4997,-0.3363,0.787,0.0102,Rest
22:41:28,0.5333,-0.2695,0.6706,0.0096,Rest
22:41:30,0.5412,-0.4064,0.6654,0.0104,Rest
22:41:32,0.5597,-0.4876,0.7396,0.0097,Rest
22:41:34,0.5683,-0.4423,0.6514,0.0096,Rest
22:41:36,0.4482,-0.4594,0.7778,0.011,Rest
22:41:38,0.4647,-0.4248,0.6846,0.0104,Rest
22:41:40,0.4151,-0.3972,0.6994,0.0107,Rest
22:41:42,0.489,-0.5067,0.7418,0.0097,Rest
22:41:44,0.4746,-0.4464,0.7449,0.012,Rest
22:41:46,0.495,-0.424,0.708,0.0104,Rest
22:41:48,0.4519,-0.4135,0.8446,0.0115,Rest
22:41:50,0.5213,-0.5464,0.6317,0.0088,Rest
22:41:52,0.5346,-0.3253,0.7334,0.0097,Rest
22:41:54,0.4844,-0.4051,0.729,0.0111,Rest
22:41:56,0.5813,-0.3504,0.7209,0.0108,Rest
22:41:58,0.5688,-0.3906,0.6536,0.0088,Rest
22:42:00,0.4466,-0.3246,0.7101,0.0126,Rest
22:42:02,0.5367,-0.3966,0.7723,0.0098,Rest
22:42:04,0.4522,-0.47,0.6375,0.0104,Rest
22:42:06,0.5161,-0.5129,0.6863,0.0102,Rest
22:42:08,0.5436,-0.4575,0.6148,0.0106,Rest
22:42:10,0.4362,-0.3578,0.7188,0.0102,Rest
22:42:12,0.5067,-0.3004,0.7561,0.0084,Rest
22:42:14,0.5842,-0.504,0.7101,0.011,Rest
22:42:16,0.432,-0.4133,0.6542,0.0086,Rest
22:42:18,0.4412,-0.4428,0.6534,0.0093,Rest
22:42:20,0.5381,-0.4242,0.6986,0.0085,Rest
22:42:22,0.4412,-0.4488,0.6485,0.0112,Rest
22:42:24,0.4718,-0.4035,0.7983,0.0094,Rest
22:42:26,0.4928,-0.4462,0.6643,0.0107,Rest
22:42:28,0.6207,-0.362,0.6209,0.0119,Rest
22:42:30,0.4449,-0.3945,0.7777,0.0122,Rest
22:42:32,0.5333,-0.3752,0.6873,0.0078,Rest
22:42:34,0.5566,-0.4703,0.7599,0.0097,Rest
22:42:36,0.5641,-0.3611,0.7679,0.0101,Rest
22:42:38,0.4732,-0.4344,0.761,0.0079,Rest
22:42:40,0.5463,-0.3566,0.6639,0.0106,Rest
22:42:42,0.47,-0.4614,0.6837,0.0086,Rest
22:42:44,0.497,-0.4745,0.7583,0.0107,Rest
22:42:46,0.4964,-0.4328,0.6562,0.0102,Rest
22:42:48,0.5218,-0.3545,0.672,0.0103,Rest
22:42:50,0.4607,-0.3247,0.697,0.0112,Rest
22:42:52,0.5156,-0.4242,0.6703,0.0077,Rest
22:42:54,0.5199,-0.4553,0.749,0.0094,Rest
22:42:56,0.4766,-0.4335,0.7379,0.0121,Rest
22:42:58,0.4768,-0.4255,0.6421,0.0097,Rest
22:43:00,0.5207,-0.3779,0.6769,0.0094,Rest
22:43:02,0.389,-0.5028,0.7396,0.0101,Rest
22:43:04,0.5529,-0.3778,0.7516,0.0094,Rest
22:43:06,0.5062,-0.4206,0.7874,0.0083,Rest
22:43:08,0.5329,-0.4736,0.6941,0.0076,Rest
22:43:10,0.562,-0.439,0.712,0.0116,Rest
22:43:12,0.5692,-0.3946,0.8005,0.0096,Rest
22:43:14,0.4691,-0.3278,0.6572,0.0102,Rest
22:43:16,0.5807,-0.4617,0.6607,0.0099,Rest
22:43:18,0.4625,-0.383,0.7823,0.01,Rest
22:43:20,0.48,-0.4304,0.6593,0.0106,Rest
22:43:22,0.4228,-0.4016,0.6795,0.0113,Rest
22:43:24,0.5114,-0.2886,0.6557,0.0098,Rest
22:43:26,0.3467,-0.3191,0.7717,0.0103,Rest
22:43:28,0.5243,-0.3972,0.6911,0.0116,Rest
22:43:30,0.5603,-0.4442,0.7292,0.0117,Rest
22:43:32,0.5818,-0.4321,0.6571,0.0119,Rest
22:43:34,0.4661,-0.4243,0.7015,0.0114,Rest
22:43:36,0.4232,-0.4256,0.6817,0.0121,Rest
22:43:38,0.4902,-0.338,0.7393,0.0094,Rest
22:43:40,0.4548,-0.3441,0.7438,0.0078,Rest
22:43:42,0.5041,-0.3316,0.6914,0.008,Rest
22:43:44,0.6049,-0.3936,0.6633,0.0106,Rest
22:43:46,0.445,-0.3775,0.6603,0.0094,Rest
22:43:48,0.4981,-0.4354,0.6314,0.0104,Rest
22:43:50,0.4159,-0.43,0.7445,0.0112,Rest
22:43:52,0.4607,-0.4906,0.6965,0.0089,Rest
22:43:54,0.538,-0.4013,0.6984,0.011,Rest
22:43:56,0.5099,-0.3853,0.711,0.0093,Rest
22:43:58,0.6189,-0.316,0.7435,0.0109,Rest
22:44:00,0.5663,-0.4147,0.6795,0.0105,Rest
22:44:02,0.6344,-0.472,0.7248,0.0114,Rest
22:44:04,0.4747,-0.2979,0.6779,0.0088,Rest
22:44:06,0.4558,-0.4294,0.6738,0.0106,Rest
22:44:08,0.6527,-0.3018,0.7233,0.0096,Rest
22:44:10,0.5019,-0.3581,0.6935,0.0091,Rest
22:44:12,0.4426,-0.3277,0.7095,0.0105,Rest
22:44:14,0.5172,-0.3459,0.6895,0.0095,Rest
22:44:16,0.4932,-0.458,0.7016,0.0107,Rest
22:44:18,0.4198,-0.4365,0.7102,0.0077,Rest
22:44:20,0.4353,-0.3749,0.6752,0.01,Rest
22:44:22,0.464,-0.365,0.6755,0.0096,Rest
22:44:24,0.4995,-0.4182,0.684,0.0083,Rest
22:44:26,0.4644,-0.3762,0.7022,0.01,Rest
22:44:28,0.4661,-0.3165,0.6514,0.0089,Rest
22:44:30,0.4554,-0.3805,0.7032,0.0098,Rest
22:44:32,0.4807,-0.4268,0.6534,0.0094,Rest
22:44:34,0.4738,-0.3747,0.6632,0.0094,Rest
22:44:36,0.5309,-0.4729,0.8125,0.0107,Rest
22:44:38,0.4241,-0.3837,0.6925,0.0088,Rest
22:44:40,0.4028,-0.4141,0.5844,0.0093,Rest
22:44:42,0.4892,-0.4111,0.6963,0.01,Rest
22:44:44,0.5072,-0.3981,0.6833,0.0112,Rest
22:44:46,0.5228,-0.4244,0.704,0.0099,Rest
22:44:48,0.4888,-0.3702,0.7502,0.0087,Rest
22:44:50,0.6004,-0.3921,0.663,0.01,Rest
22:44:52,0.4513,-0.3206,0.6964,0.0119,Rest
22:44:54,0.4434,-0.4064,0.6934,0.0112,Rest
22:44:56,0.5058,-0.423,0.5697,0.0081,Rest
22:44:58,0.4847,-0.3671,0.7843,0.0099,Rest
22:45:00,0.4967,-0.448,0.6537,0.0102,Rest
22:45:02,0.56,-0.4006,0.6578,0.0094,Rest
22:45:04,0.5755,-0.361,0.7719,0.0091,Rest
22:45:06,0.5845,-0.3883,0.6589,0.0094,Rest
22:45:08,0.4283,-0.4443,0.6334,0.0108,Rest
22:45:10,0.525,-0.4143,0.7359,0.01,Rest
22:45:12,0.3818,-0.4974,0.7443,0.0115,Rest
22:45:14,0.4826,-0.3756,0.7178,0.0092,Rest
22:45:16,0.5047,-0.4587,0.765,0.009,Rest
22:45:18,0.4869,-0.398,0.6016,0.0099,Rest
22:45:20,0.4895,-0.3149,0.694,0.01,Rest
22:45:22,0.5313,-0.4468,0.7262,0.0099,Rest
22:45:24,0.425,-0.4863,0.6696,0.0103,Rest
22:45:26,0.4965,-0.4031,0.7478,0.01,Rest
22:45:28,0.5391,-0.3734,0.6597,0.0111,Rest
22:45:30,0.4806,-0.3881,0.7036,0.0114,Rest
22:45:32,0.4416,-0.3403,0.7026,0.0105,Rest
22:45:34,0.447,-0.3818,0.6917,0.0101,Rest
22:45:36,0.5447,-0.4005,0.7869,0.0114,Rest
22:45:38,0.5559,-0.4362,0.7286,0.0111,Rest
22:45:40,0.5181,-0.3663,0.6749,0.0103,Rest
22:45:42,0.4242,-0.4203,0.6987,0.0115,Rest
22:45:44,0.4277,-0.4328,0.746,0.0103,Rest
22:45:46,0.4512,-0.4325,0.7123,0.0104,Rest
22:45:48,0.4457,-0.2982,0.645,0.0097,Rest
22:45:50,0.5018,-0.4537,0.711,0.0091,Rest
22:45:52,0.5026,-0.428,0.7628,0.0119,Rest
22:45:54,0.5073,-0.4299,0.7046,0.0116,Rest
22:45:56,0.5317,-0.4242,0.7166,0.0105,Rest
22:45:58,0.5386,-0.3558,0.7644,0.0117,Rest
22:46:00,0.5177,-0.3656,0.7102,0.0086,Rest
22:46:02,0.568,-0.4202,0.7395,0.0086,Rest
22:46:04,0.4476,-0.353,0.7832,0.0088,Rest
22:46:06,0.5291,-0.3554,0.7965,0.0086,Rest
22:46:08,0.4933,-0.3613,0.6767,0.0108,Rest
22:46:10,0.4867,-0.3714,0.6682,0.0096,Rest
22:46:12,0.5583,-0.3686,0.6955,0.0087,Rest
22:46:14,0.576,-0.3734,0.6203,0.0104,Rest
22:46:16,0.5979,-0.3567,0.7312,0.0097,Rest
22:46:18,0.51,-0.3999,0.687,0.0097,Rest
22:46:20,0.5404,-0.4193,0.6636,0.0104,Rest
22:46:22,0.516,-0.4799,0.6437,0.0108,Rest
22:46:24,0.4714,-0.3886,0.7148,0.0093,Rest
22:46:26,0.4835,-0.4223,0.7162,0.0105,Rest
22:46:28,0.5533,-0.4082,0.6455,0.0105,Rest
22:46:30,0.45,-0.4414,0.6758,0.011,Rest
22:46:32,0.489,-0.4817,0.6166,0.01,Rest
22:46:34,0.5758,-0.4268,0.6483,0.0095,Rest
22:46:36,0.5406,-0.4436,0.8103,0.0108,Rest
22:46:38,0.377,-0.4258,0.7569,0.0116,Rest
22:46:40,0.4305,-0.403,0.6431,0.0102,Rest
22:46:42,0.5342,-0.3471,0.6437,0.0084,Rest
22:46:44,0.5117,-0.396,0.7248,0.0085,Rest
22:46:46,0.485,-0.436,0.7241,0.0119,Rest
22:46:48,0.4012,-0.4128,0.7068,0.011,Rest
22:46:50,0.4919,-0.3484,0.714,0.0121,Rest
22:46:52,0.4586,-0.3906,0.7612,0.0107,Rest
22:46:54,0.4443,-0.3197,0.6415,0.0102,Rest
22:46:56,0.4919,-0.3366,0.6506,0.0093,Rest
22:46:58,0.5145,-0.398,0.6457,0.01,Rest
22:47:00,0.5406,-0.2886,0.7479,0.0106,Rest
22:47:02,0.5866,-0.4748,0.6918,0.0115,Rest
22:47:04,0.4339,-0.3859,0.7391,0.0094,Rest
22:47:06,0.4813,-0.38,0.7355,0.0093,Rest
22:47:08,0.4855,-0.3506,0.6935,0.0093,Rest
22:47:10,0.4943,-0.3392,0.7167,0.0108,Rest
22:47:12,0.5064,-0.4234,0.7524,0.0116,Rest
22:47:14,0.5144,-0.4107,0.7141,0.0108,Rest
22:47:16,0.5033,-0.3868,0.7161,0.0113,Rest
22:47:18,0.4558,-0.4212,0.7609,0.0093,Rest
22:47:20,0.4824,-0.4717,0.7681,0.01,Rest
22:47:22,0.5884,-0.4672,0.6994,0.0086,Rest
22:47:24,0.5449,-0.3714,0.634,0.0087,Rest
22:47:26,0.5208,-0.4472,0.7495,0.01,Rest
22:47:28,0.4917,-0.3882,0.7013,0.0111,Rest
22:47:30,0.4907,-0.4342,0.7581,0.0081,Rest
22:47:32,0.5103,-0.4352,0.8036,0.0096,Rest
22:47:34,0.5615,-0.4193,0.6901,0.0103,Rest
22:47:36,0.4407,-0.3548,0.6438,0.0107,Rest
22:47:38,0.5349,-0.4468,0.6928,0.0093,Rest
22:47:40,0.4793,-0.3932,0.6392,0.0093,Rest
22:47:42,0.5511,-0.3204,0.643,0.0074,Rest
22:47:44,0.4625,-0.3571,0.6844,0.0088,Rest
22:47:46,0.4994,-0.3441,0.6937,0.0098,Rest
22:47:48,0.5486,-0.4467,0.7172,0.0083,Rest
22:47:50,0.4866,-0.3058,0.6721,0.0113,Rest
22:47:52,0.5315,-0.3389,0.6976,0.0101,Rest
22:47:54,0.5458,-0.3365,0.6893,0.0099,Rest
22:47:56,0.5385,-0.376,0.6618,0.0115,Rest
22:47:58,0.45,-0.3739,0.6393,0.0082,Rest
22:48:00,0.5632,-0.2776,0.747,0.0098,Rest
22:48:02,0.4464,-0.4565,0.7265,0.0093,Rest
22:48:04,0.4837,-0.4375,0.6969,0.0098,Rest
22:48:06,0.4625,-0.3434,0.7416,0.0097,Rest
22:48:08,0.4848,-0.3167,0.697,0.0104,Rest
22:48:10,0.4631,-0.3709,0.6819,0.0078,Rest
22:48:12,0.4677,-0.4206,0.7406,0.0101,Rest
22:48:14,0.5291,-0.4722,0.6949,0.0107,Rest
22:48:16,0.5198,-0.3661,0.8248,0.0102,Rest
22:48:18,0.4692,-0.304,0.6914,0.0105,Rest
22:48:20,0.4481,-0.4012,0.7083,0.0096,Rest
22:48:22,0.5163,-0.4193,0.6873,0.0093,Rest
22:48:24,0.4644,-0.388,0.7106,0.0102,Rest
22:48:26,0.5362,-0.4303,0.6734,0.0104,Rest
22:48:28,0.519,-0.3854,0.7086,0.0085,Rest
22:48:30,0.4994,-0.3818,0.7111,0.0103,Rest
22:48:32,0.5354,-0.4397,0.741,0.0106,Rest
22:48:34,0.4555,-0.3658,0.7865,0.0096,Rest
22:48:36,0.4955,-0.3975,0.6486,0.0091,Rest
22:48:38,0.5146,-0.402,0.7681,0.0078,Rest
22:48:40,0.4665,-0.3801,0.6117,0.0103,Rest
22:48:42,0.3737,-0.4042,0.7958,0.0106,Rest
22:48:44,0.5436,-0.387,0.7156,0.0092,Rest
22:48:46,0.5102,-0.3409,0.7744,0.009,Rest
22:48:48,0.4414,-0.4923,0.7019,0.0103,Rest
22:48:50,0.5148,-0.4001,0.5834,0.0109,Rest
22:48:52,0.4537,-0.4235,0.6413,0.01,Rest
22:48:54,0.491,-0.4262,0.6471,0.0105,Rest
22:48:56,0.5403,-0.5338,0.7205,0.0087,Rest
22:48:58,0.447,-0.3979,0.7609,0.0118,Rest
22:49:00,0.5693,-0.3328,0.7352,0.0112,Rest
22:49:02,0.5835,-0.4227,0.6762,0.008,Rest
22:49:04,0.5455,-0.3993,0.6568,0.0101,Rest
22:49:06,0.4822,-0.3863,0.7473,0.0107,Rest
22:49:08,0.5582,-0.3341,0.6976,0.0095,Rest
22:49:10,0.6087,-0.4333,0.7439,0.0096,Rest
22:49:12,0.5192,-0.383,0.687,0.0103,Rest
22:49:14,0.4653,-0.3997,0.7019,0.0114,Rest
22:49:16,0.4602,-0.4333,0.7829,0.0119,Rest
22:49:18,0.5631,-0.4041,0.6927,0.0104,Rest
22:49:20,0.458,-0.4816,0.7691,0.0094,Rest
22:49:22,0.5223,-0.412,0.7338,0.0121,Rest
22:49:24,0.4929,-0.4373,0.6865,0.0102,Rest
22:49:26,0.4863,-0.39,0.6297,0.0111,Rest
22:49:28,0.5027,-0.4717,0.7312,0.0095,Rest
22:49:30,0.4396,-0.397,0.7317,0.0096,Rest
22:49:32,0.5166,-0.4157,0.6318,0.0093,Rest
22:49:34,0.4742,-0.3705,0.7088,0.0099,Rest
22:49:36,0.489,-0.382,0.6682,0.0084,Rest
22:49:38,0.5143,-0.3515,0.6837,0.0103,Rest
22:49:40,0.4199,-0.405,0.6341,0.0096,Rest
22:49:42,0.4991,-0.39,0.672,0.0089,Rest
22:49:44,0.4359,-0.4299,0.6729,0.0101,Rest
22:49:46,0.4836,-0.3945,0.7971,0.0109,Rest
22:49:48,0.559,-0.5026,0.667,0.0104,Rest
22:49:50,0.4168,-0.4272,0.6837,0.0093,Rest
22:49:52,0.4837,-0.401,0.6573,0.0109,Rest
22:49:54,0.4455,-0.3228,0.7287,0.01,Rest
22:49:56,0.3656,-0.4046,0.6461,0.0093,Rest
22:49:58,0.5099,-0.3161,0.7604,0.009,Rest
22:50:00,0.5747,-0.2698,0.6279,0.01,Rest
22:50:02,0.4876,-0.3751,0.7247,0.011,Rest
22:50:04,0.4423,-0.3497,0.6474,0.0116,Rest
22:50:06,0.5395,-0.4127,0.7755,0.0114,Rest
22:50:08,0.5964,-0.3963,0.7501,0.0089,Rest
22:50:10,0.464,-0.3699,0.6476,0.0117,Rest
22:50:12,0.5114,-0.3901,0.6909,0.0099,Rest
22:50:14,0.4264,-0.3233,0.668,0.009,Rest
22:50:16,0.4282,-0.5127,0.6929,0.0107,Rest
22:50:18,0.5218,-0.4256,0.7007,0.0098,Rest
22:50:20,0.5569,-0.3892,0.7451,0.0099,Rest
22:50:22,0.4788,-0.3544,0.6594,0.0093,Rest
22:50:24,0.4381,-0.4517,0.6936,0.0107,Rest
22:50:26,0.3876,-0.4249,0.7119,0.0108,Rest
22:50:28,0.5383,-0.3652,0.6156,0.0089,Rest
22:50:30,0.4887,-0.4243,0.6798,0.0099,Rest
22:50:32,0.4804,-0.3595,0.6455,0.0104,Rest
22:50:34,0.5668,-0.3792,0.6409,0.0098,Rest
22:50:36,0.462,-0.3622,0.7266,0.0106,Rest
22:50:38,0.5189,-0.4249,0.7665,0.0102,Rest
22:50:40,0.479,-0.3263,0.7472,0.0087,Rest
22:50:42,0.5354,-0.403,0.6534,0.0086,Rest
22:50:44,0.3759,-0.3562,0.603,0.0074,Rest
22:50:46,0.5225,-0.3585,0.6541,0.0089,Rest
22:50:48,0.5716,-0.4716,0.7842,0.0106,Rest
22:50:50,0.561,-0.3884,0.6633,0.0109,Rest
22:50:52,0.5014,-0.4003,0.6749,0.0098,Rest
22:50:54,0.5666,-0.4446,0.7733,0.0097,Rest
22:50:56,0.4385,-0.4237,0.7032,0.0112,Rest
22:50:58,0.4893,-0.5282,0.679,0.0118,Rest
22:51:00,0.5663,-0.3826,0.7557,0.005,Rest
22:51:02,0.474,-0.491,0.7039,0.0025,Rest
22:51:04,0.5136,-0.4016,0.6711,0.0047,Rest
22:51:06,0.4485,-0.4263,0.709,0.0057,Rest
22:51:08,0.5083,-0.3971,0.6872,0.0048,Rest
22:51:10,0.5374,-0.3313,0.6682,0.0041,Rest
22:51:12,0.517,-0.3306,0.7476,0.0051,Rest
22:51:14,0.499,-0.3311,0.7249,0.0066,Rest
22:51:16,0.5501,-0.4336,0.6495,0.0055,Rest
22:51:18,0.5896,-0.4101,0.7037,0.0048,Rest
22:51:20,0.5215,-0.3254,0.5852,0.0051,Rest
22:51:22,0.4377,-0.3526,0.6461,0.0047,Rest
22:51:24,0.592,-0.4696,0.6948,0.0062,Rest
22:51:26,0.4333,-0.3831,0.7244,0.0047,Rest
22:51:28,0.4507,-0.3545,0.6141,0.0036,Rest
22:51:30,0.5081,-0.4509,0.7288,0.0042,Rest
22:51:32,0.4777,-0.4101,0.666,0.0046,Rest
22:51:34,0.5181,-0.4671,0.7358,0.0041,Rest
22:51:36,0.3931,-0.4494,0.7183,0.0055,Rest
22:51:38,0.4754,-0.3858,0.7132,0.0065,Rest
22:51:40,0.5526,-0.3498,0.7335,0.0055,Rest
22:51:42,0.5028,-0.4765,0.6652,0.0049,Rest
22:51:44,0.5636,-0.4886,0.7151,0.0058,Rest
22:51:46,0.4813,-0.4042,0.6645,0.0053,Rest
22:51:48,0.4108,-0.3828,0.6914,0.0059,Rest
22:51:50,0.5272,-0.3095,0.6284,0.0055,Rest
22:51:52,0.4833,-0.395,0.7921,0.0043,Rest
22:51:54,0.5499,-0.4162,0.6704,0.0047,Rest
22:51:56,0.4565,-0.3167,0.713,0.0067,Rest
22:51:58,0.5079,-0.4262,0.712,0.0051,Rest
22:52:00,0.5419,-0.4811,0.7285,0.0048,Rest
22:52:02,0.5179,-0.4544,0.7036,0.0042,Rest
22:52:04,0.5664,-0.4849,0.6925,0.0055,Rest
22:52:06,0.4849,-0.3039,0.7106,0.0034,Rest
22:52:08,0.5163,-0.428,0.5908,0.0053,Rest
22:52:10,0.5081,-0.4683,0.7731,0.0047,Rest
22:52:12,0.4292,-0.4289,0.7306,0.0032,Rest
22:52:14,0.5899,-0.4525,0.7403,0.0043,Rest
22:52:16,0.4976,-0.4773,0.6593,0.0044,Rest
22:52:18,0.4586,-0.3332,0.7747,0.0029,Rest
22:52:20,0.4511,-0.3529,0.6048,0.0053,Rest
22:52:22,0.5021,-0.4845,0.7819,0.006,Rest
22:52:24,0.4614,-0.4071,0.7258,0.0047,Rest
22:52:26,0.5046,-0.4272,0.6571,0.0041,Rest
22:52:28,0.4833,-0.4226,0.706,0.0045,Rest
22:52:30,0.5649,-0.4454,0.6338,0.0038,Rest
22:52:32,0.4777,-0.3348,0.7492,0.0054,Rest
22:52:34,0.5087,-0.2558,0.6818,0.0048,Rest
22:52:36,0.4146,-0.4166,0.7595,0.0049,Rest
22:52:38,0.5157,-0.4553,0.7334,0.0057,Rest
22:52:40,0.4769,-0.4029,0.6102,0.0042,Rest
22:52:42,0.5268,-0.3953,0.6249,0.0058,Rest
22:52:44,0.4333,-0.352,0.7119,0.0059,Rest
22:52:46,0.4738,-0.409,0.6725,0.0048,Rest
22:52:48,0.486,-0.401,0.7445,0.0056,Rest
22:52:50,0.4453,-0.3845,0.7697,0.0039,Rest
22:52:52,0.4626,-0.4939,0.6241,0.0054,Rest
22:52:54,0.5512,-0.4728,0.6443,0.0044,Rest
22:52:56,0.5279,-0.3291,0.6494,0.0052,Rest
22:52:58,0.5762,-0.3763,0.7162,0.0056,Rest
22:53:00,0.5198,-0.3745,0.6335,0.0066,Rest
22:53:02,0.5642,-0.4873,0.6312,0.0057,Rest
22:53:04,0.4947,-0.4173,0.6735,0.0064,Rest
22:53:06,0.4376,-0.4244,0.7063,0.0046,Rest
22:53:08,0.5014,-0.3959,0.8381,0.0032,Rest
22:53:10,0.4716,-0.366,0.7134,0.0058,Rest
22:53:12,0.4878,-0.3729,0.7138,0.0048,Rest
22:53:14,0.4632,-0.4336,0.6931,0.0048,Rest
22:53:16,0.4961,-0.4209,0.7734,0.0039,Rest
22:53:18,0.5223,-0.3656,0.6754,0.0061,Rest
22:53:20,0.5005,-0.454,0.8329,0.0046,Rest
22:53:22,0.4861,-0.4419,0.7041,0.0033,Rest
22:53:24,0.5376,-0.3141,0.7793,0.0048,Rest
22:53:26,0.5596,-0.3354,0.607,0.005,Rest
22:53:28,0.483,-0.5204,0.6736,0.0056,Rest
22:53:30,0.4486,-0.38,0.6979,0.0061,Rest
22:53:32,0.4885,-0.4098,0.7117,0.0051,Rest
22:53:34,0.5882,-0.3625,0.8024,0.0048,Rest
22:53:36,0.4526,-0.4567,0.7518,0.006,Rest
22:53:38,0.5411,-0.4563,0.7274,0.0046,Rest
22:53:40,0.521,-0.4234,0.6736,0.006,Rest
22:53:42,0.5064,-0.4023,0.6887,0.0037,Rest
22:53:44,0.4137,-0.3853,0.7552,0.0065,Rest
22:53:46,0.5291,-0.4617,0.7079,0.005,Rest
22:53:48,0.4539,-0.3388,0.6861,0.0028,Rest
22:53:50,0.4391,-0.3613,0.7372,0.0048,Rest
22:53:52,0.4825,-0.37,0.7121,0.0036,Rest
22:53:54,0.5217,-0.4755,0.7388,0.0056,Rest
22:53:56,0.4959,-0.3979,0.7137,0.005,Rest
22:53:58,0.5696,-0.4508,0.7256,0.0054,Rest
22:54:00,0.5408,-0.3312,0.6676,0.0062,Rest
22:54:02,0.4336,-0.3994,0.6877,0.0045,Rest
22:54:04,0.4431,-0.3372,0.7416,0.0042,Rest
22:54:06,0.5186,-0.4012,0.6977,0.0057,Rest
22:54:08,0.5034,-0.4332,0.6753,0.0041,Rest
22:54:10,0.4728,-0.4545,0.6832,0.0058,Rest
22:54:12,0.4811,-0.4162,0.7549,0.0045,Rest
22:54:14,0.5591,-0.4091,0.7528,0.0052,Rest
22:54:16,0.5809,-0.3324,0.714,0.0052,Rest
22:54:18,0.487,-0.3702,0.6833,0.0061,Rest
22:54:20,0.5118,-0.3816,0.7325,0.004,Rest
22:54:22,0.4556,-0.453,0.6817,0.0058,Rest
22:54:24,0.4908,-0.3716,0.6881,0.0061,Rest
22:54:26,0.5166,-0.3952,0.6568,0.0058,Rest
22:54:28,0.5675,-0.4856,0.6304,0.0046,Rest
22:54:30,0.5272,-0.3682,0.7136,0.0059,Rest
22:54:32,0.5891,-0.4011,0.711,0.0057,Rest
22:54:34,0.5053,-0.3501,0.6614,0.0057,Rest
22:54:36,0.4416,-0.3965,0.6988,0.0047,Rest
22:54:38,0.5231,-0.3545,0.6246,0.0045,Rest
22:54:40,0.5314,-0.344,0.773,0.0053,Rest
22:54:42,0.5025,-0.335,0.7609,0.0063,Rest
22:54:44,0.4078,-0.4801,0.7148,0.0045,Rest
22:54:46,0.5305,-0.3415,0.6034,0.0051,Rest
22:54:48,0.478,-0.3952,0.7107,0.006,Rest
22:54:50,0.3916,-0.4083,0.6117,0.0052,Rest
22:54:52,0.5052,-0.4418,0.7187,0.0058,Rest
22:54:54,0.5025,-0.4024,0.7431,0.0054,Rest
22:54:56,0.4269,-0.3944,0.7497,0.0054,Rest
22:54:58,0.4987,-0.416,0.7517,0.0043,Rest
22:55:00,0.4666,-0.3793,0.7607,0.0045,Rest
22:55:02,0.5482,-0.4482,0.7547,0.0045,Rest
22:55:04,0.4629,-0.3529,0.7033,0.0041,Rest
22:55:06,0.4405,-0.4983,0.7657,0.0057,Rest
22:55:08,0.5024,-0.4662,0.672,0.0073,Rest
22:55:10,0.6067,-0.3615,0.6669,0.0064,Rest
22:55:12,0.5036,-0.4084,0.7263,0.0055,Rest
22:55:14,0.4647,-0.4545,0.6372,0.0058,Rest
22:55:16,0.5481,-0.3455,0.6712,0.0058,Rest
22:55:18,0.5097,-0.4399,0.7497,0.0028,Rest
22:55:20,0.4883,-0.4159,0.6653,0.0044,Rest
22:55:22,0.5175,-0.3028,0.7022,0.0035,Rest
22:55:24,0.4141,-0.4169,0.7362,0.005,Rest
22:55:26,0.4218,-0.3498,0.6767,0.0066,Rest
22:55:28,0.5491,-0.4238,0.5996,0.0054,Rest
22:55:30,0.5201,-0.4217,0.6783,0.0037,Rest
22:55:32,0.5299,-0.4015,0.6808,0.0019,Rest
22:55:34,0.4427,-0.4291,0.6651,0.0035,Rest
22:55:36,0.5345,-0.4014,0.6557,0.0059,Rest
22:55:38,0.3756,-0.282,0.6244,0.0076,Rest
22:55:40,0.5251,-0.3066,0.7174,0.0029,Rest
22:55:42,0.5045,-0.4102,0.6857,0.0063,Rest
22:55:44,0.385,-0.4217,0.7751,0.0049,Rest
22:55:46,0.4235,-0.3684,0.7021,0.0047,Rest
22:55:48,0.5284,-0.4302,0.7257,0.0052,Rest
22:55:50,0.4776,-0.4548,0.7326,0.0045,Rest
22:55:52,0.4562,-0.3908,0.7038,0.0037,Rest
22:55:54,0.4381,-0.361,0.6975,0.005,Rest
22:55:56,0.5086,-0.3142,0.7506,0.0052,Rest
22:55:58,0.3599,-0.3766,0.6904,0.0066,Rest
22:56:00,0.5735,-0.4077,0.6708,0.0041,Rest
22:56:02,0.4901,-0.452,0.6706,0.0048,Rest
22:56:04,0.5188,-0.3608,0.6282,0.0046,Rest
22:56:06,0.4753,-0.4069,0.7032,0.0049,Rest
22:56:08,0.4946,-0.3877,0.6648,0.0045,Rest
22:56:10,0.3549,-0.4237,0.5631,0.0076,Rest
22:56:12,0.5127,-0.3627,0.5175,0.005,Rest
22:56:14,0.4678,-0.466,0.6923,0.006,Rest
22:56:16,0.5299,-0.4558,0.7277,0.0057,Rest
22:56:18,0.5081,-0.3596,0.7915,0.005,Rest
22:56:20,0.5093,-0.4835,0.6932,0.004,Rest
22:56:22,0.49,-0.2893,0.7056,0.0047,Rest
22:56:24,0.5301,-0.4944,0.7716,0.0046,Rest
22:56:26,0.5808,-0.3911,0.687,0.0044,Rest
22:56:28,0.4902,-0.3809,0.7461,0.0035,Rest
22:56:30,0.4649,-0.3653,0.6778,0.0044,Rest
22:56:32,0.5351,-0.4071,0.6838,0.005,Rest
22:56:34,0.4161,-0.367,0.5808,0.0064,Rest
22:56:36,0.5495,-0.4591,0.7797,0.0043,Rest
22:56:38,0.5505,-0.3561,0.6146,0.007,Rest
22:56:40,0.5261,-0.3968,0.7043,0.0064,Rest
22:56:42,0.5858,-0.352,0.7081,0.0049,Rest
22:56:44,0.5027,-0.5262,0.7024,0.0058,Rest
22:56:46,0.4335,-0.5049,0.6976,0.0047,Rest
22:56:48,0.4846,-0.4473,0.6933,0.0037,Rest
22:56:50,0.5237,-0.4089,0.7538,0.0051,Rest
22:56:52,0.4676,-0.4705,0.6356,0.0037,Rest
22:56:54,0.4504,-0.3934,0.7309,0.0061,Rest
22:56:56,0.4617,-0.4277,0.717,0.0052,Rest
22:56:58,0.3988,-0.3121,0.7832,0.0031,Rest
22:57:00,0.5746,-0.3304,0.7784,0.0051,Rest
22:57:02,0.4834,-0.4005,0.6988,0.0047,Rest
22:57:04,0.5446,-0.4628,0.7466,0.0058,Rest
22:57:06,0.4425,-0.3113,0.7258,0.0039,Rest
22:57:08,0.4918,-0.3306,0.6114,0.005,Rest
22:57:10,0.4735,-0.4993,0.6988,0.0061,Rest
22:57:12,0.5452,-0.3423,0.7456,0.0067,Rest
22:57:14,0.5133,-0.4353,0.6402,0.0043,Rest
22:57:16,0.4802,-0.4563,0.6891,0.0042,Rest
22:57:18,0.5554,-0.3519,0.6263,0.0054,Rest
22:57:20,0.4865,-0.4065,0.7565,0.0046,Rest
22:57:22,0.4772,-0.3531,0.7239,0.0074,Rest
22:57:24,0.4726,-0.3796,0.6448,0.0036,Rest
22:57:26,0.464,-0.4234,0.6831,0.0055,Rest
22:57:28,0.5712,-0.2856,0.7154,0.0054,Rest
22:57:30,0.5158,-0.4022,0.6918,0.0037,Rest
22:57:32,0.4914,-0.3357,0.6937,0.0041,Rest
22:57:34,0.4528,-0.4052,0.6321,0.0034,Rest
22:57:36,0.4659,-0.4508,0.6638,0.0033,Rest
22:57:38,0.5288,-0.353,0.6894,0.0068,Rest
22:57:40,0.5572,-0.337,0.7811,0.0031,Rest
22:57:42,0.5243,-0.3227,0.6511,0.0047,Rest
22:57:44,0.3952,-0.4778,0.6911,0.0053,Rest
22:57:46,0.5548,-0.3358,0.8128,0.0045,Rest
22:57:48,0.4337,-0.4003,0.6547,0.0062,Rest
22:57:50,0.6211,-0.4638,0.6884,0.0013,Rest
22:57:52,0.4855,-0.5124,0.6816,0.0041,Rest
22:57:54,0.4783,-0.4187,0.7462,0.0057,Rest
22:57:56,0.5209,-0.4516,0.7031,0.0049,Rest
22:57:58,0.4872,-0.3725,0.699,0.0036,Rest
22:58:00,0.5797,-0.3309,0.7927,0.0038,Rest
22:58:02,0.5793,-0.3744,0.6852,0.007,Rest
22:58:04,0.4211,-0.4214,0.6945,0.0064,Rest
22:58:06,0.4624,-0.4214,0.6101,0.0054,Rest
22:58:08,0.448,-0.4508,0.6732,0.0062,Rest
22:58:10,0.4333,-0.4525,0.7184,0.0052,Rest
22:58:12,0.5004,-0.4269,0.7423,0.0064,Rest
22:58:14,0.499,-0.4315,0.7985,0.0046,Rest
22:58:16,0.5596,-0.3107,0.7651,0.0039,Rest
22:58:18,0.5443,-0.417,0.7312,0.0053,Rest
22:58:20,0.4786,-0.4361,0.829,0.0058,Rest
22:58:22,0.5595,-0.3954,0.5997,0.0038,Rest
22:58:24,0.4016,-0.4615,0.6797,0.0055,Rest
22:58:26,0.5938,-0.3892,0.6284,0.0052,Rest
22:58:28,0.4858,-0.3203,0.7341,0.0051,Rest
22:58:30,0.4706,-0.4217,0.8124,0.0051,Rest
22:58:32,0.5445,-0.4125,0.718,0.0033,Rest
22:58:34,0.4925,-0.3666,0.7482,0.0045,Rest
22:58:36,0.407,-0.5012,0.7105,0.0044,Rest
22:58:38,0.5064,-0.4378,0.7108,0.0057,Rest
22:58:40,0.3936,-0.4734,0.7263,0.0036,Rest
22:58:42,0.5222,-0.3445,0.6779,0.0037,Rest
22:58:44,0.4698,-0.439,0.7935,0.0039,Rest
22:58:46,0.5344,-0.3971,0.6751,0.0029,Rest
22:58:48,0.4656,-0.3771,0.6402,0.0073,Rest
22:58:50,0.5305,-0.3484,0.7754,0.0051,Rest
22:58:52,0.4389,-0.367,0.6658,0.0042,Rest
22:58:54,0.4676,-0.4437,0.6881,0.0064,Rest
22:58:56,0.5155,-0.3793,0.6838,0.0039,Rest
22:58:58,0.5682,-0.2897,0.6938,0.0051,Rest
22:59:00,0.4684,-0.3751,0.7239,0.0059,Rest
22:59:02,0.4339,-0.3922,0.7171,0.0056,Rest
22:59:04,0.5815,-0.4348,0.7765,0.0041,Rest
22:59:06,0.4569,-0.4619,0.7551,0.005,Rest
22:59:08,0.4992,-0.358,0.6651,0.0054,Rest
22:59:10,0.4187,-0.4487,0.7454,0.0041,Rest
22:59:12,0.5037,-0.4745,0.6942,0.0059,Rest
22:59:14,0.5348,-0.3862,0.6291,0.0068,Rest
22:59:16,0.5097,-0.3733,0.6254,0.0049,Rest
22:59:18,0.572,-0.4864,0.8081,0.0061,Rest
22:59:20,0.5206,-0.4031,0.7229,0.0029,Rest
22:59:22,0.5043,-0.4259,0.6494,0.0063,Rest
22:59:24,0.4509,-0.3323,0.8094,0.0065,Rest
22:59:26,0.487,-0.4083,0.7174,0.0062,Rest
22:59:28,0.4132,-0.4154,0.7906,0.006,Rest
22:59:30,0.5357,-0.3539,0.7755,0.0038,Rest
22:59:32,0.4861,-0.4608,0.6609,0.0057,Rest
22:59:34,0.4683,-0.4174,0.7161,0.0032,Rest
22:59:36,0.4862,-0.3619,0.7402,0.0061,Rest
22:59:38,0.5055,-0.4048,0.6896,0.0047,Rest
22:59:40,0.4725,-0.4247,0.6903,0.005,Rest
22:59:42,0.4035,-0.406,0.5891,0.0053,Rest
22:59:44,0.4994,-0.3789,0.7095,0.0066,Rest
22:59:46,0.4196,-0.3211,0.6991,0.0056,Rest
22:59:48,0.5481,-0.4502,0.6625,0.0043,Rest
22:59:50,0.396,-0.4901,0.6764,0.0052,Rest
22:59:52,0.4373,-0.3834,0.6118,0.0056,Rest
22:59:54,0.502,-0.3542,0.6624,0.004,Rest
22:59:56,0.4251,-0.3414,0.7049,0.0048,Rest
22:59:58,0.5298,-0.3669,0.7726,0.006,Rest
23:00:00,0.4618,-0.3963,0.6663,0.0046,Rest
23:00:02,0.5303,-0.4248,0.6736,0.0055,Rest
23:00:04,0.5009,-0.4399,0.6828,0.0035,Rest
23:00:06,0.4605,-0.3981,0.7667,0.0041,Rest
23:00:08,0.5026,-0.4718,0.7184,0.006,Rest
23:00:10,0.4777,-0.3503,0.6791,0.0047,Rest
23:00:12,0.4871,-0.3708,0.7677,0.0045,Rest
23:00:14,0.3872,-0.3993,0.5809,0.0045,Rest
23:00:16,0.5133,-0.43,0.689,0.0042,Rest
23:00:18,0.4533,-0.4326,0.7333,0.0048,Rest
23:00:20,0.4957,-0.4279,0.6972,0.0056,Rest
23:00:22,0.5003,-0.43,0.584,0.0045,Rest
23:00:24,0.4784,-0.2693,0.739,0.006,Rest
23:00:26,0.5285,-0.3465,0.6364,0.003,Rest
23:00:28,0.4767,-0.3936,0.7304,0.0035,Rest
23:00:30,0.5047,-0.4181,0.749,0.0033,Rest
23:00:32,0.5355,-0.3083,0.6612,0.0067,Rest
23:00:34,0.4649,-0.4106,0.7053,0.0043,Rest
23:00:36,0.5601,-0.4379,0.7503,0.0041,Rest
23:00:38,0.4497,-0.4415,0.733,0.0052,Rest
23:00:40,0.4775,-0.4412,0.6425,0.0056,Rest
23:00:42,0.5154,-0.4498,0.6802,0.0035,Rest
23:00:44,0.4489,-0.3401,0.6964,0.0056,Rest
23:00:46,0.567,-0.3864,0.7032,0.0037,Rest
23:00:48,0.3922,-0.44,0.6548,0.0054,Rest
23:00:50,0.4929,-0.3963,0.7062,0.0055,Rest
23:00:52,0.5354,-0.3931,0.6703,0.0042,Rest
23:00:54,0.4022,-0.3576,0.7593,0.0044,Rest
23:00:56,0.4384,-0.3925,0.7432,0.0047,Rest
23:00:58,0.4047,-0.3906,0.6596,0.005,Rest
23:01:00,0.5421,-0.3649,0.6794,0.0043,Rest
23:01:02,0.5555,-0.3566,0.7812,0.0057,Rest
23:01:04,0.4682,-0.3327,0.7144,0.0051,Rest
23:01:06,0.3822,-0.4104,0.7369,0.0033,Rest
23:01:08,0.475,-0.3502,0.6739,0.0062,Rest
23:01:10,0.6033,-0.4653,0.7199,0.0053,Rest
23:01:12,0.5117,-0.327,0.6943,0.0035,Rest
23:01:14,0.5963,-0.2942,0.759,0.0053,Rest
23:01:16,0.48,-0.4176,0.7199,0.0033,Rest
23:01:18,0.512,-0.4275,0.6777,0.0043,Rest
23:01:20,0.5057,-0.4715,0.7,0.0057,Rest
23:01:22,0.5358,-0.3953,0.7402,0.0051,Rest
23:01:24,0.4067,-0.4481,0.7365,0.0042,Rest
23:01:26,0.4417,-0.3152,0.7669,0.0048,Rest
23:01:28,0.5126,-0.4152,0.726,0.004,Rest
23:01:30,0.55,-0.3662,0.7652,0.005,Rest
23:01:32,0.5661,-0.3567,0.6606,0.0055,Rest
23:01:34,0.5959,-0.3324,0.742,0.0037,Rest
23:01:36,0.4972,-0.4522,0.658,0.0059,Rest
23:01:38,0.4776,-0.3889,0.7518,0.0051,Rest
23:01:40,0.4533,-0.4121,0.6954,0.0049,Rest
23:01:42,0.5745,-0.3375,0.7035,0.005,Rest
23:01:44,0.5389,-0.4122,0.6548,0.0059,Rest
23:01:46,0.5561,-0.4479,0.7813,0.0049,Rest
23:01:48,0.5662,-0.3899,0.7216,0.0038,Rest
23:01:50,0.5302,-0.4005,0.6762,0.0046,Rest
23:01:52,0.3896,-0.3654,0.7054,0.005,Rest
23:01:54,0.5339,-0.3607,0.6356,0.0049,Rest
23:01:56,0.5449,-0.4776,0.7007,0.0044,Rest
23:01:58,0.4219,-0.4579,0.729,0.003,Rest
23:02:00,0.4362,-0.3648,0.583,0.0053,Rest
23:02:02,0.3964,-0.4833,0.7091,0.0051,Rest
23:02:04,0.4674,-0.3982,0.8123,0.0059,Rest
23:02:06,0.4178,-0.4107,0.7161,0.0053,Rest
23:02:08,0.5418,-0.4597,0.7481,0.0067,Rest
23:02:10,0.5591,-0.4324,0.636,0.0052,Rest
23:02:12,0.4828,-0.3735,0.72,0.0053,Rest
23:02:14,0.452,-0.3572,0.6971,0.0043,Rest
23:02:16,0.6082,-0.4499,0.6821,0.0064,Rest
23:02:18,0.54,-0.3597,0.693,0.0035,Rest
23:02:20,0.5591,-0.343,0.6923,0.0064,Rest
23:02:22,0.4929,-0.4589,0.6551,0.0046,Rest
23:02:24,0.4675,-0.2617,0.7135,0.006,Rest
23:02:26,0.5369,-0.397,0.6265,0.0037,Rest
23:02:28,0.5182,-0.3982,0.7916,0.0052,Rest
23:02:30,0.4967,-0.3833,0.6482,0.0047,Rest
23:02:32,0.5481,-0.4397,0.6236,0.0068,Rest
23:02:34,0.5565,-0.4728,0.6381,0.005,Rest
23:02:36,0.4827,-0.3711,0.6937,0.0044,Rest
23:02:38,0.433,-0.3737,0.6851,0.0061,Rest
23:02:40,0.5258,-0.432,0.6247,0.0071,Rest
23:02:42,0.5096,-0.3989,0.6623,0.0049,Rest
23:02:44,0.5724,-0.4438,0.7502,0.0064,Rest
23:02:46,0.5219,-0.3578,0.6984,0.0049,Rest
23:02:48,0.5582,-0.3832,0.6864,0.006,Rest
23:02:50,0.5819,-0.4246,0.6019,0.0044,Rest
23:02:52,0.4851,-0.4062,0.7038,0.0046,Rest
23:02:54,0.4869,-0.3163,0.6449,0.006,Rest
23:02:56,0.5112,-0.4224,0.5705,0.0072,Rest
23:02:58,0.5524,-0.3757,0.6011,0.0049,Rest
23:03:00,0.4774,-0.3996,0.7085,0.0035,Rest
23:03:02,0.4121,-0.344,0.7517,0.0062,Rest
23:03:04,0.5331,-0.4571,0.7659,0.0042,Rest
23:03:06,0.5498,-0.3444,0.6075,0.0063,Rest
23:03:08,0.4645,-0.4232,0.6532,0.0059,Rest
23:03:10,0.4725,-0.454,0.6447,0.0051,Rest
23:03:12,0.5077,-0.5024,0.6751,0.0063,Rest
23:03:14,0.6229,-0.4289,0.605,0.0048,Rest
23:03:16,0.5191,-0.3667,0.6779,0.0031,Rest
23:03:18,0.5354,-0.3598,0.687,0.0033,Rest
23:03:20,0.4494,-0.4259,0.697,0.0053,Rest
23:03:22,0.5039,-0.367,0.7055,0.0044,Rest
23:03:24,0.4682,-0.4309,0.7013,0.0041,Rest
23:03:26,0.5171,-0.3227,0.6585,0.0055,Rest
23:03:28,0.4543,-0.3635,0.6727,0.006,Rest
23:03:30,0.5134,-0.4302,0.7012,0.0061,Rest
23:03:32,0.4592,-0.4144,0.6731,0.0041,Rest
23:03:34,0.5263,-0.3531,0.7181,0.0053,Rest
23:03:36,0.5203,-0.3707,0.6694,0.005,Rest
23:03:38,0.4814,-0.3922,0.7124,0.0047,Rest
23:03:40,0.4894,-0.4425,0.7307,0.005,Rest
23:03:42,0.5542,-0.3424,0.7153,0.0072,Rest
23:03:44,0.5096,-0.4386,0.6916,0.0055,Rest
23:03:46,0.4702,-0.3968,0.7204,0.004,Rest
23:03:48,0.3915,-0.4383,0.7605,0.0054,Rest
23:03:50,0.5278,-0.2967,0.6824,0.0049,Rest
23:03:52,0.5294,-0.3381,0.6809,0.007,Rest
23:03:54,0.5299,-0.4007,0.7828,0.0062,Rest
23:03:56,0.3604,-0.3699,0.6907,0.0045,Rest
23:03:58,0.5102,-0.4227,0.734,0.0046,Rest
23:04:00,0.5161,-0.4412,0.6771,0.006,Rest
23:04:02,0.525,-0.3791,0.7196,0.004,Rest
23:04:04,0.5883,-0.3924,0.6624,0.0049,Rest
23:04:06,0.4641,-0.3574,0.6787,0.0032,Rest
23:04:08,0.4687,-0.3592,0.677,0.0034,Rest
23:04:10,0.4741,-0.3833,0.6166,0.0051,Rest
23:04:12,0.4909,-0.4432,0.7584,0.0041,Rest
23:04:14,0.4502,-0.4259,0.6807,0.0059,Rest
23:04:16,0.5497,-0.4283,0.6955,0.003,Rest
23:04:18,0.5134,-0.4428,0.6763,0.0041,Rest
23:04:20,0.4341,-0.4191,0.69,0.0049,Rest
23:04:22,0.5603,-0.4153,0.7292,0.0067,Rest
23:04:24,0.4552,-0.4296,0.6112,0.0075,Rest
23:04:26,0.4203,-0.4133,0.7134,0.0053,Rest
23:04:28,0.5328,-0.4399,0.6804,0.0056,Rest
23:04:30,0.5075,-0.3455,0.6576,0.0056,Rest
23:04:32,0.4558,-0.348,0.634,0.0064,Rest
23:04:34,0.4118,-0.4654,0.723,0.0049,Rest
23:04:36,0.5273,-0.4392,0.8306,0.0057,Rest
23:04:38,0.3955,-0.4514,0.7662,0.0055,Rest
23:04:40,0.4761,-0.3495,0.5933,0.0031,Rest
23:04:42,0.5502,-0.368,0.6804,0.0056,Rest
23:04:44,0.562,-0.4592,0.5903,0.0057,Rest
23:04:46,0.4615,-0.4019,0.7734,0.0044,Rest
23:04:48,0.4928,-0.4086,0.6784,0.005,Rest
23:04:50,0.4736,-0.4864,0.6768,0.0043,Rest
23:04:52,0.4826,-0.3734,0.6519,0.006,Rest
23:04:54,0.4148,-0.4681,0.7086,0.0042,Rest
23:04:56,0.5183,-0.4093,0.7087,0.0046,Rest
23:04:58,0.4309,-0.406,0.6526,0.0056,Rest
23:05:00,0.5175,-0.3996,0.7158,0.0042,Rest
23:05:02,0.5074,-0.3389,0.7366,0.0058,Rest
23:05:04,0.5032,-0.4162,0.7553,0.0056,Rest
23:05:06,0.451,-0.5064,0.6965,0.005,Rest
23:05:08,0.4793,-0.4107,0.6532,0.0051,Rest
23:05:10,0.5033,-0.3402,0.7676,0.006,Rest
23:05:12,0.4123,-0.4957,0.7533,0.0052,Rest
23:05:14,0.5123,-0.3908,0.7154,0.0032,Rest
23:05:16,0.5579,-0.4012,0.6401,0.0051,Rest
23:05:18,0.4498,-0.4108,0.7238,0.0053,Rest
23:05:20,0.5154,-0.4224,0.7419,0.0057,Rest
23:05:22,0.4778,-0.4308,0.7324,0.0068,Rest
23:05:24,0.4502,-0.3523,0.6348,0.005,Rest
23:05:26,0.4982,-0.4032,0.6916,0.0038,Rest
23:05:28,0.56,-0.3922,0.6495,0.0042,Rest
23:05:30,0.5695,-0.3672,0.7251,0.0043,Rest
23:05:32,0.5227,-0.3904,0.6831,0.0064,Rest
23:05:34,0.4535,-0.4178,0.7855,0.0059,Rest
23:05:36,0.5085,-0.3318,0.6214,0.0035,Rest
23:05:38,0.4859,-0.4884,0.6465,0.0033,Rest
23:05:40,0.5357,-0.4716,0.7219,0.0054,Rest
23:05:42,0.4947,-0.3615,0.6775,0.0043,Rest
23:05:44,0.5071,-0.4626,0.7022,0.0059,Rest
23:05:46,0.5298,-0.3953,0.6775,0.0029,Rest
23:05:48,0.5423,-0.4228,0.6701,0.0044,Rest
23:05:50,0.5011,-0.3986,0.6981,0.0066,Rest
23:05:52,0.5171,-0.2554,0.6843,0.0055,Rest
23:05:54,0.4993,-0.4986,0.5632,0.0055,Rest
23:05:56,0.5311,-0.4155,0.5739,0.0046,Rest
23:05:58,0.523,-0.3658,0.6063,0.005,Rest
23:06:00,0.5219,-0.4754,0.6888,0.0042,Rest
23:06:02,0.4596,-0.3236,0.655,0.0056,Rest
23:06:04,0.5698,-0.3334,0.6544,0.0033,Rest
23:06:06,0.5513,-0.3721,0.7685,0.0049,Rest
23:06:08,0.4856,-0.4012,0.6863,0.0039,Rest
23:06:10,0.585,-0.4381,0.6416,0.0054,Rest
23:06:12,0.4811,-0.2515,0.7319,0.0052,Rest
23:06:14,0.5585,-0.3301,0.7451,0.0056,Rest
23:06:16,0.4767,-0.3762,0.6576,0.006,Rest
23:06:18,0.4655,-0.4607,0.6722,0.003,Rest
23:06:20,0.3744,-0.4444,0.7383,0.0046,Rest
23:06:22,0.5666,-0.4114,0.6497,0.0057,Rest
23:06:24,0.4867,-0.3896,0.6857,0.0056,Rest
23:06:26,0.4501,-0.3926,0.6705,0.0044,Rest
23:06:28,0.5196,-0.3387,0.7361,0.0055,Rest
23:06:30,0.5522,-0.4423,0.7083,0.0058,Rest
23:06:32,0.5409,-0.4855,0.7135,0.0049,Rest
23:06:34,0.3935,-0.381,0.6402,0.0055,Rest
23:06:36,0.4541,-0.3972,0.6844,0.0056,Rest
23:06:38,0.5769,-0.3642,0.6379,0.0049,Rest
23:06:40,0.6418,-0.3544,0.7659,0.0055,Rest
23:06:42,0.4879,-0.4053,0.6718,0.0056,Rest
23:06:44,0.4145,-0.3612,0.7429,0.0046,Rest
23:06:46,0.4364,-0.4184,0.6388,0.0061,Rest
23:06:48,0.4782,-0.3436,0.607,0.0062,Rest
23:06:50,0.5892,-0.4013,0.7041,0.005,Rest
23:06:52,0.4292,-0.4252,0.7578,0.0057,Rest
23:06:54,0.5222,-0.5086,0.6985,0.0035,Rest
23:06:56,0.4739,-0.4315,0.6654,0.0048,Rest
23:06:58,0.48,-0.4507,0.7601,0.0054,Rest
23:07:00,0.5177,-0.3728,0.7025,0.0044,Rest
23:07:02,0.5016,-0.4319,0.7539,0.0037,Rest
23:07:04,0.5531,-0.391,0.6094,0.0062,Rest
23:07:06,0.5024,-0.5468,0.6856,0.0049,Rest
23:07:08,0.4072,-0.4469,0.6981,0.0046,Rest
23:07:10,0.5279,-0.4377,0.7022,0.0052,Rest
23:07:12,0.5253,-0.3988,0.6416,0.0047,Rest
23:07:14,0.4926,-0.3455,0.6658,0.0058,Rest
23:07:16,0.5075,-0.3913,0.7072,0.0048,Rest
23:07:18,0.4846,-0.371,0.6066,0.0053,Rest
23:07:20,0.4501,-0.3281,0.7941,0.0043,Rest
23:07:22,0.4515,-0.4715,0.7656,0.006,Rest
23:07:24,0.483,-0.4298,0.6736,0.0037,Rest
23:07:26,0.458,-0.3508,0.6751,0.0065,Rest
23:07:28,0.5432,-0.4341,0.6358,0.0062,Rest
23:07:30,0.4963,-0.3549,0.6806,0.0054,Rest
23:07:32,0.4793,-0.4222,0.6763,0.0058,Rest
23:07:34,0.5031,-0.2962,0.6823,0.0051,Rest
23:07:36,0.5983,-0.3795,0.7722,0.0063,Rest
23:07:38,0.4932,-0.4036,0.8374,0.005,Rest
23:07:40,0.5056,-0.4697,0.6215,0.0043,Rest
23:07:42,0.5501,-0.3389,0.743,0.0056,Rest
23:07:44,0.4754,-0.3847,0.766,0.0051,Rest
23:07:46,0.5524,-0.3984,0.7063,0.0058,Rest
23:07:48,0.5032,-0.3816,0.7439,0.0058,Rest
23:07:50,0.4974,-0.3893,0.6524,0.0068,Rest
23:07:52,0.5572,-0.4212,0.6109,0.0044,Rest
23:07:54,0.4968,-0.4636,0.6903,0.0042,Rest
23:07:56,0.5626,-0.415,0.6639,0.0057,Rest
23:07:58,0.5191,-0.3505,0.6816,0.0051,Rest
23:08:00,0.5189,-0.3847,0.7112,0.0053,Rest
23:08:02,0.51,-0.2246,0.7679,0.0054,Rest
23:08:04,0.4644,-0.3344,0.827,0.0056,Rest
23:08:06,0.4445,-0.3547,0.7239,0.0042,Rest
23:08:08,0.6092,-0.5085,0.6831,0.0027,Rest
23:08:10,0.6017,-0.4047,0.6874,0.004,Rest
23:08:12,0.5028,-0.4068,0.7363,0.0038,Rest
23:08:14,0.4618,-0.4266,0.7554,0.0044,Rest
23:08:16,0.4692,-0.3546,0.6378,0.0044,Rest
23:08:18,0.5215,-0.4015,0.7073,0.0037,Rest
23:08:20,0.5745,-0.4257,0.738,0.0057,Rest
23:08:22,0.5596,-0.488,0.6967,0.005,Rest
23:08:24,0.5029,-0.3462,0.7235,0.005,Rest
23:08:26,0.5365,-0.3141,0.7326,0.0039,Rest
23:08:28,0.5089,-0.3508,0.7241,0.0039,Rest
23:08:30,0.5125,-0.3845,0.711,0.0042,Rest
23:08:32,0.5556,-0.3622,0.6982,0.0047,Rest
23:08:34,0.5259,-0.43,0.6448,0.0065,Rest
23:08:36,0.4667,-0.3411,0.6402,0.0042,Rest
23:08:38,0.4889,-0.4338,0.6257,0.0049,Rest
23:08:40,0.5123,-0.3302,0.5944,0.0042,Rest
23:08:42,0.5913,-0.396,0.714,0.0049,Rest
23:08:44,0.5282,-0.4277,0.7725,0.0058,Rest
23:08:46,0.5905,-0.4106,0.8006,0.0071,Rest
23:08:48,0.5086,-0.4246,0.64,0.0047,Rest
23:08:50,0.5243,-0.4781,0.6867,0.0049,Rest
23:08:52,0.5441,-0.2781,0.6134,0.004,Rest
23:08:54,0.4167,-0.3723,0.6489,0.0034,Rest
23:08:56,0.4822,-0.3975,0.6397,0.0055,Rest
23:08:58,0.4452,-0.3598,0.7464,0.0051,Rest
23:09:00,0.4507,-0.3608,0.6486,0.0038,Rest
23:09:02,0.4501,-0.3613,0.6829,0.006,Rest
23:09:04,0.5434,-0.441,0.6957,0.0046,Rest
23:09:06,0.4184,-0.4641,0.55,0.004,Rest
23:09:08,0.4735,-0.4068,0.7918,0.0045,Rest
23:09:10,0.4612,-0.3164,0.6986,0.0048,Rest
23:09:12,0.5066,-0.4312,0.733,0.0049,Rest
23:09:14,0.5467,-0.3588,0.6282,0.0056,Rest
23:09:16,0.4812,-0.3273,0.705,0.0056,Rest
23:09:18,0.5495,-0.4908,0.7437,0.0047,Rest
23:09:20,0.4845,-0.4013,0.7442,0.0042,Rest
23:09:22,0.511,-0.444,0.8338,0.0068,Rest
23:09:24,0.4619,-0.3765,0.7508,0.0049,Rest
23:09:26,0.5332,-0.3577,0.6997,0.0032,Rest
23:09:28,0.5982,-0.3433,0.7058,0.0045,Rest
23:09:30,0.3811,-0.4129,0.6198,0.0047,Rest
23:09:32,0.4895,-0.4459,0.6575,0.0054,Rest
23:09:34,0.5072,-0.4195,0.7111,0.0047,Rest
23:09:36,0.4888,-0.3706,0.6932,0.0062,Rest
23:09:38,0.4312,-0.4505,0.6287,0.0033,Rest
23:09:40,0.4553,-0.3727,0.7352,0.0027,Rest
23:09:42,0.4427,-0.3872,0.7336,0.0054,Rest
23:09:44,0.4756,-0.427,0.7028,0.006,Rest
23:09:46,0.5006,-0.4551,0.7014,0.0047,Rest
23:09:48,0.509,-0.3766,0.662,0.0053,Rest
23:09:50,0.5002,-0.4547,0.6876,0.005,Rest
23:09:52,0.6488,-0.4775,0.6634,0.0053,Rest
23:09:54,0.5601,-0.3838,0.6671,0.0039,Rest
23:09:56,0.5144,-0.3689,0.7326,0.0049,Rest
23:09:58,0.5617,-0.4691,0.7014,0.0068,Rest
23:10:00,0.5183,-0.4303,0.7602,0.0043,Rest
23:10:02,0.4807,-0.379,0.7068,0.0059,Rest
23:10:04,0.5554,-0.3754,0.7755,0.0044,Rest
23:10:06,0.5265,-0.3761,0.7452,0.0042,Rest
23:10:08,0.4912,-0.4446,0.7459,0.0053,Rest
23:10:10,0.4998,-0.286,0.7309,0.0047,Rest
23:10:12,0.5846,-0.4158,0.6626,0.0048,Rest
23:10:14,0.4796,-0.3946,0.7808,0.0055,Rest
23:10:16,0.496,-0.3725,0.7,0.0043,Rest
23:10:18,0.4464,-0.378,0.7253,0.0053,Rest
23:10:20,0.4965,-0.3951,0.6814,0.0043,Rest
23:10:22,0.5048,-0.4008,0.7524,0.0053,Rest
23:10:24,0.5,-0.3961,0.7205,0.0067,Rest
23:10:26,0.5515,-0.4137,0.7005,0.0041,Rest
23:10:28,0.5426,-0.4474,0.673,0.0049,Rest
23:10:30,0.5027,-0.3852,0.7565,0.0052,Rest
23:10:32,0.4652,-0.3811,0.6577,0.0055,Rest
23:10:34,0.4963,-0.3507,0.7018,0.006,Rest
23:10:36,0.4891,-0.3069,0.5744,0.0044,Rest
23:10:38,0.4545,-0.3802,0.8041,0.0061,Rest
23:10:40,0.5236,-0.4016,0.6917,0.0048,Rest
23:10:42,0.472,-0.3557,0.5847,0.0042,Rest
23:10:44,0.5306,-0.4932,0.7917,0.0035,Rest
23:10:46,0.4918,-0.5532,0.7044,0.0056,Rest
23:10:48,0.5953,-0.3341,0.6713,0.0043,Rest
23:10:50,0.5501,-0.4634,0.6438,0.0053,Rest
23:10:52,0.5032,-0.3143,0.6463,0.0043,Rest
23:10:54,0.5304,-0.3904,0.5812,0.0041,Rest
23:10:56,0.5214,-0.3195,0.6527,0.006,Rest
23:10:58,0.4404,-0.3774,0.6195,0.0058,Rest
23:11:00,0.6007,-0.3859,0.6691,0.005,Rest
23:11:02,0.578,-0.35,0.5831,0.004,Rest
23:11:04,0.5875,-0.428,0.7189,0.0049,Rest
23:11:06,0.4859,-0.401,0.6665,0.0059,Rest
23:11:08,0.5116,-0.3572,0.6694,0.0054,Rest
23:11:10,0.4634,-0.3604,0.7442,0.004,Rest
23:11:12,0.5486,-0.3765,0.7086,0.0066,Rest
23:11:14,0.5322,-0.3979,0.7332,0.0044,Rest
23:11:16,0.4003,-0.4773,0.7033,0.0051,Rest
23:11:18,0.5737,-0.4363,0.7475,0.0063,Rest
23:11:20,0.6178,-0.4396,0.7214,0.0042,Rest
23:11:22,0.4989,-0.3729,0.7768,0.0047,Rest
23:11:24,0.4652,-0.4053,0.7261,0.005,Rest
23:11:26,0.6132,-0.458,0.6949,0.0036,Rest
23:11:28,0.5364,-0.4345,0.7536,0.0043,Rest
23:11:30,0.5064,-0.3997,0.6431,0.0034,Rest
23:11:32,0.4962,-0.3739,0.7118,0.0047,Rest
23:11:34,0.5601,-0.4387,0.7236,0.005,Rest
23:11:36,0.4811,-0.4024,0.7965,0.0051,Rest
23:11:38,0.5116,-0.392,0.7544,0.0064,Rest
23:11:40,0.4409,-0.412,0.784,0.0044,Rest
23:11:42,0.5077,-0.4202,0.5935,0.0058,Rest
23:11:44,0.4966,-0.3756,0.7654,0.0055,Rest
23:11:46,0.4869,-0.426,0.6807,0.0058,Rest
23:11:48,0.4481,-0.4293,0.6598,0.0056,Rest
23:11:50,0.5326,-0.4144,0.6985,0.0042,Rest
23:11:52,0.5825,-0.3319,0.6642,0.0056,Rest
23:11:54,0.4746,-0.4051,0.7401,0.0036,Rest
23:11:56,0.5437,-0.5165,0.75,0.0048,Rest
23:11:58,0.4926,-0.3958,0.6938,0.0049,Rest
23:12:00,0.4372,-0.3627,0.6995,0.0051,Rest
23:12:02,0.4343,-0.3661,0.7093,0.007,Rest
23:12:04,0.4801,-0.4325,0.6396,0.0059,Rest
23:12:06,0.4595,-0.4483,0.7415,0.0053,Rest
23:12:08,0.4762,-0.4759,0.7594,0.0072,Rest
23:12:10,0.5026,-0.3206,0.7368,0.0052,Rest
23:12:12,0.5548,-0.3103,0.692,0.0065,Rest
23:12:14,0.529,-0.3674,0.7487,0.0033,Rest
23:12:16,0.4922,-0.3836,0.6238,0.0048,Rest
23:12:18,0.5346,-0.4338,0.6955,0.0055,Rest
23:12:20,0.5084,-0.4048,0.7074,0.0025,Rest
23:12:22,0.5264,-0.4062,0.7524,0.0045,Rest
23:12:24,0.4942,-0.3141,0.7174,0.0042,Rest
23:12:26,0.5528,-0.4311,0.808,0.0044,Rest
23:12:28,0.6253,-0.3326,0.6251,0.0045,Rest
23:12:30,0.5459,-0.4155,0.7781,0.0058,Rest
23:12:32,0.4942,-0.3674,0.6758,0.0053,Rest
23:12:34,0.5308,-0.3956,0.5992,0.0049,Rest
23:12:36,0.5284,-0.3952,0.7417,0.0061,Rest
23:12:38,0.4787,-0.3676,0.6894,0.0031,Rest
23:12:40,0.5469,-0.3705,0.635,0.0053,Rest
23:12:42,0.4553,-0.4063,0.8008,0.0046,Rest
23:12:44,0.5249,-0.3701,0.7151,0.0053,Rest
23:12:46,0.4757,-0.3778,0.6932,0.0059,Rest
23:12:48,0.4692,-0.3914,0.682,0.0066,Rest
23:12:50,0.4764,-0.3616,0.7139,0.0059,Rest
23:12:52,0.5669,-0.3703,0.7286,0.0056,Rest
23:12:54,0.5642,-0.5126,0.6657,0.0034,Rest
23:12:56,0.4937,-0.3778,0.6953,0.0031,Rest
23:12:58,0.4429,-0.3818,0.7247,0.0064,Rest
23:13:00,0.5999,-0.4594,0.7234,0.0052,Rest
23:13:02,0.5481,-0.4441,0.6913,0.0041,Rest
23:13:04,0.4269,-0.4441,0.7606,0.0032,Rest
23:13:06,0.5358,-0.4016,0.7859,0.0051,Rest
23:13:08,0.3985,-0.4093,0.7255,0.0045,Rest
23:13:10,0.4949,-0.4238,0.8279,0.0042,Rest
23:13:12,0.4904,-0.3734,0.665,0.0041,Rest
23:13:14,0.5187,-0.3725,0.7321,0.0052,Rest
23:13:16,0.6205,-0.3125,0.7296,0.0031,Rest
23:13:18,0.4999,-0.361,0.76,0.0053,Rest
23:13:20,0.5047,-0.3934,0.7839,0.0033,Rest
23:13:22,0.4807,-0.4347,0.7427,0.0052,Rest
23:13:24,0.481,-0.3372,0.7423,0.005,Rest
23:13:26,0.4825,-0.3646,0.7018,0.0042,Rest
23:13:28,0.5041,-0.4421,0.6766,0.005,Rest
23:13:30,0.4537,-0.4408,0.6638,0.0056,Rest
23:13:32,0.4605,-0.3938,0.7407,0.0069,Rest
23:13:34,0.5245,-0.3571,0.6902,0.0039,Rest
23:13:36,0.5841,-0.3643,0.6318,0.0041,Rest
23:13:38,0.4893,-0.3721,0.6936,0.0048,Rest
23:13:40,0.5139,-0.3925,0.7519,0.0057,Rest
23:13:42,0.4872,-0.5092,0.7876,0.0034,Rest
23:13:44,0.4889,-0.3962,0.695,0.0055,Rest
23:13:46,0.5291,-0.5338,0.7429,0.0065,Rest
23:13:48,0.4291,-0.361,0.7009,0.0038,Rest
23:13:50,0.4677,-0.4058,0.6734,0.0032,Rest
23:13:52,0.5151,-0.346,0.6868,0.0045,Rest
23:13:54,0.5187,-0.4471,0.6457,0.0039,Rest
23:13:56,0.5289,-0.3163,0.7083,0.0038,Rest
23:13:58,0.4771,-0.4088,0.7254,0.0039,Rest
23:14:00,0.5021,-0.4011,0.7003,0.0057,Rest
23:14:02,0.519,-0.3835,0.696,0.0049,Rest
23:14:04,0.4777,-0.5116,0.6633,0.0054,Rest
23:14:06,0.4963,-0.4648,0.671,0.0041,Rest
23:14:08,0.4382,-0.4655,0.6757,0.0074,Rest
23:14:10,0.4759,-0.4367,0.6877,0.0047,Rest
23:14:12,0.4446,-0.3652,0.6499,0.0027,Rest
23:14:14,0.4582,-0.3901,0.5947,0.0037,Rest
23:14:16,0.4516,-0.29,0.7014,0.0061,Rest
23:14:18,0.5763,-0.4448,0.7675,0.0031,Rest
23:14:20,0.5389,-0.3683,0.7611,0.0062,Rest
23:14:22,0.5492,-0.3442,0.7344,0.0039,Rest
23:14:24,0.5116,-0.4555,0.7287,0.0057,Rest
23:14:26,0.486,-0.4161,0.6978,0.0059,Rest
23:14:28,0.519,-0.3841,0.7637,0.0054,Rest
23:14:30,0.5315,-0.3329,0.7266,0.0048,Rest
23:14:32,0.528,-0.4924,0.6905,0.0042,Rest
23:14:34,0.4644,-0.4697,0.7689,0.0052,Rest
23:14:36,0.5088,-0.3514,0.7618,0.0047,Rest
23:14:38,0.4738,-0.4572,0.676,0.0061,Rest
23:14:40,0.5524,-0.3466,0.7422,0.0057,Rest
23:14:42,0.4869,-0.3717,0.6265,0.0052,Rest
23:14:44,0.5068,-0.3553,0.6956,0.0052,Rest
23:14:46,0.5685,-0.4688,0.7376,0.0042,Rest
23:14:48,0.5753,-0.469,0.7242,0.0036,Rest
23:14:50,0.5201,-0.3521,0.623,0.0048,Rest
23:14:52,0.5819,-0.3948,0.627,0.0045,Rest
23:14:54,0.4324,-0.4429,0.6642,0.0042,Rest
23:14:56,0.4699,-0.3597,0.7021,0.0054,Rest
23:14:58,0.4508,-0.306,0.7199,0.0051,Rest
23:15:00,0.4805,-0.4258,0.6552,0.006,Rest
23:15:02,0.5671,-0.5203,0.6607,0.0038,Rest
23:15:04,0.48,-0.3357,0.6969,0.0048,Rest
23:15:06,0.6064,-0.3436,0.6411,0.0043,Rest
23:15:08,0.5592,-0.443,0.7415,0.0041,Rest
23:15:10,0.4323,-0.2367,0.7001,0.0043,Rest
23:15:12,0.4841,-0.423,0.6703,0.0047,Rest
23:15:14,0.5494,-0.3604,0.6773,0.0061,Rest
23:15:16,0.5644,-0.3489,0.7979,0.0049,Rest
23:15:18,0.5017,-0.2888,0.74,0.0073,Rest
23:15:20,0.5061,-0.2999,0.7316,0.0049,Rest
23:15:22,0.4621,-0.3802,0.758,0.0049,Rest
23:15:24,0.4379,-0.3335,0.671,0.0061,Rest
23:15:26,0.4887,-0.391,0.7153,0.0035,Rest
23:15:28,0.4991,-0.4878,0.6466,0.0049,Rest
23:15:30,0.5955,-0.3838,0.7618,0.0045,Rest
23:15:32,0.5325,-0.3467,0.801,0.0052,Rest
23:15:34,0.4635,-0.4823,0.6935,0.0061,Rest
23:15:36,0.5651,-0.4057,0.774,0.0035,Rest
23:15:38,0.4004,-0.3743,0.6456,0.0044,Rest
23:15:40,0.4478,-0.4071,0.7458,0.0051,Rest
23:15:42,0.4661,-0.4456,0.7228,0.0061,Rest
23:15:44,0.5813,-0.386,0.7287,0.0051,Rest
23:15:46,0.4805,-0.3885,0.6874,0.005,Rest
23:15:48,0.5306,-0.407,0.7227,0.0054,Rest
23:15:50,0.4712,-0.3827,0.7611,0.0049,Rest
23:15:52,0.5234,-0.4378,0.7775,0.0044,Rest
23:15:54,0.4907,-0.5185,0.6864,0.0057,Rest
23:15:56,0.5,-0.4042,0.7159,0.0044,Rest
23:15:58,0.5263,-0.3603,0.7172,0.0046,Rest
23:16:00,0.494,-0.4149,0.6482,0.0032,Rest
23:16:02,0.5273,-0.398,0.7198,0.0045,Rest
23:16:04,0.4795,-0.3289,0.7201,0.0034,Rest
23:16:06,0.5194,-0.322,0.6742,0.0059,Rest
23:16:08,0.5404,-0.3681,0.6933,0.0042,Rest
23:16:10,0.4583,-0.4537,0.6119,0.006,Rest
23:16:12,0.5184,-0.4126,0.7187,0.0045,Rest
23:16:14,0.4337,-0.3755,0.7439,0.007,Rest
23:16:16,0.4219,-0.3292,0.6617,0.0051,Rest
23:16:18,0.4401,-0.55,0.672,0.0044,Rest
23:16:20,0.5512,-0.338,0.7014,0.0042,Rest
23:16:22,0.4701,-0.4713,0.6816,0.0038,Rest
23:16:24,0.4981,-0.4584,0.7141,0.0031,Rest
23:16:26,0.5432,-0.3904,0.7436,0.0052,Rest
23:16:28,0.516,-0.4925,0.5881,0.005,Rest
23:16:30,0.5456,-0.5218,0.7552,0.0028,Rest
23:16:32,0.5218,-0.3373,0.7255,0.0052,Rest
23:16:34,0.4109,-0.4355,0.6715,0.0045,Rest
23:16:36,0.5087,-0.3726,0.7773,0.0054,Rest
23:16:38,0.4646,-0.4109,0.7355,0.0035,Rest
23:16:40,0.4715,-0.4561,0.6844,0.0032,Rest
23:16:42,0.4486,-0.374,0.7508,0.0055,Rest
23:16:44,0.4473,-0.3254,0.7112,0.0076,Rest
23:16:46,0.4243,-0.3405,0.6553,0.0046,Rest
23:16:48,0.4666,-0.4205,0.6884,0.0037,Rest
23:16:50,0.5035,-0.391,0.6237,0.0046,Rest
23:16:52,0.4273,-0.4143,0.7005,0.0037,Rest
23:16:54,0.554,-0.4465,0.6997,0.0042,Rest
23:16:56,0.5154,-0.4044,0.7633,0.005,Rest
23:16:58,0.5704,-0.4328,0.7257,0.0055,Rest
23:17:00,0.5453,-0.3742,0.6499,0.0045,Rest
23:17:02,0.5223,-0.5095,0.6234,0.0053,Rest
23:17:04,0.5323,-0.418,0.7694,0.004,Rest
23:17:06,0.4783,-0.3777,0.6733,0.0049,Rest
23:17:08,0.4291,-0.4077,0.6778,0.005,Rest
23:17:10,0.4876,-0.3332,0.7353,0.0074,Rest
23:17:12,0.4513,-0.423,0.6252,0.0027,Rest
23:17:14,0.5033,-0.3183,0.7365,0.0055,Rest
23:17:16,0.4427,-0.3745,0.6701,0.0042,Rest
23:17:18,0.5049,-0.4044,0.629,0.0052,Rest
23:17:20,0.5288,-0.4247,0.6936,0.005,Rest
23:17:22,0.5089,-0.4353,0.7657,0.0064,Rest
23:17:24,0.3875,-0.4449,0.6508,0.0061,Rest
23:17:26,0.5953,-0.4082,0.7036,0.0059,Rest
23:17:28,0.4465,-0.3327,0.6576,0.0045,Rest
23:17:30,0.5269,-0.368,0.692,0.0049,Rest
23:17:32,0.4818,-0.4809,0.6951,0.0071,Rest
23:17:34,0.4792,-0.4732,0.6671,0.0056,Rest
23:17:36,0.503,-0.3833,0.6444,0.0068,Rest
23:17:38,0.5128,-0.397,0.6877,0.0064,Rest
23:17:40,0.5105,-0.439,0.6853,0.0057,Rest
23:17:42,0.4533,-0.3572,0.727,0.0051,Rest
23:17:44,0.536,-0.3952,0.6556,0.0062,Rest
23:17:46,0.4757,-0.3969,0.7259,0.0054,Rest
23:17:48,0.5362,-0.4247,0.6707,0.0056,Rest
23:17:50,0.432,-0.3548,0.7446,0.005,Rest
23:17:52,0.4735,-0.3754,0.7801,0.0032,Rest
23:17:54,0.4971,-0.4455,0.7177,0.0057,Rest
23:17:56,0.5104,-0.438,0.6889,0.0031,Rest
23:17:58,0.5977,-0.3426,0.6664,0.0048,Rest
23:18:00,0.5079,-0.4234,0.7301,0.0069,Rest
23:18:02,0.506,-0.352,0.7564,0.0034,Rest
23:18:04,0.5837,-0.3703,0.7414,0.0066,Rest
23:18:06,0.4671,-0.4025,0.7555,0.0043,Rest
23:18:08,0.4354,-0.4573,0.6303,0.0059,Rest
23:18:10,0.4727,-0.3708,0.7578,0.0046,Rest
23:18:12,0.4764,-0.3491,0.7737,0.0044,Rest
23:18:14,0.478,-0.555,0.8003,0.0029,Rest
23:18:16,0.5029,-0.3367,0.6823,0.0049,Rest
23:18:18,0.4969,-0.3761,0.7222,0.0057,Rest
23:18:20,0.4498,-0.2935,0.7479,0.0064,Rest
23:18:22,0.4858,-0.4599,0.6886,0.0048,Rest
23:18:24,0.4824,-0.2764,0.8102,0.0054,Rest
23:18:26,0.5214,-0.4435,0.7347,0.0044,Rest
23:18:28,0.5171,-0.4432,0.7113,0.0039,Rest
23:18:30,0.5882,-0.3298,0.756,0.004,Rest
23:18:32,0.4846,-0.4064,0.7576,0.0061,Rest
23:18:34,0.4915,-0.4497,0.679,0.007,Rest
23:18:36,0.4887,-0.408,0.6225,0.0043,Rest
23:18:38,0.4902,-0.3929,0.6805,0.0055,Rest
23:18:40,0.5433,-0.4515,0.6801,0.0066,Rest
23:18:42,0.4108,-0.3965,0.7162,0.0044,Rest
23:18:44,0.5073,-0.3922,0.7281,0.0047,Rest
23:18:46,0.514,-0.3971,0.6885,0.0039,Rest
23:18:48,0.5398,-0.4615,0.7132,0.0039,Rest
23:18:50,0.5516,-0.3696,0.6988,0.0053,Rest
23:18:52,0.4234,-0.436,0.6212,0.0052,Rest
23:18:54,0.5638,-0.4445,0.6888,0.0041,Rest
23:18:56,0.4723,-0.4152,0.7625,0.0059,Rest
23:18:58,0.5829,-0.3218,0.6872,0.0057,Rest
23:19:00,0.5502,-0.4838,0.6579,0.0051,Rest
23:19:02,0.4929,-0.3803,0.5426,0.0041,Rest
23:19:04,0.476,-0.4255,0.6178,0.0074,Rest
23:19:06,0.5419,-0.381,0.7413,0.0067,Rest
23:19:08,0.5282,-0.3904,0.713,0.0054,Rest
23:19:10,0.6009,-0.458,0.7268,0.0064,Rest
23:19:12,0.6253,-0.4642,0.6944,0.0039,Rest
23:19:14,0.4781,-0.4585,0.7821,0.003,Rest
23:19:16,0.4304,-0.3693,0.6165,0.0043,Rest
23:19:18,0.4819,-0.3832,0.7035,0.0056,Rest
23:19:20,0.52,-0.3669,0.6435,0.0064,Rest
23:19:22,0.4663,-0.522,0.6799,0.0056,Rest
23:19:24,0.5087,-0.4531,0.7477,0.0042,Rest
23:19:26,0.4533,-0.4054,0.6999,0.0066,Rest
23:19:28,0.4953,-0.392,0.7224,0.0053,Rest
23:19:30,0.4743,-0.368,0.7088,0.0044,Rest
23:19:32,0.4788,-0.4456,0.6461,0.0048,Rest
23:19:34,0.4804,-0.4434,0.6984,0.0052,Rest
23:19:36,0.5067,-0.4234,0.746,0.0053,Rest
23:19:38,0.3916,-0.4188,0.7697,0.0065,Rest
23:19:40,0.4184,-0.4571,0.8135,0.0068,Rest
23:19:42,0.6039,-0.415,0.6425,0.0046,Rest
23:19:44,0.5495,-0.3289,0.6229,0.0045,Rest
23:19:46,0.4864,-0.446,0.7101,0.0057,Rest
23:19:48,0.3955,-0.4053,0.6502,0.0026,Rest
23:19:50,0.5264,-0.3864,0.6882,0.0037,Rest
23:19:52,0.4966,-0.3844,0.6902,0.0044,Rest
23:19:54,0.5273,-0.3959,0.6326,0.0049,Rest
23:19:56,0.5127,-0.2369,0.7857,0.004,Rest
23:19:58,0.4492,-0.4071,0.7027,0.0041,Rest
23:20:00,0.3776,-0.5221,0.6397,0.0047,Rest
23:20:02,0.4018,-0.4048,0.7274,0.0058,Rest
23:20:04,0.4701,-0.4201,0.7136,0.0059,Rest
23:20:06,0.4955,-0.375,0.6622,0.0045,Rest
23:20:08,0.5242,-0.417,0.7104,0.0053,Rest
23:20:10,0.4476,-0.3979,0.7157,0.0051,Rest
23:20:12,0.5376,-0.4778,0.7539,0.0058,Rest
23:20:14,0.4038,-0.4024,0.7534,0.0054,Rest
23:20:16,0.5034,-0.3198,0.6879,0.0046,Rest
23:20:18,0.5669,-0.4331,0.7196,0.0042,Rest
23:20:20,0.5238,-0.4042,0.6699,0.0056,Rest
23:20:22,0.4074,-0.362,0.7057,0.0053,Rest
23:20:24,0.3379,-0.334,0.6466,0.0044,Rest
23:20:26,0.5155,-0.4144,0.7478,0.0041,Rest
23:20:28,0.4456,-0.3756,0.6928,0.0052,Rest
23:20:30,0.4774,-0.3801,0.7003,0.0054,Rest
23:20:32,0.4854,-0.3643,0.6584,0.0054,Rest
23:20:34,0.4535,-0.2792,0.7336,0.0063,Rest
23:20:36,0.4964,-0.4308,0.6715,0.0056,Rest
23:20:38,0.4482,-0.4168,0.7583,0.0036,Rest
23:20:40,0.524,-0.4287,0.673,0.0043,Rest
23:20:42,0.4958,-0.3757,0.7174,0.0031,Rest
23:20:44,0.5225,-0.4277,0.7036,0.0056,Rest
23:20:46,0.5841,-0.3443,0.8221,0.0035,Rest
23:20:48,0.4285,-0.4299,0.6577,0.0036,Rest
23:20:50,0.481,-0.3993,0.7015,0.0063,Rest
23:20:52,0.4659,-0.3699,0.6824,0.0061,Rest
23:20:54,0.524,-0.3951,0.7007,0.0041,Rest
23:20:56,0.4807,-0.3274,0.694,0.0057,Rest
23:20:58,0.386,-0.4257,0.6547,0.0049,Rest
23:21:00,0.5566,-0.3817,0.6793,0.008,Rest
23:21:02,0.5288,-0.3961,0.7472,0.0074,Rest
23:21:04,0.5312,-0.4448,0.6231,0.0078,Rest
23:21:06,0.4973,-0.4696,0.6892,0.0092,Rest
23:21:08,0.5002,-0.4773,0.7844,0.0081,Rest
23:21:10,0.4967,-0.3581,0.7416,0.0088,Rest
23:21:12,0.508,-0.3318,0.6996,0.0075,Rest
23:21:14,0.5049,-0.3038,0.6929,0.0083,Rest
23:21:16,0.4778,-0.4032,0.5997,0.0068,Rest
23:21:18,0.5255,-0.3409,0.7354,0.0086,Rest
23:21:20,0.5076,-0.3307,0.6852,0.009,Rest
23:21:22,0.5036,-0.4212,0.6807,0.0089,Rest
23:21:24,0.448,-0.4413,0.6311,0.008,Rest
23:21:26,0.4878,-0.5278,0.6401,0.0082,Rest
23:21:28,0.4047,-0.4197,0.7245,0.0092,Rest
23:21:30,0.5397,-0.3531,0.6696,0.0077,Rest
23:21:32,0.5656,-0.3896,0.6619,0.0056,Rest
23:21:34,0.4917,-0.3928,0.6608,0.0081,Rest
23:21:36,0.5499,-0.4041,0.6881,0.0083,Rest
23:21:38,0.4576,-0.4477,0.6649,0.008,Rest
23:21:40,0.5747,-0.3577,0.7314,0.0072,Rest
23:21:42,0.5209,-0.4092,0.7498,0.0075,Rest
23:21:44,0.5127,-0.3645,0.678,0.0066,Rest
23:21:46,0.5741,-0.3933,0.7031,0.0088,Rest
23:21:48,0.4599,-0.3634,0.6823,0.0089,Rest
23:21:50,0.5637,-0.3485,0.8227,0.0068,Rest
23:21:52,0.5087,-0.3934,0.6949,0.0088,Rest
23:21:54,0.5256,-0.4146,0.6338,0.0096,Rest
23:21:56,0.5209,-0.452,0.7126,0.0072,Rest
23:21:58,0.5258,-0.3175,0.7674,0.0076,Rest
23:22:00,0.4864,-0.4713,0.6351,0.0084,Rest
23:22:02,0.5356,-0.3475,0.7221,0.0075,Rest
23:22:04,0.4558,-0.3041,0.6234,0.0076,Rest
23:22:06,0.5078,-0.4051,0.6646,0.0087,Rest
23:22:08,0.5302,-0.4085,0.6724,0.0081,Rest
23:22:10,0.39,-0.4301,0.7121,0.0075,Rest
23:22:12,0.5706,-0.3617,0.6817,0.0096,Rest
23:22:14,0.4647,-0.5538,0.7685,0.0077,Rest
23:22:16,0.5085,-0.4719,0.7262,0.0088,Rest
23:22:18,0.4181,-0.4418,0.6894,0.0048,Rest
23:22:20,0.5848,-0.4259,0.6604,0.0076,Rest
23:22:22,0.4195,-0.3782,0.6302,0.0083,Rest
23:22:24,0.5209,-0.3072,0.6656,0.0095,Rest
23:22:26,0.3763,-0.4076,0.6466,0.007,Rest
23:22:28,0.5324,-0.375,0.6251,0.0073,Rest
23:22:30,0.4611,-0.433,0.6781,0.0065,Rest
23:22:32,0.3867,-0.4203,0.6845,0.0089,Rest
23:22:34,0.5445,-0.3863,0.7003,0.0083,Rest
23:22:36,0.4208,-0.3857,0.7441,0.0072,Rest
23:22:38,0.4826,-0.3935,0.6193,0.0083,Rest
23:22:40,0.5244,-0.3858,0.6697,0.0098,Rest
23:22:42,0.458,-0.3738,0.7192,0.0095,Rest
23:22:44,0.5478,-0.4465,0.6375,0.0094,Rest
23:22:46,0.541,-0.4108,0.7613,0.0082,Rest
23:22:48,0.4975,-0.3774,0.6833,0.0084,Rest
23:22:50,0.5527,-0.385,0.6661,0.0074,Rest
23:22:52,0.4934,-0.4289,0.6919,0.0086,Rest
23:22:54,0.5173,-0.4804,0.6967,0.0084,Rest
23:22:56,0.4926,-0.4061,0.6229,0.01,Rest
23:22:58,0.4248,-0.3222,0.7266,0.0078,Rest
23:23:00,0.3918,-0.3257,0.7055,0.0095,Rest
23:23:02,0.4659,-0.3812,0.7547,0.0079,Rest
23:23:04,0.4708,-0.4125,0.6888,0.0071,Rest
23:23:06,0.5093,-0.3782,0.5722,0.0095,Rest
23:23:08,0.5213,-0.3611,0.6392,0.0088,Rest
23:23:10,0.4791,-0.4174,0.7186,0.007,Rest
23:23:12,0.435,-0.388,0.7479,0.0084,Rest
23:23:14,0.3835,-0.3949,0.7501,0.0074,Rest
23:23:16,0.5363,-0.4079,0.7039,0.0098,Rest
23:23:18,0.5442,-0.3011,0.7278,0.0074,Rest
23:23:20,0.479,-0.4144,0.6273,0.0088,Rest
23:23:22,0.4425,-0.3204,0.7279,0.009,Rest
23:23:24,0.5291,-0.3215,0.7215,0.0095,Rest
23:23:26,0.5075,-0.4283,0.6677,0.008,Rest
23:23:28,0.5544,-0.5285,0.6855,0.008,Rest
23:23:30,0.626,-0.2756,0.7396,0.0077,Rest
23:23:32,0.4472,-0.3789,0.7778,0.0086,Rest
23:23:34,0.4925,-0.3462,0.7095,0.0083,Rest
23:23:36,0.5439,-0.4857,0.5971,0.0081,Rest
23:23:38,0.5026,-0.3927,0.7385,0.0075,Rest
23:23:40,0.5569,-0.3748,0.5596,0.0101,Rest
23:23:42,0.5402,-0.4309,0.6881,0.0076,Rest
23:23:44,0.4598,-0.4219,0.7397,0.0068,Rest
23:23:46,0.5343,-0.2998,0.6643,0.0077,Rest
23:23:48,0.5046,-0.4283,0.729,0.0096,Rest
23:23:50,0.4344,-0.4748,0.7604,0.0096,Rest
23:23:52,0.4805,-0.442,0.6746,0.0075,Rest
23:23:54,0.4365,-0.4288,0.7562,0.0073,Rest
23:23:56,0.4754,-0.3731,0.7181,0.0072,Rest
23:23:58,0.4298,-0.392,0.7734,0.0069,Rest
23:24:00,0.422,-0.4001,0.6966,0.0073,Rest
23:24:02,0.4589,-0.4617,0.5989,0.009,Rest
23:24:04,0.4539,-0.3921,0.7352,0.0079,Rest
23:24:06,0.4862,-0.3676,0.7064,0.0068,Rest
23:24:08,0.5552,-0.4156,0.6918,0.0062,Rest
23:24:10,0.5455,-0.4422,0.6582,0.0091,Rest
23:24:12,0.5075,-0.3866,0.7687,0.0083,Rest
23:24:14,0.5366,-0.4563,0.6688,0.0094,Rest
23:24:16,0.5404,-0.4765,0.691,0.0093,Rest
23:24:18,0.4666,-0.3971,0.7005,0.0089,Rest
23:24:20,0.4687,-0.3895,0.6733,0.0087,Rest
23:24:22,0.4795,-0.4239,0.6812,0.0107,Rest
23:24:24,0.5104,-0.4163,0.7219,0.007,Rest
23:24:26,0.5059,-0.4248,0.733,0.0074,Rest
23:24:28,0.5988,-0.393,0.6647,0.0081,Rest
23:24:30,0.6633,-0.3633,0.7169,0.0072,Rest
23:24:32,0.5171,-0.4354,0.7054,0.0077,Rest
23:24:34,0.5453,-0.4042,0.7128,0.0086,Rest
23:24:36,0.6074,-0.4232,0.5965,0.0073,Rest
23:24:38,0.532,-0.4169,0.6901,0.0079,Rest
23:24:40,0.4718,-0.3842,0.7627,0.0079,Rest
23:24:42,0.5258,-0.409,0.6574,0.0072,Rest
23:24:44,0.5489,-0.3673,0.7009,0.0081,Rest
23:24:46,0.4403,-0.4964,0.6482,0.0071,Rest
23:24:48,0.5887,-0.3327,0.7575,0.0068,Rest
23:24:50,0.5348,-0.3829,0.6866,0.0087,Rest
23:24:52,0.5294,-0.3595,0.7214,0.0077,Rest
23:24:54,0.4859,-0.3724,0.7517,0.0079,Rest
23:24:56,0.5119,-0.486,0.7563,0.0089,Rest
23:24:58,0.4747,-0.3611,0.694,0.0066,Rest
23:25:00,0.5378,-0.3336,0.7111,0.0069,Rest
23:25:02,0.5117,-0.4678,0.6459,0.0077,Rest
23:25:04,0.495,-0.4322,0.7701,0.0096,Rest
23:25:06,0.4876,-0.4268,0.6946,0.0081,Rest
23:25:08,0.4883,-0.3638,0.7785,0.0079,Rest
23:25:10,0.5281,-0.4368,0.7934,0.0061,Rest
23:25:12,0.4613,-0.3107,0.6852,0.0085,Rest
23:25:14,0.5362,-0.4345,0.7238,0.0079,Rest
23:25:16,0.5919,-0.4107,0.7002,0.0089,Rest
23:25:18,0.5484,-0.4445,0.7641,0.0089,Rest
23:25:20,0.5687,-0.4475,0.7228,0.0075,Rest
23:25:22,0.5097,-0.357,0.5834,0.0073,Rest
23:25:24,0.5372,-0.3711,0.6393,0.0064,Rest
23:25:26,0.4723,-0.31,0.6213,0.008,Rest
23:25:28,0.4425,-0.4538,0.742,0.0077,Rest
23:25:30,0.4913,-0.3433,0.6996,0.0096,Rest
23:25:32,0.5165,-0.3351,0.7283,0.0076,Rest
23:25:34,0.5175,-0.347,0.808,0.0081,Rest
23:25:36,0.54,-0.4481,0.6904,0.0073,Rest
23:25:38,0.4618,-0.3481,0.7065,0.0079,Rest
23:25:40,0.5431,-0.3685,0.7043,0.0085,Rest
23:25:42,0.5652,-0.2696,0.7383,0.0083,Rest
23:25:44,0.5058,-0.3567,0.6925,0.008,Rest
23:25:46,0.4582,-0.4205,0.7082,0.0076,Rest
23:25:48,0.4635,-0.3803,0.6917,0.0078,Rest
23:25:50,0.4947,-0.4388,0.6501,0.0071,Rest
23:25:52,0.5332,-0.3858,0.7353,0.0083,Rest
23:25:54,0.4275,-0.4531,0.7322,0.0078,Rest
23:25:56,0.4732,-0.4379,0.6612,0.0085,Rest
23:25:58,0.4964,-0.438,0.7374,0.0069,Rest
23:26:00,0.4118,-0.4036,0.6741,0.0077,Rest
23:26:02,0.4989,-0.4134,0.6863,0.0075,Rest
23:26:04,0.5093,-0.4885,0.7202,0.0074,Rest
23:26:06,0.5163,-0.3195,0.6857,0.0084,Rest
23:26:08,0.5459,-0.3034,0.7089,0.0085,Rest
23:26:10,0.5326,-0.3684,0.8128,0.0087,Rest
23:26:12,0.5688,-0.3899,0.7288,0.0077,Rest
23:26:14,0.4878,-0.2851,0.7385,0.008,Rest
23:26:16,0.5407,-0.4607,0.7542,0.0076,Rest
23:26:18,0.5493,-0.348,0.648,0.0072,Rest
23:26:20,0.5789,-0.4774,0.705,0.0052,Rest
23:26:22,0.5073,-0.3134,0.7381,0.0081,Rest
23:26:24,0.429,-0.4211,0.757,0.0083,Rest
23:26:26,0.4333,-0.3862,0.761,0.0079,Rest
23:26:28,0.4131,-0.4414,0.743,0.007,Rest
23:26:30,0.4908,-0.4149,0.6534,0.0077,Rest
23:26:32,0.5655,-0.2981,0.6551,0.0067,Rest
23:26:34,0.5166,-0.3523,0.7092,0.0092,Rest
23:26:36,0.5213,-0.422,0.8206,0.0069,Rest
23:26:38,0.5249,-0.4275,0.6653,0.0077,Rest
23:26:40,0.5646,-0.4502,0.6931,0.0069,Rest
23:26:42,0.5314,-0.4133,0.7392,0.0067,Rest
23:26:44,0.5014,-0.4657,0.6632,0.0082,Rest
23:26:46,0.4745,-0.3346,0.6515,0.0079,Rest
23:26:48,0.5602,-0.4899,0.6336,0.0072,Rest
23:26:50,0.4994,-0.3207,0.7049,0.0085,Rest
23:26:52,0.5312,-0.3852,0.6315,0.0074,Rest
23:26:54,0.5269,-0.4686,0.7389,0.0064,Rest
23:26:56,0.4249,-0.488,0.7173,0.0073,Rest
23:26:58,0.4187,-0.4639,0.6904,0.0066,Rest
23:27:00,0.5487,-0.3292,0.71,0.0096,Rest
23:27:02,0.5606,-0.5221,0.6918,0.0082,Rest
23:27:04,0.5157,-0.4387,0.6909,0.0088,Rest
23:27:06,0.4653,-0.351,0.7077,0.0087,Rest
23:27:08,0.4467,-0.4293,0.7117,0.0089,Rest
23:27:10,0.4746,-0.4113,0.6993,0.008,Rest
23:27:12,0.5367,-0.3814,0.7588,0.0084,Rest
23:27:14,0.5973,-0.3831,0.754,0.0094,Rest
23:27:16,0.5277,-0.3991,0.6771,0.0078,Rest
23:27:18,0.5049,-0.3479,0.7121,0.0066,Rest
23:27:20,0.4979,-0.3915,0.6046,0.0074,Rest
23:27:22,0.5211,-0.3912,0.7112,0.0081,Rest
23:27:24,0.6188,-0.2942,0.7203,0.0076,Rest
23:27:26,0.4803,-0.4028,0.7313,0.0082,Rest
23:27:28,0.5232,-0.408,0.658,0.0086,Rest
23:27:30,0.4287,-0.403,0.758,0.0081,Rest
23:27:32,0.5064,-0.4714,0.723,0.0073,Rest
23:27:34,0.4568,-0.3856,0.7156,0.0086,Rest
23:27:36,0.585,-0.3397,0.7862,0.0085,Rest
23:27:38,0.4794,-0.3789,0.6078,0.0072,Rest
23:27:40,0.4716,-0.427,0.632,0.0086,Rest
23:27:42,0.5029,-0.3907,0.6469,0.0071,Rest
23:27:44,0.4676,-0.4224,0.7502,0.0088,Rest
23:27:46,0.5403,-0.4684,0.7642,0.0082,Rest
23:27:48,0.5059,-0.2891,0.6712,0.0088,Rest
23:27:50,0.4809,-0.2936,0.7171,0.0066,Rest
23:27:52,0.587,-0.3651,0.7612,0.0101,Rest
23:27:54,0.4445,-0.3564,0.6938,0.0069,Rest
23:27:56,0.4837,-0.4142,0.674,0.0087,Rest
23:27:58,0.5222,-0.3896,0.7077,0.0078,Rest
23:28:00,0.5918,-0.4257,0.7972,0.0084,Rest
23:28:02,0.4297,-0.4106,0.6643,0.0069,Rest
23:28:04,0.4517,-0.3822,0.6982,0.008,Rest
23:28:06,0.5512,-0.4481,0.6545,0.009,Rest
23:28:08,0.4593,-0.3836,0.6426,0.0069,Rest
23:28:10,0.4404,-0.442,0.6769,0.0063,Rest
23:28:12,0.4156,-0.3551,0.6185,0.0066,Rest
23:28:14,0.5171,-0.4404,0.676,0.0091,Rest
23:28:16,0.4229,-0.3334,0.7029,0.0069,Rest
23:28:18,0.4562,-0.3593,0.6747,0.009,Rest
23:28:20,0.5031,-0.3978,0.7074,0.0073,Rest
23:28:22,0.4776,-0.4065,0.7087,0.0089,Rest
23:28:24,0.5054,-0.3726,0.7696,0.0073,Rest
23:28:26,0.4839,-0.4022,0.7122,0.0074,Rest
23:28:28,0.5523,-0.3941,0.7471,0.0075,Rest
23:28:30,0.4655,-0.4104,0.651,0.0081,Rest
23:28:32,0.5003,-0.3683,0.6735,0.0086,Rest
23:28:34,0.5152,-0.4659,0.6158,0.0094,Rest
23:28:36,0.4268,-0.415,0.7129,0.0088,Rest
23:28:38,0.533,-0.4373,0.6777,0.0059,Rest
23:28:40,0.5201,-0.4185,0.7925,0.0062,Rest
23:28:42,0.4501,-0.4291,0.6811,0.0084,Rest
23:28:44,0.577,-0.2953,0.7053,0.0094,Rest
23:28:46,0.5542,-0.4794,0.622,0.0074,Rest
23:28:48,0.4923,-0.3685,0.7247,0.0088,Rest
23:28:50,0.4697,-0.4421,0.7257,0.0087,Rest
23:28:52,0.5385,-0.4633,0.6538,0.0081,Rest
23:28:54,0.5198,-0.2987,0.7257,0.007,Rest
23:28:56,0.5402,-0.3863,0.7104,0.0064,Rest
23:28:58,0.4791,-0.4074,0.7854,0.0089,Rest
23:29:00,0.486,-0.4334,0.7252,0.01,Rest
23:29:02,0.4846,-0.418,0.8317,0.0077,Rest
23:29:04,0.4433,-0.4957,0.643,0.0091,Rest
23:29:06,0.5536,-0.3752,0.6523,0.0084,Rest
23:29:08,0.5662,-0.3883,0.6974,0.0062,Rest
23:29:10,0.467,-0.4775,0.73,0.008,Rest
23:29:12,0.5523,-0.4208,0.7157,0.0083,Rest
23:29:14,0.496,-0.3577,0.5859,0.0078,Rest
23:29:16,0.4375,-0.3816,0.6492,0.007,Rest
23:29:18,0.4794,-0.4272,0.7034,0.0094,Rest
23:29:20,0.3955,-0.447,0.7126,0.0073,Rest
23:29:22,0.5256,-0.4229,0.7154,0.0086,Rest
23:29:24,0.5729,-0.3676,0.6883,0.0067,Rest
23:29:26,0.5256,-0.4275,0.6915,0.0073,Rest
23:29:28,0.5341,-0.3956,0.6532,0.0067,Rest
23:29:30,0.4527,-0.4313,0.6647,0.0082,Rest
23:29:32,0.5333,-0.3912,0.6862,0.0072,Rest
23:29:34,0.5752,-0.3808,0.6986,0.0076,Rest
23:29:36,0.4967,-0.4708,0.7109,0.011,Rest
23:29:38,0.4508,-0.3618,0.6971,0.0089,Rest
23:29:40,0.4795,-0.4144,0.687,0.0087,Rest
23:29:42,0.5128,-0.4405,0.7532,0.0079,Rest
23:29:44,0.5897,-0.3724,0.5827,0.0079,Rest
23:29:46,0.3866,-0.3552,0.6742,0.0089,Rest
23:29:48,0.5697,-0.4442,0.8014,0.0092,Rest
23:29:50,0.582,-0.4112,0.7652,0.0089,Rest
23:29:52,0.5406,-0.4917,0.6714,0.0077,Rest
23:29:54,0.5593,-0.4131,0.7453,0.0068,Rest
23:29:56,0.4942,-0.2849,0.7323,0.0094,Rest
23:29:58,0.4058,-0.3295,0.653,0.0098,Rest
23:30:00,0.5103,-0.3289,0.7022,0.0092,Rest
23:30:02,0.5451,-0.382,0.6768,0.0094,Rest
23:30:04,0.4576,-0.4375,0.7421,0.0079,Rest
23:30:06,0.5093,-0.3746,0.61,0.0077,Rest
23:30:08,0.4794,-0.4214,0.7051,0.0079,Rest
23:30:10,0.4564,-0.3213,0.7084,0.0059,Rest
23:30:12,0.4767,-0.3588,0.7007,0.0089,Rest
23:30:14,0.5568,-0.4357,0.7871,0.008,Rest
23:30:16,0.5304,-0.3343,0.6466,0.0079,Rest
23:30:18,0.5135,-0.4791,0.6942,0.0082,Rest
23:30:20,0.4895,-0.3737,0.7176,0.0094,Rest
23:30:22,0.4508,-0.3501,0.7566,0.01,Rest
23:30:24,0.4561,-0.4315,0.7589,0.0087,Rest
23:30:26,0.413,-0.4902,0.7125,0.0078,Rest
23:30:28,0.4628,-0.4138,0.7074,0.0082,Rest
23:30:30,0.5375,-0.4709,0.7159,0.007,Rest
23:30:32,0.5554,-0.4017,0.6865,0.0069,Rest
23:30:34,0.5621,-0.4042,0.6032,0.008,Rest
23:30:36,0.5161,-0.3106,0.7158,0.0084,Rest
23:30:38,0.4982,-0.3281,0.706,0.0078,Rest
23:30:40,0.5215,-0.385,0.7612,0.0089,Rest
23:30:42,0.5067,-0.2907,0.7437,0.0081,Rest
23:30:44,0.4119,-0.3575,0.7015,0.0083,Rest
23:30:46,0.5179,-0.3947,0.7217,0.0084,Rest
23:30:48,0.4779,-0.4032,0.6533,0.0084,Rest
23:30:50,0.4674,-0.3689,0.7414,0.0077,Rest
23:30:52,0.4663,-0.3556,0.6276,0.0094,Rest
23:30:54,0.497,-0.3397,0.6818,0.0094,Rest
23:30:56,0.5069,-0.4122,0.7185,0.007,Rest
23:30:58,0.6111,-0.3788,0.6614,0.0095,Rest
23:31:00,0.5019,-0.3252,0.7526,0.0098,Rest
23:31:02,0.5682,-0.4222,0.6579,0.0083,Rest
23:31:04,0.499,-0.3823,0.628,0.0079,Rest
23:31:06,0.5409,-0.3709,0.6379,0.0073,Rest
23:31:08,0.5109,-0.4017,0.7208,0.0074,Rest
23:31:10,0.5054,-0.3885,0.6604,0.0058,Rest
23:31:12,0.4865,-0.3859,0.7182,0.0068,Rest
23:31:14,0.4978,-0.4547,0.6147,0.0067,Rest
23:31:16,0.4667,-0.3851,0.7224,0.0059,Rest
23:31:18,0.5054,-0.4189,0.7105,0.0074,Rest
23:31:20,0.5976,-0.4115,0.7157,0.0085,Rest
23:31:22,0.4736,-0.3602,0.7401,0.0086,Rest
23:31:24,0.5288,-0.3718,0.7433,0.0083,Rest
23:31:26,0.5683,-0.4305,0.755,0.009,Rest
23:31:28,0.4329,-0.3875,0.6953,0.0081,Rest
23:31:30,0.4218,-0.4281,0.7092,0.0087,Rest
23:31:32,0.4993,-0.3621,0.7041,0.0059,Rest
23:31:34,0.5126,-0.3456,0.6369,0.0077,Rest
23:31:36,0.477,-0.45,0.7317,0.0079,Rest
23:31:38,0.4621,-0.4093,0.7783,0.0081,Rest
23:31:40,0.5142,-0.4103,0.7506,0.0068,Rest
23:31:42,0.4418,-0.4509,0.668,0.0078,Rest
23:31:44,0.4506,-0.3938,0.7061,0.0083,Rest
23:31:46,0.4878,-0.4085,0.6285,0.0087,Rest
23:31:48,0.5094,-0.447,0.792,0.0087,Rest
23:31:50,0.5051,-0.4259,0.7196,0.0068,Rest
23:31:52,0.4513,-0.4382,0.6687,0.0077,Rest
23:31:54,0.4323,-0.4557,0.6483,0.007,Rest
23:31:56,0.5457,-0.3793,0.6794,0.0082,Rest
23:31:58,0.459,-0.369,0.729,0.0077,Rest
23:32:00,0.4858,-0.3634,0.7309,0.0095,Rest
23:32:02,0.4817,-0.4739,0.6793,0.0087,Rest
23:32:04,0.4709,-0.4193,0.7059,0.0079,Rest
23:32:06,0.4138,-0.4033,0.6545,0.0083,Rest
23:32:08,0.5443,-0.4263,0.7115,0.0098,Rest
23:32:10,0.4941,-0.4207,0.7138,0.0078,Rest
23:32:12,0.5372,-0.4313,0.7401,0.0088,Rest
23:32:14,0.5314,-0.3589,0.6698,0.0087,Rest
23:32:16,0.4521,-0.2666,0.6904,0.0077,Rest
23:32:18,0.4944,-0.4355,0.7786,0.0101,Rest
23:32:20,0.4308,-0.3685,0.7179,0.0093,Rest
23:32:22,0.5119,-0.4622,0.6465,0.0092,Rest
23:32:24,0.531,-0.4042,0.7352,0.0096,Rest
23:32:26,0.5184,-0.3007,0.6552,0.0066,Rest
23:32:28,0.4297,-0.3453,0.781,0.0076,Rest
23:32:30,0.5199,-0.347,0.6452,0.0075,Rest
23:32:32,0.5636,-0.4264,0.7666,0.0101,Rest
23:32:34,0.4881,-0.3971,0.6302,0.0081,Rest
23:32:36,0.5209,-0.5238,0.7173,0.0076,Rest
23:32:38,0.4835,-0.3764,0.7655,0.0083,Rest
23:32:40,0.4904,-0.4666,0.7034,0.0081,Rest
23:32:42,0.5372,-0.3754,0.6966,0.0073,Rest
23:32:44,0.4916,-0.3821,0.6816,0.0071,Rest
23:32:46,0.5639,-0.346,0.6649,0.0087,Rest
23:32:48,0.6114,-0.3306,0.7042,0.0071,Rest
23:32:50,0.5648,-0.2968,0.7967,0.0061,Rest
23:32:52,0.4912,-0.3232,0.6631,0.0084,Rest
23:32:54,0.4848,-0.4343,0.6546,0.0092,Rest
23:32:56,0.4154,-0.4199,0.7521,0.0087,Rest
23:32:58,0.467,-0.3762,0.6844,0.0086,Rest
23:33:00,0.5071,-0.5176,0.6923,0.006,Rest
23:33:02,0.5385,-0.4502,0.61,0.0093,Rest
23:33:04,0.47,-0.4834,0.6507,0.0083,Rest
23:33:06,0.5344,-0.4393,0.8025,0.0079,Rest
23:33:08,0.606,-0.4257,0.778,0.0081,Rest
23:33:10,0.5228,-0.3994,0.7527,0.0078,Rest
23:33:12,0.481,-0.4088,0.7268,0.0087,Rest
23:33:14,0.5354,-0.4269,0.7279,0.0074,Rest
23:33:16,0.4944,-0.362,0.6767,0.0087,Rest
23:33:18,0.39,-0.4312,0.6965,0.0086,Rest
23:33:20,0.5481,-0.443,0.6803,0.0086,Rest
23:33:22,0.4724,-0.2669,0.6821,0.0063,Rest
23:33:24,0.4682,-0.4327,0.699,0.0085,Rest
23:33:26,0.4982,-0.3355,0.746,0.0074,Rest
23:33:28,0.4926,-0.3888,0.7559,0.0098,Rest
23:33:30,0.4803,-0.3364,0.7318,0.0084,Rest
23:33:32,0.472,-0.2471,0.6833,0.0066,Rest
23:33:34,0.5268,-0.3825,0.7579,0.0068,Rest
23:33:36,0.4993,-0.3736,0.7494,0.0081,Rest
23:33:38,0.5071,-0.3614,0.6212,0.0076,Rest
23:33:40,0.4723,-0.4218,0.7343,0.008,Rest
23:33:42,0.4745,-0.384,0.5829,0.0082,Rest
23:33:44,0.428,-0.3708,0.687,0.0092,Rest
23:33:46,0.5161,-0.3615,0.6245,0.008,Rest
23:33:48,0.5179,-0.3368,0.684,0.009,Rest
23:33:50,0.4927,-0.413,0.8051,0.0064,Rest
23:33:52,0.4971,-0.3265,0.695,0.0078,Rest
23:33:54,0.4233,-0.3655,0.7153,0.0079,Rest
23:33:56,0.5527,-0.4641,0.6625,0.0083,Rest
23:33:58,0.4568,-0.3067,0.7661,0.0076,Rest
23:34:00,0.5847,-0.3493,0.717,0.007,Rest
23:34:02,0.5189,-0.4198,0.7248,0.0073,Rest
23:34:04,0.5451,-0.4102,0.6842,0.008,Rest
23:34:06,0.5291,-0.4514,0.6572,0.0072,Rest
23:34:08,0.5616,-0.4687,0.6215,0.0088,Rest
23:34:10,0.5155,-0.4252,0.7282,0.0079,Rest
23:34:12,0.4025,-0.3651,0.7019,0.0095,Rest
23:34:14,0.4394,-0.3751,0.6682,0.0085,Rest
23:34:16,0.5309,-0.3693,0.7389,0.0093,Rest
23:34:18,0.4812,-0.4859,0.7411,0.0077,Rest
23:34:20,0.6023,-0.4042,0.676,0.0071,Rest
23:34:22,0.473,-0.4172,0.6457,0.0084,Rest
23:34:24,0.5024,-0.3714,0.6983,0.0082,Rest
23:34:26,0.4894,-0.4099,0.706,0.0079,Rest
23:34:28,0.6045,-0.352,0.7518,0.0101,Rest
23:34:30,0.5969,-0.4007,0.7139,0.0068,Rest
23:34:32,0.4613,-0.3956,0.6727,0.0101,Rest
23:34:34,0.5202,-0.3348,0.6847,0.006,Rest
23:34:36,0.4792,-0.3843,0.6854,0.0074,Rest
23:34:38,0.5244,-0.3676,0.6848,0.0076,Rest
23:34:40,0.5042,-0.4852,0.8444,0.0091,Rest
23:34:42,0.4824,-0.4722,0.6334,0.0081,Rest
23:34:44,0.5089,-0.39,0.7091,0.0086,Rest
23:34:46,0.5079,-0.5115,0.756,0.0083,Rest
23:34:48,0.5006,-0.3315,0.6143,0.0078,Rest
23:34:50,0.5522,-0.3976,0.7101,0.0088,Rest
23:34:52,0.4232,-0.4777,0.7384,0.0091,Rest
23:34:54,0.4842,-0.428,0.6556,0.0085,Rest
23:34:56,0.456,-0.3943,0.7428,0.0073,Rest
23:34:58,0.5275,-0.3028,0.7382,0.0098,Rest
23:35:00,0.4444,-0.4936,0.7415,0.0082,Rest
23:35:02,0.5374,-0.3885,0.6993,0.007,Rest
23:35:04,0.4468,-0.3984,0.6915,0.0079,Rest
23:35:06,0.5043,-0.3529,0.6617,0.0074,Rest
23:35:08,0.5101,-0.3492,0.834,0.0091,Rest
23:35:10,0.4396,-0.3804,0.6966,0.0082,Rest
23:35:12,0.4778,-0.4079,0.6948,0.0077,Rest
23:35:14,0.5072,-0.4578,0.7172,0.0072,Rest
23:35:16,0.5984,-0.4159,0.7268,0.0073,Rest
23:35:18,0.4452,-0.4049,0.7369,0.0063,Rest
23:35:20,0.419,-0.35,0.668,0.0078,Rest
23:35:22,0.5319,-0.3788,0.6821,0.0094,Rest
23:35:24,0.5399,-0.4752,0.7015,0.0078,Rest
23:35:26,0.5515,-0.3602,0.6596,0.0064,Rest
23:35:28,0.5039,-0.3722,0.6623,0.0086,Rest
23:35:30,0.4623,-0.3956,0.7653,0.0088,Rest
23:35:32,0.4945,-0.3164,0.8158,0.009,Rest
23:35:34,0.4827,-0.3838,0.6146,0.008,Rest
23:35:36,0.456,-0.3611,0.711,0.0081,Rest
23:35:38,0.5355,-0.3277,0.5767,0.0078,Rest
23:35:40,0.5253,-0.4112,0.7586,0.008,Rest
23:35:42,0.472,-0.374,0.7308,0.0081,Rest
23:35:44,0.4943,-0.448,0.6947,0.0063,Rest
23:35:46,0.5046,-0.4116,0.6573,0.0099,Rest
23:35:48,0.4632,-0.4694,0.7097,0.0083,Rest
23:35:50,0.4264,-0.3531,0.6935,0.0084,Rest
23:35:52,0.4924,-0.4862,0.6808,0.0085,Rest
23:35:54,0.4316,-0.4064,0.671,0.0093,Rest
23:35:56,0.5133,-0.3944,0.7019,0.0074,Rest
23:35:58,0.5795,-0.349,0.7024,0.0077,Rest
23:36:00,0.5056,-0.4593,0.7334,0.0537,Moving
23:36:02,0.6018,-0.3901,0.7413,0.0674,Moving
23:36:04,0.445,-0.3431,0.6019,0.0792,Moving
23:36:06,0.5503,-0.4234,0.7157,0.0569,Moving
23:36:08,0.5095,-0.3919,0.7523,0.0565,Moving
23:36:10,0.5581,-0.511,0.6956,0.0521,Moving
23:36:12,0.3949,-0.4731,0.7665,0.051,Moving
23:36:14,0.575,-0.422,0.6308,0.0551,Moving
23:36:16,0.5372,-0.4679,0.6742,0.0535,Moving
23:36:18,0.5842,-0.3417,0.6774,0.0574,Moving
23:36:20,0.5834,-0.4379,0.6957,0.0693,Moving
23:36:22,0.4845,-0.4487,0.69,0.0696,Moving
23:36:24,0.4931,-0.4308,0.6836,0.0559,Moving
23:36:26,0.5223,-0.4015,0.7669,0.056,Moving
23:36:28,0.5553,-0.3713,0.6996,0.0536,Moving
23:36:30,0.4499,-0.4687,0.6157,0.0513,Moving
23:36:32,0.5193,-0.4393,0.6537,0.07,Moving
23:36:34,0.5212,-0.2829,0.6374,0.0819,Moving
23:36:36,0.5588,-0.4268,0.8089,0.0513,Moving
23:36:38,0.4977,-0.3814,0.7977,0.0648,Moving
23:36:40,0.498,-0.4895,0.7394,0.051,Moving
23:36:42,0.5234,-0.2818,0.6618,0.0508,Moving
23:36:44,0.4444,-0.2825,0.6585,0.056,Moving
23:36:46,0.4645,-0.383,0.7355,0.0539,Moving
23:36:48,0.5053,-0.3855,0.756,0.0597,Moving
23:36:50,0.4509,-0.424,0.5983,0.075,Moving
23:36:52,0.5059,-0.4421,0.7929,0.0503,Moving
23:36:54,0.4646,-0.4363,0.708,0.068,Moving
23:36:56,0.5186,-0.3063,0.708,0.0767,Moving
23:36:58,0.4576,-0.4734,0.7219,0.0612,Moving
23:37:00,0.4555,-0.3724,0.8018,0.064,Moving
23:37:02,0.5002,-0.383,0.5144,0.0503,Moving
23:37:04,0.4282,-0.4991,0.641,0.0668,Moving
23:37:06,0.511,-0.4794,0.7359,0.0503,Moving
23:37:08,0.5385,-0.3838,0.7137,0.0537,Moving
23:37:10,0.5341,-0.3855,0.6679,0.0622,Moving
23:37:12,0.5228,-0.3464,0.6836,0.0632,Moving
23:37:14,0.4493,-0.3963,0.6149,0.051,Moving
23:37:16,0.5519,-0.3488,0.6937,0.0526,Moving
23:37:18,0.4685,-0.4423,0.7213,0.0501,Moving
23:37:20,0.5147,-0.3227,0.7084,0.0514,Moving
23:37:22,0.51,-0.4192,0.6887,0.0522,Moving
23:37:24,0.5002,-0.3667,0.7025,0.0559,Moving
23:37:26,0.5487,-0.383,0.6403,0.0644,Moving
23:37:28,0.4312,-0.3809,0.6365,0.0545,Moving
23:37:30,0.4533,-0.2751,0.7343,0.0506,Moving
23:37:32,0.4974,-0.4044,0.6211,0.0615,Moving
23:37:34,0.4943,-0.3834,0.7564,0.0742,Moving
23:37:36,0.4508,-0.3694,0.7893,0.0736,Moving
23:37:38,0.3931,-0.4454,0.7384,0.0509,Moving
23:37:40,0.5006,-0.3564,0.7054,0.0525,Moving
23:37:42,0.4746,-0.4115,0.6849,0.0622,Moving
23:37:44,0.5499,-0.4154,0.6578,0.0555,Moving
23:37:46,0.4721,-0.3445,0.624,0.0543,Moving
23:37:48,0.5798,-0.3379,0.621,0.0641,Moving
23:37:50,0.4772,-0.3959,0.7928,0.0634,Moving
23:37:52,0.5297,-0.3988,0.7182,0.0571,Moving
23:37:54,0.524,-0.4588,0.7747,0.0546,Moving
23:37:56,0.582,-0.439,0.7086,0.1008,Moving
23:37:58,0.5755,-0.4222,0.7134,0.0502,Moving
23:38:00,0.5721,-0.4435,0.6331,0.0503,Moving
23:38:02,0.5282,-0.3532,0.6674,0.0506,Moving
23:38:04,0.5317,-0.4442,0.6696,0.056,Moving
23:38:06,0.4745,-0.327,0.7196,0.0616,Moving
23:38:08,0.4087,-0.4347,0.7163,0.0759,Moving
23:38:10,0.4814,-0.4279,0.7668,0.0953,Moving
23:38:12,0.4699,-0.3998,0.7572,0.0609,Moving
23:38:14,0.5291,-0.3906,0.6407,0.0574,Moving
23:38:16,0.5486,-0.3983,0.69,0.0653,Moving
23:38:18,0.5386,-0.3967,0.7324,0.0615,Moving
23:38:20,0.4645,-0.3136,0.7655,0.06,Moving
23:38:22,0.4855,-0.3188,0.6675,0.0522,Moving
23:38:24,0.5418,-0.2679,0.7047,0.0658,Moving
23:38:26,0.4726,-0.4873,0.7504,0.0609,Moving
23:38:28,0.5149,-0.3959,0.6423,0.0651,Moving
23:38:30,0.4536,-0.3127,0.6708,0.0551,Moving
23:38:32,0.4947,-0.4416,0.6258,0.0657,Moving
23:38:34,0.5268,-0.3555,0.7494,0.0526,Moving
23:38:36,0.442,-0.4635,0.7552,0.08,Moving
23:38:38,0.4919,-0.4913,0.7051,0.0563,Moving
23:38:40,0.4547,-0.4111,0.6771,0.0538,Moving
23:38:42,0.4929,-0.3304,0.761,0.0505,Moving
23:38:44,0.4809,-0.4293,0.7998,0.0602,Moving
23:38:46,0.4697,-0.4671,0.6956,0.0594,Moving
23:38:48,0.4683,-0.4099,0.6483,0.058,Moving
23:38:50,0.4391,-0.3447,0.6903,0.0627,Moving
23:38:52,0.4873,-0.4252,0.6585,0.0719,Moving
23:38:54,0.4836,-0.3416,0.6509,0.0668,Moving
23:38:56,0.4748,-0.4679,0.776,0.0594,Moving
23:38:58,0.5595,-0.442,0.6381,0.0707,Moving
23:39:00,0.4462,-0.4312,0.6686,0.0551,Moving
23:39:02,0.4792,-0.3893,0.7139,0.0594,Moving
23:39:04,0.4975,-0.3574,0.7227,0.051,Moving
23:39:06,0.4676,-0.2963,0.6537,0.0504,Moving
23:39:08,0.5189,-0.5263,0.6691,0.0708,Moving
23:39:10,0.5106,-0.3138,0.6454,0.0719,Moving
23:39:12,0.4151,-0.4397,0.7438,0.0533,Moving
23:39:14,0.509,-0.4368,0.7797,0.0538,Moving
23:39:16,0.4943,-0.3485,0.7748,0.0537,Moving
23:39:18,0.5887,-0.4634,0.7246,0.0529,Moving
23:39:20,0.4789,-0.4058,0.6795,0.0606,Moving
23:39:22,0.51,-0.3881,0.7242,0.0571,Moving
23:39:24,0.556,-0.3842,0.6081,0.058,Moving
23:39:26,0.5348,-0.5036,0.6041,0.0738,Moving
23:39:28,0.4414,-0.3687,0.6105,0.0639,Moving
23:39:30,0.557,-0.403,0.6779,0.0736,Moving
23:39:32,0.3886,-0.4338,0.6688,0.0522,Moving
23:39:34,0.4562,-0.4359,0.7481,0.0512,Moving
23:39:36,0.4351,-0.4212,0.6797,0.0526,Moving
23:39:38,0.4983,-0.4915,0.7211,0.0609,Moving
23:39:40,0.4446,-0.3842,0.7191,0.0605,Moving
23:39:42,0.4968,-0.3051,0.7416,0.0502,Moving
23:39:44,0.5064,-0.4607,0.6985,0.0691,Moving
23:39:46,0.5109,-0.4464,0.6875,0.0525,Moving
23:39:48,0.4829,-0.4789,0.6678,0.0691,Moving
23:39:50,0.4871,-0.426,0.7274,0.0515,Moving
23:39:52,0.5391,-0.3946,0.6686,0.0788,Moving
23:39:54,0.435,-0.3744,0.6587,0.0553,Moving
23:39:56,0.5251,-0.3906,0.6823,0.0588,Moving
23:39:58,0.4878,-0.4205,0.6654,0.0887,Moving
23:40:00,0.4541,-0.4126,0.6104,0.0555,Moving
23:40:02,0.5762,-0.4099,0.6341,0.0774,Moving
23:40:04,0.5206,-0.4507,0.6383,0.0542,Moving
23:40:06,0.5096,-0.4164,0.751,0.0589,Moving
23:40:08,0.5153,-0.363,0.7591,0.0578,Moving
23:40:10,0.4608,-0.3608,0.6288,0.0581,Moving
23:40:12,0.4801,-0.314,0.6916,0.0602,Moving
23:40:14,0.4811,-0.4214,0.6668,0.051,Moving
23:40:16,0.6245,-0.4331,0.6371,0.0668,Moving
23:40:18,0.4496,-0.3882,0.7485,0.0624,Moving
23:40:20,0.5092,-0.2995,0.722,0.0778,Moving
23:40:22,0.4719,-0.3791,0.6916,0.0516,Moving
23:40:24,0.5175,-0.4138,0.6775,0.0501,Moving
23:40:26,0.5144,-0.3615,0.6694,0.062,Moving
23:40:28,0.499,-0.5284,0.7514,0.0519,Moving
23:40:30,0.5771,-0.4339,0.6684,0.0697,Moving
23:40:32,0.4379,-0.4271,0.7345,0.069,Moving
23:40:34,0.608,-0.4949,0.7371,0.0541,Moving
23:40:36,0.4785,-0.3782,0.7029,0.0618,Moving
23:40:38,0.5106,-0.4196,0.7729,0.0627,Moving
23:40:40,0.4688,-0.4584,0.7209,0.0506,Moving
23:40:42,0.4858,-0.2921,0.6876,0.0575,Moving
23:40:44,0.4752,-0.3936,0.7446,0.0674,Moving
23:40:46,0.4951,-0.3601,0.6911,0.0582,Moving
23:40:48,0.5763,-0.3522,0.6378,0.0563,Moving
23:40:50,0.5433,-0.4708,0.6524,0.0746,Moving
23:40:52,0.478,-0.3884,0.7843,0.0568,Moving
23:40:54,0.5181,-0.4317,0.7631,0.0545,Moving
23:40:56,0.462,-0.4074,0.5972,0.0518,Moving
23:40:58,0.5503,-0.4118,0.7822,0.0745,Moving
23:41:00,0.5868,-0.3734,0.6952,0.0122,Rest
23:41:02,0.4834,-0.3111,0.7465,0.0095,Rest
23:41:04,0.5493,-0.4198,0.7435,0.0108,Rest
23:41:06,0.4738,-0.4162,0.7536,0.0112,Rest
23:41:08,0.4767,-0.3678,0.7516,0.01,Rest
23:41:10,0.4901,-0.4296,0.6594,0.0109,Rest
23:41:12,0.522,-0.3389,0.7523,0.0108,Rest
23:41:14,0.429,-0.4177,0.7277,0.0104,Rest
23:41:16,0.5433,-0.459,0.6485,0.0093,Rest
23:41:18,0.469,-0.4255,0.7118,0.0111,Rest
23:41:20,0.5351,-0.3799,0.6023,0.0077,Rest
23:41:22,0.4961,-0.3591,0.6906,0.0101,Rest
23:41:24,0.4358,-0.3274,0.7494,0.0111,Rest
23:41:26,0.5404,-0.4671,0.6979,0.0097,Rest
23:41:28,0.4373,-0.3166,0.7016,0.0088,Rest
23:41:30,0.4298,-0.4454,0.6908,0.0084,Rest
23:41:32,0.494,-0.3288,0.5935,0.0085,Rest
23:41:34,0.5323,-0.4814,0.6909,0.0114,Rest
23:41:36,0.6208,-0.3505,0.7043,0.0119,Rest
23:41:38,0.4825,-0.3946,0.7699,0.0111,Rest
23:41:40,0.5129,-0.488,0.7577,0.0086,Rest
23:41:42,0.4489,-0.3802,0.6714,0.0104,Rest
23:41:44,0.5171,-0.417,0.6973,0.0101,Rest
23:41:46,0.4831,-0.4414,0.7469,0.0099,Rest
23:41:48,0.4958,-0.4499,0.6818,0.0092,Rest
23:41:50,0.5426,-0.4459,0.7167,0.0105,Rest
23:41:52,0.4226,-0.3655,0.6109,0.0117,Rest
23:41:54,0.5579,-0.3679,0.7416,0.0104,Rest
23:41:56,0.4466,-0.4491,0.6167,0.0089,Rest
23:41:58,0.4793,-0.4443,0.6594,0.0089,Rest
23:42:00,0.3927,-0.4045,0.7288,0.0096,Rest
23:42:02,0.4317,-0.4555,0.8218,0.0093,Rest
23:42:04,0.5006,-0.3367,0.6498,0.0104,Rest
23:42:06,0.42,-0.4405,0.8005,0.0125,Rest
23:42:08,0.4433,-0.3532,0.7064,0.0109,Rest
23:42:10,0.529,-0.4786,0.6973,0.0096,Rest
23:42:12,0.6411,-0.4121,0.7123,0.0099,Rest
23:42:14,0.5122,-0.4298,0.6431,0.01,Rest
23:42:16,0.4491,-0.3789,0.6592,0.0098,Rest
23:42:18,0.5849,-0.439,0.6904,0.0099,Rest
23:42:20,0.4775,-0.3569,0.6624,0.0103,Rest
23:42:22,0.3794,-0.4212,0.6868,0.0099,Rest
23:42:24,0.5796,-0.382,0.7132,0.009,Rest
23:42:26,0.474,-0.4119,0.7967,0.0099,Rest
23:42:28,0.4903,-0.3845,0.7313,0.0112,Rest
23:42:30,0.5377,-0.4636,0.7067,0.0081,Rest
23:42:32,0.5136,-0.4419,0.7324,0.0114,Rest
23:42:34,0.5798,-0.4601,0.6382,0.0107,Rest
23:42:36,0.3984,-0.3593,0.763,0.0107,Rest
23:42:38,0.5658,-0.436,0.698,0.0096,Rest
23:42:40,0.483,-0.396,0.6802,0.0107,Rest
23:42:42,0.4149,-0.3952,0.6633,0.0096,Rest
23:42:44,0.512,-0.412,0.6286,0.0102,Rest
23:42:46,0.485,-0.4033,0.7492,0.0098,Rest
23:42:48,0.4892,-0.3866,0.8269,0.0111,Rest
23:42:50,0.4241,-0.3675,0.697,0.0104,Rest
23:42:52,0.5708,-0.2993,0.7171,0.0085,Rest
23:42:54,0.5644,-0.3858,0.6496,0.0102,Rest
23:42:56,0.5871,-0.4555,0.7716,0.0098,Rest
23:42:58,0.5501,-0.3794,0.6589,0.0102,Rest
23:43:00,0.4364,-0.419,0.7287,0.0089,Rest
23:43:02,0.4588,-0.4258,0.6449,0.01,Rest
23:43:04,0.4746,-0.366,0.6801,0.0115,Rest
23:43:06,0.4701,-0.3428,0.7667,0.0107,Rest
23:43:08,0.5316,-0.4055,0.6138,0.0103,Rest
23:43:10,0.4808,-0.4329,0.7469,0.0105,Rest
23:43:12,0.4501,-0.36,0.6099,0.0074,Rest
23:43:14,0.4139,-0.3673,0.6682,0.0078,Rest
23:43:16,0.4877,-0.4275,0.6698,0.009,Rest
23:43:18,0.4997,-0.3191,0.7355,0.0109,Rest
23:43:20,0.4977,-0.389,0.612,0.0103,Rest
23:43:22,0.6247,-0.3527,0.6482,0.0104,Rest
23:43:24,0.4802,-0.4321,0.711,0.009,Rest
23:43:26,0.489,-0.3635,0.7403,0.0091,Rest
23:43:28,0.4924,-0.3178,0.7331,0.011,Rest
23:43:30,0.4594,-0.4834,0.7579,0.0107,Rest
23:43:32,0.4838,-0.4185,0.648,0.0116,Rest
23:43:34,0.5402,-0.4584,0.6932,0.0107,Rest
23:43:36,0.4974,-0.3958,0.6075,0.0117,Rest
23:43:38,0.5025,-0.4571,0.6267,0.0108,Rest
23:43:40,0.4955,-0.3326,0.7287,0.0117,Rest
23:43:42,0.4159,-0.4188,0.7471,0.0113,Rest
23:43:44,0.5437,-0.3286,0.7811,0.0096,Rest
23:43:46,0.4126,-0.3876,0.6539,0.008,Rest
23:43:48,0.579,-0.4025,0.7656,0.0076,Rest
23:43:50,0.5182,-0.4074,0.6364,0.0118,Rest
23:43:52,0.4715,-0.481,0.7037,0.008,Rest
23:43:54,0.5327,-0.473,0.695,0.0106,Rest
23:43:56,0.3809,-0.4263,0.7299,0.0103,Rest
23:43:58,0.5106,-0.3702,0.6231,0.0078,Rest
23:44:00,0.4949,-0.4496,0.6484,0.0106,Rest
23:44:02,0.4778,-0.4511,0.6914,0.0096,Rest
23:44:04,0.5032,-0.4127,0.7517,0.0106,Rest
23:44:06,0.5229,-0.3933,0.5915,0.0099,Rest
23:44:08,0.4468,-0.4383,0.6409,0.0093,Rest
23:44:10,0.4995,-0.4253,0.7882,0.0099,Rest
23:44:12,0.48,-0.3781,0.6953,0.0092,Rest
23:44:14,0.4683,-0.4273,0.7167,0.0092,Rest
23:44:16,0.5537,-0.378,0.5574,0.0101,Rest
23:44:18,0.4903,-0.4588,0.6918,0.0083,Rest
23:44:20,0.4024,-0.4157,0.7696,0.0117,Rest
23:44:22,0.4454,-0.3711,0.7304,0.0086,Rest
23:44:24,0.522,-0.3996,0.5961,0.0099,Rest
23:44:26,0.4861,-0.3758,0.747,0.0092,Rest
23:44:28,0.582,-0.3374,0.6857,0.0092,Rest
23:44:30,0.5404,-0.4568,0.6988,0.0101,Rest
23:44:32,0.4227,-0.3736,0.691,0.0113,Rest
23:44:34,0.5605,-0.3913,0.7315,0.0082,Rest
23:44:36,0.4751,-0.4553,0.7493,0.0081,Rest
23:44:38,0.4562,-0.4655,0.7224,0.0092,Rest
23:44:40,0.5227,-0.3371,0.6479,0.0103,Rest
23:44:42,0.4489,-0.3606,0.6675,0.01,Rest
23:44:44,0.5424,-0.4276,0.7476,0.0084,Rest
23:44:46,0.4855,-0.3954,0.7455,0.0089,Rest
23:44:48,0.5056,-0.4279,0.6824,0.0121,Rest
23:44:50,0.4494,-0.3921,0.7889,0.0101,Rest
23:44:52,0.5201,-0.3451,0.7756,0.0093,Rest
23:44:54,0.4925,-0.2528,0.6651,0.0097,Rest
23:44:56,0.5704,-0.4069,0.718,0.0077,Rest
23:44:58,0.465,-0.3872,0.7702,0.0098,Rest
23:45:00,0.4477,-0.4302,0.693,0.0101,Rest
23:45:02,0.5255,-0.4161,0.7546,0.0088,Rest
23:45:04,0.5192,-0.4068,0.709,0.0113,Rest
23:45:06,0.5438,-0.3703,0.7163,0.0091,Rest
23:45:08,0.4217,-0.3923,0.6933,0.0086,Rest
23:45:10,0.4789,-0.4528,0.6872,0.0091,Rest
23:45:12,0.3886,-0.4619,0.5936,0.0109,Rest
23:45:14,0.4796,-0.4751,0.6554,0.0106,Rest
23:45:16,0.537,-0.334,0.5812,0.012,Rest
23:45:18,0.5706,-0.3306,0.6873,0.0108,Rest
23:45:20,0.5375,-0.415,0.7478,0.0086,Rest
23:45:22,0.4628,-0.4832,0.7039,0.0116,Rest
23:45:24,0.5085,-0.4188,0.697,0.0121,Rest
23:45:26,0.5977,-0.451,0.7964,0.0113,Rest
23:45:28,0.5386,-0.3407,0.741,0.0114,Rest
23:45:30,0.5854,-0.4105,0.6228,0.0079,Rest
23:45:32,0.4078,-0.4256,0.7692,0.0086,Rest
23:45:34,0.4776,-0.3817,0.6915,0.0088,Rest
23:45:36,0.4093,-0.4045,0.7193,0.0093,Rest
23:45:38,0.486,-0.5117,0.7566,0.0089,Rest
23:45:40,0.4814,-0.3702,0.7185,0.008,Rest
23:45:42,0.5771,-0.4146,0.6338,0.0099,Rest
23:45:44,0.5486,-0.4086,0.7008,0.0105,Rest
23:45:46,0.4306,-0.3419,0.5792,0.0092,Rest
23:45:48,0.5284,-0.4546,0.6804,0.0115,Rest
23:45:50,0.5385,-0.4011,0.7393,0.0091,Rest
23:45:52,0.4376,-0.2786,0.7039,0.0083,Rest
23:45:54,0.5074,-0.3801,0.6661,0.0096,Rest
23:45:56,0.5307,-0.3786,0.8002,0.008,Rest
23:45:58,0.5286,-0.4031,0.678,0.0097,Rest
23:46:00,0.5473,-0.3576,0.7174,0.0108,Rest
23:46:02,0.4239,-0.2665,0.7277,0.0105,Rest
23:46:04,0.4695,-0.4042,0.7054,0.0101,Rest
23:46:06,0.5215,-0.3657,0.6684,0.01,Rest
23:46:08,0.4885,-0.339,0.668,0.01,Rest
23:46:10,0.453,-0.374,0.6622,0.0109,Rest
23:46:12,0.4897,-0.3504,0.8193,0.0095,Rest
23:46:14,0.4667,-0.4178,0.6568,0.0112,Rest
23:46:16,0.5078,-0.4108,0.7234,0.0082,Rest
23:46:18,0.5124,-0.3887,0.5716,0.0093,Rest
23:46:20,0.4772,-0.469,0.7179,0.0092,Rest
23:46:22,0.4264,-0.3807,0.7314,0.0095,Rest
23:46:24,0.5034,-0.4081,0.7036,0.0094,Rest
23:46:26,0.4703,-0.3387,0.6065,0.0106,Rest
23:46:28,0.4918,-0.4201,0.7458,0.0121,Rest
23:46:30,0.5405,-0.39,0.6581,0.0096,Rest
23:46:32,0.4815,-0.3798,0.587,0.0118,Rest
23:46:34,0.3943,-0.4674,0.6831,0.0098,Rest
23:46:36,0.519,-0.4171,0.672,0.0084,Rest
23:46:38,0.5604,-0.3922,0.7204,0.0089,Rest
23:46:40,0.4513,-0.3869,0.7371,0.0096,Rest
23:46:42,0.5126,-0.3816,0.6643,0.0098,Rest
23:46:44,0.5275,-0.4413,0.6469,0.0105,Rest
23:46:46,0.5564,-0.4,0.7183,0.0093,Rest
23:46:48,0.5259,-0.3426,0.6447,0.0091,Rest
23:46:50,0.4983,-0.3175,0.7886,0.0097,Rest
23:46:52,0.4713,-0.4383,0.6874,0.0076,Rest
23:46:54,0.4668,-0.5019,0.6426,0.0076,Rest
23:46:56,0.4927,-0.4485,0.7364,0.0097,Rest
23:46:58,0.4973,-0.3997,0.7159,0.0089,Rest
23:47:00,0.4747,-0.4783,0.7601,0.0113,Rest
23:47:02,0.5289,-0.3621,0.7634,0.0089,Rest
23:47:04,0.4652,-0.4476,0.6717,0.0097,Rest
23:47:06,0.5429,-0.5059,0.7348,0.0106,Rest
23:47:08,0.4675,-0.4166,0.7215,0.0097,Rest
23:47:10,0.4891,-0.3571,0.7372,0.0101,Rest
23:47:12,0.5706,-0.3544,0.6444,0.0099,Rest
23:47:14,0.5816,-0.3875,0.6639,0.0093,Rest
23:47:16,0.523,-0.4126,0.6776,0.0101,Rest
23:47:18,0.631,-0.2753,0.662,0.0103,Rest
23:47:20,0.5393,-0.4326,0.623,0.0115,Rest
23:47:22,0.4289,-0.3794,0.65,0.0109,Rest
23:47:24,0.5092,-0.3562,0.7577,0.0113,Rest
23:47:26,0.5792,-0.3589,0.782,0.0113,Rest
23:47:28,0.5354,-0.445,0.735,0.0112,Rest
23:47:30,0.4511,-0.4983,0.7462,0.0078,Rest
23:47:32,0.4221,-0.4346,0.7374,0.0085,Rest
23:47:34,0.5301,-0.5059,0.6351,0.0106,Rest
23:47:36,0.5459,-0.4546,0.7298,0.0093,Rest
23:47:38,0.5123,-0.3407,0.654,0.0104,Rest
23:47:40,0.5661,-0.363,0.6929,0.0101,Rest
23:47:42,0.5022,-0.4007,0.7693,0.0105,Rest
23:47:44,0.5019,-0.3803,0.7647,0.0097,Rest
23:47:46,0.4151,-0.4011,0.7125,0.0107,Rest
23:47:48,0.5061,-0.5008,0.7569,0.0116,Rest
23:47:50,0.5009,-0.4598,0.7744,0.0088,Rest
23:47:52,0.5447,-0.4116,0.7796,0.0099,Rest
23:47:54,0.4746,-0.4006,0.6708,0.0102,Rest
23:47:56,0.5421,-0.4011,0.6687,0.0097,Rest
23:47:58,0.5108,-0.4528,0.6046,0.011,Rest
23:48:00,0.4586,-0.3489,0.6663,0.0101,Rest
23:48:02,0.4662,-0.3975,0.6479,0.009,Rest
23:48:04,0.5945,-0.381,0.7069,0.0089,Rest
23:48:06,0.4585,-0.3267,0.6836,0.0099,Rest
23:48:08,0.4148,-0.4024,0.7028,0.008,Rest
23:48:10,0.5427,-0.4362,0.7054,0.0114,Rest
23:48:12,0.4242,-0.3769,0.6411,0.0085,Rest
23:48:14,0.439,-0.3815,0.6937,0.0108,Rest
23:48:16,0.4676,-0.4099,0.7315,0.0099,Rest
23:48:18,0.5323,-0.4336,0.7393,0.0104,Rest
23:48:20,0.5486,-0.3897,0.7338,0.0093,Rest
23:48:22,0.5583,-0.4392,0.6747,0.0085,Rest
23:48:24,0.5572,-0.3974,0.6918,0.0095,Rest
23:48:26,0.4427,-0.4508,0.7734,0.0112,Rest
23:48:28,0.5272,-0.4221,0.6997,0.0106,Rest
23:48:30,0.5191,-0.3855,0.6495,0.0105,Rest
23:48:32,0.4633,-0.5138,0.6689,0.0108,Rest
23:48:34,0.4222,-0.4033,0.698,0.0093,Rest
23:48:36,0.5044,-0.3572,0.7488,0.0095,Rest
23:48:38,0.5281,-0.3901,0.6476,0.0108,Rest
23:48:40,0.5237,-0.3939,0.6599,0.0088,Rest
23:48:42,0.4313,-0.4785,0.7997,0.0102,Rest
23:48:44,0.4603,-0.4035,0.731,0.0096,Rest
23:48:46,0.5591,-0.449,0.7007,0.0109,Rest
23:48:48,0.4908,-0.3999,0.7103,0.0099,Rest
23:48:50,0.5358,-0.3698,0.6979,0.0086,Rest
23:48:52,0.5504,-0.3961,0.6815,0.0123,Rest
23:48:54,0.5103,-0.4629,0.719,0.0102,Rest
23:48:56,0.5556,-0.4252,0.6669,0.0091,Rest
23:48:58,0.5157,-0.3731,0.7718,0.0104,Rest
23:49:00,0.5094,-0.3878,0.5717,0.0099,Rest
23:49:02,0.4442,-0.3057,0.7064,0.0101,Rest
23:49:04,0.5315,-0.3317,0.7972,0.0097,Rest
23:49:06,0.6322,-0.4118,0.626,0.0091,Rest
23:49:08,0.4904,-0.3803,0.6404,0.0093,Rest
23:49:10,0.5211,-0.3828,0.6812,0.0103,Rest
23:49:12,0.5675,-0.4649,0.7082,0.0105,Rest
23:49:14,0.5429,-0.3855,0.7292,0.0091,Rest
23:49:16,0.4898,-0.3943,0.8123,0.0107,Rest
23:49:18,0.4536,-0.4605,0.7332,0.0113,Rest
23:49:20,0.5061,-0.3251,0.8232,0.0082,Rest
23:49:22,0.4718,-0.4301,0.6803,0.0086,Rest
23:49:24,0.6115,-0.4225,0.676,0.0102,Rest
23:49:26,0.5332,-0.4602,0.7305,0.0096,Rest
23:49:28,0.5067,-0.4944,0.7913,0.0107,Rest
23:49:30,0.5139,-0.4136,0.8,0.01,Rest
23:49:32,0.4286,-0.4061,0.7155,0.0106,Rest
23:49:34,0.5482,-0.4834,0.7568,0.011,Rest
23:49:36,0.5873,-0.3698,0.7268,0.0118,Rest
23:49:38,0.5119,-0.4413,0.6443,0.0091,Rest
23:49:40,0.5073,-0.33,0.6834,0.0093,Rest
23:49:42,0.4384,-0.3809,0.64,0.0103,Rest
23:49:44,0.5351,-0.3823,0.6512,0.0103,Rest
23:49:46,0.3848,-0.4164,0.695,0.0112,Rest
23:49:48,0.4823,-0.3826,0.6701,0.0084,Rest
23:49:50,0.5572,-0.4668,0.6949,0.0098,Rest
23:49:52,0.4917,-0.4744,0.7203,0.0098,Rest
23:49:54,0.5572,-0.3373,0.7221,0.0107,Rest
23:49:56,0.4422,-0.433,0.5931,0.0099,Rest
23:49:58,0.5276,-0.3669,0.686,0.0098,Rest
23:50:00,0.5707,-0.3907,0.6894,0.0102,Rest
23:50:02,0.5577,-0.4346,0.6947,0.0096,Rest
23:50:04,0.5263,-0.3943,0.7698,0.0082,Rest
23:50:06,0.4603,-0.2993,0.711,0.012,Rest
23:50:08,0.4498,-0.3853,0.6065,0.0112,Rest
23:50:10,0.6107,-0.3637,0.7305,0.0085,Rest
23:50:12,0.5242,-0.3996,0.759,0.0112,Rest
23:50:14,0.4948,-0.3005,0.7394,0.0091,Rest
23:50:16,0.5272,-0.4632,0.6875,0.0088,Rest
23:50:18,0.4906,-0.4565,0.743,0.009,Rest
23:50:20,0.4679,-0.372,0.6854,0.0107,Rest
23:50:22,0.5777,-0.3598,0.6939,0.0105,Rest
23:50:24,0.4957,-0.3751,0.6289,0.009,Rest
23:50:26,0.5507,-0.2362,0.7458,0.0102,Rest
23:50:28,0.4808,-0.3416,0.699,0.0103,Rest
23:50:30,0.5888,-0.3216,0.625,0.0099,Rest
23:50:32,0.4027,-0.3903,0.6665,0.0099,Rest
23:50:34,0.5631,-0.3578,0.7276,0.0102,Rest
23:50:36,0.5317,-0.3267,0.7256,0.01,Rest
23:50:38,0.5143,-0.3795,0.672,0.0102,Rest
23:50:40,0.5585,-0.3171,0.7281,0.0097,Rest
23:50:42,0.5555,-0.3682,0.6546,0.0101,Rest
23:50:44,0.4714,-0.4505,0.6748,0.0101,Rest
23:50:46,0.5644,-0.4609,0.6195,0.0101,Rest
23:50:48,0.5575,-0.4829,0.7097,0.0096,Rest
23:50:50,0.4957,-0.413,0.6331,0.0093,Rest
23:50:52,0.5216,-0.5027,0.6244,0.0095,Rest
23:50:54,0.5083,-0.398,0.7247,0.0094,Rest
23:50:56,0.4973,-0.3612,0.6107,0.0083,Rest
23:50:58,0.5235,-0.4086,0.6579,0.0098,Rest
23:51:00,0.5306,-0.3656,0.6551,0.0104,Rest
23:51:02,0.4317,-0.3286,0.5927,0.0101,Rest
23:51:04,0.5496,-0.4416,0.6883,0.0088,Rest
23:51:06,0.4839,-0.4358,0.7566,0.0086,Rest
23:51:08,0.5333,-0.374,0.7176,0.0083,Rest
23:51:10,0.4725,-0.4218,0.7697,0.0106,Rest
23:51:12,0.5281,-0.4295,0.7709,0.0095,Rest
23:51:14,0.4911,-0.409,0.7058,0.0087,Rest
23:51:16,0.4844,-0.3894,0.6232,0.0101,Rest
23:51:18,0.4982,-0.391,0.6845,0.0102,Rest
23:51:20,0.4432,-0.42,0.6805,0.0082,Rest
23:51:22,0.5353,-0.3777,0.7862,0.0089,Rest
23:51:24,0.519,-0.4168,0.7016,0.0095,Rest
23:51:26,0.4691,-0.3725,0.6986,0.0085,Rest
23:51:28,0.494,-0.4095,0.6481,0.011,Rest
23:51:30,0.5003,-0.4927,0.6077,0.0099,Rest
23:51:32,0.5377,-0.3348,0.7618,0.0107,Rest
23:51:34,0.4817,-0.3943,0.6064,0.0096,Rest
23:51:36,0.4656,-0.4062,0.7679,0.0085,Rest
23:51:38,0.4882,-0.4355,0.5942,0.0085,Rest
23:51:40,0.4628,-0.3956,0.6193,0.0099,Rest
23:51:42,0.4903,-0.4088,0.6241,0.0106,Rest
23:51:44,0.4593,-0.3453,0.717,0.011,Rest
23:51:46,0.506,-0.3192,0.7386,0.0092,Rest
23:51:48,0.5566,-0.5184,0.6801,0.0097,Rest
23:51:50,0.496,-0.4044,0.665,0.0107,Rest
23:51:52,0.5572,-0.402,0.6813,0.0098,Rest
23:51:54,0.498,-0.4258,0.7281,0.011,Rest
23:51:56,0.4747,-0.3797,0.693,0.0109,Rest
23:51:58,0.5322,-0.266,0.6544,0.0103,Rest
23:52:00,0.474,-0.396,0.7025,0.0101,Rest
23:52:02,0.4502,-0.4034,0.7385,0.0088,Rest
23:52:04,0.4912,-0.4256,0.7418,0.0101,Rest
23:52:06,0.4666,-0.3987,0.653,0.0102,Rest
23:52:08,0.5831,-0.393,0.7664,0.0096,Rest
23:52:10,0.5085,-0.3453,0.6289,0.0098,Rest
23:52:12,0.49,-0.46,0.7643,0.0098,Rest
23:52:14,0.5588,-0.37,0.577,0.0089,Rest
23:52:16,0.4961,-0.4833,0.6882,0.0081,Rest
23:52:18,0.54,-0.3252,0.7473,0.0088,Rest
23:52:20,0.47,-0.3543,0.5694,0.0107,Rest
23:52:22,0.5251,-0.3885,0.7762,0.009,Rest
23:52:24,0.5112,-0.3485,0.7692,0.0095,Rest
23:52:26,0.453,-0.3854,0.6815,0.0113,Rest
23:52:28,0.5068,-0.4127,0.6936,0.0086,Rest
23:52:30,0.5716,-0.3699,0.7176,0.0084,Rest
23:52:32,0.4796,-0.4368,0.7276,0.0105,Rest
23:52:34,0.4142,-0.4947,0.739,0.0092,Rest
23:52:36,0.4125,-0.4095,0.693,0.0112,Rest
23:52:38,0.5183,-0.4805,0.7178,0.0088,Rest
23:52:40,0.4744,-0.4321,0.7112,0.0101,Rest
23:52:42,0.4998,-0.4725,0.7112,0.0091,Rest
23:52:44,0.4389,-0.3878,0.5583,0.0109,Rest
23:52:46,0.5039,-0.3669,0.6872,0.0103,Rest
23:52:48,0.5647,-0.3999,0.7236,0.0099,Rest
23:52:50,0.5184,-0.4703,0.7515,0.0103,Rest
23:52:52,0.4283,-0.4683,0.6448,0.0118,Rest
23:52:54,0.4762,-0.344,0.77,0.0085,Rest
23:52:56,0.495,-0.374,0.6946,0.011,Rest
23:52:58,0.5347,-0.4352,0.6667,0.0119,Rest
23:53:00,0.5438,-0.342,0.6923,0.0106,Rest
23:53:02,0.5588,-0.4672,0.7112,0.01,Rest
23:53:04,0.4161,-0.37,0.754,0.0103,Rest
23:53:06,0.52,-0.3713,0.7165,0.0099,Rest
23:53:08,0.4986,-0.3377,0.7348,0.0092,Rest
23:53:10,0.5115,-0.3655,0.6414,0.0103,Rest
23:53:12,0.4512,-0.4488,0.6903,0.012,Rest
23:53:14,0.4854,-0.3945,0.7255,0.0103,Rest
23:53:16,0.5233,-0.3775,0.732,0.009,Rest
23:53:18,0.5141,-0.443,0.7463,0.0098,Rest
23:53:20,0.5184,-0.3874,0.6675,0.0111,Rest
23:53:22,0.6153,-0.3384,0.7406,0.0105,Rest
23:53:24,0.5326,-0.3921,0.75,0.0105,Rest
23:53:26,0.4779,-0.4033,0.7095,0.0112,Rest
23:53:28,0.4577,-0.4138,0.7034,0.0094,Rest
23:53:30,0.5208,-0.3782,0.643,0.0108,Rest
23:53:32,0.4914,-0.3588,0.7122,0.011,Rest
23:53:34,0.4157,-0.3681,0.6995,0.0111,Rest
23:53:36,0.5675,-0.4238,0.6822,0.0099,Rest
23:53:38,0.4796,-0.3683,0.6749,0.0093,Rest
23:53:40,0.4382,-0.3611,0.7307,0.0099,Rest
23:53:42,0.5782,-0.5769,0.7835,0.0093,Rest
23:53:44,0.4866,-0.3653,0.764,0.0103,Rest
23:53:46,0.5596,-0.42,0.5711,0.0101,Rest
23:53:48,0.4048,-0.35,0.7087,0.0111,Rest
23:53:50,0.6165,-0.3759,0.6327,0.0098,Rest
23:53:52,0.5347,-0.4856,0.6777,0.0103,Rest
23:53:54,0.5879,-0.4493,0.6799,0.0111,Rest
23:53:56,0.4751,-0.4472,0.6823,0.0115,Rest
23:53:58,0.4773,-0.3571,0.6947,0.0111,Rest
23:54:00,0.4644,-0.4563,0.7425,0.0112,Rest
23:54:02,0.538,-0.3492,0.6874,0.0093,Rest
23:54:04,0.4184,-0.449,0.6385,0.01,Rest
23:54:06,0.5327,-0.442,0.7174,0.011,Rest
23:54:08,0.4829,-0.4403,0.6747,0.0112,Rest
23:54:10,0.6091,-0.4427,0.6965,0.0103,Rest
23:54:12,0.5068,-0.4289,0.7189,0.0107,Rest
23:54:14,0.4732,-0.4093,0.736,0.0097,Rest
23:54:16,0.5192,-0.4524,0.7016,0.0089,Rest
23:54:18,0.479,-0.3427,0.7395,0.0111,Rest
23:54:20,0.5129,-0.5857,0.7698,0.0106,Rest
23:54:22,0.5472,-0.3724,0.6695,0.0096,Rest
23:54:24,0.4224,-0.4381,0.6977,0.0091,Rest
23:54:26,0.4551,-0.3615,0.6926,0.0112,Rest
23:54:28,0.5276,-0.4383,0.6534,0.0106,Rest
23:54:30,0.4966,-0.4061,0.5972,0.011,Rest
23:54:32,0.4456,-0.3301,0.7758,0.01,Rest
23:54:34,0.4945,-0.4293,0.7025,0.0098,Rest
23:54:36,0.531,-0.3645,0.6739,0.0108,Rest
23:54:38,0.5358,-0.404,0.6291,0.0106,Rest
23:54:40,0.4951,-0.3828,0.7503,0.0111,Rest
23:54:42,0.5451,-0.461,0.6602,0.0112,Rest
23:54:44,0.5448,-0.3944,0.7233,0.0107,Rest
23:54:46,0.4252,-0.3083,0.6755,0.0097,Rest
23:54:48,0.5766,-0.4147,0.6416,0.0096,Rest
23:54:50,0.5059,-0.4384,0.6246,0.0075,Rest
23:54:52,0.5149,-0.4985,0.7531,0.0104,Rest
23:54:54,0.4721,-0.3861,0.7684,0.0117,Rest
23:54:56,0.5855,-0.3635,0.6385,0.0107,Rest
23:54:58,0.5741,-0.3971,0.6768,0.0092,Rest
23:55:00,0.4436,-0.4064,0.6557,0.0089,Rest
23:55:02,0.5454,-0.4628,0.6901,0.0086,Rest
23:55:04,0.4422,-0.4535,0.6388,0.0094,Rest
23:55:06,0.5106,-0.4222,0.7461,0.0103,Rest
23:55:08,0.481,-0.3548,0.7401,0.0089,Rest
23:55:10,0.5811,-0.3331,0.7341,0.0096,Rest
23:55:12,0.4675,-0.3784,0.6424,0.0102,Rest
23:55:14,0.4357,-0.353,0.6435,0.0105,Rest
23:55:16,0.5033,-0.4596,0.7717,0.0102,Rest
23:55:18,0.5691,-0.4148,0.6652,0.0114,Rest
23:55:20,0.5121,-0.4158,0.65,0.0106,Rest
23:55:22,0.4359,-0.3777,0.7016,0.009,Rest
23:55:24,0.4773,-0.4277,0.7765,0.0097,Rest
23:55:26,0.5429,-0.4155,0.687,0.012,Rest
23:55:28,0.5716,-0.4195,0.6323,0.0101,Rest
23:55:30,0.4484,-0.4405,0.6065,0.012,Rest
23:55:32,0.5578,-0.3753,0.6312,0.0107,Rest
23:55:34,0.537,-0.3743,0.7031,0.0115,Rest
23:55:36,0.5024,-0.3957,0.6445,0.01,Rest
23:55:38,0.5027,-0.3258,0.7235,0.0103,Rest
23:55:40,0.4704,-0.383,0.8332,0.0089,Rest
23:55:42,0.5125,-0.3865,0.6825,0.0106,Rest
23:55:44,0.5258,-0.356,0.6691,0.0092,Rest
23:55:46,0.4395,-0.3124,0.6922,0.011,Rest
23:55:48,0.4711,-0.4592,0.7588,0.0084,Rest
23:55:50,0.5692,-0.4302,0.7936,0.0087,Rest
23:55:52,0.4887,-0.3791,0.6754,0.01,Rest
23:55:54,0.4623,-0.4586,0.7734,0.0101,Rest
23:55:56,0.47,-0.4362,0.6672,0.0098,Rest
23:55:58,0.4549,-0.3751,0.7558,0.0112,Rest
23:56:00,0.5108,-0.4084,0.7067,0.0113,Rest
23:56:02,0.5213,-0.4314,0.721,0.0097,Rest
23:56:04,0.4993,-0.401,0.6513,0.0098,Rest
23:56:06,0.5312,-0.4067,0.7047,0.0089,Rest
23:56:08,0.45,-0.3584,0.6685,0.0088,Rest
23:56:10,0.411,-0.3991,0.6924,0.0122,Rest
23:56:12,0.557,-0.4279,0.6355,0.0094,Rest
23:56:14,0.4636,-0.3985,0.7843,0.0114,Rest
23:56:16,0.5557,-0.354,0.7564,0.0089,Rest
23:56:18,0.4782,-0.4326,0.6809,0.0097,Rest
23:56:20,0.4803,-0.4627,0.7241,0.0093,Rest
23:56:22,0.5106,-0.3308,0.677,0.0091,Rest
23:56:24,0.4625,-0.4501,0.687,0.0103,Rest
23:56:26,0.4946,-0.4112,0.6584,0.0102,Rest
23:56:28,0.5436,-0.4669,0.7628,0.0099,Rest
23:56:30,0.4426,-0.3678,0.7206,0.0098,Rest
23:56:32,0.4464,-0.3417,0.6978,0.0109,Rest
23:56:34,0.5794,-0.2901,0.6719,0.011,Rest
23:56:36,0.5004,-0.4024,0.7272,0.0078,Rest
23:56:38,0.5268,-0.3637,0.7102,0.0104,Rest
23:56:40,0.4859,-0.4241,0.6439,0.0092,Rest
23:56:42,0.5053,-0.5301,0.6867,0.0091,Rest
23:56:44,0.5233,-0.444,0.7322,0.0099,Rest
23:56:46,0.5609,-0.3642,0.6501,0.0086,Rest
23:56:48,0.5304,-0.376,0.7673,0.0095,Rest
23:56:50,0.4517,-0.3977,0.7929,0.0078,Rest
23:56:52,0.4528,-0.4378,0.798,0.009,Rest
23:56:54,0.5508,-0.4362,0.7115,0.0104,Rest
23:56:56,0.4199,-0.3914,0.73,0.0086,Rest
23:56:58,0.5491,-0.3707,0.6871,0.0094,Rest
23:57:00,0.4086,-0.408,0.6875,0.0102,Rest
23:57:02,0.5047,-0.441,0.7621,0.0101,Rest
23:57:04,0.4724,-0.4479,0.6765,0.0097,Rest
23:57:06,0.4409,-0.364,0.667,0.0077,Rest
23:57:08,0.4126,-0.4756,0.6031,0.0101,Rest
23:57:10,0.4674,-0.3232,0.7149,0.0099,Rest
23:57:12,0.4439,-0.2835,0.6388,0.0099,Rest
23:57:14,0.4962,-0.3958,0.6343,0.0105,Rest
23:57:16,0.5547,-0.2998,0.7391,0.0094,Rest
23:57:18,0.4618,-0.53,0.6934,0.0098,Rest
23:57:20,0.5115,-0.3167,0.7685,0.0106,Rest
23:57:22,0.4875,-0.3078,0.6836,0.0098,Rest
23:57:24,0.542,-0.4195,0.7725,0.0095,Rest
23:57:26,0.5158,-0.3824,0.7265,0.0096,Rest
23:57:28,0.46,-0.4507,0.6529,0.01,Rest
23:57:30,0.5161,-0.3511,0.672,0.0111,Rest
23:57:32,0.4169,-0.3867,0.7191,0.0101,Rest
23:57:34,0.4752,-0.4096,0.6668,0.0075,Rest
23:57:36,0.5293,-0.4213,0.6724,0.0096,Rest
23:57:38,0.4867,-0.4988,0.7221,0.0091,Rest
23:57:40,0.4833,-0.4123,0.6559,0.009,Rest
23:57:42,0.4752,-0.4009,0.6823,0.01,Rest
23:57:44,0.5124,-0.351,0.7544,0.0102,Rest
23:57:46,0.4535,-0.4028,0.6766,0.0096,Rest
23:57:48,0.4888,-0.5158,0.7037,0.0105,Rest
23:57:50,0.4857,-0.3406,0.7215,0.011,Rest
23:57:52,0.5067,-0.4164,0.8596,0.01,Rest
23:57:54,0.4942,-0.3834,0.662,0.0124,Rest
23:57:56,0.4402,-0.3685,0.7339,0.01,Rest
23:57:58,0.449,-0.3703,0.6895,0.0084,Rest
23:58:00,0.4421,-0.4408,0.7241,0.011,Rest
23:58:02,0.4669,-0.3428,0.6385,0.0099,Rest
23:58:04,0.5707,-0.4361,0.777,0.0103,Rest
23:58:06,0.4347,-0.3271,0.7634,0.0111,Rest
23:58:08,0.5188,-0.3927,0.6813,0.0113,Rest
23:58:10,0.419,-0.4888,0.7272,0.0097,Rest
23:58:12,0.5189,-0.4441,0.6034,0.0102,Rest
23:58:14,0.4939,-0.3953,0.7992,0.0112,Rest
23:58:16,0.5901,-0.4159,0.7037,0.0102,Rest
23:58:18,0.4815,-0.321,0.6367,0.01,Rest
23:58:20,0.4134,-0.3265,0.7469,0.0109,Rest
23:58:22,0.5014,-0.4457,0.7248,0.0092,Rest
23:58:24,0.5336,-0.3656,0.7261,0.0086,Rest
23:58:26,0.5008,-0.3408,0.741,0.0103,Rest
23:58:28,0.5305,-0.3101,0.6982,0.0097,Rest
23:58:30,0.5535,-0.3608,0.6746,0.0106,Rest
23:58:32,0.5533,-0.4874,0.7163,0.01,Rest
23:58:34,0.5232,-0.355,0.5672,0.0109,Rest
23:58:36,0.5162,-0.4133,0.7057,0.01,Rest
23:58:38,0.5453,-0.3806,0.6992,0.009,Rest
23:58:40,0.4697,-0.3452,0.7452,0.0098,Rest
23:58:42,0.507,-0.3581,0.7519,0.0119,Rest
23:58:44,0.5484,-0.3803,0.7336,0.0092,Rest
23:58:46,0.5712,-0.4003,0.7726,0.0103,Rest
23:58:48,0.5429,-0.4158,0.7305,0.0097,Rest
23:58:50,0.4354,-0.2154,0.6731,0.0099,Rest
23:58:52,0.4756,-0.3582,0.6763,0.009,Rest
23:58:54,0.4072,-0.4336,0.7628,0.0098,Rest
23:58:56,0.5013,-0.3954,0.71,0.0101,Rest
23:58:58,0.5356,-0.3915,0.6399,0.0109,Rest
23:59:00,0.5421,-0.3937,0.712,0.0081,Rest
23:59:02,0.4156,-0.3795,0.7279,0.0088,Rest
23:59:04,0.4976,-0.4317,0.6658,0.0103,Rest
23:59:06,0.4402,-0.3175,0.7025,0.0084,Rest
23:59:08,0.504,-0.3448,0.7359,0.0085,Rest
23:59:10,0.4683,-0.331,0.7205,0.0099,Rest
23:59:12,0.4976,-0.4305,0.6648,0.0101,Rest
23:59:14,0.4531,-0.38,0.719,0.0087,Rest
23:59:16,0.4955,-0.4417,0.6798,0.0101,Rest
23:59:18,0.51,-0.4101,0.7139,0.0084,Rest
23:59:20,0.5474,-0.4213,0.7846,0.011,Rest
23:59:22,0.4437,-0.4596,0.7311,0.0115,Rest
23:59:24,0.6011,-0.3454,0.632,0.0089,Rest
23:59:26,0.497,-0.4278,0.772,0.0078,Rest
23:59:28,0.5089,-0.389,0.6925,0.0085,Rest
23:59:30,0.5436,-0.4394,0.653,0.0095,Rest
23:59:32,0.5486,-0.3569,0.7226,0.0104,Rest
23:59:34,0.4013,-0.393,0.7492,0.0112,Rest
23:59:36,0.5012,-0.3359,0.6919,0.0109,Rest
23:59:38,0.4604,-0.4245,0.7044,0.0087,Rest
23:59:40,0.4931,-0.4849,0.7021,0.0107,Rest
23:59:42,0.4964,-0.3618,0.735,0.0093,Rest
23:59:44,0.5553,-0.4046,0.8098,0.0103,Rest
23:59:46,0.4277,-0.4726,0.7226,0.0107,Rest
23:59:48,0.4708,-0.3553,0.638,0.0089,Rest
23:59:50,0.5717,-0.3555,0.728,0.0098,Rest
23:59:52,0.4854,-0.3351,0.68,0.0102,Rest
23:59:54,0.4512,-0.3846,0.6832,0.0103,Rest
23:59:56,0.4871,-0.3599,0.6924,0.0115,Rest
23:59:58,0.4782,-0.4634,0.6903,0.0093,Rest
00:00:00,0.4382,-0.3972,0.6529,0.0109,Rest
00:00:02,0.5502,-0.3946,0.6251,0.01,Rest
00:00:04,0.4848,-0.3883,0.7032,0.0098,Rest
00:00:06,0.5538,-0.3247,0.746,0.0103,Rest
00:00:08,0.597,-0.4003,0.7154,0.011,Rest
00:00:10,0.5792,-0.4199,0.6992,0.0101,Rest
00:00:12,0.4795,-0.3337,0.6192,0.0108,Rest
00:00:14,0.4311,-0.3967,0.6252,0.0114,Rest
00:00:16,0.4763,-0.4021,0.7421,0.0119,Rest
00:00:18,0.4881,-0.3579,0.687,0.0105,Rest
00:00:20,0.4943,-0.4336,0.6484,0.01,Rest
00:00:22,0.5382,-0.444,0.727,0.01,Rest
00:00:24,0.502,-0.336,0.747,0.0098,Rest
00:00:26,0.5713,-0.3295,0.7624,0.0119,Rest
00:00:28,0.4667,-0.4362,0.7075,0.0109,Rest
00:00:30,0.4531,-0.4888,0.7207,0.011,Rest
00:00:32,0.4953,-0.395,0.8132,0.01,Rest
00:00:34,0.39,-0.3259,0.6732,0.0108,Rest
00:00:36,0.5319,-0.4581,0.7639,0.0116,Rest
00:00:38,0.4414,-0.3896,0.6476,0.0092,Rest
00:00:40,0.5141,-0.3508,0.6499,0.0104,Rest
00:00:42,0.451,-0.4294,0.6397,0.0088,Rest
00:00:44,0.4237,-0.28,0.7161,0.0113,Rest
00:00:46,0.4759,-0.4713,0.6954,0.0097,Rest
00:00:48,0.445,-0.421,0.7761,0.0095,Rest
00:00:50,0.578,-0.3756,0.7091,0.0105,Rest
00:00:52,0.5841,-0.3576,0.7383,0.0099,Rest
00:00:54,0.4541,-0.3719,0.7017,0.0097,Rest
00:00:56,0.5269,-0.3764,0.7731,0.0098,Rest
00:00:58,0.5203,-0.4233,0.6706,0.0118,Rest
00:01:00,0.4978,-0.3889,0.681,0.0099,Rest
00:01:02,0.5414,-0.3663,0.7122,0.0102,Rest
00:01:04,0.4618,-0.4083,0.756,0.0108,Rest
00:01:06,0.4871,-0.3652,0.6806,0.01,Rest
00:01:08,0.5041,-0.2519,0.7958,0.0113,Rest
00:01:10,0.4586,-0.4183,0.67,0.0101,Rest
00:01:12,0.426,-0.3869,0.6865,0.0088,Rest
00:01:14,0.5107,-0.3742,0.6526,0.0117,Rest
00:01:16,0.435,-0.4849,0.6826,0.01,Rest
00:01:18,0.4369,-0.4348,0.7007,0.0089,Rest
00:01:20,0.5253,-0.3876,0.7213,0.0109,Rest
00:01:22,0.5099,-0.422,0.7281,0.0087,Rest
00:01:24,0.4949,-0.3163,0.7182,0.01,Rest
00:01:26,0.4961,-0.3531,0.6897,0.0114,Rest
00:01:28,0.5014,-0.3701,0.7252,0.0085,Rest
00:01:30,0.5262,-0.3695,0.6632,0.0101,Rest
00:01:32,0.5292,-0.4287,0.7434,0.0105,Rest
00:01:34,0.617,-0.3955,0.6312,0.0106,Rest
00:01:36,0.4676,-0.3386,0.7353,0.0086,Rest
00:01:38,0.5067,-0.3074,0.6325,0.0098,Rest
00:01:40,0.4963,-0.4676,0.6826,0.0096,Rest
00:01:42,0.4115,-0.4065,0.7157,0.0109,Rest
00:01:44,0.4512,-0.3482,0.7202,0.012,Rest
00:01:46,0.5106,-0.4377,0.7286,0.01,Rest
00:01:48,0.5775,-0.4035,0.7479,0.0092,Rest
00:01:50,0.4628,-0.4613,0.6825,0.0104,Rest
00:01:52,0.5359,-0.4339,0.7285,0.0103,Rest
00:01:54,0.5068,-0.3197,0.7553,0.0103,Rest
00:01:56,0.4854,-0.3618,0.7162,0.0104,Rest
00:01:58,0.4962,-0.4134,0.6716,0.0113,Rest
00:02:00,0.5241,-0.4614,0.7332,0.009,Rest
00:02:02,0.455,-0.4526,0.6446,0.0108,Rest
00:02:04,0.4984,-0.4272,0.6755,0.01,Rest
00:02:06,0.4895,-0.3762,0.7218,0.0096,Rest
00:02:08,0.4162,-0.4423,0.684,0.011,Rest
00:02:10,0.4496,-0.3922,0.7084,0.0107,Rest
00:02:12,0.5684,-0.3426,0.6632,0.011,Rest
00:02:14,0.4748,-0.3678,0.7708,0.0108,Rest
00:02:16,0.424,-0.2952,0.6855,0.0109,Rest
00:02:18,0.477,-0.4443,0.6657,0.0102,Rest
00:02:20,0.5255,-0.3491,0.6861,0.0097,Rest
00:02:22,0.5329,-0.378,0.676,0.0115,Rest
00:02:24,0.437,-0.3628,0.6189,0.0099,Rest
00:02:26,0.5334,-0.3245,0.6639,0.0082,Rest
00:02:28,0.4914,-0.3704,0.7747,0.0099,Rest
00:02:30,0.4385,-0.3632,0.7395,0.0087,Rest
00:02:32,0.5843,-0.4512,0.824,0.0103,Rest
00:02:34,0.5206,-0.3997,0.665,0.0085,Rest
00:02:36,0.5168,-0.3587,0.716,0.0102,Rest
00:02:38,0.5062,-0.4079,0.7164,0.0104,Rest
00:02:40,0.5188,-0.3861,0.7337,0.0116,Rest
00:02:42,0.4829,-0.5519,0.7089,0.0108,Rest
00:02:44,0.5241,-0.4116,0.6785,0.0099,Rest
00:02:46,0.4809,-0.3138,0.6762,0.0106,Rest
00:02:48,0.4983,-0.3779,0.6531,0.0106,Rest
00:02:50,0.4175,-0.4022,0.7642,0.0103,Rest
00:02:52,0.4812,-0.4531,0.6891,0.0113,Rest
00:02:54,0.4539,-0.4042,0.702,0.0102,Rest
00:02:56,0.4947,-0.3517,0.7001,0.0099,Rest
00:02:58,0.481,-0.3607,0.6592,0.0103,Rest
00:03:00,0.5668,-0.4224,0.7134,0.0104,Rest
00:03:02,0.5225,-0.4327,0.755,0.0114,Rest
00:03:04,0.4963,-0.3614,0.6484,0.0111,Rest
00:03:06,0.531,-0.4658,0.7645,0.0102,Rest
00:03:08,0.4778,-0.2892,0.7498,0.0085,Rest
00:03:10,0.5018,-0.3565,0.653,0.0097,Rest
00:03:12,0.4372,-0.452,0.6948,0.0107,Rest
00:03:14,0.491,-0.3555,0.7288,0.01,Rest
00:03:16,0.4734,-0.3518,0.7149,0.0097,Rest
00:03:18,0.5007,-0.4807,0.7792,0.0086,Rest
00:03:20,0.438,-0.4243,0.6575,0.0093,Rest
00:03:22,0.4906,-0.4656,0.6939,0.0096,Rest
00:03:24,0.5603,-0.4036,0.6916,0.0104,Rest
00:03:26,0.4513,-0.3964,0.634,0.0089,Rest
00:03:28,0.4198,-0.3932,0.742,0.0112,Rest
00:03:30,0.4811,-0.365,0.6283,0.0114,Rest
00:03:32,0.4401,-0.3962,0.7145,0.0091,Rest
00:03:34,0.4755,-0.5118,0.789,0.009,Rest
00:03:36,0.5948,-0.4643,0.7431,0.0112,Rest
00:03:38,0.5305,-0.3671,0.7071,0.01,Rest
00:03:40,0.4703,-0.3756,0.6948,0.0108,Rest
00:03:42,0.4479,-0.474,0.7615,0.01,Rest
00:03:44,0.537,-0.386,0.6761,0.0102,Rest
00:03:46,0.4404,-0.4443,0.7506,0.0116,Rest
00:03:48,0.4232,-0.3674,0.6862,0.01,Rest
00:03:50,0.4785,-0.3902,0.7776,0.0101,Rest
00:03:52,0.5465,-0.3065,0.6876,0.0102,Rest
00:03:54,0.5427,-0.4343,0.6595,0.0102,Rest
00:03:56,0.523,-0.4256,0.7335,0.0107,Rest
00:03:58,0.585,-0.4337,0.6454,0.0117,Rest
00:04:00,0.504,-0.3827,0.6909,0.0101,Rest
00:04:02,0.4297,-0.3578,0.7127,0.0097,Rest
00:04:04,0.4845,-0.4529,0.7272,0.0081,Rest
00:04:06,0.4955,-0.4403,0.7153,0.0115,Rest
00:04:08,0.5302,-0.4254,0.6983,0.0093,Rest
00:04:10,0.4876,-0.4801,0.6679,0.0101,Rest
00:04:12,0.4933,-0.4208,0.7542,0.0095,Rest
00:04:14,0.5148,-0.3311,0.6385,0.0113,Rest
00:04:16,0.5307,-0.4404,0.747,0.0119,Rest
00:04:18,0.4572,-0.3852,0.7298,0.0103,Rest
00:04:20,0.5138,-0.3523,0.6786,0.0107,Rest
00:04:22,0.515,-0.4035,0.7226,0.0103,Rest
00:04:24,0.4607,-0.3573,0.7119,0.0114,Rest
00:04:26,0.424,-0.4437,0.6362,0.0087,Rest
00:04:28,0.4518,-0.3987,0.7022,0.0094,Rest
00:04:30,0.5188,-0.4657,0.7497,0.0109,Rest
00:04:32,0.4056,-0.4084,0.5706,0.0089,Rest
00:04:34,0.6007,-0.4391,0.6826,0.0094,Rest
00:04:36,0.5373,-0.413,0.6462,0.0107,Rest
00:04:38,0.5148,-0.3791,0.7199,0.0095,Rest
00:04:40,0.5735,-0.433,0.7073,0.0091,Rest
00:04:42,0.4096,-0.3397,0.7568,0.0107,Rest
00:04:44,0.4765,-0.3762,0.6466,0.01,Rest
00:04:46,0.5063,-0.4198,0.7131,0.0094,Rest
00:04:48,0.4193,-0.3532,0.7455,0.0101,Rest
00:04:50,0.494,-0.357,0.6806,0.0095,Rest
00:04:52,0.4541,-0.448,0.7133,0.0103,Rest
00:04:54,0.5158,-0.4414,0.7017,0.0091,Rest
00:04:56,0.4985,-0.5152,0.6388,0.0085,Rest
00:04:58,0.5637,-0.4196,0.7802,0.0089,Rest
00:05:00,0.4669,-0.3717,0.6163,0.0088,Rest
00:05:02,0.4788,-0.3433,0.6796,0.0093,Rest
00:05:04,0.5039,-0.3356,0.6519,0.0091,Rest
00:05:06,0.5258,-0.3986,0.7383,0.0118,Rest
00:05:08,0.5221,-0.4325,0.6586,0.0101,Rest
00:05:10,0.4927,-0.4373,0.6763,0.0111,Rest
00:05:12,0.484,-0.4116,0.6943,0.0101,Rest
00:05:14,0.4476,-0.4533,0.6806,0.0104,Rest
00:05:16,0.5036,-0.3866,0.7765,0.0083,Rest
00:05:18,0.4634,-0.4251,0.6356,0.0107,Rest
00:05:20,0.4867,-0.407,0.6705,0.0103,Rest
00:05:22,0.5105,-0.507,0.7206,0.0091,Rest
00:05:24,0.4933,-0.4343,0.6896,0.0094,Rest
00:05:26,0.4778,-0.4207,0.7795,0.0098,Rest
00:05:28,0.5227,-0.3431,0.678,0.0113,Rest
00:05:30,0.5755,-0.3652,0.6538,0.0091,Rest
00:05:32,0.5159,-0.3721,0.6625,0.009,Rest
00:05:34,0.5768,-0.4139,0.639,0.0095,Rest
00:05:36,0.524,-0.4027,0.7191,0.009,Rest
00:05:38,0.5518,-0.4926,0.6615,0.0107,Rest
00:05:40,0.4378,-0.4204,0.7077,0.0099,Rest
00:05:42,0.4875,-0.4263,0.7276,0.0109,Rest
00:05:44,0.4929,-0.484,0.6703,0.0108,Rest
00:05:46,0.5259,-0.3928,0.7238,0.0095,Rest
00:05:48,0.5984,-0.4772,0.7883,0.0096,Rest
00:05:50,0.5356,-0.3948,0.6443,0.012,Rest
00:05:52,0.5114,-0.3914,0.6138,0.0101,Rest
00:05:54,0.4557,-0.3151,0.6945,0.0086,Rest
00:05:56,0.4088,-0.3122,0.6276,0.0117,Rest
00:05:58,0.4508,-0.4157,0.726,0.0093,Rest
00:06:00,0.5547,-0.4745,0.7921,0.0091,Rest
00:06:02,0.513,-0.3492,0.6262,0.0102,Rest
00:06:04,0.533,-0.4068,0.6003,0.01,Rest
00:06:06,0.3971,-0.4054,0.7769,0.0075,Rest
00:06:08,0.5418,-0.3781,0.7245,0.0092,Rest
00:06:10,0.573,-0.3586,0.6794,0.0102,Rest
00:06:12,0.5184,-0.2943,0.7011,0.0109,Rest
00:06:14,0.3795,-0.3684,0.6332,0.0093,Rest
00:06:16,0.4391,-0.5017,0.7057,0.0109,Rest
00:06:18,0.5208,-0.4684,0.74,0.0113,Rest
00:06:20,0.4429,-0.3955,0.6827,0.0109,Rest
00:06:22,0.6169,-0.4323,0.7078,0.011,Rest
00:06:24,0.5342,-0.4515,0.711,0.0079,Rest
00:06:26,0.468,-0.3796,0.6582,0.0091,Rest
00:06:28,0.4888,-0.3849,0.7217,0.011,Rest
00:06:30,0.4947,-0.3486,0.7424,0.009,Rest
00:06:32,0.3843,-0.3648,0.8211,0.0112,Rest
00:06:34,0.449,-0.4374,0.6335,0.0087,Rest
00:06:36,0.5566,-0.4035,0.6334,0.0105,Rest
00:06:38,0.4614,-0.4391,0.681,0.0096,Rest
00:06:40,0.4852,-0.3475,0.7015,0.009,Rest
00:06:42,0.4686,-0.4229,0.6338,0.01,Rest
00:06:44,0.4505,-0.4609,0.7439,0.0119,Rest
00:06:46,0.5059,-0.3787,0.7179,0.009,Rest
00:06:48,0.5422,-0.4826,0.7171,0.0098,Rest
00:06:50,0.4718,-0.4349,0.7743,0.0097,Rest
00:06:52,0.5341,-0.36,0.6912,0.0097,Rest
00:06:54,0.5241,-0.3664,0.7433,0.0081,Rest
00:06:56,0.4893,-0.3942,0.7348,0.0095,Rest
00:06:58,0.4121,-0.3714,0.7075,0.0109,Rest
00:07:00,0.3945,-0.403,0.6543,0.0091,Rest
00:07:02,0.4662,-0.4251,0.7708,0.011,Rest
00:07:04,0.4959,-0.3815,0.5642,0.0094,Rest
00:07:06,0.5071,-0.4178,0.7222,0.0106,Rest
00:07:08,0.5001,-0.4017,0.6495,0.0093,Rest
00:07:10,0.4636,-0.3934,0.7844,0.0124,Rest
00:07:12,0.3566,-0.3938,0.6092,0.0098,Rest
00:07:14,0.5028,-0.4488,0.7207,0.0089,Rest
00:07:16,0.5297,-0.3597,0.7478,0.0089,Rest
00:07:18,0.5205,-0.3667,0.7048,0.0099,Rest
00:07:20,0.5467,-0.3315,0.652,0.0097,Rest
00:07:22,0.5277,-0.331,0.672,0.0113,Rest
00:07:24,0.4193,-0.3803,0.7439,0.0118,Rest
00:07:26,0.4994,-0.4404,0.6769,0.009,Rest
00:07:28,0.4005,-0.4604,0.7236,0.0099,Rest
00:07:30,0.4811,-0.4254,0.7067,0.0092,Rest
00:07:32,0.4597,-0.3795,0.7007,0.0115,Rest
00:07:34,0.5221,-0.4755,0.6762,0.0097,Rest
00:07:36,0.4452,-0.5121,0.6033,0.0098,Rest
00:07:38,0.5539,-0.4336,0.7523,0.0106,Rest
00:07:40,0.4663,-0.3164,0.6971,0.0096,Rest
00:07:42,0.5307,-0.3506,0.6336,0.0107,Rest
00:07:44,0.4648,-0.3921,0.6992,0.0067,Rest
00:07:46,0.4086,-0.4565,0.7397,0.0095,Rest
00:07:48,0.548,-0.4056,0.7315,0.009,Rest
00:07:50,0.551,-0.3623,0.7107,0.0094,Rest
00:07:52,0.4697,-0.3932,0.6239,0.0095,Rest
00:07:54,0.5241,-0.4299,0.6387,0.0124,Rest
00:07:56,0.4771,-0.4314,0.7367,0.0098,Rest
00:07:58,0.4639,-0.3184,0.7106,0.0094,Rest
00:08:00,0.4192,-0.3717,0.7483,0.0089,Rest
00:08:02,0.4367,-0.3893,0.7783,0.011,Rest
00:08:04,0.5239,-0.413,0.6117,0.0094,Rest
00:08:06,0.446,-0.3537,0.653,0.0083,Rest
00:08:08,0.4257,-0.4185,0.7567,0.0095,Rest
00:08:10,0.502,-0.4012,0.8488,0.0099,Rest
00:08:12,0.5634,-0.4893,0.6373,0.0109,Rest
00:08:14,0.5334,-0.3842,0.822,0.0094,Rest
00:08:16,0.485,-0.3697,0.7526,0.0088,Rest
00:08:18,0.4859,-0.4195,0.6952,0.0108,Rest
00:08:20,0.5912,-0.385,0.6956,0.0096,Rest
00:08:22,0.4577,-0.4484,0.7238,0.0097,Rest
00:08:24,0.491,-0.429,0.7722,0.0111,Rest
00:08:26,0.4547,-0.4497,0.7782,0.011,Rest
00:08:28,0.5095,-0.4466,0.7223,0.0103,Rest
00:08:30,0.481,-0.4383,0.6982,0.0098,Rest
00:08:32,0.4367,-0.3655,0.7332,0.0103,Rest
00:08:34,0.5432,-0.367,0.8345,0.0093,Rest
00:08:36,0.5703,-0.3513,0.6554,0.0105,Rest
00:08:38,0.5215,-0.3784,0.6576,0.0107,Rest
00:08:40,0.5428,-0.4022,0.6213,0.0104,Rest
00:08:42,0.4413,-0.3636,0.6826,0.0092,Rest
00:08:44,0.4966,-0.3718,0.7465,0.0098,Rest
00:08:46,0.5643,-0.3622,0.7045,0.0119,Rest
00:08:48,0.471,-0.4157,0.6509,0.0099,Rest
00:08:50,0.5008,-0.3887,0.7906,0.0101,Rest
00:08:52,0.5258,-0.4069,0.7172,0.0103,Rest
00:08:54,0.457,-0.4495,0.7254,0.0101,Rest
00:08:56,0.6349,-0.3901,0.7571,0.0088,Rest
00:08:58,0.5395,-0.3839,0.7218,0.0103,Rest
00:09:00,0.4871,-0.4138,0.7809,0.0101,Rest
00:09:02,0.6066,-0.3992,0.6642,0.011,Rest
00:09:04,0.444,-0.492,0.6874,0.0097,Rest
00:09:06,0.4539,-0.4368,0.7101,0.0092,Rest
00:09:08,0.4642,-0.3858,0.7574,0.0094,Rest
00:09:10,0.6043,-0.4495,0.6637,0.0097,Rest
00:09:12,0.539,-0.3385,0.7951,0.0101,Rest
00:09:14,0.5066,-0.3901,0.6548,0.0106,Rest
00:09:16,0.4719,-0.3836,0.7186,0.0117,Rest
00:09:18,0.5232,-0.4153,0.7098,0.0101,Rest
00:09:20,0.5137,-0.3813,0.7541,0.009,Rest
00:09:22,0.3118,-0.435,0.6985,0.0102,Rest
00:09:24,0.4245,-0.4503,0.7256,0.0089,Rest
00:09:26,0.5073,-0.4094,0.748,0.0085,Rest
00:09:28,0.4076,-0.443,0.5764,0.0085,Rest
00:09:30,0.5545,-0.2625,0.7192,0.0094,Rest
00:09:32,0.4949,-0.3859,0.6849,0.0093,Rest
00:09:34,0.494,-0.3574,0.7323,0.0108,Rest
00:09:36,0.4873,-0.3213,0.6755,0.0099,Rest
00:09:38,0.5346,-0.3467,0.6979,0.0103,Rest
00:09:40,0.4566,-0.3452,0.7439,0.0106,Rest
00:09:42,0.4808,-0.3895,0.6212,0.0102,Rest
00:09:44,0.4364,-0.4194,0.7116,0.0104,Rest
00:09:46,0.4705,-0.4301,0.719,0.0112,Rest
00:09:48,0.4497,-0.4241,0.6433,0.0109,Rest
00:09:50,0.5991,-0.4053,0.7685,0.0086,Rest
00:09:52,0.5293,-0.4293,0.6384,0.0111,Rest
00:09:54,0.4334,-0.4486,0.6981,0.0113,Rest
00:09:56,0.4763,-0.4286,0.6123,0.0099,Rest
00:09:58,0.5664,-0.416,0.6558,0.0104,Rest
00:10:00,0.5146,-0.3823,0.6901,0.0079,Rest
00:10:02,0.6758,-0.3816,0.6584,0.0098,Rest
00:10:04,0.4294,-0.3492,0.6462,0.0101,Rest
00:10:06,0.5186,-0.4303,0.6772,0.0113,Rest
00:10:08,0.4906,-0.2862,0.7235,0.0094,Rest
00:10:10,0.4158,-0.3675,0.6588,0.0096,Rest
00:10:12,0.5932,-0.4208,0.7287,0.0091,Rest
00:10:14,0.5473,-0.3239,0.7009,0.0096,Rest
00:10:16,0.5276,-0.3711,0.5698,0.0112,Rest
00:10:18,0.4765,-0.4042,0.7101,0.0115,Rest
00:10:20,0.4111,-0.4513,0.7511,0.0096,Rest
00:10:22,0.5275,-0.3487,0.6989,0.0083,Rest
00:10:24,0.4971,-0.4985,0.7177,0.0104,Rest
00:10:26,0.5854,-0.4014,0.6724,0.0085,Rest
00:10:28,0.4625,-0.4539,0.8562,0.0114,Rest
00:10:30,0.557,-0.3507,0.6744,0.0092,Rest
00:10:32,0.5295,-0.3616,0.7843,0.0117,Rest
00:10:34,0.4847,-0.4685,0.6496,0.0104,Rest
00:10:36,0.4977,-0.441,0.7013,0.0092,Rest
00:10:38,0.5324,-0.3894,0.6178,0.01,Rest
00:10:40,0.5299,-0.424,0.7853,0.011,Rest
00:10:42,0.4369,-0.4447,0.7241,0.0094,Rest
00:10:44,0.4577,-0.4359,0.6768,0.0105,Rest
00:10:46,0.5253,-0.4724,0.7135,0.0105,Rest
00:10:48,0.451,-0.3547,0.7283,0.0102,Rest
00:10:50,0.4376,-0.265,0.6791,0.0092,Rest
00:10:52,0.4842,-0.3908,0.7219,0.0094,Rest
00:10:54,0.4552,-0.4377,0.694,0.0097,Rest
00:10:56,0.4716,-0.4082,0.7221,0.0106,Rest
00:10:58,0.4836,-0.3827,0.7031,0.0093,Rest
00:11:00,0.4984,-0.4431,0.7364,0.0095,Rest
00:11:02,0.4418,-0.4664,0.6685,0.0109,Rest
00:11:04,0.5194,-0.3566,0.7126,0.0105,Rest
00:11:06,0.4536,-0.4165,0.6683,0.0114,Rest
00:11:08,0.5101,-0.376,0.7594,0.01,Rest
00:11:10,0.5645,-0.4007,0.6973,0.0109,Rest
00:11:12,0.4387,-0.3796,0.7129,0.0076,Rest
00:11:14,0.5079,-0.4402,0.6845,0.0105,Rest
00:11:16,0.4886,-0.4069,0.7818,0.0109,Rest
00:11:18,0.4896,-0.443,0.7079,0.0094,Rest
00:11:20,0.56,-0.4296,0.7224,0.0126,Rest
00:11:22,0.4409,-0.3568,0.7291,0.0096,Rest
00:11:24,0.5684,-0.4512,0.7348,0.0091,Rest
00:11:26,0.5616,-0.4166,0.7392,0.009,Rest
00:11:28,0.5197,-0.3947,0.78,0.0092,Rest
00:11:30,0.4219,-0.3593,0.6674,0.0102,Rest
00:11:32,0.4444,-0.4454,0.7759,0.0113,Rest
00:11:34,0.5507,-0.4795,0.6601,0.0106,Rest
00:11:36,0.4659,-0.3714,0.7212,0.0099,Rest
00:11:38,0.5305,-0.4624,0.6989,0.0107,Rest
00:11:40,0.4922,-0.3129,0.7298,0.0103,Rest
00:11:42,0.509,-0.4348,0.7441,0.0086,Rest
00:11:44,0.4902,-0.4685,0.7727,0.0088,Rest
00:11:46,0.5756,-0.394,0.6634,0.0096,Rest
00:11:48,0.5491,-0.4105,0.6847,0.0104,Rest
00:11:50,0.4899,-0.3573,0.7193,0.0095,Rest
00:11:52,0.4874,-0.3857,0.7169,0.0103,Rest
00:11:54,0.5725,-0.3565,0.7051,0.0088,Rest
00:11:56,0.4628,-0.3119,0.7487,0.0106,Rest
00:11:58,0.4927,-0.3879,0.6813,0.0089,Rest
00:12:00,0.5676,-0.4271,0.6387,0.0095,Rest
00:12:02,0.5148,-0.4115,0.7255,0.0103,Rest
00:12:04,0.4259,-0.2971,0.6684,0.0086,Rest
00:12:06,0.5292,-0.3723,0.7294,0.0115,Rest
00:12:08,0.5297,-0.4303,0.7683,0.0097,Rest
00:12:10,0.4738,-0.3158,0.6627,0.0097,Rest
00:12:12,0.4757,-0.4263,0.7164,0.0094,Rest
00:12:14,0.4816,-0.3407,0.7079,0.0105,Rest
00:12:16,0.494,-0.3574,0.7589,0.0116,Rest
00:12:18,0.4862,-0.4263,0.7185,0.011,Rest
00:12:20,0.5595,-0.3755,0.7805,0.0095,Rest
00:12:22,0.4119,-0.3682,0.6792,0.0121,Rest
00:12:24,0.5607,-0.4243,0.7391,0.0091,Rest
00:12:26,0.5486,-0.4021,0.6555,0.0088,Rest
00:12:28,0.4053,-0.423,0.6844,0.0109,Rest
00:12:30,0.5177,-0.4608,0.7421,0.0106,Rest
00:12:32,0.5707,-0.4612,0.717,0.0104,Rest
00:12:34,0.4375,-0.483,0.6692,0.008,Rest
00:12:36,0.3872,-0.4367,0.6931,0.0108,Rest
00:12:38,0.3976,-0.3634,0.6856,0.01,Rest
00:12:40,0.5157,-0.3425,0.6178,0.0112,Rest
00:12:42,0.5658,-0.442,0.6599,0.0098,Rest
00:12:44,0.3799,-0.3552,0.7369,0.0086,Rest
00:12:46,0.5167,-0.4323,0.7098,0.0096,Rest
00:12:48,0.4169,-0.4228,0.6718,0.0089,Rest
00:12:50,0.4917,-0.4465,0.7288,0.0107,Rest
00:12:52,0.4989,-0.3748,0.7105,0.0097,Rest
00:12:54,0.3917,-0.3392,0.6608,0.011,Rest
00:12:56,0.5469,-0.4041,0.7006,0.0101,Rest
00:12:58,0.5451,-0.3821,0.6547,0.0097,Rest
00:13:00,0.4679,-0.3361,0.7408,0.0109,Rest
00:13:02,0.4266,-0.4008,0.7271,0.009,Rest
00:13:04,0.4822,-0.375,0.6218,0.0102,Rest
00:13:06,0.5757,-0.3438,0.7242,0.011,Rest
00:13:08,0.5481,-0.2747,0.764,0.0112,Rest
00:13:10,0.4356,-0.3927,0.7414,0.0089,Rest
00:13:12,0.5123,-0.4398,0.7052,0.0101,Rest
00:13:14,0.5015,-0.4268,0.6838,0.0105,Rest
00:13:16,0.5287,-0.415,0.7378,0.0118,Rest
00:13:18,0.4543,-0.3027,0.755,0.0086,Rest
00:13:20,0.5088,-0.3663,0.6749,0.0099,Rest
00:13:22,0.419,-0.4131,0.7303,0.0101,Rest
00:13:24,0.4718,-0.4748,0.7646,0.011,Rest
00:13:26,0.5148,-0.4615,0.6337,0.0084,Rest
00:13:28,0.5037,-0.4139,0.7976,0.01,Rest
00:13:30,0.4115,-0.4247,0.6285,0.0098,Rest
00:13:32,0.4209,-0.4323,0.6257,0.0107,Rest
00:13:34,0.5434,-0.3647,0.6177,0.011,Rest
00:13:36,0.479,-0.4018,0.7444,0.0095,Rest
00:13:38,0.5288,-0.4028,0.7495,0.0083,Rest
00:13:40,0.5663,-0.3891,0.788,0.0087,Rest
00:13:42,0.5019,-0.3453,0.6792,0.0115,Rest
00:13:44,0.4812,-0.3759,0.6528,0.0108,Rest
00:13:46,0.4218,-0.4187,0.7939,0.0085,Rest
00:13:48,0.4965,-0.3671,0.7119,0.0103,Rest
00:13:50,0.4886,-0.2896,0.6978,0.0088,Rest
00:13:52,0.4453,-0.3643,0.6611,0.0092,Rest
00:13:54,0.5404,-0.4064,0.6177,0.0104,Rest
00:13:56,0.541,-0.3551,0.744,0.0108,Rest
00:13:58,0.4929,-0.4139,0.7142,0.0106,Rest
00:14:00,0.5326,-0.4134,0.6999,0.0096,Rest
00:14:02,0.4402,-0.3841,0.6591,0.0108,Rest
00:14:04,0.5051,-0.408,0.5677,0.0091,Rest
00:14:06,0.5187,-0.3694,0.6724,0.0085,Rest
00:14:08,0.5518,-0.3608,0.6587,0.0101,Rest
00:14:10,0.4767,-0.2907,0.7714,0.0081,Rest
00:14:12,0.5066,-0.4187,0.7554,0.0101,Rest
00:14:14,0.4852,-0.4019,0.742,0.0094,Rest
00:14:16,0.5064,-0.4005,0.7254,0.0099,Rest
00:14:18,0.421,-0.408,0.6992,0.0109,Rest
00:14:20,0.482,-0.3831,0.7162,0.0092,Rest
00:14:22,0.532,-0.3701,0.7573,0.0102,Rest
00:14:24,0.5357,-0.5248,0.6677,0.0089,Rest
00:14:26,0.4574,-0.3909,0.7055,0.0092,Rest
00:14:28,0.4774,-0.4104,0.7578,0.0093,Rest
00:14:30,0.5183,-0.4324,0.7048,0.0103,Rest
00:14:32,0.5198,-0.4327,0.6857,0.0098,Rest
00:14:34,0.4611,-0.4248,0.7146,0.0108,Rest
00:14:36,0.5355,-0.3004,0.6013,0.01,Rest
00:14:38,0.4567,-0.4557,0.6694,0.0083,Rest
00:14:40,0.4995,-0.3996,0.6872,0.0114,Rest
00:14:42,0.6386,-0.4311,0.7316,0.0083,Rest
00:14:44,0.4096,-0.3627,0.6671,0.0097,Rest
00:14:46,0.429,-0.3602,0.8216,0.0103,Rest
00:14:48,0.4804,-0.4114,0.6814,0.0105,Rest
00:14:50,0.4509,-0.3439,0.7235,0.0095,Rest
00:14:52,0.5171,-0.4025,0.6294,0.0104,Rest
00:14:54,0.4919,-0.3772,0.5997,0.0107,Rest
00:14:56,0.4926,-0.4526,0.6244,0.0132,Rest
00:14:58,0.5185,-0.4413,0.6318,0.0097,Rest
00:15:00,0.4625,-0.3524,0.6186,0.0099,Rest
00:15:02,0.5142,-0.3666,0.7535,0.0104,Rest
00:15:04,0.4635,-0.5022,0.586,0.0094,Rest
00:15:06,0.4548,-0.3631,0.754,0.0098,Rest
00:15:08,0.4259,-0.4092,0.7563,0.0108,Rest
00:15:10,0.4654,-0.2472,0.7003,0.0111,Rest
00:15:12,0.4894,-0.3389,0.6567,0.0103,Rest
00:15:14,0.4471,-0.3574,0.7423,0.0094,Rest
00:15:16,0.5053,-0.3782,0.6762,0.0107,Rest
00:15:18,0.4523,-0.4679,0.721,0.0113,Rest
00:15:20,0.4794,-0.5177,0.7857,0.0103,Rest
00:15:22,0.4794,-0.4501,0.6751,0.0114,Rest
00:15:24,0.6208,-0.3399,0.6781,0.0097,Rest
00:15:26,0.4808,-0.3763,0.6933,0.0095,Rest
00:15:28,0.4192,-0.4991,0.7004,0.0097,Rest
00:15:30,0.6116,-0.3996,0.7316,0.0087,Rest
00:15:32,0.5585,-0.3896,0.6655,0.0099,Rest
00:15:34,0.4391,-0.4003,0.7131,0.01,Rest
00:15:36,0.5203,-0.3323,0.6927,0.0092,Rest
00:15:38,0.4596,-0.3376,0.7267,0.0097,Rest
00:15:40,0.4571,-0.4291,0.7726,0.0091,Rest
00:15:42,0.44,-0.3126,0.7776,0.0102,Rest
00:15:44,0.5166,-0.3666,0.7211,0.0095,Rest
00:15:46,0.4889,-0.4191,0.7032,0.0111,Rest
00:15:48,0.4894,-0.4361,0.6917,0.0092,Rest
00:15:50,0.4649,-0.4017,0.6592,0.0091,Rest
00:15:52,0.5021,-0.3796,0.7238,0.0091,Rest
00:15:54,0.5095,-0.4115,0.6676,0.0105,Rest
00:15:56,0.4373,-0.3807,0.6941,0.0088,Rest
00:15:58,0.4878,-0.3379,0.7695,0.0092,Rest
00:16:00,0.5264,-0.3775,0.7146,0.0095,Rest
00:16:02,0.4842,-0.3895,0.7405,0.0096,Rest
00:16:04,0.525,-0.302,0.7434,0.0096,Rest
00:16:06,0.4661,-0.4418,0.6711,0.0097,Rest
00:16:08,0.4572,-0.3358,0.7306,0.0088,Rest
00:16:10,0.4678,-0.3558,0.7303,0.0103,Rest
00:16:12,0.5389,-0.4106,0.6863,0.0101,Rest
00:16:14,0.5294,-0.4007,0.6959,0.0087,Rest
00:16:16,0.4144,-0.3853,0.7343,0.0096,Rest
00:16:18,0.5168,-0.4053,0.7029,0.01,Rest
00:16:20,0.4516,-0.4331,0.7226,0.0103,Rest
00:16:22,0.4616,-0.4426,0.6499,0.0093,Rest
00:16:24,0.477,-0.4139,0.7419,0.0114,Rest
00:16:26,0.5491,-0.3833,0.7639,0.0092,Rest
00:16:28,0.5191,-0.412,0.8107,0.0096,Rest
00:16:30,0.5675,-0.4292,0.6228,0.0098,Rest
00:16:32,0.4985,-0.4911,0.7573,0.011,Rest
00:16:34,0.5019,-0.3875,0.6815,0.0111,Rest
00:16:36,0.5834,-0.4093,0.7217,0.0095,Rest
00:16:38,0.5239,-0.3599,0.7905,0.0105,Rest
00:16:40,0.4404,-0.3785,0.6922,0.0103,Rest
00:16:42,0.514,-0.3948,0.6784,0.0095,Rest
00:16:44,0.5127,-0.4291,0.6436,0.0118,Rest
00:16:46,0.4213,-0.4352,0.6268,0.0097,Rest
00:16:48,0.5073,-0.3788,0.7345,0.0109,Rest
00:16:50,0.4809,-0.4652,0.7199,0.0105,Rest
00:16:52,0.4876,-0.4176,0.6716,0.0097,Rest
00:16:54,0.489,-0.402,0.6544,0.0108,Rest
00:16:56,0.483,-0.4012,0.6805,0.008,Rest
00:16:58,0.4151,-0.3227,0.6762,0.0111,Rest
00:17:00,0.5273,-0.4018,0.7632,0.0104,Rest
00:17:02,0.53,-0.3958,0.8073,0.0101,Rest
00:17:04,0.5267,-0.3632,0.6431,0.0102,Rest
00:17:06,0.4905,-0.4643,0.7633,0.0107,Rest
00:17:08,0.525,-0.4074,0.623,0.01,Rest
00:17:10,0.5283,-0.3579,0.7887,0.0106,Rest
00:17:12,0.5742,-0.3408,0.6778,0.0098,Rest
00:17:14,0.4413,-0.4082,0.662,0.0109,Rest
00:17:16,0.4088,-0.3633,0.664,0.0097,Rest
00:17:18,0.5892,-0.3715,0.6363,0.0088,Rest
00:17:20,0.5161,-0.3632,0.7562,0.0115,Rest
00:17:22,0.5556,-0.3611,0.7824,0.0108,Rest
00:17:24,0.5031,-0.3729,0.6416,0.012,Rest
00:17:26,0.5898,-0.3436,0.734,0.0107,Rest
00:17:28,0.5132,-0.3994,0.6346,0.0095,Rest
00:17:30,0.5456,-0.4178,0.6849,0.0111,Rest
00:17:32,0.5957,-0.3829,0.6181,0.009,Rest
00:17:34,0.5175,-0.3836,0.7657,0.0101,Rest
00:17:36,0.4382,-0.4363,0.6782,0.0105,Rest
00:17:38,0.4655,-0.4467,0.7555,0.0089,Rest
00:17:40,0.5373,-0.3978,0.7811,0.0101,Rest
00:17:42,0.6149,-0.3873,0.7155,0.0126,Rest
00:17:44,0.4857,-0.4337,0.7917,0.0102,Rest
00:17:46,0.4835,-0.4418,0.727,0.0098,Rest
00:17:48,0.504,-0.4773,0.7048,0.009,Rest
00:17:50,0.596,-0.5031,0.7035,0.0102,Rest
00:17:52,0.4807,-0.5139,0.7053,0.0076,Rest
00:17:54,0.5624,-0.3763,0.7357,0.0116,Rest
00:17:56,0.5805,-0.4205,0.6295,0.0074,Rest
00:17:58,0.5169,-0.4424,0.678,0.0086,Rest
00:18:00,0.5162,-0.3718,0.7135,0.0092,Rest
00:18:02,0.6016,-0.4184,0.7344,0.0103,Rest
00:18:04,0.4795,-0.4226,0.7011,0.0104,Rest
00:18:06,0.4376,-0.3741,0.7871,0.0107,Rest
00:18:08,0.5458,-0.4682,0.7201,0.0091,Rest
00:18:10,0.5601,-0.3727,0.7008,0.0095,Rest
00:18:12,0.4577,-0.367,0.6196,0.0099,Rest
00:18:14,0.4416,-0.4029,0.7086,0.0093,Rest
00:18:16,0.5531,-0.371,0.8063,0.0114,Rest
00:18:18,0.4616,-0.3199,0.7756,0.0101,Rest
00:18:20,0.4985,-0.4476,0.7261,0.0089,Rest
00:18:22,0.4637,-0.4628,0.7857,0.0102,Rest
00:18:24,0.5706,-0.3868,0.6416,0.0093,Rest
00:18:26,0.4055,-0.4287,0.6984,0.0086,Rest
00:18:28,0.4789,-0.4229,0.7288,0.0114,Rest
00:18:30,0.481,-0.4221,0.719,0.0093,Rest
00:18:32,0.4995,-0.3683,0.693,0.0087,Rest
00:18:34,0.517,-0.3465,0.7129,0.0101,Rest
00:18:36,0.4723,-0.3374,0.7295,0.0117,Rest
00:18:38,0.4385,-0.4768,0.68,0.0108,Rest
00:18:40,0.4791,-0.3265,0.7057,0.0095,Rest
00:18:42,0.5398,-0.3527,0.6952,0.0099,Rest
00:18:44,0.4902,-0.4172,0.6569,0.0107,Rest
00:18:46,0.4941,-0.3579,0.7526,0.0088,Rest
00:18:48,0.4583,-0.3791,0.7733,0.0096,Rest
00:18:50,0.4418,-0.4188,0.78,0.009,Rest
00:18:52,0.4908,-0.4277,0.7638,0.0098,Rest
00:18:54,0.5027,-0.3395,0.6633,0.0095,Rest
00:18:56,0.4657,-0.4347,0.7627,0.0091,Rest
00:18:58,0.4604,-0.4217,0.6966,0.0107,Rest
00:19:00,0.4702,-0.427,0.7215,0.0108,Rest
00:19:02,0.5303,-0.4029,0.7148,0.0101,Rest
00:19:04,0.4771,-0.5036,0.6137,0.0098,Rest
00:19:06,0.4298,-0.344,0.7763,0.0105,Rest
00:19:08,0.4758,-0.3543,0.6858,0.0104,Rest
00:19:10,0.5686,-0.3566,0.6793,0.0113,Rest
00:19:12,0.5202,-0.4096,0.69,0.0091,Rest
00:19:14,0.5196,-0.3773,0.6926,0.0091,Rest
00:19:16,0.5881,-0.3613,0.6991,0.0099,Rest
00:19:18,0.5359,-0.4167,0.6283,0.0101,Rest
00:19:20,0.5109,-0.3721,0.7427,0.0103,Rest
00:19:22,0.3377,-0.3213,0.6717,0.0093,Rest
00:19:24,0.5381,-0.4499,0.6945,0.0087,Rest
00:19:26,0.5126,-0.3476,0.7134,0.01,Rest
00:19:28,0.5354,-0.3952,0.7034,0.0102,Rest
00:19:30,0.4957,-0.3605,0.7253,0.0089,Rest
00:19:32,0.5441,-0.4153,0.724,0.0085,Rest
00:19:34,0.5564,-0.3654,0.673,0.0099,Rest
00:19:36,0.4268,-0.4342,0.738,0.009,Rest
00:19:38,0.528,-0.4443,0.6896,0.0114,Rest
00:19:40,0.4516,-0.3924,0.7407,0.0095,Rest
00:19:42,0.546,-0.394,0.6041,0.0086,Rest
00:19:44,0.4419,-0.4586,0.7067,0.0087,Rest
00:19:46,0.4186,-0.3868,0.6788,0.0083,Rest
00:19:48,0.5177,-0.4286,0.7191,0.012,Rest
00:19:50,0.4769,-0.4656,0.6353,0.0103,Rest
00:19:52,0.5225,-0.33,0.7511,0.0088,Rest
00:19:54,0.4676,-0.4121,0.6529,0.0097,Rest
00:19:56,0.4793,-0.3632,0.6062,0.0095,Rest
00:19:58,0.6367,-0.4106,0.7464,0.0095,Rest
00:20:00,0.4728,-0.4202,0.7385,0.0097,Rest
00:20:02,0.5657,-0.4745,0.7237,0.0096,Rest
00:20:04,0.4523,-0.3638,0.6853,0.0102,Rest
00:20:06,0.5165,-0.4318,0.7119,0.0087,Rest
00:20:08,0.5907,-0.4252,0.6611,0.0103,Rest
00:20:10,0.5712,-0.3308,0.7076,0.011,Rest
00:20:12,0.4301,-0.4346,0.6429,0.0102,Rest
00:20:14,0.4073,-0.3636,0.6309,0.0101,Rest
00:20:16,0.4258,-0.3493,0.8128,0.0085,Rest
00:20:18,0.4798,-0.3372,0.7431,0.0085,Rest
00:20:20,0.5303,-0.3412,0.6846,0.0101,Rest
00:20:22,0.5826,-0.3676,0.6608,0.0108,Rest
00:20:24,0.5095,-0.3406,0.6736,0.0096,Rest
00:20:26,0.4509,-0.3963,0.7109,0.0089,Rest
00:20:28,0.4788,-0.4587,0.6848,0.0086,Rest
00:20:30,0.4637,-0.367,0.6888,0.0108,Rest
00:20:32,0.5098,-0.4093,0.6215,0.0087,Rest
00:20:34,0.4617,-0.4559,0.726,0.0116,Rest
00:20:36,0.4427,-0.4229,0.6871,0.0098,Rest
00:20:38,0.5379,-0.457,0.7705,0.0109,Rest
00:20:40,0.4256,-0.4576,0.6529,0.0102,Rest
00:20:42,0.3838,-0.3998,0.8081,0.0088,Rest
00:20:44,0.4876,-0.4055,0.5918,0.0092,Rest
00:20:46,0.5233,-0.4269,0.6387,0.0101,Rest
00:20:48,0.5648,-0.3364,0.6553,0.008,Rest
00:20:50,0.4353,-0.4328,0.7153,0.0105,Rest
00:20:52,0.42,-0.34,0.7034,0.0106,Rest
00:20:54,0.4985,-0.359,0.6725,0.0106,Rest
00:20:56,0.4952,-0.4321,0.7518,0.0099,Rest
00:20:58,0.3929,-0.3513,0.721,0.0125,Rest
00:21:00,0.4848,-0.3785,0.7282,0.0109,Rest
00:21:02,0.522,-0.4799,0.7396,0.0096,Rest
00:21:04,0.5115,-0.349,0.6521,0.0104,Rest
00:21:06,0.4692,-0.4079,0.7377,0.0106,Rest
00:21:08,0.4234,-0.4677,0.7161,0.0092,Rest
00:21:10,0.5072,-0.4021,0.6954,0.0098,Rest
00:21:12,0.6022,-0.3546,0.7323,0.0096,Rest
00:21:14,0.491,-0.4009,0.57,0.0126,Rest
00:21:16,0.4826,-0.4419,0.6699,0.0107,Rest
00:21:18,0.6556,-0.3573,0.6541,0.0087,Rest
00:21:20,0.4565,-0.3171,0.6846,0.0109,Rest
00:21:22,0.436,-0.3197,0.7942,0.0099,Rest
00:21:24,0.5127,-0.3161,0.7606,0.0089,Rest
00:21:26,0.5447,-0.335,0.7256,0.0102,Rest
00:21:28,0.5781,-0.4684,0.7114,0.0101,Rest
00:21:30,0.4871,-0.4255,0.7119,0.0095,Rest
00:21:32,0.617,-0.3981,0.7121,0.0098,Rest
00:21:34,0.5094,-0.4305,0.6559,0.0106,Rest
00:21:36,0.5748,-0.3902,0.6663,0.0099,Rest
00:21:38,0.4871,-0.3779,0.7757,0.0115,Rest
00:21:40,0.4437,-0.3563,0.6256,0.0088,Rest
00:21:42,0.5314,-0.3834,0.6245,0.0102,Rest
00:21:44,0.4842,-0.3846,0.6482,0.0109,Rest
00:21:46,0.5354,-0.5029,0.662,0.01,Rest
00:21:48,0.5288,-0.4436,0.7615,0.0092,Rest
00:21:50,0.4728,-0.373,0.7737,0.0109,Rest
00:21:52,0.5141,-0.4478,0.683,0.0105,Rest
00:21:54,0.609,-0.3388,0.6828,0.0098,Rest
00:21:56,0.524,-0.3379,0.7636,0.0094,Rest
00:21:58,0.5245,-0.4769,0.6931,0.0099,Rest
00:22:00,0.5412,-0.3444,0.7113,0.0111,Rest
00:22:02,0.5341,-0.4085,0.6836,0.01,Rest
00:22:04,0.4937,-0.3829,0.7365,0.0103,Rest
00:22:06,0.4982,-0.4288,0.7108,0.01,Rest
00:22:08,0.5859,-0.3777,0.6606,0.0106,Rest
00:22:10,0.5395,-0.4436,0.6683,0.0108,Rest
00:22:12,0.5402,-0.3759,0.6687,0.0097,Rest
00:22:14,0.5047,-0.327,0.7169,0.0123,Rest
00:22:16,0.5116,-0.4155,0.7151,0.01,Rest
00:22:18,0.4402,-0.3106,0.6528,0.0096,Rest
00:22:20,0.4823,-0.3944,0.7295,0.0095,Rest
00:22:22,0.4696,-0.3635,0.7118,0.0102,Rest
00:22:24,0.465,-0.3733,0.6645,0.0095,Rest
00:22:26,0.4812,-0.3769,0.7047,0.0101,Rest
00:22:28,0.4944,-0.4444,0.6525,0.0086,Rest
00:22:30,0.493,-0.4084,0.6526,0.0091,Rest
00:22:32,0.5745,-0.3686,0.7778,0.0107,Rest
00:22:34,0.5095,-0.3976,0.6746,0.0108,Rest
00:22:36,0.5819,-0.4826,0.7175,0.0083,Rest
00:22:38,0.4974,-0.395,0.6627,0.0097,Rest
00:22:40,0.6028,-0.4892,0.674,0.0077,Rest
00:22:42,0.4679,-0.4483,0.7968,0.0105,Rest
00:22:44,0.539,-0.3881,0.7495,0.011,Rest
00:22:46,0.5506,-0.381,0.671,0.01,Rest
00:22:48,0.539,-0.3978,0.7375,0.0096,Rest
00:22:50,0.4072,-0.3851,0.6729,0.0092,Rest
00:22:52,0.4014,-0.3865,0.5889,0.0098,Rest
00:22:54,0.5072,-0.2675,0.7314,0.0085,Rest
00:22:56,0.5958,-0.4588,0.7153,0.0087,Rest
00:22:58,0.4792,-0.3572,0.7338,0.0085,Rest
00:23:00,0.4697,-0.3613,0.6756,0.0097,Rest
00:23:02,0.5302,-0.3165,0.7586,0.0106,Rest
00:23:04,0.5075,-0.3538,0.7138,0.0078,Rest
00:23:06,0.4064,-0.4761,0.6628,0.0103,Rest
00:23:08,0.4957,-0.3595,0.6541,0.0082,Rest
00:23:10,0.4843,-0.4391,0.6495,0.009,Rest
00:23:12,0.5354,-0.3879,0.7276,0.011,Rest
00:23:14,0.5058,-0.4054,0.5727,0.0098,Rest
00:23:16,0.4069,-0.4447,0.753,0.0108,Rest
00:23:18,0.4843,-0.3574,0.6909,0.0088,Rest
00:23:20,0.4432,-0.4243,0.6106,0.0095,Rest
00:23:22,0.4778,-0.4981,0.7797,0.0114,Rest
00:23:24,0.4983,-0.4327,0.7854,0.0121,Rest
00:23:26,0.5073,-0.48,0.7104,0.008,Rest
00:23:28,0.4279,-0.3828,0.6677,0.0101,Rest
00:23:30,0.4075,-0.5413,0.6209,0.0104,Rest
00:23:32,0.4757,-0.3582,0.6214,0.0078,Rest
00:23:34,0.5724,-0.3701,0.6871,0.0101,Rest
00:23:36,0.4779,-0.4099,0.7177,0.0096,Rest
00:23:38,0.4797,-0.2949,0.6506,0.0106,Rest
00:23:40,0.5072,-0.4365,0.7573,0.0107,Rest
00:23:42,0.4831,-0.3747,0.6842,0.0103,Rest
00:23:44,0.5008,-0.5317,0.7379,0.0092,Rest
00:23:46,0.4897,-0.3438,0.6652,0.0088,Rest
00:23:48,0.5266,-0.4884,0.6547,0.0106,Rest
00:23:50,0.4498,-0.3894,0.6337,0.0102,Rest
00:23:52,0.5684,-0.3734,0.701,0.0103,Rest
00:23:54,0.4039,-0.4746,0.6717,0.0104,Rest
00:23:56,0.5045,-0.4089,0.6683,0.0104,Rest
00:23:58,0.4982,-0.4453,0.6754,0.0101,Rest
00:24:00,0.5066,-0.3565,0.6463,0.0042,Rest
00:24:02,0.5872,-0.4328,0.6985,0.0027,Rest
00:24:04,0.473,-0.3944,0.5922,0.0043,Rest
00:24:06,0.4831,-0.3052,0.7598,0.0042,Rest
00:24:08,0.5506,-0.4012,0.6475,0.0041,Rest
00:24:10,0.5493,-0.4826,0.662,0.0045,Rest
00:24:12,0.4334,-0.4014,0.7088,0.0048,Rest
00:24:14,0.5328,-0.4507,0.6557,0.0056,Rest
00:24:16,0.5721,-0.3593,0.7156,0.0046,Rest
00:24:18,0.5798,-0.3404,0.6745,0.0048,Rest
00:24:20,0.471,-0.4174,0.6475,0.0048,Rest
00:24:22,0.4725,-0.3879,0.7104,0.0058,Rest
00:24:24,0.484,-0.3908,0.681,0.0056,Rest
00:24:26,0.4247,-0.4057,0.7428,0.0027,Rest
00:24:28,0.5937,-0.3442,0.6628,0.0053,Rest
00:24:30,0.3611,-0.3363,0.6747,0.0072,Rest
00:24:32,0.4709,-0.422,0.7426,0.0056,Rest
00:24:34,0.5351,-0.4159,0.7876,0.0049,Rest
00:24:36,0.5164,-0.4186,0.7141,0.0032,Rest
00:24:38,0.4897,-0.437,0.6587,0.0043,Rest
00:24:40,0.5257,-0.3419,0.6416,0.0046,Rest
00:24:42,0.5046,-0.4883,0.6862,0.0047,Rest
00:24:44,0.5562,-0.3798,0.7077,0.0049,Rest
00:24:46,0.498,-0.3699,0.7577,0.0065,Rest
00:24:48,0.507,-0.3798,0.7558,0.004,Rest
00:24:50,0.4693,-0.3963,0.5977,0.0034,Rest
00:24:52,0.4615,-0.4204,0.7614,0.0053,Rest
00:24:54,0.4793,-0.4471,0.7083,0.0043,Rest
00:24:56,0.5258,-0.383,0.7167,0.0071,Rest
00:24:58,0.4988,-0.453,0.7289,0.0042,Rest
00:25:00,0.4568,-0.3461,0.7501,0.0046,Rest
00:25:02,0.4928,-0.4639,0.678,0.0063,Rest
00:25:04,0.4386,-0.4219,0.692,0.0054,Rest
00:25:06,0.5702,-0.3859,0.72,0.0041,Rest
00:25:08,0.4913,-0.4468,0.6415,0.0063,Rest
00:25:10,0.5261,-0.3447,0.6789,0.0043,Rest
00:25:12,0.5111,-0.3258,0.7267,0.004,Rest
00:25:14,0.5352,-0.369,0.6635,0.0049,Rest
00:25:16,0.5742,-0.4109,0.5927,0.0057,Rest
00:25:18,0.5092,-0.3343,0.5951,0.0068,Rest
00:25:20,0.5645,-0.378,0.6842,0.0054,Rest
00:25:22,0.5554,-0.4456,0.6171,0.0043,Rest
00:25:24,0.5214,-0.355,0.7088,0.0049,Rest
00:25:26,0.518,-0.3827,0.6171,0.0056,Rest
00:25:28,0.4939,-0.3238,0.7255,0.0056,Rest
00:25:30,0.4977,-0.4028,0.6848,0.0043,Rest
00:25:32,0.455,-0.3306,0.7938,0.0052,Rest
00:25:34,0.5241,-0.2787,0.6441,0.0044,Rest
00:25:36,0.5021,-0.3487,0.6955,0.0075,Rest
00:25:38,0.5199,-0.419,0.7624,0.0046,Rest
00:25:40,0.4713,-0.3227,0.6162,0.0038,Rest
00:25:42,0.5413,-0.4114,0.704,0.0051,Rest
00:25:44,0.4793,-0.4493,0.7405,0.0048,Rest
00:25:46,0.4487,-0.4316,0.779,0.0057,Rest
00:25:48,0.5285,-0.3701,0.6965,0.0044,Rest
00:25:50,0.5263,-0.2745,0.7261,0.004,Rest
00:25:52,0.5316,-0.3925,0.7871,0.0047,Rest
00:25:54,0.5484,-0.3887,0.6465,0.0057,Rest
00:25:56,0.5251,-0.3491,0.8161,0.005,Rest
00:25:58,0.4683,-0.4641,0.6557,0.0061,Rest
00:26:00,0.6001,-0.4012,0.7159,0.005,Rest
00:26:02,0.5255,-0.4088,0.7049,0.0036,Rest
00:26:04,0.5713,-0.4985,0.7117,0.0033,Rest
00:26:06,0.4348,-0.3961,0.6478,0.0061,Rest
00:26:08,0.4386,-0.3148,0.6479,0.0059,Rest
00:26:10,0.5055,-0.5111,0.7248,0.0041,Rest
00:26:12,0.5573,-0.3924,0.6581,0.0032,Rest
00:26:14,0.5225,-0.3791,0.653,0.006,Rest
00:26:16,0.5738,-0.328,0.7199,0.0052,Rest
00:26:18,0.5046,-0.3668,0.7029,0.0056,Rest
00:26:20,0.4746,-0.4392,0.6786,0.0061,Rest
00:26:22,0.4881,-0.4346,0.6298,0.0065,Rest
00:26:24,0.507,-0.4292,0.6775,0.0058,Rest
00:26:26,0.5117,-0.338,0.7532,0.004,Rest
00:26:28,0.431,-0.3873,0.6841,0.004,Rest
00:26:30,0.5119,-0.4321,0.7032,0.0052,Rest
00:26:32,0.4617,-0.3448,0.7337,0.0069,Rest
00:26:34,0.5027,-0.349,0.7287,0.0051,Rest
00:26:36,0.5111,-0.3387,0.7688,0.0055,Rest
00:26:38,0.4775,-0.3384,0.6794,0.0055,Rest
00:26:40,0.4611,-0.3684,0.7291,0.0058,Rest
00:26:42,0.5876,-0.4365,0.6384,0.0044,Rest
00:26:44,0.4634,-0.3303,0.6513,0.0062,Rest
00:26:46,0.4968,-0.3759,0.6504,0.0076,Rest
00:26:48,0.5662,-0.3815,0.6578,0.0041,Rest
00:26:50,0.4235,-0.463,0.7069,0.0044,Rest
00:26:52,0.4747,-0.3528,0.5996,0.004,Rest
00:26:54,0.4689,-0.4085,0.7534,0.0055,Rest
00:26:56,0.5722,-0.3902,0.6688,0.0033,Rest
00:26:58,0.5262,-0.4141,0.7934,0.0059,Rest
00:27:00,0.5305,-0.4076,0.6258,0.0045,Rest
00:27:02,0.5488,-0.4465,0.6876,0.006,Rest
00:27:04,0.5976,-0.3806,0.6938,0.0065,Rest
00:27:06,0.427,-0.3897,0.606,0.0054,Rest
00:27:08,0.4867,-0.3298,0.6616,0.0064,Rest
00:27:10,0.4737,-0.3782,0.7201,0.0059,Rest
00:27:12,0.5953,-0.3459,0.6726,0.0045,Rest
00:27:14,0.4652,-0.3811,0.6804,0.004,Rest
00:27:16,0.5526,-0.4379,0.6512,0.0047,Rest
00:27:18,0.5004,-0.4445,0.7045,0.004,Rest
00:27:20,0.4776,-0.3177,0.6729,0.0067,Rest
00:27:22,0.4994,-0.3712,0.6796,0.0055,Rest
00:27:24,0.502,-0.4244,0.7491,0.0042,Rest
00:27:26,0.6281,-0.3911,0.7964,0.0043,Rest
00:27:28,0.513,-0.4169,0.7024,0.004,Rest
00:27:30,0.4446,-0.4789,0.7732,0.0031,Rest
00:27:32,0.4901,-0.341,0.6108,0.0061,Rest
00:27:34,0.5332,-0.4191,0.7108,0.0035,Rest
00:27:36,0.4319,-0.441,0.7374,0.0048,Rest
00:27:38,0.4949,-0.419,0.7114,0.0044,Rest
00:27:40,0.5261,-0.5409,0.6772,0.0054,Rest
00:27:42,0.5113,-0.4026,0.6901,0.0061,Rest
00:27:44,0.3943,-0.3803,0.6634,0.0031,Rest
00:27:46,0.5689,-0.3194,0.659,0.005,Rest
00:27:48,0.4851,-0.4212,0.7499,0.0063,Rest
00:27:50,0.4233,-0.4154,0.7138,0.0037,Rest
00:27:52,0.5026,-0.4145,0.6986,0.0029,Rest
00:27:54,0.4651,-0.4313,0.701,0.0053,Rest
00:27:56,0.4605,-0.3722,0.6807,0.0042,Rest
00:27:58,0.452,-0.4336,0.6211,0.0063,Rest
00:28:00,0.5121,-0.3294,0.7212,0.0067,Rest
00:28:02,0.4896,-0.4299,0.6683,0.0046,Rest
00:28:04,0.4696,-0.4234,0.6771,0.0065,Rest
00:28:06,0.5538,-0.5133,0.6404,0.0063,Rest
00:28:08,0.4812,-0.3876,0.638,0.0063,Rest
00:28:10,0.4963,-0.3182,0.6146,0.0042,Rest
00:28:12,0.5756,-0.4153,0.703,0.0046,Rest
00:28:14,0.4534,-0.404,0.5889,0.0066,Rest
00:28:16,0.5557,-0.3888,0.6259,0.004,Rest
00:28:18,0.4568,-0.431,0.739,0.0066,Rest
00:28:20,0.5017,-0.3106,0.7278,0.0029,Rest
00:28:22,0.4911,-0.36,0.6898,0.0046,Rest
00:28:24,0.3969,-0.4054,0.7438,0.0048,Rest
00:28:26,0.5428,-0.3535,0.803,0.0071,Rest
00:28:28,0.5277,-0.3464,0.6584,0.0052,Rest
00:28:30,0.5613,-0.4555,0.715,0.0063,Rest
00:28:32,0.4773,-0.2846,0.7425,0.0063,Rest
00:28:34,0.4577,-0.3197,0.6444,0.0056,Rest
00:28:36,0.5094,-0.4516,0.7181,0.0045,Rest
00:28:38,0.4703,-0.3691,0.7113,0.0051,Rest
00:28:40,0.5006,-0.3405,0.7123,0.0042,Rest
00:28:42,0.4169,-0.4242,0.7357,0.0067,Rest
00:28:44,0.5098,-0.3667,0.7365,0.0048,Rest
00:28:46,0.4673,-0.4357,0.7752,0.0041,Rest
00:28:48,0.4759,-0.3897,0.7671,0.0045,Rest
00:28:50,0.4101,-0.4187,0.6142,0.0045,Rest
00:28:52,0.4968,-0.3478,0.7054,0.0053,Rest
00:28:54,0.5459,-0.4069,0.7278,0.0037,Rest
00:28:56,0.5023,-0.4659,0.6693,0.0042,Rest
00:28:58,0.5162,-0.3672,0.7046,0.0064,Rest
00:29:00,0.5918,-0.3833,0.7749,0.0052,Rest
00:29:02,0.5119,-0.4005,0.6824,0.0051,Rest
00:29:04,0.424,-0.4862,0.707,0.0042,Rest
00:29:06,0.4209,-0.4008,0.7454,0.0047,Rest
00:29:08,0.4649,-0.3374,0.7325,0.0044,Rest
00:29:10,0.5,-0.4572,0.6401,0.0062,Rest
00:29:12,0.5337,-0.3559,0.7481,0.0064,Rest
00:29:14,0.565,-0.3617,0.7209,0.004,Rest
00:29:16,0.5347,-0.4399,0.6815,0.0048,Rest
00:29:18,0.5857,-0.4452,0.7518,0.0048,Rest
00:29:20,0.5122,-0.4022,0.6986,0.0028,Rest
00:29:22,0.4761,-0.438,0.7693,0.0041,Rest
00:29:24,0.505,-0.3678,0.694,0.0054,Rest
00:29:26,0.4496,-0.2487,0.7702,0.0075,Rest
00:29:28,0.5278,-0.3992,0.6748,0.0044,Rest
00:29:30,0.4472,-0.4788,0.6211,0.0051,Rest
00:29:32,0.5207,-0.3664,0.701,0.0041,Rest
00:29:34,0.4801,-0.2621,0.6445,0.0045,Rest
00:29:36,0.5133,-0.3695,0.7364,0.0048,Rest
00:29:38,0.5124,-0.3752,0.6517,0.0044,Rest
00:29:40,0.4673,-0.4025,0.7033,0.0047,Rest
00:29:42,0.5836,-0.4094,0.6711,0.0034,Rest
00:29:44,0.5897,-0.4296,0.6815,0.0042,Rest
00:29:46,0.4911,-0.2999,0.8016,0.0061,Rest
00:29:48,0.545,-0.4281,0.6605,0.0046,Rest
00:29:50,0.5033,-0.4349,0.7478,0.0067,Rest
00:29:52,0.4159,-0.4262,0.7533,0.0042,Rest
00:29:54,0.4753,-0.3838,0.7408,0.0072,Rest
00:29:56,0.4646,-0.3927,0.8089,0.0034,Rest
00:29:58,0.504,-0.4749,0.7394,0.0042,Rest
00:30:00,0.5144,-0.4036,0.6421,0.0046,Rest
00:30:02,0.4459,-0.3508,0.6708,0.0051,Rest
00:30:04,0.4871,-0.4506,0.7921,0.0043,Rest
00:30:06,0.5581,-0.3459,0.647,0.0049,Rest
00:30:08,0.5587,-0.4267,0.7016,0.0058,Rest
00:30:10,0.5506,-0.2955,0.7163,0.0031,Rest
00:30:12,0.4879,-0.4012,0.6443,0.0047,Rest
00:30:14,0.5677,-0.3796,0.6417,0.0038,Rest
00:30:16,0.4571,-0.4035,0.6484,0.0077,Rest
00:30:18,0.4603,-0.3982,0.6426,0.0064,Rest
00:30:20,0.4944,-0.4249,0.6685,0.0071,Rest
00:30:22,0.4973,-0.4643,0.6517,0.0041,Rest
00:30:24,0.5227,-0.3869,0.6222,0.006,Rest
00:30:26,0.4298,-0.4318,0.7138,0.0063,Rest
00:30:28,0.4981,-0.4696,0.7063,0.0047,Rest
00:30:30,0.6059,-0.4071,0.5987,0.0047,Rest
00:30:32,0.5566,-0.3104,0.6997,0.0056,Rest
00:30:34,0.4216,-0.464,0.6477,0.0044,Rest
00:30:36,0.4101,-0.4207,0.7244,0.0036,Rest
00:30:38,0.4819,-0.3609,0.7156,0.005,Rest
00:30:40,0.4849,-0.3435,0.6522,0.0046,Rest
00:30:42,0.46,-0.3771,0.6935,0.0056,Rest
00:30:44,0.555,-0.3684,0.7341,0.0055,Rest
00:30:46,0.5377,-0.4573,0.6228,0.0048,Rest
00:30:48,0.4848,-0.3633,0.7228,0.0063,Rest
00:30:50,0.4498,-0.4461,0.6773,0.0056,Rest
00:30:52,0.5279,-0.2372,0.6974,0.0045,Rest
00:30:54,0.4942,-0.4407,0.7003,0.0048,Rest
00:30:56,0.5927,-0.4031,0.6545,0.0057,Rest
00:30:58,0.4811,-0.4323,0.7297,0.0038,Rest
00:31:00,0.5622,-0.4106,0.7744,0.0044,Rest
00:31:02,0.495,-0.4363,0.7675,0.0052,Rest
00:31:04,0.4799,-0.3857,0.741,0.0045,Rest
00:31:06,0.4356,-0.3121,0.6491,0.0053,Rest
00:31:08,0.5355,-0.3703,0.7642,0.0055,Rest
00:31:10,0.4502,-0.3689,0.7132,0.0062,Rest
00:31:12,0.6101,-0.3942,0.7631,0.0043,Rest
00:31:14,0.4684,-0.4904,0.7637,0.0034,Rest
00:31:16,0.5493,-0.4539,0.7426,0.0043,Rest
00:31:18,0.5465,-0.3748,0.6214,0.0053,Rest
00:31:20,0.4191,-0.453,0.6988,0.0057,Rest
00:31:22,0.541,-0.3972,0.7149,0.0052,Rest
00:31:24,0.5122,-0.4759,0.7143,0.0051,Rest
00:31:26,0.5267,-0.4066,0.6612,0.0024,Rest
00:31:28,0.5096,-0.3988,0.6051,0.0061,Rest
00:31:30,0.4299,-0.3447,0.7373,0.0057,Rest
00:31:32,0.5339,-0.4233,0.7499,0.006,Rest
00:31:34,0.489,-0.5002,0.743,0.0065,Rest
00:31:36,0.4704,-0.3784,0.6885,0.0057,Rest
00:31:38,0.4735,-0.456,0.6643,0.0049,Rest
00:31:40,0.552,-0.4274,0.6499,0.0067,Rest
00:31:42,0.5246,-0.342,0.7303,0.0044,Rest
00:31:44,0.5058,-0.4552,0.7728,0.0061,Rest
00:31:46,0.4556,-0.3314,0.6246,0.0049,Rest
00:31:48,0.4654,-0.361,0.7332,0.006,Rest
00:31:50,0.5104,-0.3216,0.6678,0.0044,Rest
00:31:52,0.4563,-0.4377,0.6539,0.005,Rest
00:31:54,0.4979,-0.4471,0.7111,0.0052,Rest
00:31:56,0.4889,-0.4686,0.7384,0.0053,Rest
00:31:58,0.4205,-0.4571,0.8482,0.0046,Rest
00:32:00,0.4956,-0.3509,0.7137,0.0051,Rest
00:32:02,0.5214,-0.2891,0.6624,0.0043,Rest
00:32:04,0.5683,-0.4006,0.7151,0.0046,Rest
00:32:06,0.5317,-0.3791,0.7431,0.0052,Rest
00:32:08,0.4565,-0.3349,0.6854,0.0058,Rest
00:32:10,0.4585,-0.422,0.6625,0.0052,Rest
00:32:12,0.5124,-0.3729,0.6311,0.0041,Rest
00:32:14,0.4564,-0.4038,0.7238,0.0055,Rest
00:32:16,0.4982,-0.4152,0.6605,0.0065,Rest
00:32:18,0.581,-0.3884,0.6929,0.0039,Rest
00:32:20,0.4952,-0.3957,0.6902,0.006,Rest
00:32:22,0.4404,-0.4002,0.6974,0.0029,Rest
00:32:24,0.5838,-0.2957,0.741,0.0071,Rest
00:32:26,0.5153,-0.3624,0.6671,0.0043,Rest
00:32:28,0.5325,-0.311,0.7021,0.0041,Rest
00:32:30,0.4746,-0.2938,0.6238,0.0033,Rest
00:32:32,0.4801,-0.3234,0.6949,0.0051,Rest
00:32:34,0.4768,-0.3512,0.606,0.0042,Rest
00:32:36,0.5244,-0.3596,0.6871,0.0058,Rest
00:32:38,0.4738,-0.3519,0.6939,0.0048,Rest
00:32:40,0.4692,-0.3722,0.6693,0.0042,Rest
00:32:42,0.5912,-0.4575,0.6716,0.0036,Rest
00:32:44,0.5826,-0.3583,0.6718,0.0078,Rest
00:32:46,0.5406,-0.3967,0.7166,0.0046,Rest
00:32:48,0.4794,-0.4418,0.7555,0.005,Rest
00:32:50,0.4896,-0.3469,0.7506,0.0069,Rest
00:32:52,0.6075,-0.4897,0.6604,0.0057,Rest
00:32:54,0.4386,-0.3719,0.6725,0.0054,Rest
00:32:56,0.6284,-0.4389,0.6202,0.005,Rest
00:32:58,0.4538,-0.502,0.676,0.0045,Rest
00:33:00,0.5442,-0.4733,0.7262,0.0044,Rest
00:33:02,0.4687,-0.3622,0.7331,0.0045,Rest
00:33:04,0.5445,-0.4314,0.7184,0.0042,Rest
00:33:06,0.5082,-0.372,0.7659,0.0044,Rest
00:33:08,0.473,-0.3573,0.6799,0.0039,Rest
00:33:10,0.4744,-0.4754,0.7333,0.0063,Rest
00:33:12,0.4867,-0.3671,0.6909,0.0043,Rest
00:33:14,0.47,-0.4387,0.7767,0.0061,Rest
00:33:16,0.5198,-0.3663,0.692,0.005,Rest
00:33:18,0.5135,-0.3355,0.734,0.0045,Rest
00:33:20,0.4933,-0.5146,0.6975,0.005,Rest
00:33:22,0.454,-0.3587,0.6643,0.0068,Rest
00:33:24,0.6088,-0.4328,0.7465,0.0029,Rest
00:33:26,0.5065,-0.3892,0.6486,0.0047,Rest
00:33:28,0.4641,-0.3653,0.7209,0.0045,Rest
00:33:30,0.4655,-0.3705,0.7184,0.0049,Rest
00:33:32,0.5296,-0.3841,0.6121,0.0071,Rest
00:33:34,0.4581,-0.4183,0.7428,0.0055,Rest
00:33:36,0.4755,-0.4865,0.7281,0.0049,Rest
00:33:38,0.4216,-0.4716,0.7131,0.0043,Rest
00:33:40,0.4191,-0.4719,0.7595,0.0041,Rest
00:33:42,0.5399,-0.3643,0.7167,0.0061,Rest
00:33:44,0.4122,-0.4502,0.6862,0.0055,Rest
00:33:46,0.4676,-0.2942,0.7705,0.004,Rest
00:33:48,0.4832,-0.3938,0.7783,0.0034,Rest
00:33:50,0.4024,-0.3247,0.7413,0.0071,Rest
00:33:52,0.4756,-0.3777,0.7133,0.0051,Rest
00:33:54,0.6514,-0.3441,0.7226,0.0035,Rest
00:33:56,0.4956,-0.4659,0.6748,0.0053,Rest
00:33:58,0.4559,-0.3785,0.6362,0.0042,Rest
00:34:00,0.5729,-0.3552,0.6621,0.0079,Rest
00:34:02,0.5373,-0.4825,0.6755,0.0059,Rest
00:34:04,0.5877,-0.4629,0.7136,0.0048,Rest
00:34:06,0.5266,-0.4817,0.6231,0.0028,Rest
00:34:08,0.5136,-0.3991,0.6989,0.0063,Rest
00:34:10,0.4986,-0.3967,0.6856,0.0059,Rest
00:34:12,0.5506,-0.3038,0.6575,0.0048,Rest
00:34:14,0.484,-0.3885,0.6027,0.0053,Rest
00:34:16,0.5032,-0.3656,0.6701,0.0038,Rest
00:34:18,0.4428,-0.4179,0.7411,0.0046,Rest
00:34:20,0.4996,-0.4058,0.6915,0.0038,Rest
00:34:22,0.5151,-0.4284,0.6701,0.0056,Rest
00:34:24,0.475,-0.3723,0.6489,0.005,Rest
00:34:26,0.4196,-0.3387,0.6659,0.0055,Rest
00:34:28,0.5465,-0.4001,0.7816,0.0058,Rest
00:34:30,0.5419,-0.3548,0.7595,0.0052,Rest
00:34:32,0.5024,-0.4255,0.6401,0.0049,Rest
00:34:34,0.4632,-0.4609,0.6997,0.0046,Rest
00:34:36,0.4909,-0.385,0.6791,0.0055,Rest
00:34:38,0.5132,-0.4346,0.7152,0.0051,Rest
00:34:40,0.538,-0.4259,0.6388,0.0045,Rest
00:34:42,0.4792,-0.3741,0.753,0.0057,Rest
00:34:44,0.573,-0.3348,0.6871,0.0043,Rest
00:34:46,0.5087,-0.426,0.7151,0.0051,Rest
00:34:48,0.5111,-0.3972,0.8064,0.0069,Rest
00:34:50,0.625,-0.3778,0.7952,0.0062,Rest
00:34:52,0.4305,-0.3956,0.6995,0.0076,Rest
00:34:54,0.5597,-0.5388,0.7769,0.0055,Rest
00:34:56,0.5302,-0.431,0.7333,0.0075,Rest
00:34:58,0.5211,-0.3753,0.7447,0.0027,Rest
00:35:00,0.493,-0.3602,0.7082,0.005,Rest
00:35:02,0.5636,-0.4969,0.6761,0.0035,Rest
00:35:04,0.4869,-0.4078,0.7693,0.0059,Rest
00:35:06,0.4322,-0.3684,0.666,0.0032,Rest
00:35:08,0.5294,-0.4374,0.7021,0.0049,Rest
00:35:10,0.4294,-0.4269,0.6556,0.0051,Rest
00:35:12,0.5255,-0.4021,0.727,0.0059,Rest
00:35:14,0.4691,-0.5342,0.6822,0.0055,Rest
00:35:16,0.437,-0.4273,0.7252,0.004,Rest
00:35:18,0.4253,-0.4042,0.7043,0.0072,Rest
00:35:20,0.4935,-0.4442,0.7379,0.0062,Rest
00:35:22,0.5498,-0.398,0.7144,0.0055,Rest
00:35:24,0.5008,-0.417,0.778,0.0052,Rest
00:35:26,0.5087,-0.4023,0.836,0.0055,Rest
00:35:28,0.4665,-0.3603,0.672,0.0054,Rest
00:35:30,0.4783,-0.4511,0.6054,0.0041,Rest
00:35:32,0.4809,-0.4135,0.6373,0.0054,Rest
00:35:34,0.4562,-0.4549,0.6767,0.0046,Rest
00:35:36,0.4642,-0.4434,0.7293,0.0051,Rest
00:35:38,0.5053,-0.4145,0.6658,0.0054,Rest
00:35:40,0.4848,-0.3894,0.6378,0.0051,Rest
00:35:42,0.4881,-0.3684,0.7996,0.0035,Rest
00:35:44,0.4659,-0.4282,0.7768,0.0036,Rest
00:35:46,0.5175,-0.4034,0.6947,0.0052,Rest
00:35:48,0.5392,-0.489,0.7078,0.0071,Rest
00:35:50,0.5213,-0.2737,0.7532,0.0056,Rest
00:35:52,0.4817,-0.3655,0.7497,0.0043,Rest
00:35:54,0.5305,-0.4129,0.7822,0.0046,Rest
00:35:56,0.5356,-0.3167,0.7088,0.0042,Rest
00:35:58,0.5237,-0.3414,0.6555,0.0063,Rest
00:36:00,0.4364,-0.3675,0.6678,0.005,Rest
00:36:02,0.493,-0.3551,0.8043,0.0039,Rest
00:36:04,0.5848,-0.3797,0.6725,0.0059,Rest
00:36:06,0.4089,-0.4055,0.6907,0.0048,Rest
00:36:08,0.5053,-0.3167,0.668,0.0048,Rest
00:36:10,0.525,-0.3557,0.7717,0.005,Rest
00:36:12,0.537,-0.4057,0.7509,0.0049,Rest
00:36:14,0.5399,-0.3785,0.7082,0.0027,Rest
00:36:16,0.5001,-0.4303,0.7102,0.0047,Rest
00:36:18,0.5278,-0.481,0.743,0.0056,Rest
00:36:20,0.4886,-0.3553,0.7046,0.0052,Rest
00:36:22,0.5469,-0.3974,0.7608,0.0048,Rest
00:36:24,0.5814,-0.4998,0.6631,0.0058,Rest
00:36:26,0.4843,-0.3708,0.6782,0.0033,Rest
00:36:28,0.4781,-0.3673,0.6463,0.0063,Rest
00:36:30,0.4694,-0.4266,0.6169,0.0036,Rest
00:36:32,0.4727,-0.3992,0.7724,0.0061,Rest
00:36:34,0.4641,-0.3885,0.6923,0.0062,Rest
00:36:36,0.5275,-0.3812,0.6888,0.0043,Rest
00:36:38,0.4837,-0.4067,0.6781,0.0083,Rest
00:36:40,0.5012,-0.3718,0.7216,0.0046,Rest
00:36:42,0.4979,-0.4228,0.7188,0.0046,Rest
00:36:44,0.4533,-0.4476,0.6756,0.0058,Rest
00:36:46,0.4444,-0.372,0.7701,0.005,Rest
00:36:48,0.5245,-0.4867,0.6134,0.0028,Rest
00:36:50,0.4514,-0.3503,0.7502,0.0057,Rest
00:36:52,0.4922,-0.3904,0.7758,0.0051,Rest
00:36:54,0.5756,-0.4008,0.6992,0.0053,Rest
00:36:56,0.4643,-0.4117,0.7552,0.0062,Rest
00:36:58,0.4477,-0.4185,0.7473,0.0042,Rest
00:37:00,0.5023,-0.4238,0.7093,0.0032,Rest
00:37:02,0.4536,-0.3537,0.7649,0.0049,Rest
00:37:04,0.4842,-0.3876,0.6969,0.0049,Rest
00:37:06,0.5642,-0.4052,0.6767,0.0055,Rest
00:37:08,0.518,-0.428,0.7046,0.0057,Rest
00:37:10,0.5227,-0.3712,0.7961,0.0064,Rest
00:37:12,0.4601,-0.436,0.7261,0.0066,Rest
00:37:14,0.5007,-0.3324,0.6909,0.0064,Rest
00:37:16,0.591,-0.4113,0.7204,0.0036,Rest
00:37:18,0.4236,-0.4524,0.6881,0.003,Rest
00:37:20,0.5318,-0.4149,0.706,0.0041,Rest
00:37:22,0.5231,-0.476,0.7028,0.004,Rest
00:37:24,0.4254,-0.4018,0.7036,0.0046,Rest
00:37:26,0.5145,-0.4098,0.7061,0.0046,Rest
00:37:28,0.5684,-0.374,0.8168,0.0055,Rest
00:37:30,0.531,-0.4626,0.757,0.0053,Rest
00:37:32,0.5506,-0.5041,0.7175,0.0059,Rest
00:37:34,0.5064,-0.4331,0.6486,0.0042,Rest
00:37:36,0.5733,-0.4182,0.6982,0.0043,Rest
00:37:38,0.4812,-0.4365,0.7629,0.0047,Rest
00:37:40,0.5082,-0.3568,0.7348,0.0032,Rest
00:37:42,0.4435,-0.3843,0.7498,0.0053,Rest
00:37:44,0.5283,-0.4228,0.7586,0.0063,Rest
00:37:46,0.623,-0.3337,0.718,0.0058,Rest
00:37:48,0.447,-0.4584,0.7308,0.0039,Rest
00:37:50,0.5083,-0.3926,0.6771,0.0038,Rest
00:37:52,0.535,-0.3359,0.7645,0.004,Rest
00:37:54,0.5236,-0.3692,0.6394,0.0039,Rest
00:37:56,0.5489,-0.4368,0.7237,0.0056,Rest
00:37:58,0.4867,-0.4735,0.7029,0.0039,Rest
00:38:00,0.4855,-0.5217,0.7064,0.0054,Rest
00:38:02,0.5235,-0.4227,0.7429,0.0053,Rest
00:38:04,0.457,-0.4143,0.8307,0.0058,Rest
00:38:06,0.4068,-0.4093,0.6642,0.0049,Rest
00:38:08,0.5909,-0.3743,0.6361,0.0062,Rest
00:38:10,0.4905,-0.46,0.7064,0.0054,Rest
00:38:12,0.4866,-0.4337,0.6502,0.0062,Rest
00:38:14,0.516,-0.4363,0.6743,0.0058,Rest
00:38:16,0.5956,-0.3523,0.6416,0.0041,Rest
00:38:18,0.5292,-0.3461,0.6587,0.0051,Rest
00:38:20,0.5354,-0.3812,0.6689,0.0066,Rest
00:38:22,0.5705,-0.3648,0.6878,0.0054,Rest
00:38:24,0.4845,-0.3259,0.7048,0.005,Rest
00:38:26,0.5922,-0.4131,0.7235,0.0055,Rest
00:38:28,0.5449,-0.359,0.6607,0.0043,Rest
00:38:30,0.4704,-0.3081,0.6602,0.0053,Rest
00:38:32,0.3667,-0.402,0.7326,0.0041,Rest
00:38:34,0.5318,-0.3003,0.6422,0.0044,Rest
00:38:36,0.3709,-0.4059,0.8079,0.0053,Rest
00:38:38,0.4601,-0.3926,0.6294,0.0058,Rest
00:38:40,0.399,-0.4312,0.7733,0.0065,Rest
00:38:42,0.5676,-0.3363,0.7005,0.0055,Rest
00:38:44,0.4689,-0.3217,0.771,0.0034,Rest
00:38:46,0.4586,-0.3333,0.7528,0.0077,Rest
00:38:48,0.4888,-0.3801,0.6582,0.0059,Rest
00:38:50,0.4808,-0.3891,0.7138,0.0058,Rest
00:38:52,0.5149,-0.4355,0.6782,0.0055,Rest
00:38:54,0.4543,-0.3984,0.7064,0.0042,Rest
00:38:56,0.5337,-0.3394,0.6763,0.0047,Rest
00:38:58,0.6216,-0.3959,0.7477,0.0057,Rest
00:39:00,0.5022,-0.4375,0.646,0.0054,Rest
00:39:02,0.5589,-0.4555,0.6662,0.0059,Rest
00:39:04,0.5193,-0.3641,0.7223,0.0052,Rest
00:39:06,0.5002,-0.3877,0.6563,0.0047,Rest
00:39:08,0.5185,-0.4108,0.7031,0.0049,Rest
00:39:10,0.5697,-0.2958,0.6857,0.0055,Rest
00:39:12,0.5612,-0.4119,0.747,0.0038,Rest
00:39:14,0.5273,-0.3671,0.72,0.0064,Rest
00:39:16,0.4851,-0.3743,0.8042,0.003,Rest
00:39:18,0.4774,-0.3506,0.7281,0.0062,Rest
00:39:20,0.4825,-0.332,0.7406,0.005,Rest
00:39:22,0.4904,-0.4422,0.672,0.0045,Rest
00:39:24,0.5421,-0.316,0.7602,0.005,Rest
00:39:26,0.5108,-0.4106,0.6767,0.0065,Rest
00:39:28,0.5085,-0.4022,0.7063,0.0062,Rest
00:39:30,0.468,-0.3742,0.6571,0.0033,Rest
00:39:32,0.5525,-0.4303,0.6928,0.0058,Rest
00:39:34,0.5913,-0.3838,0.7209,0.0047,Rest
00:39:36,0.5497,-0.3497,0.6285,0.0049,Rest
00:39:38,0.5901,-0.3798,0.8355,0.0039,Rest
00:39:40,0.4706,-0.3714,0.6235,0.0055,Rest
00:39:42,0.5181,-0.4216,0.6693,0.0048,Rest
00:39:44,0.4582,-0.3866,0.6786,0.0039,Rest
00:39:46,0.5237,-0.3672,0.6444,0.0063,Rest
00:39:48,0.5262,-0.4429,0.6971,0.0053,Rest
00:39:50,0.5068,-0.5234,0.6755,0.0041,Rest
00:39:52,0.4715,-0.3712,0.6878,0.0044,Rest
00:39:54,0.5201,-0.4243,0.7452,0.0057,Rest
00:39:56,0.4676,-0.4728,0.7277,0.006,Rest
00:39:58,0.5287,-0.4117,0.6583,0.0046,Rest
00:40:00,0.5127,-0.3977,0.6613,0.0053,Rest
00:40:02,0.4627,-0.2563,0.6901,0.0052,Rest
00:40:04,0.4893,-0.3423,0.7367,0.0037,Rest
00:40:06,0.5527,-0.4739,0.8138,0.006,Rest
00:40:08,0.4588,-0.4502,0.679,0.0041,Rest
00:40:10,0.5098,-0.3475,0.7635,0.0054,Rest
00:40:12,0.5361,-0.5289,0.7683,0.0043,Rest
00:40:14,0.4404,-0.4378,0.747,0.0048,Rest
00:40:16,0.4596,-0.3815,0.7445,0.0054,Rest
00:40:18,0.4464,-0.3289,0.7333,0.0047,Rest
00:40:20,0.5076,-0.3603,0.6417,0.0044,Rest
00:40:22,0.5461,-0.4349,0.802,0.004,Rest
00:40:24,0.4836,-0.4699,0.7432,0.0045,Rest
00:40:26,0.5698,-0.4156,0.62,0.0038,Rest
00:40:28,0.5094,-0.5275,0.8065,0.0054,Rest
00:40:30,0.5236,-0.4358,0.7409,0.004,Rest
00:40:32,0.5357,-0.3213,0.7695,0.0047,Rest
00:40:34,0.5331,-0.4376,0.7661,0.0063,Rest
00:40:36,0.4419,-0.4329,0.6886,0.006,Rest
00:40:38,0.5771,-0.3589,0.7712,0.0044,Rest
00:40:40,0.4727,-0.3054,0.6611,0.0047,Rest
00:40:42,0.4937,-0.4004,0.6122,0.0056,Rest
00:40:44,0.4452,-0.3435,0.6539,0.0049,Rest
00:40:46,0.5878,-0.471,0.6767,0.0041,Rest
00:40:48,0.5081,-0.2428,0.7456,0.0037,Rest
00:40:50,0.476,-0.3871,0.7624,0.0043,Rest
00:40:52,0.5585,-0.3397,0.7769,0.0049,Rest
00:40:54,0.5517,-0.4301,0.7049,0.0054,Rest
00:40:56,0.5662,-0.3828,0.6996,0.0059,Rest
00:40:58,0.5369,-0.4673,0.7047,0.0048,Rest
00:41:00,0.5478,-0.4564,0.7253,0.0035,Rest
00:41:02,0.4133,-0.4148,0.6679,0.0051,Rest
00:41:04,0.55,-0.3512,0.7073,0.0045,Rest
00:41:06,0.4884,-0.4149,0.6865,0.0064,Rest
00:41:08,0.5165,-0.3944,0.7372,0.0064,Rest
00:41:10,0.5015,-0.4515,0.7296,0.0062,Rest
00:41:12,0.5091,-0.3334,0.667,0.0063,Rest
00:41:14,0.4904,-0.3693,0.6204,0.0052,Rest
00:41:16,0.4543,-0.3202,0.7442,0.0049,Rest
00:41:18,0.5151,-0.4045,0.7113,0.0051,Rest
00:41:20,0.5521,-0.3861,0.6388,0.0049,Rest
00:41:22,0.4608,-0.3374,0.7012,0.0038,Rest
00:41:24,0.5441,-0.3871,0.693,0.0062,Rest
00:41:26,0.3709,-0.4203,0.766,0.0055,Rest
00:41:28,0.5094,-0.4478,0.7273,0.004,Rest
00:41:30,0.512,-0.3419,0.7519,0.0032,Rest
00:41:32,0.6011,-0.4118,0.6883,0.0039,Rest
00:41:34,0.5869,-0.3585,0.6452,0.0066,Rest
00:41:36,0.4489,-0.3691,0.7686,0.0035,Rest
00:41:38,0.5529,-0.51,0.7176,0.0052,Rest
00:41:40,0.3863,-0.3324,0.6557,0.0058,Rest
00:41:42,0.4552,-0.3739,0.7901,0.005,Rest
00:41:44,0.5253,-0.4334,0.7719,0.0055,Rest
00:41:46,0.4728,-0.3838,0.7516,0.0058,Rest
00:41:48,0.5719,-0.5188,0.6393,0.0052,Rest
00:41:50,0.5245,-0.4305,0.7179,0.0049,Rest
00:41:52,0.4535,-0.4871,0.7828,0.0035,Rest
00:41:54,0.4776,-0.421,0.6931,0.0047,Rest
00:41:56,0.5176,-0.4286,0.6507,0.0068,Rest
00:41:58,0.4443,-0.3617,0.5886,0.0056,Rest
00:42:00,0.4343,-0.4341,0.7809,0.0062,Rest
00:42:02,0.4906,-0.3636,0.6559,0.0037,Rest
00:42:04,0.5131,-0.4374,0.7208,0.0041,Rest
00:42:06,0.5136,-0.42,0.6039,0.0058,Rest
00:42:08,0.5288,-0.3693,0.6689,0.0047,Rest
00:42:10,0.5191,-0.2881,0.6655,0.0049,Rest
00:42:12,0.4048,-0.3129,0.7734,0.0037,Rest
00:42:14,0.4693,-0.3515,0.6341,0.0057,Rest
00:42:16,0.5008,-0.3702,0.665,0.004,Rest
00:42:18,0.5185,-0.373,0.5232,0.0046,Rest
00:42:20,0.4974,-0.3634,0.6822,0.0049,Rest
00:42:22,0.5388,-0.4175,0.7045,0.0047,Rest
00:42:24,0.4752,-0.4523,0.7009,0.0062,Rest
00:42:26,0.554,-0.3573,0.6117,0.0042,Rest
00:42:28,0.4594,-0.3772,0.7542,0.0045,Rest
00:42:30,0.4761,-0.4065,0.6959,0.0057,Rest
00:42:32,0.5117,-0.4044,0.7574,0.0067,Rest
00:42:34,0.5014,-0.3138,0.6868,0.0059,Rest
00:42:36,0.4514,-0.3715,0.7199,0.0056,Rest
00:42:38,0.4213,-0.294,0.7769,0.0037,Rest
00:42:40,0.5466,-0.3907,0.8,0.0068,Rest
00:42:42,0.3876,-0.3666,0.6602,0.0056,Rest
00:42:44,0.5451,-0.4321,0.6772,0.0064,Rest
00:42:46,0.5991,-0.4075,0.7136,0.0042,Rest
00:42:48,0.4666,-0.3884,0.7138,0.0052,Rest
00:42:50,0.5767,-0.3632,0.655,0.0046,Rest
00:42:52,0.5805,-0.3283,0.7221,0.0055,Rest
00:42:54,0.4194,-0.3634,0.5833,0.0041,Rest
00:42:56,0.4913,-0.3014,0.6614,0.004,Rest
00:42:58,0.4813,-0.3857,0.795,0.004,Rest
00:43:00,0.5328,-0.4809,0.6824,0.0051,Rest
00:43:02,0.5022,-0.3603,0.655,0.0053,Rest
00:43:04,0.5568,-0.3013,0.6573,0.0059,Rest
00:43:06,0.4969,-0.4712,0.6125,0.0052,Rest
00:43:08,0.4788,-0.3242,0.6625,0.0057,Rest
00:43:10,0.5189,-0.4159,0.787,0.0053,Rest
00:43:12,0.5587,-0.3459,0.7466,0.0053,Rest
00:43:14,0.4952,-0.3555,0.7236,0.0052,Rest
00:43:16,0.5453,-0.4228,0.639,0.0076,Rest
00:43:18,0.5403,-0.4201,0.6278,0.0036,Rest
00:43:20,0.5232,-0.4934,0.5973,0.0071,Rest
00:43:22,0.4896,-0.3175,0.7264,0.0055,Rest
00:43:24,0.5018,-0.3807,0.739,0.0054,Rest
00:43:26,0.5156,-0.375,0.645,0.0041,Rest
00:43:28,0.5107,-0.3605,0.6566,0.005,Rest
00:43:30,0.518,-0.3984,0.6856,0.0052,Rest
00:43:32,0.4533,-0.522,0.6614,0.0045,Rest
00:43:34,0.5716,-0.3504,0.662,0.0035,Rest
00:43:36,0.5648,-0.4923,0.6869,0.0054,Rest
00:43:38,0.5287,-0.4652,0.6894,0.0053,Rest
00:43:40,0.5229,-0.4339,0.7329,0.0069,Rest
00:43:42,0.4766,-0.3903,0.6918,0.005,Rest
00:43:44,0.5612,-0.4175,0.6721,0.0052,Rest
00:43:46,0.5675,-0.391,0.7275,0.004,Rest
00:43:48,0.5137,-0.4971,0.7165,0.0042,Rest
00:43:50,0.5097,-0.4531,0.715,0.0055,Rest
00:43:52,0.4483,-0.4116,0.6715,0.0043,Rest
00:43:54,0.4705,-0.4155,0.7288,0.0059,Rest
00:43:56,0.5646,-0.4553,0.7501,0.0034,Rest
00:43:58,0.4974,-0.462,0.6185,0.0035,Rest
00:44:00,0.4832,-0.3497,0.7687,0.0043,Rest
00:44:02,0.6162,-0.4353,0.689,0.0063,Rest
00:44:04,0.4429,-0.3608,0.6897,0.0048,Rest
00:44:06,0.4865,-0.4337,0.7215,0.0043,Rest
00:44:08,0.4866,-0.4314,0.6821,0.0049,Rest
00:44:10,0.4344,-0.3255,0.7641,0.0048,Rest
00:44:12,0.4703,-0.3966,0.6208,0.0058,Rest
00:44:14,0.5114,-0.4203,0.6849,0.0038,Rest
00:44:16,0.3978,-0.4622,0.6678,0.0058,Rest
00:44:18,0.5526,-0.3124,0.7064,0.006,Rest
00:44:20,0.5059,-0.4436,0.6675,0.0067,Rest
00:44:22,0.4714,-0.4136,0.7234,0.0023,Rest
00:44:24,0.5042,-0.3165,0.6574,0.0047,Rest
00:44:26,0.5255,-0.4641,0.7445,0.0031,Rest
00:44:28,0.5257,-0.4349,0.7524,0.0055,Rest
00:44:30,0.487,-0.3822,0.6101,0.0049,Rest
00:44:32,0.5542,-0.4706,0.6842,0.0055,Rest
00:44:34,0.5184,-0.4387,0.7556,0.0063,Rest
00:44:36,0.5702,-0.3661,0.6827,0.0042,Rest
00:44:38,0.4631,-0.3558,0.7683,0.0057,Rest
00:44:40,0.5842,-0.3375,0.6581,0.0059,Rest
00:44:42,0.4308,-0.3036,0.7075,0.0054,Rest
00:44:44,0.5238,-0.429,0.7025,0.0051,Rest
00:44:46,0.4778,-0.5103,0.7076,0.0057,Rest
00:44:48,0.5617,-0.3619,0.6511,0.0058,Rest
00:44:50,0.5036,-0.4279,0.6543,0.0045,Rest
00:44:52,0.5064,-0.4,0.7507,0.0049,Rest
00:44:54,0.4549,-0.3887,0.6101,0.0066,Rest
00:44:56,0.5258,-0.3436,0.7181,0.0049,Rest
00:44:58,0.5139,-0.3728,0.745,0.0077,Rest
00:45:00,0.5528,-0.4532,0.6791,0.0057,Rest
00:45:02,0.478,-0.4297,0.7468,0.0056,Rest
00:45:04,0.5809,-0.4257,0.6769,0.005,Rest
00:45:06,0.4951,-0.3766,0.7634,0.0053,Rest
00:45:08,0.4478,-0.4234,0.6218,0.0051,Rest
00:45:10,0.555,-0.4528,0.7757,0.0056,Rest
00:45:12,0.4865,-0.439,0.6648,0.005,Rest
00:45:14,0.551,-0.3944,0.6821,0.0047,Rest
00:45:16,0.5552,-0.3798,0.68,0.0034,Rest
00:45:18,0.4579,-0.4843,0.6783,0.0049,Rest
00:45:20,0.61,-0.4349,0.7384,0.006,Rest
00:45:22,0.4406,-0.3542,0.7179,0.0063,Rest
00:45:24,0.4722,-0.356,0.7005,0.0056,Rest
00:45:26,0.5413,-0.4043,0.6929,0.0051,Rest
00:45:28,0.4978,-0.3677,0.6907,0.0048,Rest
00:45:30,0.4764,-0.3295,0.7574,0.0064,Rest
00:45:32,0.5347,-0.3407,0.6608,0.0043,Rest
00:45:34,0.4555,-0.3738,0.7319,0.0062,Rest
00:45:36,0.4905,-0.3574,0.7787,0.0056,Rest
00:45:38,0.5148,-0.3128,0.6781,0.0041,Rest
00:45:40,0.3923,-0.4487,0.682,0.0051,Rest
00:45:42,0.4601,-0.325,0.6851,0.0047,Rest
00:45:44,0.4379,-0.4987,0.6097,0.0055,Rest
00:45:46,0.4551,-0.3865,0.6796,0.0047,Rest
00:45:48,0.505,-0.4381,0.648,0.0046,Rest
00:45:50,0.4544,-0.3473,0.7121,0.0061,Rest
00:45:52,0.459,-0.435,0.7439,0.0047,Rest
00:45:54,0.5464,-0.4375,0.6871,0.006,Rest
00:45:56,0.4925,-0.3692,0.6799,0.005,Rest
00:45:58,0.4973,-0.414,0.7077,0.0058,Rest
00:46:00,0.4902,-0.4656,0.5839,0.0056,Rest
00:46:02,0.4643,-0.2875,0.6809,0.0063,Rest
00:46:04,0.501,-0.3794,0.7461,0.0049,Rest
00:46:06,0.4419,-0.4537,0.674,0.0041,Rest
00:46:08,0.4597,-0.3616,0.6696,0.0037,Rest
00:46:10,0.493,-0.4565,0.7377,0.0041,Rest
00:46:12,0.5111,-0.302,0.7301,0.0051,Rest
00:46:14,0.4926,-0.454,0.7617,0.0052,Rest
00:46:16,0.4987,-0.3768,0.7057,0.0067,Rest
00:46:18,0.4069,-0.3946,0.6762,0.0063,Rest
00:46:20,0.558,-0.4779,0.7435,0.0051,Rest
00:46:22,0.4699,-0.4239,0.6332,0.0048,Rest
00:46:24,0.5106,-0.3823,0.6124,0.0043,Rest
00:46:26,0.5477,-0.3815,0.6501,0.0057,Rest
00:46:28,0.4751,-0.429,0.6288,0.0057,Rest
00:46:30,0.4477,-0.4295,0.7377,0.0047,Rest
00:46:32,0.5097,-0.4285,0.7493,0.0051,Rest
00:46:34,0.5794,-0.3753,0.6561,0.004,Rest
00:46:36,0.477,-0.4379,0.7925,0.0043,Rest
00:46:38,0.4808,-0.3825,0.6365,0.0053,Rest
00:46:40,0.5539,-0.4292,0.7286,0.0052,Rest
00:46:42,0.5487,-0.2717,0.807,0.0032,Rest
00:46:44,0.4266,-0.3707,0.7193,0.0073,Rest
00:46:46,0.4969,-0.4114,0.6353,0.0044,Rest
00:46:48,0.4185,-0.3758,0.7698,0.0048,Rest
00:46:50,0.4823,-0.4189,0.6961,0.0059,Rest
00:46:52,0.4956,-0.4104,0.695,0.0038,Rest
00:46:54,0.5651,-0.3818,0.779,0.0055,Rest
00:46:56,0.4349,-0.3639,0.7547,0.0031,Rest
00:46:58,0.5622,-0.3468,0.7652,0.0025,Rest
00:47:00,0.543,-0.4495,0.7671,0.0088,Rest
00:47:02,0.4822,-0.3867,0.6248,0.0087,Rest
00:47:04,0.4852,-0.3475,0.6027,0.009,Rest
00:47:06,0.4475,-0.377,0.7575,0.0075,Rest
00:47:08,0.5311,-0.4118,0.651,0.0085,Rest
00:47:10,0.4777,-0.3698,0.7243,0.0061,Rest
00:47:12,0.5361,-0.3831,0.6675,0.0084,Rest
00:47:14,0.4665,-0.4379,0.7561,0.0059,Rest
00:47:16,0.4654,-0.3889,0.6402,0.0053,Rest
00:47:18,0.5563,-0.3714,0.6965,0.0083,Rest
00:47:20,0.4696,-0.4357,0.7224,0.0089,Rest
00:47:22,0.4617,-0.3774,0.6411,0.008,Rest
00:47:24,0.528,-0.3332,0.7039,0.008,Rest
00:47:26,0.5339,-0.4448,0.7821,0.0058,Rest
00:47:28,0.5113,-0.3788,0.7095,0.0076,Rest
00:47:30,0.491,-0.3721,0.5942,0.0075,Rest
00:47:32,0.5202,-0.4131,0.6681,0.0065,Rest
00:47:34,0.4586,-0.4052,0.7367,0.0101,Rest
00:47:36,0.4724,-0.4375,0.674,0.0079,Rest
00:47:38,0.5059,-0.3799,0.7027,0.0068,Rest
00:47:40,0.6043,-0.3676,0.6103,0.0081,Rest
00:47:42,0.5219,-0.4306,0.6567,0.0068,Rest
00:47:44,0.5261,-0.3685,0.6272,0.0081,Rest
00:47:46,0.5596,-0.3838,0.7553,0.0101,Rest
00:47:48,0.4883,-0.5017,0.6159,0.0073,Rest
00:47:50,0.4718,-0.3817,0.7192,0.0091,Rest
00:47:52,0.4809,-0.4005,0.7165,0.0085,Rest
00:47:54,0.6244,-0.3623,0.6878,0.0085,Rest
00:47:56,0.4635,-0.4169,0.7435,0.0062,Rest
00:47:58,0.4745,-0.3996,0.7358,0.0077,Rest
00:48:00,0.5067,-0.4074,0.6756,0.0062,Rest
00:48:02,0.3915,-0.3712,0.6882,0.0081,Rest
00:48:04,0.4745,-0.4535,0.7509,0.0075,Rest
00:48:06,0.5093,-0.3973,0.6825,0.0098,Rest
00:48:08,0.5851,-0.3673,0.6875,0.009,Rest
00:48:10,0.4603,-0.4894,0.7,0.0079,Rest
00:48:12,0.412,-0.4892,0.7252,0.0083,Rest
00:48:14,0.5263,-0.3909,0.6526,0.0088,Rest
00:48:16,0.5328,-0.4758,0.7192,0.0065,Rest
00:48:18,0.4692,-0.3816,0.6466,0.0078,Rest
00:48:20,0.5162,-0.3903,0.7282,0.0085,Rest
00:48:22,0.576,-0.4157,0.6361,0.0066,Rest
00:48:24,0.5544,-0.3181,0.7391,0.0079,Rest
00:48:26,0.5159,-0.3386,0.6299,0.0116,Rest
00:48:28,0.4385,-0.4334,0.6698,0.0087,Rest
00:48:30,0.4798,-0.3298,0.6953,0.0089,Rest
00:48:32,0.5139,-0.3765,0.7722,0.0069,Rest
00:48:34,0.502,-0.284,0.6897,0.007,Rest
00:48:36,0.4417,-0.4998,0.6725,0.0075,Rest
00:48:38,0.465,-0.3622,0.7571,0.0074,Rest
00:48:40,0.6277,-0.2959,0.6285,0.0077,Rest
00:48:42,0.4775,-0.3522,0.6283,0.0089,Rest
00:48:44,0.4773,-0.4098,0.6874,0.0082,Rest
00:48:46,0.5813,-0.3601,0.6739,0.0077,Rest
00:48:48,0.5448,-0.416,0.6558,0.0087,Rest
00:48:50,0.5216,-0.3781,0.6752,0.0085,Rest
00:48:52,0.5011,-0.3906,0.6924,0.0079,Rest
00:48:54,0.4278,-0.4506,0.7371,0.0068,Rest
00:48:56,0.4522,-0.5252,0.7162,0.0081,Rest
00:48:58,0.6083,-0.3927,0.7199,0.0081,Rest
00:49:00,0.505,-0.4023,0.7353,0.0092,Rest
00:49:02,0.4444,-0.3931,0.6932,0.0071,Rest
00:49:04,0.5485,-0.4341,0.5953,0.0074,Rest
00:49:06,0.5542,-0.3369,0.7027,0.0074,Rest
00:49:08,0.6104,-0.3408,0.6868,0.0076,Rest
00:49:10,0.4825,-0.3941,0.74,0.0085,Rest
00:49:12,0.487,-0.4293,0.6985,0.0063,Rest
00:49:14,0.4568,-0.2986,0.6519,0.0079,Rest
00:49:16,0.6027,-0.4792,0.6981,0.0068,Rest
00:49:18,0.5434,-0.4111,0.7832,0.0068,Rest
00:49:20,0.4336,-0.385,0.7246,0.0079,Rest
00:49:22,0.5048,-0.4714,0.7379,0.0082,Rest
00:49:24,0.4467,-0.3917,0.7657,0.0067,Rest
00:49:26,0.4695,-0.4211,0.6751,0.0084,Rest
00:49:28,0.4866,-0.3306,0.6612,0.0093,Rest
00:49:30,0.4821,-0.4359,0.8059,0.007,Rest
00:49:32,0.4591,-0.4219,0.7101,0.0072,Rest
00:49:34,0.4972,-0.3309,0.7444,0.0078,Rest
00:49:36,0.584,-0.2644,0.6624,0.0082,Rest
00:49:38,0.5005,-0.3804,0.6616,0.0089,Rest
00:49:40,0.5378,-0.4514,0.6519,0.009,Rest
00:49:42,0.4893,-0.4289,0.6174,0.0074,Rest
00:49:44,0.4539,-0.3883,0.7152,0.0077,Rest
00:49:46,0.5177,-0.451,0.7246,0.0096,Rest
00:49:48,0.5096,-0.4191,0.6867,0.0081,Rest
00:49:50,0.477,-0.3781,0.7396,0.0069,Rest
00:49:52,0.5873,-0.4139,0.6796,0.0084,Rest
00:49:54,0.5165,-0.3612,0.7707,0.0077,Rest
00:49:56,0.4753,-0.34,0.6886,0.0089,Rest
00:49:58,0.4988,-0.3584,0.7246,0.0088,Rest
00:50:00,0.4142,-0.4139,0.6957,0.0081,Rest
00:50:02,0.4905,-0.3828,0.7514,0.008,Rest
00:50:04,0.5031,-0.3572,0.7874,0.0075,Rest
00:50:06,0.4024,-0.4064,0.7196,0.0096,Rest
00:50:08,0.5883,-0.3257,0.7452,0.0079,Rest
00:50:10,0.4925,-0.4252,0.7397,0.0071,Rest
00:50:12,0.511,-0.3931,0.7038,0.0069,Rest
00:50:14,0.5021,-0.3865,0.7468,0.0073,Rest
00:50:16,0.5081,-0.4282,0.7436,0.0079,Rest
00:50:18,0.4417,-0.3876,0.6749,0.0055,Rest
00:50:20,0.4227,-0.4144,0.7092,0.0089,Rest
00:50:22,0.4634,-0.3696,0.6902,0.0064,Rest
00:50:24,0.5291,-0.4025,0.6541,0.0082,Rest
00:50:26,0.5612,-0.4352,0.6799,0.0094,Rest
00:50:28,0.5762,-0.3914,0.6995,0.008,Rest
00:50:30,0.4719,-0.4527,0.7026,0.0084,Rest
00:50:32,0.6067,-0.3532,0.6592,0.0078,Rest
00:50:34,0.5212,-0.4181,0.69,0.0069,Rest
00:50:36,0.5345,-0.4084,0.758,0.0083,Rest
00:50:38,0.4622,-0.3001,0.6507,0.0094,Rest
00:50:40,0.5046,-0.369,0.728,0.0081,Rest
00:50:42,0.4715,-0.3263,0.6893,0.0082,Rest
00:50:44,0.519,-0.3862,0.7563,0.0092,Rest
00:50:46,0.4875,-0.4182,0.7549,0.0078,Rest
00:50:48,0.4158,-0.3979,0.6761,0.0082,Rest
00:50:50,0.5532,-0.3497,0.7576,0.0079,Rest
00:50:52,0.4804,-0.4936,0.7613,0.0089,Rest
00:50:54,0.5487,-0.4357,0.7211,0.0079,Rest
00:50:56,0.5547,-0.3709,0.7233,0.0063,Rest
00:50:58,0.5509,-0.4437,0.64,0.0069,Rest
00:51:00,0.5733,-0.4702,0.6741,0.0074,Rest
00:51:02,0.4728,-0.4348,0.6842,0.0089,Rest
00:51:04,0.5002,-0.5096,0.6343,0.0066,Rest
00:51:06,0.5,-0.3655,0.7171,0.0089,Rest
00:51:08,0.5582,-0.3646,0.6862,0.0063,Rest
00:51:10,0.4263,-0.3098,0.6423,0.0097,Rest
00:51:12,0.5619,-0.3953,0.6685,0.0083,Rest
00:51:14,0.5375,-0.4174,0.7264,0.0077,Rest
00:51:16,0.496,-0.4028,0.7091,0.0086,Rest
00:51:18,0.549,-0.3394,0.7811,0.0084,Rest
00:51:20,0.496,-0.4053,0.6719,0.0081,Rest
00:51:22,0.5448,-0.4653,0.6735,0.0087,Rest
00:51:24,0.5596,-0.4119,0.6834,0.0076,Rest
00:51:26,0.5071,-0.4839,0.6926,0.0092,Rest
00:51:28,0.467,-0.3477,0.7007,0.0089,Rest
00:51:30,0.4902,-0.441,0.7554,0.0097,Rest
00:51:32,0.5188,-0.4118,0.6886,0.0092,Rest
00:51:34,0.4765,-0.3756,0.6995,0.0086,Rest
00:51:36,0.4999,-0.4147,0.8188,0.0083,Rest
00:51:38,0.4852,-0.402,0.7483,0.0078,Rest
00:51:40,0.4621,-0.3907,0.7063,0.0101,Rest
00:51:42,0.552,-0.3656,0.7628,0.01,Rest
00:51:44,0.4661,-0.3867,0.7112,0.0082,Rest
00:51:46,0.4917,-0.3438,0.7509,0.006,Rest
00:51:48,0.4112,-0.4339,0.7103,0.0097,Rest
00:51:50,0.4875,-0.3613,0.794,0.0062,Rest
00:51:52,0.5181,-0.4747,0.7221,0.0075,Rest
00:51:54,0.4517,-0.3283,0.7391,0.006,Rest
00:51:56,0.5168,-0.3853,0.6678,0.0087,Rest
00:51:58,0.4698,-0.3808,0.6987,0.0079,Rest
00:52:00,0.417,-0.3735,0.6962,0.0082,Rest
00:52:02,0.432,-0.3691,0.7472,0.0065,Rest
00:52:04,0.6262,-0.4707,0.657,0.0067,Rest
00:52:06,0.5106,-0.4014,0.6746,0.0079,Rest
00:52:08,0.5044,-0.3611,0.7566,0.0093,Rest
00:52:10,0.454,-0.3726,0.6916,0.0073,Rest
00:52:12,0.6155,-0.3552,0.7347,0.0072,Rest
00:52:14,0.5418,-0.3509,0.7177,0.0071,Rest
00:52:16,0.5407,-0.3618,0.6603,0.0093,Rest
00:52:18,0.5947,-0.4161,0.6323,0.0081,Rest
00:52:20,0.4274,-0.3486,0.7003,0.0069,Rest
00:52:22,0.4884,-0.3586,0.6656,0.0069,Rest
00:52:24,0.6493,-0.3631,0.6821,0.0065,Rest
00:52:26,0.5495,-0.5002,0.7232,0.0074,Rest
00:52:28,0.458,-0.3553,0.6118,0.0063,Rest
00:52:30,0.5059,-0.3412,0.6856,0.008,Rest
00:52:32,0.4483,-0.4081,0.8119,0.0074,Rest
00:52:34,0.4795,-0.3708,0.6485,0.0058,Rest
00:52:36,0.5035,-0.3341,0.6927,0.0084,Rest
00:52:38,0.5992,-0.3338,0.6664,0.0073,Rest
00:52:40,0.5439,-0.3349,0.757,0.0079,Rest
00:52:42,0.4739,-0.4045,0.654,0.0071,Rest
00:52:44,0.491,-0.4305,0.6179,0.0109,Rest
00:52:46,0.4466,-0.3859,0.769,0.0077,Rest
00:52:48,0.475,-0.4245,0.6667,0.008,Rest
00:52:50,0.4947,-0.304,0.6888,0.0082,Rest
00:52:52,0.5142,-0.4142,0.6875,0.0073,Rest
00:52:54,0.4503,-0.3742,0.7089,0.008,Rest
00:52:56,0.5358,-0.3916,0.6849,0.0095,Rest
00:52:58,0.4956,-0.3443,0.7185,0.0079,Rest
00:53:00,0.4611,-0.5229,0.6945,0.0076,Rest
00:53:02,0.5489,-0.4129,0.6527,0.0079,Rest
00:53:04,0.5583,-0.4517,0.7272,0.0098,Rest
00:53:06,0.533,-0.3848,0.7215,0.0081,Rest
00:53:08,0.5244,-0.3886,0.672,0.0085,Rest
00:53:10,0.4944,-0.4798,0.6821,0.0065,Rest
00:53:12,0.4602,-0.3517,0.7145,0.0095,Rest
00:53:14,0.4812,-0.3929,0.7154,0.0089,Rest
00:53:16,0.3857,-0.3925,0.7169,0.0077,Rest
00:53:18,0.5247,-0.4986,0.7001,0.0081,Rest
00:53:20,0.5427,-0.3973,0.6447,0.0085,Rest
00:53:22,0.5465,-0.3668,0.5589,0.0079,Rest
00:53:24,0.5442,-0.3301,0.7183,0.0087,Rest
00:53:26,0.5569,-0.349,0.7164,0.0077,Rest
00:53:28,0.501,-0.341,0.7113,0.0097,Rest
00:53:30,0.5845,-0.3721,0.7148,0.0078,Rest
00:53:32,0.4497,-0.3998,0.703,0.0067,Rest
00:53:34,0.4092,-0.3582,0.7846,0.009,Rest
00:53:36,0.4744,-0.4078,0.605,0.0079,Rest
00:53:38,0.5201,-0.3692,0.6655,0.0076,Rest
00:53:40,0.4625,-0.377,0.7032,0.0088,Rest
00:53:42,0.4171,-0.4193,0.5966,0.0087,Rest
00:53:44,0.5447,-0.4237,0.827,0.0051,Rest
00:53:46,0.475,-0.452,0.7425,0.0089,Rest
00:53:48,0.5176,-0.4259,0.7163,0.0075,Rest
00:53:50,0.4924,-0.4174,0.6307,0.0078,Rest
00:53:52,0.5526,-0.4063,0.697,0.0067,Rest
00:53:54,0.411,-0.416,0.8044,0.0053,Rest
00:53:56,0.596,-0.3178,0.7261,0.0077,Rest
00:53:58,0.423,-0.41,0.6909,0.0086,Rest
00:54:00,0.502,-0.3216,0.709,0.0063,Rest
00:54:02,0.5411,-0.4667,0.6098,0.0086,Rest
00:54:04,0.4148,-0.4314,0.6777,0.0073,Rest
00:54:06,0.4576,-0.3923,0.6538,0.009,Rest
00:54:08,0.5184,-0.3147,0.644,0.0103,Rest
00:54:10,0.515,-0.4073,0.7344,0.0074,Rest
00:54:12,0.4566,-0.4238,0.6411,0.0062,Rest
00:54:14,0.4796,-0.3531,0.757,0.0073,Rest
00:54:16,0.4315,-0.4717,0.6502,0.0088,Rest
00:54:18,0.5136,-0.3772,0.693,0.0075,Rest
00:54:20,0.4245,-0.3592,0.6482,0.0079,Rest
00:54:22,0.5207,-0.3781,0.7813,0.0079,Rest
00:54:24,0.518,-0.4473,0.7297,0.0078,Rest
00:54:26,0.5526,-0.3101,0.6402,0.0081,Rest
00:54:28,0.4291,-0.3835,0.7732,0.0069,Rest
00:54:30,0.4641,-0.4361,0.7973,0.0062,Rest
00:54:32,0.4819,-0.4193,0.675,0.0077,Rest
00:54:34,0.5038,-0.3917,0.6866,0.0056,Rest
00:54:36,0.4818,-0.4698,0.7071,0.0078,Rest
00:54:38,0.4969,-0.4012,0.7639,0.0067,Rest
00:54:40,0.5235,-0.3392,0.7773,0.0078,Rest
00:54:42,0.5984,-0.3607,0.7013,0.0079,Rest
00:54:44,0.4886,-0.4931,0.6763,0.0074,Rest
00:54:46,0.4997,-0.3934,0.7684,0.008,Rest
00:54:48,0.5727,-0.3759,0.6704,0.0073,Rest
00:54:50,0.4129,-0.3163,0.6449,0.009,Rest
00:54:52,0.4035,-0.3265,0.727,0.0097,Rest
00:54:54,0.5063,-0.3657,0.6802,0.0092,Rest
00:54:56,0.504,-0.4688,0.7089,0.0068,Rest
00:54:58,0.4973,-0.4165,0.6341,0.0073,Rest
00:55:00,0.5375,-0.4391,0.7117,0.0084,Rest
00:55:02,0.5586,-0.4045,0.7124,0.008,Rest
00:55:04,0.4876,-0.4104,0.6905,0.0083,Rest
00:55:06,0.3924,-0.3144,0.69,0.0095,Rest
00:55:08,0.5262,-0.4578,0.6288,0.0069,Rest
00:55:10,0.5539,-0.4152,0.643,0.0086,Rest
00:55:12,0.4138,-0.4298,0.6577,0.009,Rest
00:55:14,0.4811,-0.386,0.6944,0.0103,Rest
00:55:16,0.5075,-0.4572,0.6656,0.0066,Rest
00:55:18,0.5372,-0.3591,0.7404,0.0085,Rest
00:55:20,0.5419,-0.3526,0.72,0.009,Rest
00:55:22,0.3921,-0.4109,0.6547,0.0079,Rest
00:55:24,0.4538,-0.3444,0.6851,0.0075,Rest
00:55:26,0.4543,-0.3413,0.7206,0.0079,Rest
00:55:28,0.4768,-0.3088,0.7441,0.0091,Rest
00:55:30,0.4986,-0.3562,0.7805,0.0053,Rest
00:55:32,0.4816,-0.3927,0.7548,0.0085,Rest
00:55:34,0.4774,-0.436,0.6934,0.0082,Rest
00:55:36,0.5535,-0.3409,0.762,0.0073,Rest
00:55:38,0.5507,-0.417,0.764,0.0079,Rest
00:55:40,0.4978,-0.3649,0.755,0.0063,Rest
00:55:42,0.4442,-0.4268,0.7321,0.0083,Rest
00:55:44,0.5404,-0.482,0.7519,0.0079,Rest
00:55:46,0.5549,-0.3746,0.6501,0.0081,Rest
00:55:48,0.4444,-0.4282,0.6949,0.0077,Rest
00:55:50,0.5227,-0.3868,0.6973,0.0095,Rest
00:55:52,0.4938,-0.3625,0.7649,0.0082,Rest
00:55:54,0.3963,-0.3424,0.6231,0.0078,Rest
00:55:56,0.4835,-0.4069,0.6716,0.0075,Rest
00:55:58,0.4428,-0.4456,0.6791,0.0081,Rest
00:56:00,0.5473,-0.4159,0.6943,0.0084,Rest
00:56:02,0.5228,-0.4425,0.6902,0.0071,Rest
00:56:04,0.4972,-0.4379,0.6798,0.007,Rest
00:56:06,0.4806,-0.3717,0.6631,0.0071,Rest
00:56:08,0.5871,-0.4144,0.8015,0.0055,Rest
00:56:10,0.553,-0.3572,0.6766,0.0086,Rest
00:56:12,0.5692,-0.3585,0.7166,0.0065,Rest
00:56:14,0.5019,-0.4355,0.7011,0.0065,Rest
00:56:16,0.4805,-0.3314,0.7089,0.0071,Rest
00:56:18,0.5103,-0.4633,0.7271,0.0084,Rest
00:56:20,0.4639,-0.3414,0.7253,0.0078,Rest
00:56:22,0.4115,-0.4342,0.7542,0.0073,Rest
00:56:24,0.4897,-0.4245,0.6786,0.0071,Rest
00:56:26,0.4712,-0.4595,0.7781,0.0075,Rest
00:56:28,0.5292,-0.3559,0.669,0.0092,Rest
00:56:30,0.536,-0.4549,0.7502,0.007,Rest
00:56:32,0.5621,-0.4217,0.658,0.0074,Rest
00:56:34,0.5262,-0.3883,0.647,0.0074,Rest
00:56:36,0.4677,-0.3687,0.8185,0.0079,Rest
00:56:38,0.4205,-0.4317,0.6489,0.0064,Rest
00:56:40,0.477,-0.358,0.606,0.0075,Rest
00:56:42,0.5345,-0.3885,0.6085,0.009,Rest
00:56:44,0.5569,-0.4307,0.6822,0.0097,Rest
00:56:46,0.5596,-0.4656,0.7087,0.0061,Rest
00:56:48,0.5395,-0.3861,0.728,0.0082,Rest
00:56:50,0.5231,-0.4733,0.7285,0.0073,Rest
00:56:52,0.5549,-0.3079,0.6093,0.0087,Rest
00:56:54,0.4245,-0.4251,0.6207,0.0072,Rest
00:56:56,0.5171,-0.4944,0.6751,0.008,Rest
00:56:58,0.4936,-0.3631,0.6897,0.0086,Rest
00:57:00,0.5181,-0.4099,0.6445,0.0083,Rest
00:57:02,0.5056,-0.4171,0.7298,0.0086,Rest
00:57:04,0.5731,-0.3669,0.7343,0.0076,Rest
00:57:06,0.4564,-0.3763,0.8088,0.0086,Rest
00:57:08,0.5907,-0.3798,0.7264,0.0075,Rest
00:57:10,0.433,-0.4076,0.6246,0.0077,Rest
00:57:12,0.5287,-0.3825,0.733,0.0077,Rest
00:57:14,0.5287,-0.4669,0.6736,0.0078,Rest
00:57:16,0.4808,-0.372,0.6757,0.0076,Rest
00:57:18,0.4027,-0.3629,0.7453,0.0074,Rest
00:57:20,0.4947,-0.4197,0.6963,0.0076,Rest
00:57:22,0.3948,-0.4312,0.7664,0.009,Rest
00:57:24,0.5323,-0.3499,0.6223,0.0073,Rest
00:57:26,0.4645,-0.4558,0.7424,0.0093,Rest
00:57:28,0.5558,-0.4547,0.7353,0.0092,Rest
00:57:30,0.4685,-0.4466,0.7269,0.0069,Rest
00:57:32,0.4256,-0.3585,0.6591,0.007,Rest
00:57:34,0.5442,-0.4382,0.7705,0.0081,Rest
00:57:36,0.5119,-0.4224,0.7168,0.0078,Rest
00:57:38,0.5208,-0.3663,0.6848,0.0072,Rest
00:57:40,0.4772,-0.3573,0.6698,0.0067,Rest
00:57:42,0.4482,-0.3345,0.7536,0.0078,Rest
00:57:44,0.4565,-0.4361,0.6772,0.0087,Rest
00:57:46,0.435,-0.3759,0.6621,0.0092,Rest
00:57:48,0.5333,-0.378,0.7169,0.0081,Rest
00:57:50,0.5472,-0.4687,0.7582,0.0063,Rest
00:57:52,0.4483,-0.4175,0.7188,0.0097,Rest
00:57:54,0.5601,-0.3264,0.7514,0.0079,Rest
00:57:56,0.5645,-0.4459,0.7814,0.0081,Rest
00:57:58,0.4517,-0.4273,0.775,0.0081,Rest
00:58:00,0.4964,-0.3669,0.741,0.0093,Rest
00:58:02,0.5306,-0.3338,0.7249,0.0102,Rest
00:58:04,0.4212,-0.3693,0.6594,0.0081,Rest
00:58:06,0.554,-0.415,0.6899,0.0093,Rest
00:58:08,0.409,-0.4826,0.7392,0.0078,Rest
00:58:10,0.4444,-0.4463,0.6197,0.0082,Rest
00:58:12,0.5136,-0.487,0.7092,0.0082,Rest
00:58:14,0.5164,-0.4638,0.6543,0.007,Rest
00:58:16,0.4666,-0.4192,0.7615,0.0095,Rest
00:58:18,0.4275,-0.4353,0.7158,0.0064,Rest
00:58:20,0.5744,-0.3714,0.7151,0.0082,Rest
00:58:22,0.5842,-0.4291,0.7229,0.0083,Rest
00:58:24,0.5825,-0.4066,0.6769,0.0066,Rest
00:58:26,0.4583,-0.4091,0.6065,0.0074,Rest
00:58:28,0.4922,-0.4113,0.7476,0.0075,Rest
00:58:30,0.5428,-0.402,0.718,0.0065,Rest
00:58:32,0.4508,-0.4171,0.7182,0.0078,Rest
00:58:34,0.4887,-0.4198,0.7114,0.0082,Rest
00:58:36,0.5422,-0.4263,0.6412,0.0076,Rest
00:58:38,0.4471,-0.336,0.7128,0.0079,Rest
00:58:40,0.5316,-0.4467,0.7461,0.0083,Rest
00:58:42,0.4645,-0.3973,0.6745,0.0087,Rest
00:58:44,0.5874,-0.5272,0.6666,0.0087,Rest
00:58:46,0.4551,-0.4641,0.7487,0.0075,Rest
00:58:48,0.5916,-0.4288,0.6944,0.007,Rest
00:58:50,0.5158,-0.4082,0.6432,0.0084,Rest
00:58:52,0.6224,-0.4322,0.7089,0.0066,Rest
00:58:54,0.4947,-0.436,0.7357,0.0079,Rest
00:58:56,0.5435,-0.4267,0.743,0.0077,Rest
00:58:58,0.5091,-0.2702,0.6663,0.0097,Rest
00:59:00,0.538,-0.3621,0.6999,0.0096,Rest
00:59:02,0.525,-0.3849,0.6092,0.0097,Rest
00:59:04,0.5226,-0.4193,0.7093,0.0086,Rest
00:59:06,0.5294,-0.3252,0.7092,0.0082,Rest
00:59:08,0.4553,-0.3763,0.6714,0.0083,Rest
00:59:10,0.6292,-0.3132,0.6983,0.0079,Rest
00:59:12,0.4198,-0.3179,0.7362,0.007,Rest
00:59:14,0.4238,-0.47,0.7134,0.0072,Rest
00:59:16,0.5215,-0.3898,0.6675,0.0085,Rest
00:59:18,0.483,-0.3938,0.5912,0.0092,Rest
00:59:20,0.4567,-0.3681,0.7106,0.0067,Rest
00:59:22,0.434,-0.3471,0.7215,0.0097,Rest
00:59:24,0.4614,-0.4583,0.6907,0.0079,Rest
00:59:26,0.4509,-0.3608,0.6393,0.0077,Rest
00:59:28,0.5526,-0.3767,0.663,0.0087,Rest
00:59:30,0.5579,-0.3888,0.6699,0.0063,Rest
00:59:32,0.4569,-0.4079,0.741,0.0081,Rest
00:59:34,0.466,-0.4386,0.6695,0.0063,Rest
00:59:36,0.6042,-0.4105,0.6529,0.0075,Rest
00:59:38,0.5985,-0.4103,0.6503,0.0071,Rest
00:59:40,0.5024,-0.3601,0.5984,0.0101,Rest
00:59:42,0.5239,-0.3833,0.714,0.0068,Rest
00:59:44,0.3964,-0.4568,0.6793,0.0081,Rest
00:59:46,0.4608,-0.4524,0.6764,0.0108,Rest
00:59:48,0.4459,-0.4121,0.7458,0.009,Rest
00:59:50,0.5357,-0.4022,0.7964,0.0094,Rest
00:59:52,0.4632,-0.4743,0.6859,0.0079,Rest
00:59:54,0.5,-0.4353,0.7466,0.0083,Rest
00:59:56,0.5713,-0.4332,0.8418,0.0063,Rest
00:59:58,0.4435,-0.2695,0.776,0.009,Rest
01:00:00,0.5328,-0.4094,0.6205,0.0087,Rest
01:00:02,0.5498,-0.393,0.7061,0.0091,Rest
01:00:04,0.4753,-0.4817,0.7424,0.0086,Rest
01:00:06,0.4963,-0.3329,0.7373,0.0097,Rest
01:00:08,0.4466,-0.377,0.7519,0.0086,Rest
01:00:10,0.5259,-0.4253,0.7242,0.0074,Rest
01:00:12,0.5058,-0.4022,0.6481,0.0083,Rest
01:00:14,0.4953,-0.4146,0.7471,0.008,Rest
01:00:16,0.5167,-0.3704,0.6104,0.0074,Rest
01:00:18,0.4422,-0.4566,0.7267,0.0082,Rest
01:00:20,0.4612,-0.423,0.5763,0.0062,Rest
01:00:22,0.5409,-0.3036,0.6834,0.0089,Rest
01:00:24,0.4854,-0.3747,0.7283,0.0069,Rest
01:00:26,0.5481,-0.3691,0.7247,0.009,Rest
01:00:28,0.4471,-0.3568,0.705,0.009,Rest
01:00:30,0.516,-0.4024,0.7282,0.0073,Rest
01:00:32,0.539,-0.4648,0.6947,0.0078,Rest
01:00:34,0.5005,-0.3762,0.6842,0.0077,Rest
01:00:36,0.5783,-0.3866,0.6333,0.007,Rest
01:00:38,0.5443,-0.32,0.7024,0.007,Rest
01:00:40,0.4555,-0.4019,0.6073,0.0069,Rest
01:00:42,0.4591,-0.3752,0.644,0.0097,Rest
01:00:44,0.508,-0.345,0.7363,0.0097,Rest
01:00:46,0.4446,-0.3927,0.6675,0.0078,Rest
01:00:48,0.4979,-0.405,0.7229,0.0081,Rest
01:00:50,0.4872,-0.5132,0.663,0.0085,Rest
01:00:52,0.4764,-0.4773,0.702,0.0078,Rest
01:00:54,0.5294,-0.4346,0.6347,0.0089,Rest
01:00:56,0.4816,-0.4123,0.7547,0.0067,Rest
01:00:58,0.4594,-0.4043,0.711,0.0078,Rest
01:01:00,0.5399,-0.4144,0.6753,0.0078,Rest
01:01:02,0.5194,-0.3842,0.7467,0.0075,Rest
01:01:04,0.4698,-0.4128,0.7067,0.0093,Rest
01:01:06,0.5492,-0.4091,0.6632,0.0082,Rest
01:01:08,0.4671,-0.4724,0.6674,0.0094,Rest
01:01:10,0.4856,-0.3799,0.7297,0.0084,Rest
01:01:12,0.5191,-0.3174,0.6598,0.008,Rest
01:01:14,0.5183,-0.379,0.646,0.0093,Rest
01:01:16,0.5286,-0.363,0.6789,0.0088,Rest
01:01:18,0.529,-0.3532,0.7313,0.0064,Rest
01:01:20,0.5341,-0.4173,0.6208,0.0057,Rest
01:01:22,0.5063,-0.528,0.6862,0.0075,Rest
01:01:24,0.4249,-0.3192,0.6859,0.0082,Rest
01:01:26,0.5247,-0.3926,0.7062,0.0065,Rest
01:01:28,0.4656,-0.3064,0.7283,0.0087,Rest
01:01:30,0.5673,-0.3722,0.7179,0.0078,Rest
01:01:32,0.4799,-0.3448,0.8011,0.0084,Rest
01:01:34,0.4344,-0.4305,0.6796,0.0088,Rest
01:01:36,0.4869,-0.3794,0.6874,0.0084,Rest
01:01:38,0.468,-0.328,0.7007,0.008,Rest
01:01:40,0.5733,-0.4185,0.746,0.008,Rest
01:01:42,0.5529,-0.3646,0.7074,0.0084,Rest
01:01:44,0.4485,-0.3309,0.7171,0.0083,Rest
01:01:46,0.576,-0.3765,0.6761,0.0073,Rest
01:01:48,0.4443,-0.3863,0.6828,0.0086,Rest
01:01:50,0.5695,-0.4366,0.6394,0.0069,Rest
01:01:52,0.571,-0.4663,0.6483,0.0071,Rest
01:01:54,0.5505,-0.3641,0.6408,0.0065,Rest
01:01:56,0.4019,-0.3827,0.7172,0.0076,Rest
01:01:58,0.5236,-0.4595,0.7467,0.0095,Rest
01:02:00,0.622,-0.3865,0.7024,0.0089,Rest
01:02:02,0.4434,-0.3634,0.6646,0.0066,Rest
01:02:04,0.5212,-0.4433,0.7521,0.0077,Rest
01:02:06,0.5746,-0.3093,0.6644,0.0081,Rest
01:02:08,0.4569,-0.4419,0.708,0.0083,Rest
01:02:10,0.5239,-0.3953,0.667,0.007,Rest
01:02:12,0.4394,-0.4284,0.6496,0.0068,Rest
01:02:14,0.567,-0.4643,0.7129,0.0076,Rest
01:02:16,0.5723,-0.4116,0.7074,0.0068,Rest
01:02:18,0.5203,-0.3989,0.6995,0.0072,Rest
01:02:20,0.5744,-0.4266,0.7628,0.0086,Rest
01:02:22,0.4301,-0.4068,0.6848,0.0062,Rest
01:02:24,0.5546,-0.4078,0.6708,0.0091,Rest
01:02:26,0.4602,-0.4139,0.6514,0.0098,Rest
01:02:28,0.5611,-0.4775,0.6657,0.0086,Rest
01:02:30,0.4186,-0.4836,0.748,0.0068,Rest
01:02:32,0.4381,-0.4236,0.6754,0.0082,Rest
01:02:34,0.4738,-0.3677,0.7111,0.0067,Rest
01:02:36,0.4469,-0.3723,0.6578,0.0089,Rest
01:02:38,0.5274,-0.4338,0.7634,0.0089,Rest
01:02:40,0.5071,-0.2947,0.6464,0.0083,Rest
01:02:42,0.4909,-0.4004,0.6311,0.0084,Rest
01:02:44,0.4487,-0.3777,0.6984,0.0073,Rest
01:02:46,0.4758,-0.4687,0.8278,0.0081,Rest
01:02:48,0.5587,-0.457,0.7102,0.0086,Rest
01:02:50,0.473,-0.3888,0.7091,0.0081,Rest
01:02:52,0.5294,-0.3141,0.6889,0.0076,Rest
01:02:54,0.568,-0.3148,0.6898,0.0084,Rest
01:02:56,0.5391,-0.3586,0.6515,0.0095,Rest
01:02:58,0.513,-0.384,0.6572,0.0078,Rest
01:03:00,0.653,-0.3682,0.6649,0.0096,Rest
01:03:02,0.4271,-0.4424,0.728,0.0079,Rest
01:03:04,0.5807,-0.3673,0.7315,0.008,Rest
01:03:06,0.5593,-0.4486,0.6521,0.0082,Rest
01:03:08,0.5342,-0.3755,0.6702,0.0092,Rest
01:03:10,0.5223,-0.3559,0.6675,0.0093,Rest
01:03:12,0.516,-0.4341,0.722,0.008,Rest
01:03:14,0.4896,-0.3629,0.7318,0.0094,Rest
01:03:16,0.5489,-0.5008,0.6763,0.0094,Rest
01:03:18,0.5437,-0.3436,0.7053,0.0082,Rest
01:03:20,0.4836,-0.5468,0.6114,0.0084,Rest
01:03:22,0.4281,-0.433,0.6779,0.0087,Rest
01:03:24,0.447,-0.3115,0.7268,0.0075,Rest
01:03:26,0.5267,-0.4427,0.7454,0.0064,Rest
01:03:28,0.4942,-0.4584,0.607,0.0084,Rest
01:03:30,0.4298,-0.4147,0.6372,0.0089,Rest
01:03:32,0.4961,-0.4024,0.6899,0.008,Rest
01:03:34,0.6292,-0.332,0.6867,0.0073,Rest
01:03:36,0.5168,-0.3814,0.6679,0.0071,Rest
01:03:38,0.5009,-0.4114,0.6429,0.006,Rest
01:03:40,0.5467,-0.3722,0.7111,0.0077,Rest
01:03:42,0.5125,-0.4341,0.7597,0.0067,Rest
01:03:44,0.4705,-0.3434,0.629,0.0085,Rest
01:03:46,0.4444,-0.3451,0.6401,0.0083,Rest
01:03:48,0.4488,-0.4273,0.724,0.0092,Rest
01:03:50,0.5826,-0.3933,0.6458,0.0074,Rest
01:03:52,0.5894,-0.4904,0.6797,0.0077,Rest
01:03:54,0.5238,-0.4336,0.6303,0.0079,Rest
01:03:56,0.5482,-0.5262,0.6593,0.0068,Rest
01:03:58,0.4595,-0.3811,0.6999,0.0075,Rest
01:04:00,0.4545,-0.4396,0.6596,0.0098,Rest
01:04:02,0.5539,-0.4626,0.7673,0.01,Rest
01:04:04,0.4638,-0.4409,0.7438,0.0084,Rest
01:04:06,0.4851,-0.3768,0.6795,0.0084,Rest
01:04:08,0.4845,-0.3861,0.6964,0.0072,Rest
01:04:10,0.3865,-0.4281,0.7158,0.0072,Rest
01:04:12,0.4939,-0.4322,0.7011,0.0075,Rest
01:04:14,0.5915,-0.3962,0.6649,0.0064,Rest
01:04:16,0.4698,-0.4069,0.663,0.0089,Rest
01:04:18,0.4352,-0.3341,0.6864,0.0065,Rest
01:04:20,0.5768,-0.3607,0.7408,0.0102,Rest
01:04:22,0.5054,-0.4002,0.6578,0.0067,Rest
01:04:24,0.5564,-0.4341,0.7169,0.0093,Rest
01:04:26,0.5601,-0.4313,0.7682,0.008,Rest
01:04:28,0.5545,-0.3673,0.6037,0.0067,Rest
01:04:30,0.4566,-0.4416,0.7107,0.0083,Rest
01:04:32,0.4746,-0.331,0.8068,0.0096,Rest
01:04:34,0.516,-0.3368,0.6007,0.0073,Rest
01:04:36,0.5259,-0.4414,0.7272,0.0078,Rest
01:04:38,0.4585,-0.4215,0.8062,0.0095,Rest
01:04:40,0.384,-0.3622,0.6311,0.0077,Rest
01:04:42,0.4852,-0.3908,0.7162,0.0077,Rest
01:04:44,0.4689,-0.524,0.7497,0.0072,Rest
01:04:46,0.4468,-0.3117,0.5707,0.0091,Rest
01:04:48,0.5498,-0.3467,0.7596,0.0102,Rest
01:04:50,0.5389,-0.4106,0.7397,0.0089,Rest
01:04:52,0.4753,-0.3424,0.7357,0.0079,Rest
01:04:54,0.4433,-0.4671,0.708,0.0096,Rest
01:04:56,0.6325,-0.396,0.7641,0.0078,Rest
01:04:58,0.5246,-0.4042,0.7794,0.0073,Rest
01:05:00,0.504,-0.3696,0.6239,0.0069,Rest
01:05:02,0.4931,-0.3331,0.7121,0.0093,Rest
01:05:04,0.567,-0.4145,0.7294,0.0088,Rest
01:05:06,0.4766,-0.4348,0.6643,0.0082,Rest
01:05:08,0.4729,-0.375,0.6903,0.009,Rest
01:05:10,0.45,-0.4503,0.6388,0.0084,Rest
01:05:12,0.4605,-0.3746,0.6852,0.0096,Rest
01:05:14,0.5289,-0.4439,0.6079,0.0074,Rest
01:05:16,0.4633,-0.3772,0.7151,0.0072,Rest
01:05:18,0.4757,-0.398,0.6822,0.0083,Rest
01:05:20,0.5467,-0.357,0.7277,0.007,Rest
01:05:22,0.5104,-0.3942,0.6903,0.0076,Rest
01:05:24,0.5212,-0.4215,0.7426,0.0075,Rest
01:05:26,0.3471,-0.3412,0.7218,0.0088,Rest
01:05:28,0.5599,-0.4012,0.7379,0.0073,Rest
01:05:30,0.5744,-0.4444,0.6975,0.0066,Rest
01:05:32,0.5439,-0.429,0.6848,0.0076,Rest
01:05:34,0.4632,-0.4058,0.6228,0.0076,Rest
01:05:36,0.5019,-0.4195,0.6982,0.0079,Rest
01:05:38,0.4968,-0.3571,0.6091,0.009,Rest
01:05:40,0.5645,-0.3577,0.7017,0.0068,Rest
01:05:42,0.4573,-0.3649,0.6386,0.0072,Rest
01:05:44,0.6415,-0.4442,0.681,0.0086,Rest
01:05:46,0.391,-0.4421,0.741,0.0074,Rest
01:05:48,0.4535,-0.3762,0.6766,0.0082,Rest
01:05:50,0.5073,-0.418,0.729,0.0089,Rest
01:05:52,0.4937,-0.4771,0.6741,0.0065,Rest
01:05:54,0.4753,-0.4878,0.757,0.0087,Rest
01:05:56,0.5906,-0.3592,0.6787,0.0064,Rest
01:05:58,0.4731,-0.3477,0.7703,0.0081,Rest
01:06:00,0.4058,-0.3166,0.6638,0.0088,Rest
01:06:02,0.4548,-0.3641,0.7749,0.0085,Rest
01:06:04,0.4721,-0.3719,0.7104,0.0089,Rest
01:06:06,0.4809,-0.4039,0.7265,0.0078,Rest
01:06:08,0.4766,-0.3377,0.7233,0.0096,Rest
01:06:10,0.56,-0.4063,0.8542,0.0087,Rest
01:06:12,0.5198,-0.3696,0.7217,0.0077,Rest
01:06:14,0.55,-0.4057,0.7179,0.007,Rest
01:06:16,0.4769,-0.4071,0.7601,0.0099,Rest
01:06:18,0.4587,-0.4292,0.7299,0.0081,Rest
01:06:20,0.5525,-0.4306,0.6947,0.0076,Rest
01:06:22,0.4311,-0.4359,0.6176,0.0088,Rest
01:06:24,0.5464,-0.4444,0.7404,0.0078,Rest
01:06:26,0.6076,-0.4295,0.6481,0.0078,Rest
01:06:28,0.4197,-0.3716,0.7726,0.0076,Rest
01:06:30,0.4873,-0.3835,0.7731,0.008,Rest
01:06:32,0.4472,-0.3388,0.746,0.0094,Rest
01:06:34,0.493,-0.4095,0.713,0.0072,Rest
01:06:36,0.5124,-0.4289,0.721,0.0074,Rest
01:06:38,0.6543,-0.332,0.637,0.0101,Rest
01:06:40,0.4516,-0.449,0.6923,0.0091,Rest
01:06:42,0.4403,-0.3606,0.7004,0.0065,Rest
01:06:44,0.4747,-0.4178,0.685,0.0088,Rest
01:06:46,0.4651,-0.464,0.7417,0.0076,Rest
01:06:48,0.5513,-0.4652,0.6396,0.0088,Rest
01:06:50,0.4451,-0.4032,0.6103,0.0078,Rest
01:06:52,0.5004,-0.4344,0.697,0.0082,Rest
01:06:54,0.53,-0.4241,0.7194,0.0064,Rest
01:06:56,0.4008,-0.3957,0.6605,0.0098,Rest
01:06:58,0.5413,-0.4202,0.6359,0.0088,Rest
01:07:00,0.4586,-0.3444,0.7335,0.0082,Rest
01:07:02,0.5203,-0.4831,0.6391,0.0082,Rest
01:07:04,0.5004,-0.4317,0.6639,0.0079,Rest
01:07:06,0.5666,-0.4233,0.6924,0.0068,Rest
01:07:08,0.5072,-0.3619,0.742,0.0072,Rest
01:07:10,0.5371,-0.3562,0.6988,0.0074,Rest
01:07:12,0.5967,-0.4802,0.6428,0.0084,Rest
01:07:14,0.5181,-0.3482,0.6367,0.0095,Rest
01:07:16,0.5515,-0.3516,0.7282,0.0077,Rest
01:07:18,0.4763,-0.4132,0.7154,0.0088,Rest
01:07:20,0.4725,-0.2883,0.6298,0.0065,Rest
01:07:22,0.4127,-0.3968,0.7056,0.0072,Rest
01:07:24,0.5068,-0.4122,0.6464,0.0084,Rest
01:07:26,0.5036,-0.4148,0.6359,0.0072,Rest
01:07:28,0.5299,-0.354,0.7185,0.0073,Rest
01:07:30,0.5231,-0.3891,0.6963,0.008,Rest
01:07:32,0.5306,-0.416,0.7276,0.0088,Rest
01:07:34,0.4344,-0.4028,0.7124,0.0074,Rest
01:07:36,0.5354,-0.4733,0.6679,0.0087,Rest
01:07:38,0.5257,-0.4074,0.68,0.0066,Rest
01:07:40,0.5373,-0.3961,0.6313,0.0066,Rest
01:07:42,0.476,-0.3507,0.7094,0.008,Rest
01:07:44,0.5155,-0.4277,0.702,0.0075,Rest
01:07:46,0.5962,-0.3788,0.6836,0.0057,Rest
01:07:48,0.486,-0.397,0.6176,0.0102,Rest
01:07:50,0.5033,-0.4689,0.6545,0.0058,Rest
01:07:52,0.5099,-0.4199,0.7405,0.0081,Rest
01:07:54,0.5937,-0.3907,0.6912,0.0087,Rest
01:07:56,0.6217,-0.3146,0.706,0.008,Rest
01:07:58,0.5713,-0.4611,0.6891,0.0076,Rest
01:08:00,0.4775,-0.4452,0.6623,0.0088,Rest
01:08:02,0.3956,-0.4165,0.6918,0.0071,Rest
01:08:04,0.5008,-0.4075,0.7398,0.009,Rest
01:08:06,0.5346,-0.3807,0.6789,0.0077,Rest
01:08:08,0.4535,-0.4145,0.7138,0.0074,Rest
01:08:10,0.6557,-0.3922,0.762,0.0061,Rest
01:08:12,0.4825,-0.4551,0.7291,0.0082,Rest
01:08:14,0.5206,-0.4135,0.6845,0.0079,Rest
01:08:16,0.5195,-0.4109,0.7579,0.0081,Rest
01:08:18,0.4968,-0.3409,0.6506,0.0094,Rest
01:08:20,0.4048,-0.3998,0.6451,0.0073,Rest
01:08:22,0.585,-0.3869,0.6838,0.0072,Rest
01:08:24,0.4409,-0.416,0.699,0.0066,Rest
01:08:26,0.5135,-0.4639,0.6791,0.01,Rest
01:08:28,0.5201,-0.455,0.8046,0.0079,Rest
01:08:30,0.436,-0.3046,0.7127,0.0073,Rest
01:08:32,0.5102,-0.3385,0.6665,0.0069,Rest
01:08:34,0.4339,-0.3998,0.6986,0.007,Rest
01:08:36,0.4991,-0.413,0.6969,0.0066,Rest
01:08:38,0.5474,-0.4125,0.6257,0.0064,Rest
01:08:40,0.3275,-0.3441,0.6478,0.0079,Rest
01:08:42,0.5114,-0.4753,0.7061,0.007,Rest
01:08:44,0.5552,-0.3877,0.6932,0.0088,Rest
01:08:46,0.5319,-0.3683,0.746,0.0089,Rest
01:08:48,0.4515,-0.4201,0.7306,0.0097,Rest
01:08:50,0.5485,-0.3499,0.673,0.0077,Rest
01:08:52,0.5146,-0.4142,0.7481,0.0099,Rest
01:08:54,0.4531,-0.4648,0.7218,0.0089,Rest
01:08:56,0.5432,-0.3964,0.6629,0.0064,Rest
01:08:58,0.4484,-0.3592,0.6169,0.0051,Rest
01:09:00,0.4746,-0.3083,0.689,0.0071,Rest
01:09:02,0.4957,-0.3569,0.712,0.0086,Rest
01:09:04,0.4767,-0.4648,0.7094,0.0076,Rest
01:09:06,0.4581,-0.3573,0.6878,0.0072,Rest
01:09:08,0.4621,-0.3718,0.6941,0.0094,Rest
01:09:10,0.4873,-0.4812,0.6309,0.008,Rest
01:09:12,0.5108,-0.4392,0.7423,0.0091,Rest
01:09:14,0.6068,-0.3503,0.7656,0.0076,Rest
01:09:16,0.4182,-0.3158,0.7993,0.0072,Rest
01:09:18,0.5593,-0.4549,0.7271,0.0075,Rest
01:09:20,0.4506,-0.3971,0.6657,0.0087,Rest
01:09:22,0.4327,-0.3947,0.6721,0.009,Rest
01:09:24,0.4992,-0.3858,0.7307,0.0079,Rest
01:09:26,0.5515,-0.4004,0.722,0.009,Rest
01:09:28,0.4341,-0.3888,0.6602,0.0077,Rest
01:09:30,0.4847,-0.4328,0.6533,0.0061,Rest
01:09:32,0.4474,-0.3963,0.722,0.0069,Rest
01:09:34,0.4567,-0.3828,0.6481,0.0058,Rest
01:09:36,0.547,-0.3521,0.702,0.0085,Rest
01:09:38,0.5384,-0.3905,0.7497,0.0094,Rest
01:09:40,0.5346,-0.3908,0.6988,0.0092,Rest
01:09:42,0.5225,-0.4506,0.5867,0.009,Rest
01:09:44,0.4977,-0.4171,0.7003,0.0082,Rest
01:09:46,0.5107,-0.3535,0.7224,0.0074,Rest
01:09:48,0.4448,-0.3073,0.7106,0.0086,Rest
01:09:50,0.3886,-0.4566,0.743,0.0085,Rest
01:09:52,0.4769,-0.3923,0.7216,0.008,Rest
01:09:54,0.4954,-0.4472,0.6548,0.0075,Rest
01:09:56,0.4929,-0.4205,0.724,0.0073,Rest
01:09:58,0.5748,-0.4573,0.6495,0.0061,Rest
01:10:00,0.5073,-0.3752,0.7163,0.0076,Rest
01:10:02,0.486,-0.4045,0.68,0.0091,Rest
01:10:04,0.542,-0.4287,0.6874,0.0076,Rest
01:10:06,0.5091,-0.3679,0.6822,0.008,Rest
01:10:08,0.4922,-0.4471,0.6866,0.0097,Rest
01:10:10,0.4363,-0.381,0.7386,0.0088,Rest
01:10:12,0.4855,-0.3758,0.7114,0.0072,Rest
01:10:14,0.556,-0.3792,0.6653,0.0089,Rest
01:10:16,0.4726,-0.3151,0.6545,0.0084,Rest
01:10:18,0.5114,-0.3933,0.753,0.008,Rest
01:10:20,0.5198,-0.3968,0.6215,0.0071,Rest
01:10:22,0.5317,-0.3977,0.6866,0.0087,Rest
01:10:24,0.59,-0.3931,0.7297,0.0082,Rest
01:10:26,0.5274,-0.4138,0.7174,0.0092,Rest
01:10:28,0.4969,-0.4476,0.6857,0.0066,Rest
01:10:30,0.5288,-0.415,0.6983,0.008,Rest
01:10:32,0.5561,-0.3866,0.7687,0.0082,Rest
01:10:34,0.5239,-0.4025,0.6344,0.008,Rest
01:10:36,0.5197,-0.447,0.7463,0.008,Rest
01:10:38,0.4792,-0.4125,0.6566,0.0087,Rest
01:10:40,0.5395,-0.4616,0.7644,0.0075,Rest
01:10:42,0.5723,-0.4508,0.68,0.011,Rest
01:10:44,0.4959,-0.4624,0.6167,0.0097,Rest
01:10:46,0.4347,-0.4275,0.725,0.0076,Rest
01:10:48,0.5659,-0.4584,0.7433,0.0078,Rest
01:10:50,0.5508,-0.4096,0.6961,0.0088,Rest
01:10:52,0.4973,-0.3387,0.6195,0.007,Rest
01:10:54,0.5,-0.4116,0.7256,0.0082,Rest
01:10:56,0.5046,-0.3909,0.7985,0.0071,Rest
01:10:58,0.5208,-0.3999,0.7051,0.008,Rest
01:11:00,0.4561,-0.424,0.7578,0.0083,Rest
01:11:02,0.419,-0.3707,0.6573,0.0082,Rest
01:11:04,0.5037,-0.4448,0.6427,0.0069,Rest
01:11:06,0.4366,-0.3406,0.6284,0.0093,Rest
01:11:08,0.5299,-0.4308,0.7024,0.008,Rest
01:11:10,0.5861,-0.3692,0.7452,0.0078,Rest
01:11:12,0.5152,-0.3942,0.7067,0.0063,Rest
01:11:14,0.4309,-0.4082,0.65,0.0071,Rest
01:11:16,0.4381,-0.4118,0.6954,0.0085,Rest
01:11:18,0.5562,-0.4786,0.7125,0.0062,Rest
01:11:20,0.4933,-0.3594,0.6772,0.0068,Rest
01:11:22,0.548,-0.3422,0.6433,0.008,Rest
01:11:24,0.5238,-0.3308,0.6605,0.0068,Rest
01:11:26,0.522,-0.4362,0.7172,0.0051,Rest
01:11:28,0.5024,-0.4723,0.7541,0.0058,Rest
01:11:30,0.5226,-0.5047,0.6732,0.0066,Rest
01:11:32,0.5086,-0.4338,0.6835,0.0094,Rest
01:11:34,0.5011,-0.3393,0.7154,0.0067,Rest
01:11:36,0.4973,-0.4086,0.694,0.0084,Rest
01:11:38,0.5443,-0.4238,0.6545,0.0093,Rest
01:11:40,0.4616,-0.4729,0.7095,0.0093,Rest
01:11:42,0.5275,-0.3873,0.6969,0.0076,Rest
01:11:44,0.5759,-0.4433,0.7195,0.0082,Rest
01:11:46,0.498,-0.4932,0.6755,0.0069,Rest
01:11:48,0.4341,-0.3967,0.6256,0.0072,Rest
01:11:50,0.4858,-0.4623,0.6461,0.0068,Rest
01:11:52,0.5301,-0.3764,0.7346,0.009,Rest
01:11:54,0.4013,-0.4465,0.6567,0.0085,Rest
01:11:56,0.4683,-0.3546,0.7011,0.0082,Rest
01:11:58,0.5262,-0.4008,0.7628,0.0096,Rest
01:12:00,0.5168,-0.3451,0.7023,0.0726,Moving
01:12:02,0.5358,-0.4083,0.7181,0.0665,Moving
01:12:04,0.5315,-0.3681,0.6448,0.0586,Moving
01:12:06,0.5273,-0.4705,0.5742,0.0538,Moving
01:12:08,0.5078,-0.5053,0.6065,0.0513,Moving
01:12:10,0.5142,-0.3533,0.7089,0.0584,Moving
01:12:12,0.5005,-0.2916,0.7276,0.0565,Moving
01:12:14,0.4217,-0.4383,0.6412,0.0546,Moving
01:12:16,0.5586,-0.483,0.7666,0.0517,Moving
01:12:18,0.4523,-0.4131,0.6829,0.0557,Moving
01:12:20,0.5606,-0.4046,0.6779,0.0658,Moving
01:12:22,0.4457,-0.3982,0.7517,0.0615,Moving
01:12:24,0.5702,-0.4142,0.6664,0.0593,Moving
01:12:26,0.4942,-0.3988,0.6989,0.0546,Moving
01:12:28,0.5076,-0.3649,0.701,0.0805,Moving
01:12:30,0.4942,-0.4647,0.7025,0.0874,Moving
01:12:32,0.4716,-0.4349,0.7674,0.0545,Moving
01:12:34,0.4911,-0.3919,0.7245,0.0822,Moving
01:12:36,0.5505,-0.3405,0.6391,0.059,Moving
01:12:38,0.4789,-0.3236,0.7167,0.0504,Moving
01:12:40,0.4933,-0.4288,0.6456,0.0569,Moving
01:12:42,0.5242,-0.3734,0.6304,0.0518,Moving
01:12:44,0.52,-0.4071,0.709,0.0556,Moving
01:12:46,0.4737,-0.3904,0.7025,0.061,Moving
01:12:48,0.4899,-0.3612,0.7689,0.0708,Moving
01:12:50,0.5461,-0.3836,0.6824,0.0637,Moving
01:12:52,0.5009,-0.3449,0.7401,0.0638,Moving
01:12:54,0.4713,-0.3755,0.6972,0.0532,Moving
01:12:56,0.523,-0.398,0.7584,0.0692,Moving
01:12:58,0.5093,-0.4289,0.6327,0.0517,Moving
01:13:00,0.4905,-0.3703,0.7356,0.0554,Moving
01:13:02,0.4106,-0.3206,0.6229,0.0538,Moving
01:13:04,0.4936,-0.3373,0.7258,0.05,Moving
01:13:06,0.4881,-0.51,0.6893,0.0633,Moving
01:13:08,0.4836,-0.3653,0.707,0.0524,Moving
01:13:10,0.4556,-0.4835,0.6681,0.0572,Moving
01:13:12,0.5402,-0.3401,0.6522,0.0611,Moving
01:13:14,0.5286,-0.3682,0.736,0.0502,Moving
01:13:16,0.4404,-0.4035,0.6541,0.0647,Moving
01:13:18,0.4415,-0.4063,0.6973,0.0506,Moving
01:13:20,0.4697,-0.3245,0.6866,0.0527,Moving
01:13:22,0.4819,-0.4244,0.7573,0.0714,Moving
01:13:24,0.5617,-0.4413,0.7831,0.0605,Moving
01:13:26,0.5086,-0.3382,0.7389,0.064,Moving
01:13:28,0.5322,-0.2795,0.7319,0.0509,Moving
01:13:30,0.5506,-0.3883,0.6798,0.0537,Moving
01:13:32,0.4681,-0.432,0.6863,0.0614,Moving
01:13:34,0.4813,-0.3617,0.6827,0.06,Moving
01:13:36,0.5557,-0.4084,0.6901,0.0601,Moving
01:13:38,0.5184,-0.3997,0.7312,0.0572,Moving
01:13:40,0.4373,-0.4368,0.7189,0.0549,Moving
01:13:42,0.4312,-0.4222,0.7944,0.054,Moving
01:13:44,0.4557,-0.3506,0.7481,0.0519,Moving
01:13:46,0.5242,-0.3552,0.6516,0.0568,Moving
01:13:48,0.4452,-0.3158,0.7592,0.055,Moving
01:13:50,0.4501,-0.3687,0.7346,0.0533,Moving
01:13:52,0.4798,-0.3998,0.5919,0.0604,Moving
01:13:54,0.4332,-0.3927,0.7292,0.0535,Moving
01:13:56,0.5518,-0.3541,0.795,0.0629,Moving
01:13:58,0.5372,-0.343,0.6892,0.0725,Moving
01:14:00,0.5444,-0.387,0.7211,0.0614,Moving
01:14:02,0.5372,-0.4431,0.7115,0.0503,Moving
01:14:04,0.478,-0.301,0.7079,0.0516,Moving
01:14:06,0.5284,-0.4562,0.6778,0.0502,Moving
01:14:08,0.4954,-0.3628,0.6995,0.0568,Moving
01:14:10,0.4645,-0.4644,0.7456,0.0544,Moving
01:14:12,0.4912,-0.4155,0.6679,0.0575,Moving
01:14:14,0.4866,-0.4645,0.7057,0.053,Moving
01:14:16,0.4085,-0.3376,0.6398,0.0517,Moving
01:14:18,0.5211,-0.3811,0.7696,0.0685,Moving
01:14:20,0.4576,-0.4395,0.6555,0.0509,Moving
01:14:22,0.4546,-0.3657,0.7662,0.06,Moving
01:14:24,0.4361,-0.4189,0.7754,0.0519,Moving
01:14:26,0.4312,-0.4611,0.7138,0.0652,Moving
01:14:28,0.5599,-0.3929,0.7584,0.0749,Moving
01:14:30,0.5188,-0.3674,0.7187,0.0584,Moving
01:14:32,0.4898,-0.4181,0.7658,0.0522,Moving
01:14:34,0.5073,-0.3523,0.7099,0.0562,Moving
01:14:36,0.3909,-0.4458,0.6658,0.0521,Moving
01:14:38,0.4914,-0.4501,0.756,0.0512,Moving
01:14:40,0.5015,-0.4166,0.7248,0.0521,Moving
01:14:42,0.5303,-0.3595,0.7094,0.0763,Moving
01:14:44,0.5255,-0.4367,0.6263,0.0556,Moving
01:14:46,0.5339,-0.3579,0.7042,0.0514,Moving
01:14:48,0.4249,-0.3218,0.6568,0.0791,Moving
01:14:50,0.4724,-0.4162,0.7842,0.065,Moving
01:14:52,0.5265,-0.456,0.7495,0.0797,Moving
01:14:54,0.5102,-0.4118,0.6764,0.0646,Moving
01:14:56,0.5176,-0.2836,0.6986,0.0532,Moving
01:14:58,0.5749,-0.4097,0.7036,0.0505,Moving
01:15:00,0.6224,-0.3992,0.6104,0.0515,Moving
01:15:02,0.5,-0.4248,0.6695,0.0613,Moving
01:15:04,0.4465,-0.3351,0.6843,0.0532,Moving
01:15:06,0.4821,-0.4374,0.7548,0.0601,Moving
01:15:08,0.4486,-0.3813,0.6018,0.0567,Moving
01:15:10,0.5821,-0.3803,0.6919,0.0653,Moving
01:15:12,0.4927,-0.4222,0.7307,0.0654,Moving
01:15:14,0.5627,-0.4242,0.7101,0.0819,Moving
01:15:16,0.4902,-0.4415,0.6717,0.051,Moving
01:15:18,0.4695,-0.4298,0.7949,0.0543,Moving
01:15:20,0.5135,-0.4345,0.6853,0.0556,Moving
01:15:22,0.4452,-0.3967,0.6938,0.0635,Moving
01:15:24,0.5049,-0.3797,0.6423,0.0509,Moving
01:15:26,0.4231,-0.3927,0.7011,0.0567,Moving
01:15:28,0.4746,-0.4214,0.7509,0.0697,Moving
01:15:30,0.447,-0.3721,0.7449,0.0586,Moving
01:15:32,0.5315,-0.4384,0.7302,0.0747,Moving
01:15:34,0.5276,-0.4765,0.7602,0.0526,Moving
01:15:36,0.45,-0.3379,0.6914,0.0591,Moving
01:15:38,0.4863,-0.4596,0.7181,0.0577,Moving
01:15:40,0.5124,-0.3836,0.7153,0.051,Moving
01:15:42,0.5356,-0.3808,0.674,0.0823,Moving
01:15:44,0.5962,-0.3418,0.6268,0.0623,Moving
01:15:46,0.5186,-0.3878,0.6837,0.0682,Moving
01:15:48,0.381,-0.3837,0.7554,0.063,Moving
01:15:50,0.5492,-0.4566,0.7087,0.0693,Moving
01:15:52,0.5159,-0.4531,0.6924,0.0512,Moving
01:15:54,0.4511,-0.423,0.7129,0.064,Moving
01:15:56,0.5228,-0.3852,0.7721,0.0539,Moving
01:15:58,0.5459,-0.4456,0.636,0.0601,Moving
01:16:00,0.5266,-0.4648,0.6833,0.0758,Moving
01:16:02,0.3828,-0.4094,0.6849,0.0568,Moving
01:16:04,0.5393,-0.4306,0.628,0.053,Moving
01:16:06,0.578,-0.3448,0.645,0.0506,Moving
01:16:08,0.4859,-0.4142,0.6703,0.0534,Moving
01:16:10,0.5691,-0.3885,0.7918,0.078,Moving
01:16:12,0.4149,-0.3759,0.6795,0.0502,Moving
01:16:14,0.4693,-0.4274,0.729,0.0532,Moving
01:16:16,0.5238,-0.3543,0.6525,0.0623,Moving
01:16:18,0.486,-0.4306,0.7646,0.0543,Moving
01:16:20,0.5396,-0.477,0.7013,0.0626,Moving
01:16:22,0.5264,-0.4306,0.7887,0.0579,Moving
01:16:24,0.4624,-0.4022,0.6548,0.0734,Moving
01:16:26,0.5526,-0.4294,0.7561,0.0574,Moving
01:16:28,0.5274,-0.4229,0.5418,0.0571,Moving
01:16:30,0.498,-0.3724,0.7244,0.0575,Moving
01:16:32,0.3357,-0.4085,0.763,0.0551,Moving
01:16:34,0.614,-0.4549,0.6538,0.0534,Moving
01:16:36,0.4109,-0.4444,0.7102,0.0585,Moving
01:16:38,0.5453,-0.3758,0.7383,0.0617,Moving
01:16:40,0.4645,-0.4558,0.6792,0.0562,Moving
01:16:42,0.5022,-0.4288,0.7342,0.0557,Moving
01:16:44,0.5652,-0.437,0.8076,0.0502,Moving
01:16:46,0.5511,-0.3985,0.7722,0.0543,Moving
01:16:48,0.4911,-0.3278,0.6255,0.0501,Moving
01:16:50,0.5323,-0.4075,0.6797,0.0716,Moving
01:16:52,0.5878,-0.4582,0.6078,0.0846,Moving
01:16:54,0.4236,-0.3207,0.7066,0.0695,Moving
01:16:56,0.523,-0.3808,0.7291,0.051,Moving
01:16:58,0.5996,-0.4256,0.7223,0.0639,Moving
01:17:00,0.5843,-0.4278,0.6382,0.0107,Rest
01:17:02,0.4762,-0.4384,0.6581,0.0086,Rest
01:17:04,0.4756,-0.4452,0.6469,0.0115,Rest
01:17:06,0.4115,-0.4938,0.7444,0.01,Rest
01:17:08,0.5112,-0.2688,0.6528,0.0099,Rest
01:17:10,0.4356,-0.4673,0.7485,0.011,Rest
01:17:12,0.459,-0.4172,0.7075,0.0111,Rest
01:17:14,0.4805,-0.4336,0.7619,0.0099,Rest
01:17:16,0.4984,-0.4507,0.7065,0.0094,Rest
01:17:18,0.5707,-0.4051,0.7706,0.0104,Rest
01:17:20,0.4884,-0.3938,0.7471,0.0099,Rest
01:17:22,0.4855,-0.3585,0.7845,0.0094,Rest
01:17:24,0.4119,-0.2919,0.7039,0.0083,Rest
01:17:26,0.4842,-0.2798,0.6299,0.009,Rest
01:17:28,0.5494,-0.4013,0.6613,0.0102,Rest
01:17:30,0.5526,-0.3669,0.7461,0.0102,Rest
01:17:32,0.4473,-0.2853,0.8215,0.0103,Rest
01:17:34,0.4458,-0.3949,0.7201,0.0091,Rest
01:17:36,0.519,-0.3868,0.6955,0.0108,Rest
01:17:38,0.6057,-0.3533,0.7575,0.0089,Rest
01:17:40,0.4764,-0.4809,0.6894,0.0124,Rest
01:17:42,0.4688,-0.3871,0.728,0.0108,Rest
01:17:44,0.4555,-0.3371,0.7622,0.0094,Rest
01:17:46,0.5385,-0.478,0.8183,0.0104,Rest
01:17:48,0.4193,-0.3833,0.7356,0.0105,Rest
01:17:50,0.4907,-0.4483,0.7979,0.0089,Rest
01:17:52,0.3876,-0.3104,0.7227,0.0103,Rest
01:17:54,0.4013,-0.3464,0.6582,0.0115,Rest
01:17:56,0.481,-0.3617,0.6967,0.0097,Rest
01:17:58,0.5558,-0.4865,0.6697,0.0116,Rest
01:18:00,0.4791,-0.3965,0.6421,0.0084,Rest
01:18:02,0.463,-0.4198,0.7574,0.01,Rest
01:18:04,0.5203,-0.4495,0.6829,0.0092,Rest
01:18:06,0.5289,-0.458,0.6064,0.0112,Rest
01:18:08,0.4841,-0.4288,0.6986,0.0101,Rest
01:18:10,0.4395,-0.4178,0.7225,0.01,Rest
01:18:12,0.5136,-0.2624,0.6589,0.0089,Rest
01:18:14,0.5539,-0.4242,0.6866,0.0116,Rest
01:18:16,0.529,-0.3506,0.7055,0.0096,Rest
01:18:18,0.5033,-0.3698,0.6817,0.0101,Rest
01:18:20,0.5936,-0.3867,0.6557,0.0097,Rest
01:18:22,0.4621,-0.4093,0.7181,0.0105,Rest
01:18:24,0.5166,-0.2993,0.7459,0.0113,Rest
01:18:26,0.5114,-0.3954,0.6584,0.0102,Rest
01:18:28,0.5151,-0.4101,0.7202,0.0093,Rest
01:18:30,0.491,-0.3843,0.7164,0.0101,Rest
01:18:32,0.532,-0.3458,0.6963,0.0106,Rest
01:18:34,0.5172,-0.2321,0.7493,0.0093,Rest
01:18:36,0.4463,-0.3887,0.6601,0.0096,Rest
01:18:38,0.6078,-0.331,0.6088,0.0097,Rest
01:18:40,0.5539,-0.3306,0.6926,0.0106,Rest
01:18:42,0.5279,-0.3117,0.7476,0.0098,Rest
01:18:44,0.5701,-0.3173,0.7473,0.0096,Rest
01:18:46,0.4277,-0.4256,0.7515,0.0118,Rest
01:18:48,0.4991,-0.3974,0.6703,0.009,Rest
01:18:50,0.4977,-0.4134,0.764,0.0097,Rest
01:18:52,0.5075,-0.4015,0.7037,0.0102,Rest
01:18:54,0.4834,-0.408,0.6539,0.0094,Rest
01:18:56,0.5183,-0.3888,0.6293,0.0107,Rest
01:18:58,0.5468,-0.4407,0.7389,0.0113,Rest
01:19:00,0.5173,-0.4075,0.6893,0.0091,Rest
01:19:02,0.4492,-0.454,0.7488,0.0079,Rest
01:19:04,0.5427,-0.3811,0.6908,0.0095,Rest
01:19:06,0.5315,-0.4123,0.7049,0.0102,Rest
01:19:08,0.4606,-0.3897,0.7578,0.0108,Rest
01:19:10,0.556,-0.4559,0.5885,0.0097,Rest
01:19:12,0.5303,-0.3282,0.6672,0.0116,Rest
01:19:14,0.5499,-0.4297,0.7038,0.0122,Rest
01:19:16,0.4825,-0.3901,0.6709,0.0088,Rest
01:19:18,0.4405,-0.3871,0.6941,0.0107,Rest
01:19:20,0.5276,-0.3484,0.7322,0.0108,Rest
01:19:22,0.4343,-0.3443,0.7228,0.0106,Rest
01:19:24,0.514,-0.4653,0.7126,0.0093,Rest
01:19:26,0.4235,-0.4709,0.7325,0.0102,Rest
01:19:28,0.4824,-0.4202,0.6641,0.011,Rest
01:19:30,0.3946,-0.3159,0.6673,0.0111,Rest
01:19:32,0.456,-0.4185,0.6922,0.0076,Rest
01:19:34,0.4518,-0.3279,0.6436,0.0078,Rest
01:19:36,0.5339,-0.363,0.7123,0.0086,Rest
01:19:38,0.5209,-0.4115,0.7164,0.0095,Rest
01:19:40,0.4325,-0.4166,0.7102,0.0091,Rest
01:19:42,0.4867,-0.4228,0.708,0.0101,Rest
01:19:44,0.4795,-0.3567,0.7902,0.0114,Rest
01:19:46,0.5109,-0.3581,0.7171,0.0106,Rest
01:19:48,0.3975,-0.3825,0.7392,0.011,Rest
01:19:50,0.4834,-0.4075,0.7302,0.0081,Rest
01:19:52,0.4709,-0.4101,0.7199,0.0109,Rest
01:19:54,0.4707,-0.3582,0.6666,0.0101,Rest
01:19:56,0.4966,-0.3906,0.713,0.0117,Rest
01:19:58,0.4441,-0.4725,0.7472,0.0096,Rest
01:20:00,0.4213,-0.4045,0.7392,0.0114,Rest
01:20:02,0.5145,-0.4382,0.7881,0.0077,Rest
01:20:04,0.4546,-0.3246,0.6946,0.0099,Rest
01:20:06,0.5084,-0.4698,0.7082,0.0115,Rest
01:20:08,0.4823,-0.3238,0.7336,0.01,Rest
01:20:10,0.5824,-0.4282,0.7276,0.0102,Rest
01:20:12,0.5062,-0.378,0.6393,0.0096,Rest
01:20:14,0.5153,-0.2856,0.7123,0.0106,Rest
01:20:16,0.5139,-0.4175,0.7086,0.0092,Rest
01:20:18,0.4303,-0.3916,0.7137,0.0098,Rest
01:20:20,0.4361,-0.4141,0.6116,0.0094,Rest
01:20:22,0.4694,-0.3739,0.6739,0.0094,Rest
01:20:24,0.5464,-0.4156,0.638,0.0108,Rest
01:20:26,0.4104,-0.405,0.7313,0.0086,Rest
01:20:28,0.5399,-0.4182,0.7271,0.0097,Rest
01:20:30,0.5284,-0.4317,0.7212,0.0104,Rest
01:20:32,0.5307,-0.3523,0.7931,0.0107,Rest
01:20:34,0.6024,-0.3501,0.71,0.0087,Rest
01:20:36,0.4469,-0.3738,0.6952,0.01,Rest
01:20:38,0.4739,-0.3531,0.6542,0.0111,Rest
01:20:40,0.4424,-0.2855,0.6419,0.0081,Rest
01:20:42,0.4282,-0.5341,0.6418,0.0091,Rest
01:20:44,0.5227,-0.3238,0.6347,0.0102,Rest
01:20:46,0.5824,-0.4301,0.6884,0.0098,Rest
01:20:48,0.4179,-0.4506,0.6816,0.0098,Rest
01:20:50,0.4778,-0.4941,0.7763,0.0098,Rest
01:20:52,0.4765,-0.3589,0.6391,0.0098,Rest
01:20:54,0.512,-0.5372,0.7566,0.0087,Rest
01:20:56,0.3642,-0.4032,0.6433,0.0112,Rest
01:20:58,0.5307,-0.3962,0.6635,0.0102,Rest
01:21:00,0.4825,-0.3548,0.6848,0.0111,Rest
01:21:02,0.5278,-0.3857,0.7026,0.0101,Rest
01:21:04,0.4953,-0.4532,0.7018,0.0087,Rest
01:21:06,0.5228,-0.5116,0.6902,0.011,Rest
01:21:08,0.466,-0.4011,0.76,0.0108,Rest
01:21:10,0.5241,-0.4744,0.6845,0.0102,Rest
01:21:12,0.4253,-0.4422,0.7014,0.0106,Rest
01:21:14,0.4994,-0.3778,0.6804,0.0104,Rest
01:21:16,0.6229,-0.4301,0.6624,0.0096,Rest
01:21:18,0.4319,-0.3292,0.7268,0.0083,Rest
01:21:20,0.4426,-0.3841,0.745,0.0106,Rest
01:21:22,0.5612,-0.3182,0.7781,0.0086,Rest
01:21:24,0.544,-0.3896,0.6805,0.0104,Rest
01:21:26,0.4964,-0.4104,0.692,0.0088,Rest
01:21:28,0.4098,-0.389,0.7536,0.0083,Rest
01:21:30,0.4906,-0.3975,0.6998,0.0085,Rest
01:21:32,0.5377,-0.291,0.6758,0.0087,Rest
01:21:34,0.5619,-0.4478,0.6987,0.0096,Rest
01:21:36,0.5014,-0.4113,0.6557,0.0112,Rest
01:21:38,0.4045,-0.3901,0.6879,0.0107,Rest
01:21:40,0.4873,-0.3445,0.653,0.0105,Rest
01:21:42,0.541,-0.4818,0.7626,0.0085,Rest
01:21:44,0.6291,-0.4987,0.7053,0.0085,Rest
01:21:46,0.5757,-0.4397,0.6954,0.0109,Rest
01:21:48,0.5334,-0.4832,0.7084,0.0104,Rest
01:21:50,0.4671,-0.4114,0.7003,0.0094,Rest
01:21:52,0.4384,-0.4487,0.8289,0.0105,Rest
01:21:54,0.5652,-0.3305,0.7185,0.0112,Rest
01:21:56,0.4587,-0.4565,0.7248,0.01,Rest
01:21:58,0.4752,-0.388,0.7112,0.0103,Rest
01:22:00,0.5243,-0.4107,0.7026,0.0109,Rest
01:22:02,0.4321,-0.3735,0.5931,0.011,Rest
01:22:04,0.3912,-0.3524,0.7732,0.0105,Rest
01:22:06,0.5156,-0.3568,0.7043,0.0105,Rest
01:22:08,0.4891,-0.3735,0.6999,0.01,Rest
01:22:10,0.5328,-0.381,0.6064,0.0113,Rest
01:22:12,0.5679,-0.3867,0.7129,0.0093,Rest
01:22:14,0.4668,-0.2729,0.6597,0.0103,Rest
01:22:16,0.5085,-0.327,0.6863,0.0093,Rest
01:22:18,0.5155,-0.4142,0.7599,0.0091,Rest
01:22:20,0.6037,-0.4522,0.7899,0.0098,Rest
01:22:22,0.5089,-0.3456,0.7388,0.01,Rest
01:22:24,0.5685,-0.4322,0.6719,0.0105,Rest
01:22:26,0.4962,-0.3784,0.6642,0.01,Rest
01:22:28,0.5072,-0.4028,0.7541,0.0126,Rest
01:22:30,0.557,-0.5145,0.6556,0.0093,Rest
01:22:32,0.4255,-0.3774,0.7702,0.0085,Rest
01:22:34,0.5049,-0.5694,0.6399,0.0105,Rest
01:22:36,0.5053,-0.3217,0.692,0.0115,Rest
01:22:38,0.5255,-0.3105,0.7707,0.0108,Rest
01:22:40,0.5178,-0.412,0.692,0.0112,Rest
01:22:42,0.4848,-0.4382,0.6496,0.0094,Rest
01:22:44,0.4598,-0.3746,0.7421,0.0102,Rest
01:22:46,0.512,-0.4075,0.6462,0.0086,Rest
01:22:48,0.3938,-0.383,0.7275,0.0096,Rest
01:22:50,0.5612,-0.3896,0.6219,0.0088,Rest
01:22:52,0.5232,-0.3486,0.587,0.0125,Rest
01:22:54,0.5119,-0.2835,0.6647,0.0099,Rest
01:22:56,0.492,-0.2748,0.7082,0.0102,Rest
01:22:58,0.4392,-0.4054,0.7639,0.0111,Rest
01:23:00,0.3831,-0.4523,0.7704,0.0103,Rest
01:23:02,0.4783,-0.2709,0.6528,0.0127,Rest
01:23:04,0.4925,-0.3247,0.7028,0.0116,Rest
01:23:06,0.406,-0.5077,0.7732,0.0111,Rest
01:23:08,0.565,-0.3716,0.6977,0.0095,Rest
01:23:10,0.4642,-0.3707,0.7424,0.0094,Rest
01:23:12,0.4611,-0.4414,0.7748,0.0086,Rest
01:23:14,0.4912,-0.4016,0.7572,0.0108,Rest
01:23:16,0.5066,-0.3676,0.6782,0.0108,Rest
01:23:18,0.5026,-0.3698,0.7266,0.0104,Rest
01:23:20,0.4439,-0.4447,0.6059,0.0109,Rest
01:23:22,0.5466,-0.4187,0.6773,0.0097,Rest
01:23:24,0.4539,-0.487,0.6565,0.0103,Rest
01:23:26,0.46,-0.3626,0.7152,0.0102,Rest
01:23:28,0.6006,-0.4089,0.5849,0.0089,Rest
01:23:30,0.5985,-0.4097,0.6786,0.0095,Rest
01:23:32,0.5002,-0.5195,0.6583,0.0109,Rest
01:23:34,0.4957,-0.4649,0.7236,0.011,Rest
01:23:36,0.4392,-0.4074,0.6523,0.0095,Rest
01:23:38,0.4898,-0.3531,0.6394,0.0103,Rest
01:23:40,0.5267,-0.3918,0.6637,0.0104,Rest
01:23:42,0.5359,-0.4056,0.7008,0.0116,Rest
01:23:44,0.4637,-0.3669,0.7067,0.0097,Rest
01:23:46,0.4861,-0.4122,0.7099,0.0105,Rest
01:23:48,0.4795,-0.3875,0.6787,0.0114,Rest
01:23:50,0.4883,-0.3961,0.6626,0.0108,Rest
01:23:52,0.456,-0.3187,0.6179,0.0098,Rest
01:23:54,0.5848,-0.3367,0.6746,0.0116,Rest
01:23:56,0.5087,-0.311,0.6856,0.01,Rest
01:23:58,0.4279,-0.4456,0.6714,0.0089,Rest
01:24:00,0.4711,-0.3338,0.7353,0.0104,Rest
01:24:02,0.5161,-0.5436,0.6768,0.0104,Rest
01:24:04,0.5908,-0.369,0.7023,0.0087,Rest
01:24:06,0.5514,-0.447,0.8145,0.0097,Rest
01:24:08,0.4507,-0.4778,0.705,0.0097,Rest
01:24:10,0.4824,-0.4747,0.7223,0.0123,Rest
01:24:12,0.562,-0.3901,0.6068,0.0091,Rest
01:24:14,0.4763,-0.4013,0.7083,0.0107,Rest
01:24:16,0.5715,-0.323,0.7092,0.0105,Rest
01:24:18,0.4412,-0.3949,0.6557,0.0102,Rest
01:24:20,0.501,-0.4188,0.7169,0.0086,Rest
01:24:22,0.531,-0.4263,0.6833,0.009,Rest
01:24:24,0.4799,-0.4444,0.7074,0.0112,Rest
01:24:26,0.4933,-0.3919,0.7273,0.0104,Rest
01:24:28,0.4532,-0.4256,0.6702,0.01,Rest
01:24:30,0.4121,-0.3523,0.6369,0.0085,Rest
01:24:32,0.5035,-0.4146,0.7512,0.0093,Rest
01:24:34,0.5411,-0.4114,0.7756,0.0091,Rest
01:24:36,0.553,-0.283,0.8095,0.0096,Rest
01:24:38,0.4926,-0.4491,0.689,0.009,Rest
01:24:40,0.5285,-0.4063,0.6853,0.0094,Rest
01:24:42,0.5127,-0.3899,0.7242,0.0106,Rest
01:24:44,0.4969,-0.391,0.6935,0.0108,Rest
01:24:46,0.4483,-0.47,0.7305,0.0092,Rest
01:24:48,0.4578,-0.319,0.7577,0.0099,Rest
01:24:50,0.4408,-0.4851,0.6891,0.0073,Rest
01:24:52,0.5592,-0.3025,0.6638,0.0105,Rest
01:24:54,0.5175,-0.4018,0.5939,0.0094,Rest
01:24:56,0.5995,-0.4429,0.705,0.0106,Rest
01:24:58,0.6271,-0.3701,0.6944,0.0092,Rest
01:25:00,0.4604,-0.4414,0.6994,0.0092,Rest
01:25:02,0.4425,-0.395,0.6812,0.0098,Rest
01:25:04,0.4708,-0.4094,0.7212,0.0069,Rest
01:25:06,0.5224,-0.4238,0.6569,0.0098,Rest
01:25:08,0.3922,-0.4964,0.6874,0.0117,Rest
01:25:10,0.4652,-0.4858,0.688,0.0089,Rest
01:25:12,0.4653,-0.4881,0.7753,0.0102,Rest
01:25:14,0.5701,-0.395,0.6519,0.0089,Rest
01:25:16,0.4853,-0.3543,0.8072,0.0101,Rest
01:25:18,0.5299,-0.433,0.7512,0.0101,Rest
01:25:20,0.6035,-0.3818,0.674,0.0108,Rest
01:25:22,0.5188,-0.3405,0.7393,0.0089,Rest
01:25:24,0.5252,-0.3684,0.6256,0.0115,Rest
01:25:26,0.5312,-0.3831,0.6431,0.0096,Rest
01:25:28,0.4675,-0.4211,0.6292,0.0093,Rest
01:25:30,0.4486,-0.4029,0.6724,0.0092,Rest
01:25:32,0.5116,-0.3421,0.7262,0.011,Rest
01:25:34,0.4567,-0.3971,0.6877,0.011,Rest
01:25:36,0.5233,-0.4481,0.6931,0.0102,Rest
01:25:38,0.4967,-0.4335,0.6879,0.009,Rest
01:25:40,0.4824,-0.4138,0.6387,0.0105,Rest
01:25:42,0.4964,-0.3565,0.752,0.0098,Rest
01:25:44,0.5332,-0.3705,0.7002,0.01,Rest
01:25:46,0.4794,-0.4196,0.6869,0.0107,Rest
01:25:48,0.4785,-0.4338,0.6568,0.0113,Rest
01:25:50,0.4654,-0.455,0.693,0.0104,Rest
01:25:52,0.4953,-0.3694,0.7628,0.0097,Rest
01:25:54,0.5351,-0.4518,0.7605,0.0085,Rest
01:25:56,0.4846,-0.4012,0.8186,0.0107,Rest
01:25:58,0.4764,-0.426,0.8121,0.0085,Rest
01:26:00,0.4759,-0.4856,0.7422,0.01,Rest
01:26:02,0.3918,-0.3188,0.6191,0.0101,Rest
01:26:04,0.4192,-0.4281,0.7463,0.0094,Rest
01:26:06,0.5405,-0.4812,0.7594,0.0104,Rest
01:26:08,0.4824,-0.4412,0.7431,0.01,Rest
01:26:10,0.5209,-0.5412,0.578,0.0091,Rest
01:26:12,0.5122,-0.5183,0.7368,0.0093,Rest
01:26:14,0.5511,-0.43,0.7941,0.0107,Rest
01:26:16,0.5399,-0.355,0.6275,0.01,Rest
01:26:18,0.4928,-0.3439,0.7145,0.0104,Rest
01:26:20,0.4761,-0.3247,0.6947,0.0101,Rest
01:26:22,0.4879,-0.4818,0.8055,0.0096,Rest
01:26:24,0.6118,-0.3477,0.6785,0.0093,Rest
01:26:26,0.4864,-0.4251,0.7268,0.0093,Rest
01:26:28,0.5321,-0.4817,0.6655,0.0098,Rest
01:26:30,0.5002,-0.3034,0.686,0.0113,Rest
01:26:32,0.54,-0.3217,0.6531,0.0106,Rest
01:26:34,0.5251,-0.3821,0.5761,0.0093,Rest
01:26:36,0.5855,-0.4287,0.7458,0.0093,Rest
01:26:38,0.5507,-0.3413,0.7752,0.0112,Rest
01:26:40,0.5553,-0.4629,0.7318,0.0103,Rest
01:26:42,0.5356,-0.4032,0.8095,0.0093,Rest
01:26:44,0.5722,-0.3755,0.7372,0.0096,Rest
01:26:46,0.6371,-0.4513,0.5704,0.0101,Rest
01:26:48,0.6004,-0.4179,0.766,0.0116,Rest
01:26:50,0.4864,-0.4403,0.7565,0.009,Rest
01:26:52,0.5913,-0.3937,0.7486,0.0088,Rest
01:26:54,0.4224,-0.4779,0.7004,0.011,Rest
01:26:56,0.4092,-0.3679,0.7491,0.011,Rest
01:26:58,0.5357,-0.3507,0.702,0.0114,Rest
01:27:00,0.53,-0.4175,0.7306,0.0098,Rest
01:27:02,0.441,-0.4036,0.6789,0.0086,Rest
01:27:04,0.5337,-0.4302,0.7168,0.01,Rest
01:27:06,0.4572,-0.3935,0.651,0.0109,Rest
01:27:08,0.5039,-0.3827,0.7063,0.0092,Rest
01:27:10,0.4076,-0.4268,0.6784,0.0097,Rest
01:27:12,0.462,-0.3487,0.7681,0.0107,Rest
01:27:14,0.46,-0.4605,0.6701,0.0102,Rest
01:27:16,0.3984,-0.4596,0.6711,0.0111,Rest
01:27:18,0.4715,-0.335,0.685,0.0094,Rest
01:27:20,0.5462,-0.315,0.7226,0.0111,Rest
01:27:22,0.4912,-0.3121,0.6144,0.0092,Rest
01:27:24,0.4579,-0.4264,0.6917,0.0104,Rest
01:27:26,0.4487,-0.4565,0.638,0.0098,Rest
01:27:28,0.5922,-0.3731,0.6657,0.0098,Rest
01:27:30,0.4838,-0.4091,0.6758,0.0084,Rest
01:27:32,0.4759,-0.3308,0.6703,0.0108,Rest
01:27:34,0.4292,-0.355,0.7334,0.0088,Rest
01:27:36,0.5551,-0.3941,0.6951,0.0098,Rest
01:27:38,0.4194,-0.4178,0.5994,0.0099,Rest
01:27:40,0.4552,-0.4744,0.553,0.0089,Rest
01:27:42,0.4986,-0.4721,0.7428,0.0099,Rest
01:27:44,0.4523,-0.2963,0.6827,0.0097,Rest
01:27:46,0.5026,-0.3936,0.7086,0.0116,Rest
01:27:48,0.4637,-0.3959,0.7118,0.008,Rest
01:27:50,0.4676,-0.4118,0.7489,0.0113,Rest
01:27:52,0.4656,-0.4432,0.6579,0.0081,Rest
01:27:54,0.471,-0.4658,0.6499,0.0086,Rest
01:27:56,0.4516,-0.4251,0.6709,0.0102,Rest
01:27:58,0.4739,-0.3874,0.6285,0.0114,Rest
01:28:00,0.525,-0.3852,0.6685,0.0106,Rest
01:28:02,0.5084,-0.3852,0.7242,0.0107,Rest
01:28:04,0.4628,-0.4556,0.6964,0.0098,Rest
01:28:06,0.5066,-0.4399,0.6209,0.0101,Rest
01:28:08,0.5191,-0.4774,0.6535,0.0085,Rest
01:28:10,0.5619,-0.5148,0.7634,0.01,Rest
01:28:12,0.4625,-0.3155,0.7645,0.0088,Rest
01:28:14,0.5617,-0.368,0.6974,0.0111,Rest
01:28:16,0.4682,-0.3703,0.7709,0.0112,Rest
01:28:18,0.4996,-0.3738,0.709,0.0099,Rest
01:28:20,0.5799,-0.4251,0.7222,0.0108,Rest
01:28:22,0.4881,-0.3914,0.7712,0.0101,Rest
01:28:24,0.6094,-0.3171,0.6874,0.0108,Rest
01:28:26,0.5143,-0.3926,0.6459,0.0098,Rest
01:28:28,0.4948,-0.4069,0.7884,0.011,Rest
01:28:30,0.511,-0.4044,0.7299,0.0103,Rest
01:28:32,0.3808,-0.434,0.7524,0.0103,Rest
01:28:34,0.5031,-0.4459,0.6294,0.0092,Rest
01:28:36,0.5335,-0.3769,0.7324,0.0089,Rest
01:28:38,0.4482,-0.4191,0.734,0.0094,Rest
01:28:40,0.4763,-0.4139,0.684,0.0095,Rest
01:28:42,0.471,-0.3829,0.665,0.0099,Rest
01:28:44,0.4815,-0.3484,0.7189,0.0099,Rest
01:28:46,0.5453,-0.3603,0.7152,0.0096,Rest
01:28:48,0.5142,-0.4795,0.7087,0.0115,Rest
01:28:50,0.568,-0.4172,0.7319,0.0088,Rest
01:28:52,0.445,-0.3948,0.7277,0.01,Rest
01:28:54,0.4961,-0.3528,0.7678,0.0105,Rest
01:28:56,0.4826,-0.3147,0.6787,0.0111,Rest
01:28:58,0.4298,-0.4219,0.7018,0.0099,Rest
01:29:00,0.4963,-0.4264,0.6779,0.0076,Rest
01:29:02,0.5063,-0.3543,0.7485,0.0119,Rest
01:29:04,0.43,-0.3699,0.7049,0.0107,Rest
01:29:06,0.5134,-0.4064,0.6969,0.0097,Rest
01:29:08,0.5068,-0.4586,0.7343,0.0107,Rest
01:29:10,0.4974,-0.4063,0.6725,0.0097,Rest
01:29:12,0.512,-0.3912,0.6769,0.0099,Rest
01:29:14,0.4594,-0.4275,0.7071,0.0091,Rest
01:29:16,0.4889,-0.3993,0.7402,0.0098,Rest
01:29:18,0.515,-0.3992,0.7211,0.01,Rest
01:29:20,0.5041,-0.4282,0.6955,0.0105,Rest
01:29:22,0.4726,-0.3083,0.6441,0.0097,Rest
01:29:24,0.4332,-0.3736,0.6912,0.0079,Rest
01:29:26,0.4416,-0.3283,0.6467,0.0104,Rest
01:29:28,0.516,-0.3796,0.6299,0.0107,Rest
01:29:30,0.4967,-0.379,0.8003,0.0107,Rest
01:29:32,0.4576,-0.388,0.607,0.0101,Rest
01:29:34,0.4685,-0.4683,0.7725,0.01,Rest
01:29:36,0.5289,-0.4074,0.6925,0.0102,Rest
01:29:38,0.4462,-0.3736,0.7294,0.0104,Rest
01:29:40,0.4662,-0.4284,0.8018,0.0111,Rest
01:29:42,0.5884,-0.3334,0.7405,0.0109,Rest
01:29:44,0.5445,-0.3983,0.7226,0.0109,Rest
01:29:46,0.5167,-0.3184,0.6874,0.0113,Rest
01:29:48,0.5861,-0.3503,0.7085,0.0103,Rest
01:29:50,0.4177,-0.4695,0.6443,0.0118,Rest
01:29:52,0.503,-0.4174,0.541,0.0094,Rest
01:29:54,0.4392,-0.3411,0.6741,0.011,Rest
01:29:56,0.4087,-0.4084,0.7256,0.011,Rest
01:29:58,0.4198,-0.345,0.6891,0.0089,Rest
01:30:00,0.4532,-0.3579,0.7278,0.0087,Rest
01:30:02,0.4617,-0.444,0.7648,0.0094,Rest
01:30:04,0.4734,-0.3981,0.6306,0.0092,Rest
01:30:06,0.5148,-0.4899,0.6794,0.01,Rest
01:30:08,0.4827,-0.3255,0.6448,0.013,Rest
01:30:10,0.4955,-0.4194,0.7103,0.01,Rest
01:30:12,0.5513,-0.4283,0.6608,0.0103,Rest
01:30:14,0.4631,-0.4347,0.7085,0.011,Rest
01:30:16,0.4162,-0.5249,0.6975,0.0116,Rest
01:30:18,0.4673,-0.401,0.6632,0.009,Rest
01:30:20,0.5156,-0.3245,0.7176,0.0112,Rest
01:30:22,0.5201,-0.3484,0.6826,0.0096,Rest
01:30:24,0.472,-0.3924,0.7409,0.0099,Rest
01:30:26,0.5434,-0.3926,0.7137,0.0119,Rest
01:30:28,0.5431,-0.4072,0.744,0.0105,Rest
01:30:30,0.5641,-0.422,0.7332,0.0096,Rest
01:30:32,0.5362,-0.3622,0.6766,0.009,Rest
01:30:34,0.4516,-0.3498,0.733,0.01,Rest
01:30:36,0.4959,-0.4558,0.6799,0.0098,Rest
01:30:38,0.4477,-0.3226,0.7058,0.0081,Rest
01:30:40,0.545,-0.3681,0.6761,0.01,Rest
01:30:42,0.5037,-0.4011,0.6971,0.0105,Rest
01:30:44,0.5394,-0.3818,0.6837,0.0133,Rest
01:30:46,0.4798,-0.3063,0.7196,0.012,Rest
01:30:48,0.4728,-0.4933,0.7456,0.0099,Rest
01:30:50,0.4397,-0.3174,0.6247,0.0094,Rest
01:30:52,0.5506,-0.4045,0.5938,0.0092,Rest
01:30:54,0.5447,-0.4401,0.7755,0.0091,Rest
01:30:56,0.4886,-0.4817,0.7171,0.009,Rest
01:30:58,0.4651,-0.4546,0.6729,0.0101,Rest
01:31:00,0.4746,-0.3486,0.7279,0.0101,Rest
01:31:02,0.5518,-0.3328,0.7071,0.0096,Rest
01:31:04,0.4962,-0.3728,0.833,0.0087,Rest
01:31:06,0.5603,-0.4294,0.6568,0.0085,Rest
01:31:08,0.4725,-0.3701,0.6811,0.0108,Rest
01:31:10,0.5163,-0.454,0.6644,0.011,Rest
01:31:12,0.3684,-0.3401,0.7632,0.0085,Rest
01:31:14,0.4179,-0.4561,0.75,0.0122,Rest
01:31:16,0.5323,-0.4089,0.6238,0.0095,Rest
01:31:18,0.4837,-0.421,0.6725,0.0097,Rest
01:31:20,0.4587,-0.4268,0.7316,0.0095,Rest
01:31:22,0.5273,-0.3655,0.7136,0.0108,Rest
01:31:24,0.5624,-0.3844,0.7861,0.0113,Rest
01:31:26,0.5545,-0.3815,0.7066,0.0101,Rest
01:31:28,0.3313,-0.4243,0.6311,0.0125,Rest
01:31:30,0.4517,-0.432,0.6913,0.0095,Rest
01:31:32,0.4622,-0.4092,0.6359,0.0122,Rest
01:31:34,0.5843,-0.4232,0.6978,0.01,Rest
01:31:36,0.5343,-0.4563,0.6626,0.0101,Rest
01:31:38,0.5142,-0.4534,0.6717,0.0105,Rest
01:31:40,0.5341,-0.3632,0.737,0.0118,Rest
01:31:42,0.4603,-0.4165,0.6656,0.0094,Rest
01:31:44,0.6084,-0.4732,0.6876,0.0105,Rest
01:31:46,0.4921,-0.4663,0.6801,0.0115,Rest
01:31:48,0.4718,-0.3611,0.6975,0.0095,Rest
01:31:50,0.4189,-0.4515,0.6903,0.0102,Rest
01:31:52,0.482,-0.4132,0.6356,0.0099,Rest
01:31:54,0.4769,-0.3326,0.6178,0.0111,Rest
01:31:56,0.5158,-0.355,0.7864,0.0084,Rest
01:31:58,0.5365,-0.3982,0.7356,0.0121,Rest
01:32:00,0.4577,-0.3746,0.6004,0.0087,Rest
01:32:02,0.3738,-0.4351,0.7387,0.0102,Rest
01:32:04,0.4978,-0.4476,0.6528,0.0087,Rest
01:32:06,0.4992,-0.3858,0.6777,0.0119,Rest
01:32:08,0.5458,-0.4342,0.7977,0.011,Rest
01:32:10,0.462,-0.5303,0.6119,0.0118,Rest
01:32:12,0.4993,-0.4417,0.6784,0.0099,Rest
01:32:14,0.5287,-0.4306,0.6726,0.0104,Rest
01:32:16,0.518,-0.3948,0.6896,0.0095,Rest
01:32:18,0.4776,-0.3981,0.6734,0.0111,Rest
01:32:20,0.3815,-0.3632,0.7006,0.0093,Rest
01:32:22,0.4461,-0.4652,0.6583,0.0088,Rest
01:32:24,0.5139,-0.4013,0.7422,0.0099,Rest
01:32:26,0.499,-0.3484,0.6446,0.0097,Rest
01:32:28,0.4877,-0.3971,0.6838,0.0115,Rest
01:32:30,0.4689,-0.3808,0.7666,0.0104,Rest
01:32:32,0.405,-0.4954,0.6765,0.0093,Rest
01:32:34,0.5392,-0.4096,0.8341,0.0092,Rest
01:32:36,0.4164,-0.4891,0.6153,0.0099,Rest
01:32:38,0.4497,-0.3469,0.6919,0.0102,Rest
01:32:40,0.4863,-0.3862,0.6733,0.0103,Rest
01:32:42,0.5087,-0.4658,0.7883,0.0095,Rest
01:32:44,0.4161,-0.369,0.6234,0.0105,Rest
01:32:46,0.479,-0.4392,0.6706,0.0119,Rest
01:32:48,0.46,-0.4023,0.6515,0.01,Rest
01:32:50,0.5574,-0.4204,0.6106,0.0092,Rest
01:32:52,0.5788,-0.4028,0.713,0.0117,Rest
01:32:54,0.5705,-0.4408,0.7488,0.0101,Rest
01:32:56,0.4951,-0.319,0.6727,0.0101,Rest
01:32:58,0.5549,-0.4305,0.7139,0.0105,Rest
01:33:00,0.4291,-0.3901,0.7212,0.0098,Rest
01:33:02,0.4807,-0.3736,0.7612,0.0096,Rest
01:33:04,0.4405,-0.4413,0.6651,0.009,Rest
01:33:06,0.5375,-0.4396,0.6402,0.0078,Rest
01:33:08,0.5198,-0.4064,0.7527,0.0104,Rest
01:33:10,0.4899,-0.3803,0.7225,0.0098,Rest
01:33:12,0.4972,-0.3475,0.6741,0.0101,Rest
01:33:14,0.531,-0.4151,0.6883,0.0088,Rest
01:33:16,0.474,-0.4739,0.8055,0.0095,Rest
01:33:18,0.41,-0.3083,0.7503,0.0097,Rest
01:33:20,0.5213,-0.3773,0.6813,0.0107,Rest
01:33:22,0.472,-0.4575,0.677,0.011,Rest
01:33:24,0.5098,-0.4364,0.7643,0.0088,Rest
01:33:26,0.4359,-0.417,0.6867,0.0103,Rest
01:33:28,0.4675,-0.5004,0.6906,0.0095,Rest
01:33:30,0.4659,-0.42,0.6195,0.0094,Rest
01:33:32,0.5052,-0.4803,0.7314,0.0093,Rest
01:33:34,0.3726,-0.4048,0.7609,0.0102,Rest
01:33:36,0.4852,-0.3553,0.8027,0.0091,Rest
01:33:38,0.5516,-0.3857,0.7312,0.01,Rest
01:33:40,0.5297,-0.3724,0.7096,0.0102,Rest
01:33:42,0.4795,-0.3541,0.6611,0.0078,Rest
01:33:44,0.4529,-0.4521,0.7713,0.0083,Rest
01:33:46,0.594,-0.4465,0.7793,0.0103,Rest
01:33:48,0.5151,-0.4781,0.7071,0.0106,Rest
01:33:50,0.5079,-0.3552,0.7849,0.0091,Rest
01:33:52,0.5006,-0.3008,0.7238,0.0098,Rest
01:33:54,0.4543,-0.398,0.6332,0.0103,Rest
01:33:56,0.4896,-0.4373,0.6697,0.0085,Rest
01:33:58,0.4981,-0.5017,0.6497,0.0105,Rest
01:34:00,0.5161,-0.4135,0.6856,0.0103,Rest
01:34:02,0.5144,-0.4745,0.6312,0.0105,Rest
01:34:04,0.5607,-0.3003,0.6338,0.011,Rest
01:34:06,0.5163,-0.5086,0.6892,0.0089,Rest
01:34:08,0.5141,-0.392,0.6943,0.0093,Rest
01:34:10,0.522,-0.4164,0.6635,0.0105,Rest
01:34:12,0.4337,-0.3751,0.7051,0.0086,Rest
01:34:14,0.5536,-0.3878,0.6725,0.0094,Rest
01:34:16,0.5098,-0.4362,0.6492,0.0103,Rest
01:34:18,0.5124,-0.3528,0.6101,0.0107,Rest
01:34:20,0.4357,-0.3957,0.7377,0.0109,Rest
01:34:22,0.4187,-0.4096,0.791,0.0111,Rest
01:34:24,0.5484,-0.4376,0.7735,0.0101,Rest
01:34:26,0.4886,-0.2569,0.735,0.0112,Rest
01:34:28,0.5026,-0.3935,0.7536,0.0092,Rest
01:34:30,0.532,-0.4451,0.7115,0.011,Rest
01:34:32,0.4468,-0.4456,0.712,0.0101,Rest
01:34:34,0.61,-0.3659,0.6669,0.0092,Rest
01:34:36,0.4936,-0.4042,0.6664,0.0111,Rest
01:34:38,0.4144,-0.4279,0.6663,0.0099,Rest
01:34:40,0.5313,-0.4869,0.7385,0.0098,Rest
01:34:42,0.476,-0.411,0.7516,0.0111,Rest
01:34:44,0.4656,-0.443,0.6541,0.01,Rest
01:34:46,0.4123,-0.3964,0.7207,0.0086,Rest
01:34:48,0.4892,-0.4542,0.7792,0.0096,Rest
01:34:50,0.5234,-0.2951,0.7258,0.0103,Rest
01:34:52,0.5449,-0.3531,0.6661,0.0112,Rest
01:34:54,0.442,-0.3775,0.5602,0.008,Rest
01:34:56,0.5046,-0.4569,0.6928,0.0101,Rest
01:34:58,0.5887,-0.3418,0.65,0.0114,Rest
01:35:00,0.467,-0.3867,0.6775,0.0106,Rest
01:35:02,0.5066,-0.32,0.6256,0.0112,Rest
01:35:04,0.4915,-0.3234,0.6886,0.0096,Rest
01:35:06,0.4371,-0.4246,0.7434,0.0102,Rest
01:35:08,0.5175,-0.4669,0.7099,0.0114,Rest
01:35:10,0.4859,-0.4569,0.6863,0.0095,Rest
01:35:12,0.5568,-0.456,0.8028,0.0108,Rest
01:35:14,0.5142,-0.4202,0.6524,0.0111,Rest
01:35:16,0.4795,-0.4331,0.648,0.0096,Rest
01:35:18,0.4283,-0.4563,0.771,0.009,Rest
01:35:20,0.4598,-0.4786,0.7438,0.0096,Rest
01:35:22,0.4927,-0.346,0.7165,0.0094,Rest
01:35:24,0.5001,-0.3869,0.7672,0.0116,Rest
01:35:26,0.4673,-0.5321,0.6342,0.0085,Rest
01:35:28,0.468,-0.41,0.7672,0.0122,Rest
01:35:30,0.5495,-0.4022,0.6968,0.0116,Rest
01:35:32,0.4196,-0.4419,0.6777,0.0082,Rest
01:35:34,0.5072,-0.4473,0.7462,0.0091,Rest
01:35:36,0.5487,-0.3543,0.5683,0.0088,Rest
01:35:38,0.4741,-0.426,0.6671,0.0095,Rest
01:35:40,0.5024,-0.4165,0.78,0.0114,Rest
01:35:42,0.4829,-0.3712,0.7124,0.0092,Rest
01:35:44,0.5471,-0.4276,0.7364,0.0111,Rest
01:35:46,0.5586,-0.4397,0.6654,0.0107,Rest
01:35:48,0.453,-0.4261,0.7495,0.0101,Rest
01:35:50,0.4652,-0.3285,0.6905,0.0091,Rest
01:35:52,0.4716,-0.4368,0.6957,0.0107,Rest
01:35:54,0.5046,-0.4513,0.6625,0.0081,Rest
01:35:56,0.4761,-0.4314,0.7768,0.0105,Rest
01:35:58,0.5321,-0.3589,0.7786,0.0098,Rest
01:36:00,0.5011,-0.4229,0.6925,0.0103,Rest
01:36:02,0.5358,-0.3713,0.6003,0.0092,Rest
01:36:04,0.5198,-0.432,0.7102,0.0101,Rest
01:36:06,0.4263,-0.3695,0.6902,0.0105,Rest
01:36:08,0.4178,-0.4597,0.7574,0.0103,Rest
01:36:10,0.5026,-0.388,0.7068,0.01,Rest
01:36:12,0.4875,-0.4007,0.6429,0.01,Rest
01:36:14,0.5177,-0.4376,0.7175,0.0092,Rest
01:36:16,0.558,-0.4364,0.6715,0.0095,Rest
01:36:18,0.5025,-0.4549,0.6842,0.0096,Rest
01:36:20,0.5742,-0.3616,0.7413,0.0077,Rest
01:36:22,0.4734,-0.3696,0.7389,0.0113,Rest
01:36:24,0.5055,-0.3534,0.7468,0.0106,Rest
01:36:26,0.5029,-0.4209,0.6162,0.0106,Rest
01:36:28,0.5936,-0.353,0.668,0.0089,Rest
01:36:30,0.5926,-0.4332,0.8174,0.009,Rest
01:36:32,0.4283,-0.3867,0.6768,0.0094,Rest
01:36:34,0.465,-0.5107,0.7286,0.0119,Rest
01:36:36,0.4022,-0.3564,0.6914,0.0094,Rest
01:36:38,0.5304,-0.4329,0.6768,0.0091,Rest
01:36:40,0.5504,-0.3404,0.6743,0.0107,Rest
01:36:42,0.5379,-0.3406,0.7068,0.0111,Rest
01:36:44,0.4539,-0.3356,0.7068,0.0104,Rest
01:36:46,0.5024,-0.4432,0.6966,0.0083,Rest
01:36:48,0.4785,-0.439,0.781,0.0107,Rest
01:36:50,0.5486,-0.4321,0.7032,0.0123,Rest
01:36:52,0.5694,-0.3647,0.6745,0.0088,Rest
01:36:54,0.5785,-0.4126,0.7197,0.0095,Rest
01:36:56,0.4554,-0.4321,0.6418,0.0103,Rest
01:36:58,0.4874,-0.3097,0.7918,0.0108,Rest
01:37:00,0.5134,-0.3415,0.7294,0.0099,Rest
01:37:02,0.4558,-0.333,0.708,0.0091,Rest
01:37:04,0.4947,-0.3631,0.8052,0.0097,Rest
01:37:06,0.4883,-0.389,0.6748,0.0098,Rest
01:37:08,0.5105,-0.4291,0.7157,0.0104,Rest
01:37:10,0.4801,-0.3822,0.6929,0.0092,Rest
01:37:12,0.5444,-0.4419,0.7053,0.008,Rest
01:37:14,0.4528,-0.4167,0.7306,0.0111,Rest
01:37:16,0.4807,-0.3533,0.6473,0.0094,Rest
01:37:18,0.5275,-0.3082,0.6819,0.0094,Rest
01:37:20,0.3961,-0.3564,0.7219,0.0111,Rest
01:37:22,0.515,-0.4128,0.6811,0.0099,Rest
01:37:24,0.5332,-0.4488,0.6527,0.0115,Rest
01:37:26,0.4721,-0.4389,0.7369,0.0092,Rest
01:37:28,0.4862,-0.3036,0.6749,0.0116,Rest
01:37:30,0.4575,-0.4168,0.6347,0.0089,Rest
01:37:32,0.4647,-0.4003,0.6746,0.0118,Rest
01:37:34,0.4189,-0.4394,0.708,0.0109,Rest
01:37:36,0.523,-0.4103,0.7845,0.0099,Rest
01:37:38,0.496,-0.414,0.7345,0.0087,Rest
01:37:40,0.4757,-0.3484,0.715,0.0095,Rest
01:37:42,0.5143,-0.4757,0.7022,0.0097,Rest
01:37:44,0.5025,-0.4861,0.6361,0.0101,Rest
01:37:46,0.5547,-0.364,0.7213,0.0081,Rest
01:37:48,0.5289,-0.3471,0.7553,0.0092,Rest
01:37:50,0.5092,-0.4412,0.6016,0.0111,Rest
01:37:52,0.5876,-0.4184,0.6072,0.0108,Rest
01:37:54,0.4841,-0.405,0.6999,0.0074,Rest
01:37:56,0.5571,-0.4119,0.6856,0.0098,Rest
01:37:58,0.5478,-0.366,0.7144,0.0093,Rest
01:38:00,0.4364,-0.3254,0.6802,0.01,Rest
01:38:02,0.4707,-0.3707,0.6075,0.0099,Rest
01:38:04,0.5561,-0.4168,0.7246,0.0108,Rest
01:38:06,0.5021,-0.4456,0.7426,0.0084,Rest
01:38:08,0.5413,-0.4239,0.7229,0.0086,Rest
01:38:10,0.4699,-0.3491,0.6708,0.0098,Rest
01:38:12,0.5194,-0.47,0.7713,0.0107,Rest
01:38:14,0.5732,-0.3253,0.5715,0.0102,Rest
01:38:16,0.5065,-0.4916,0.6399,0.0088,Rest
01:38:18,0.5593,-0.3194,0.7567,0.0085,Rest
01:38:20,0.5449,-0.3906,0.7143,0.0098,Rest
01:38:22,0.5134,-0.3661,0.6707,0.0087,Rest
01:38:24,0.527,-0.4812,0.7158,0.0108,Rest
01:38:26,0.5072,-0.4186,0.6025,0.0099,Rest
01:38:28,0.4705,-0.4091,0.7645,0.0111,Rest
01:38:30,0.5814,-0.3552,0.718,0.0095,Rest
01:38:32,0.5474,-0.387,0.669,0.01,Rest
01:38:34,0.5431,-0.4321,0.7173,0.0095,Rest
01:38:36,0.431,-0.3686,0.6705,0.0109,Rest
01:38:38,0.492,-0.3256,0.6562,0.0103,Rest
01:38:40,0.4087,-0.2865,0.7437,0.0096,Rest
01:38:42,0.4816,-0.3582,0.6848,0.0107,Rest
01:38:44,0.5339,-0.3282,0.6325,0.0107,Rest
01:38:46,0.5257,-0.4051,0.677,0.0105,Rest
01:38:48,0.5607,-0.4079,0.7705,0.0098,Rest
01:38:50,0.5886,-0.3459,0.7081,0.0093,Rest
01:38:52,0.4799,-0.426,0.6998,0.0106,Rest
01:38:54,0.5234,-0.3657,0.7106,0.0107,Rest
01:38:56,0.4803,-0.3269,0.71,0.0099,Rest
01:38:58,0.3989,-0.3912,0.681,0.0078,Rest
01:39:00,0.486,-0.4724,0.6829,0.0112,Rest
01:39:02,0.5058,-0.2923,0.7126,0.0082,Rest
01:39:04,0.5204,-0.4246,0.7143,0.0097,Rest
01:39:06,0.4669,-0.445,0.6997,0.0087,Rest
01:39:08,0.494,-0.4234,0.6964,0.0108,Rest
01:39:10,0.5694,-0.3866,0.7273,0.0086,Rest
01:39:12,0.486,-0.4129,0.7014,0.0087,Rest
01:39:14,0.4141,-0.4026,0.7426,0.0084,Rest
01:39:16,0.5215,-0.4061,0.6857,0.0097,Rest
01:39:18,0.5594,-0.4151,0.6727,0.0115,Rest
01:39:20,0.4949,-0.4223,0.7245,0.0089,Rest
01:39:22,0.4671,-0.4551,0.6786,0.0106,Rest
01:39:24,0.4777,-0.4948,0.6608,0.0094,Rest
01:39:26,0.4655,-0.3475,0.7554,0.0083,Rest
01:39:28,0.4372,-0.4771,0.7208,0.0095,Rest
01:39:30,0.4823,-0.3549,0.6903,0.0097,Rest
01:39:32,0.5009,-0.3691,0.663,0.0105,Rest
01:39:34,0.5456,-0.2865,0.679,0.0087,Rest
01:39:36,0.5119,-0.4527,0.648,0.009,Rest
01:39:38,0.5472,-0.5545,0.6945,0.0086,Rest
01:39:40,0.458,-0.4345,0.7659,0.0103,Rest
01:39:42,0.4387,-0.4001,0.6865,0.0103,Rest
01:39:44,0.5307,-0.4307,0.7364,0.0113,Rest
01:39:46,0.5116,-0.3828,0.6213,0.012,Rest
01:39:48,0.513,-0.4071,0.6957,0.0102,Rest
01:39:50,0.4709,-0.4482,0.6729,0.0092,Rest
01:39:52,0.5808,-0.3662,0.7375,0.0105,Rest
01:39:54,0.439,-0.3597,0.6766,0.0104,Rest
01:39:56,0.5518,-0.4268,0.6864,0.0105,Rest
01:39:58,0.5203,-0.4432,0.7355,0.0096,Rest
01:40:00,0.5039,-0.4325,0.7216,0.0098,Rest
01:40:02,0.5451,-0.4357,0.7035,0.0108,Rest
01:40:04,0.5368,-0.3936,0.6759,0.0088,Rest
01:40:06,0.543,-0.3792,0.7786,0.0101,Rest
01:40:08,0.5811,-0.3483,0.7594,0.0104,Rest
01:40:10,0.5493,-0.4623,0.7171,0.0104,Rest
01:40:12,0.4537,-0.4853,0.7498,0.0101,Rest
01:40:14,0.4221,-0.3501,0.6493,0.0113,Rest
01:40:16,0.4701,-0.4008,0.7184,0.01,Rest
01:40:18,0.5434,-0.4044,0.655,0.0085,Rest
01:40:20,0.5187,-0.3985,0.679,0.0095,Rest
01:40:22,0.5228,-0.4135,0.7036,0.0115,Rest
01:40:24,0.4496,-0.2857,0.6442,0.0096,Rest
01:40:26,0.4559,-0.3998,0.7267,0.0099,Rest
01:40:28,0.4692,-0.473,0.7092,0.0086,Rest
01:40:30,0.5531,-0.3085,0.7428,0.0095,Rest
01:40:32,0.4802,-0.4305,0.7346,0.0108,Rest
01:40:34,0.464,-0.3947,0.6773,0.0103,Rest
01:40:36,0.5257,-0.4291,0.6785,0.0096,Rest
01:40:38,0.4775,-0.5048,0.7331,0.0098,Rest
01:40:40,0.5264,-0.4376,0.6215,0.0082,Rest
01:40:42,0.5736,-0.4496,0.6073,0.0085,Rest
01:40:44,0.5604,-0.3558,0.552,0.0092,Rest
01:40:46,0.4989,-0.298,0.7058,0.0104,Rest
01:40:48,0.5652,-0.3923,0.6925,0.0089,Rest
01:40:50,0.4682,-0.322,0.729,0.0105,Rest
01:40:52,0.4313,-0.474,0.6391,0.0075,Rest
01:40:54,0.4075,-0.4068,0.7017,0.0079,Rest
01:40:56,0.4715,-0.4061,0.622,0.0095,Rest
01:40:58,0.5206,-0.3721,0.7518,0.011,Rest
01:41:00,0.5508,-0.3716,0.7063,0.0095,Rest
01:41:02,0.463,-0.4991,0.5726,0.0116,Rest
01:41:04,0.5009,-0.4214,0.7322,0.009,Rest
01:41:06,0.4774,-0.3562,0.7859,0.0108,Rest
01:41:08,0.4794,-0.325,0.6084,0.0098,Rest
01:41:10,0.4406,-0.3914,0.5936,0.0092,Rest
01:41:12,0.5009,-0.3994,0.6989,0.0101,Rest
01:41:14,0.5835,-0.4446,0.7592,0.0115,Rest
01:41:16,0.4481,-0.3502,0.69,0.0093,Rest
01:41:18,0.4627,-0.4531,0.6429,0.0097,Rest
01:41:20,0.5631,-0.4666,0.7048,0.0096,Rest
01:41:22,0.5481,-0.3406,0.6702,0.01,Rest
01:41:24,0.4316,-0.3243,0.758,0.0095,Rest
01:41:26,0.5914,-0.5187,0.7086,0.0104,Rest
01:41:28,0.4734,-0.4658,0.6619,0.0111,Rest
01:41:30,0.4949,-0.4638,0.6708,0.0104,Rest
01:41:32,0.5113,-0.317,0.5986,0.01,Rest
01:41:34,0.4634,-0.3088,0.6494,0.0096,Rest
01:41:36,0.5257,-0.4778,0.8208,0.0115,Rest
01:41:38,0.4605,-0.3678,0.6919,0.0078,Rest
01:41:40,0.4465,-0.416,0.7003,0.0105,Rest
01:41:42,0.5542,-0.413,0.7063,0.0099,Rest
01:41:44,0.4628,-0.4003,0.6873,0.0081,Rest
01:41:46,0.5069,-0.4733,0.6055,0.0109,Rest
01:41:48,0.5348,-0.3465,0.6465,0.0103,Rest
01:41:50,0.5045,-0.4358,0.6661,0.01,Rest
01:41:52,0.5046,-0.3319,0.6943,0.0102,Rest
01:41:54,0.551,-0.4093,0.7488,0.0095,Rest
01:41:56,0.5717,-0.4173,0.7189,0.011,Rest
01:41:58,0.4999,-0.3413,0.7244,0.011,Rest
01:42:00,0.417,-0.3598,0.7827,0.0112,Rest
01:42:02,0.4807,-0.4754,0.6534,0.0086,Rest
01:42:04,0.516,-0.3958,0.8482,0.0109,Rest
01:42:06,0.4948,-0.3914,0.7252,0.0093,Rest
01:42:08,0.4955,-0.3901,0.6556,0.0128,Rest
01:42:10,0.502,-0.4286,0.6712,0.0106,Rest
01:42:12,0.4088,-0.3217,0.6418,0.0116,Rest
01:42:14,0.4882,-0.4508,0.7166,0.0094,Rest
01:42:16,0.4867,-0.371,0.7163,0.0111,Rest
01:42:18,0.5195,-0.3612,0.7291,0.0101,Rest
01:42:20,0.5033,-0.3301,0.6588,0.0096,Rest
01:42:22,0.5538,-0.3111,0.7637,0.0094,Rest
01:42:24,0.5095,-0.3891,0.8543,0.0105,Rest
01:42:26,0.5194,-0.4342,0.6681,0.0082,Rest
01:42:28,0.4944,-0.4625,0.7523,0.0098,Rest
01:42:30,0.6003,-0.4584,0.7212,0.0098,Rest
01:42:32,0.5109,-0.3503,0.7348,0.0102,Rest
01:42:34,0.5294,-0.4658,0.6288,0.0097,Rest
01:42:36,0.4254,-0.3857,0.7281,0.0088,Rest
01:42:38,0.4961,-0.4626,0.6637,0.0103,Rest
01:42:40,0.4319,-0.3416,0.6593,0.0104,Rest
01:42:42,0.5301,-0.3442,0.6845,0.0091,Rest
01:42:44,0.407,-0.4053,0.6524,0.011,Rest
01:42:46,0.5663,-0.4198,0.6915,0.0109,Rest
01:42:48,0.5097,-0.394,0.7513,0.0114,Rest
01:42:50,0.4925,-0.4477,0.6759,0.0086,Rest
01:42:52,0.4913,-0.2999,0.712,0.0109,Rest
01:42:54,0.443,-0.4177,0.7338,0.0101,Rest
01:42:56,0.4269,-0.462,0.6909,0.0104,Rest
01:42:58,0.4926,-0.4883,0.6676,0.0113,Rest
01:43:00,0.4731,-0.3771,0.6496,0.0095,Rest
01:43:02,0.5374,-0.381,0.7529,0.0099,Rest
01:43:04,0.5463,-0.4018,0.7439,0.0092,Rest
01:43:06,0.615,-0.382,0.5658,0.0097,Rest
01:43:08,0.4787,-0.3214,0.7574,0.0082,Rest
01:43:10,0.4622,-0.4263,0.652,0.0105,Rest
01:43:12,0.5145,-0.4174,0.7191,0.0089,Rest
01:43:14,0.4622,-0.4443,0.6864,0.0091,Rest
01:43:16,0.5669,-0.4124,0.6853,0.0085,Rest
01:43:18,0.5624,-0.4312,0.6521,0.0109,Rest
01:43:20,0.4941,-0.4254,0.7531,0.009,Rest
01:43:22,0.3864,-0.2931,0.6792,0.012,Rest
01:43:24,0.4893,-0.4153,0.7098,0.0112,Rest
01:43:26,0.5004,-0.3793,0.6396,0.0081,Rest
01:43:28,0.4573,-0.3849,0.6714,0.0104,Rest
01:43:30,0.5189,-0.361,0.7364,0.0103,Rest
01:43:32,0.5911,-0.4725,0.7387,0.0119,Rest
01:43:34,0.4906,-0.3177,0.6165,0.0086,Rest
01:43:36,0.5191,-0.4007,0.7526,0.0093,Rest
01:43:38,0.4092,-0.3723,0.7376,0.0103,Rest
01:43:40,0.4405,-0.3899,0.7336,0.011,Rest
01:43:42,0.4355,-0.4686,0.8487,0.0099,Rest
01:43:44,0.5213,-0.3648,0.6652,0.0099,Rest
01:43:46,0.4728,-0.3371,0.7348,0.0099,Rest
01:43:48,0.5226,-0.4394,0.7448,0.0105,Rest
01:43:50,0.6198,-0.34,0.7553,0.0104,Rest
01:43:52,0.5159,-0.4259,0.7432,0.0092,Rest
01:43:54,0.4877,-0.4692,0.766,0.01,Rest
01:43:56,0.4421,-0.3897,0.7173,0.0083,Rest
01:43:58,0.4679,-0.4276,0.7571,0.0082,Rest
01:44:00,0.5429,-0.3,0.6485,0.0115,Rest
01:44:02,0.5085,-0.3556,0.636,0.0106,Rest
01:44:04,0.5322,-0.43,0.7186,0.0123,Rest
01:44:06,0.4833,-0.4165,0.6873,0.0082,Rest
01:44:08,0.4874,-0.4181,0.6368,0.01,Rest
01:44:10,0.5509,-0.304,0.6752,0.0107,Rest
01:44:12,0.5369,-0.2422,0.7002,0.0101,Rest
01:44:14,0.4748,-0.3869,0.6547,0.0109,Rest
01:44:16,0.4494,-0.3316,0.7276,0.0099,Rest
01:44:18,0.4851,-0.402,0.6366,0.0088,Rest
01:44:20,0.5068,-0.2409,0.681,0.0113,Rest
01:44:22,0.4381,-0.4282,0.7029,0.0098,Rest
01:44:24,0.541,-0.4097,0.6566,0.0093,Rest
01:44:26,0.5663,-0.3307,0.7087,0.0108,Rest
01:44:28,0.5364,-0.4854,0.7738,0.0085,Rest
01:44:30,0.5603,-0.3962,0.6903,0.0107,Rest
01:44:32,0.5252,-0.3948,0.6386,0.0097,Rest
01:44:34,0.4832,-0.3352,0.7625,0.0104,Rest
01:44:36,0.381,-0.3354,0.6327,0.0086,Rest
01:44:38,0.5112,-0.4361,0.6837,0.0123,Rest
01:44:40,0.5664,-0.4122,0.6819,0.0085,Rest
01:44:42,0.4901,-0.4306,0.708,0.0114,Rest
01:44:44,0.558,-0.4384,0.7406,0.0094,Rest
01:44:46,0.4073,-0.4271,0.767,0.0102,Rest
01:44:48,0.4716,-0.353,0.6239,0.0094,Rest
01:44:50,0.5398,-0.4356,0.7079,0.0122,Rest
01:44:52,0.6084,-0.4552,0.7075,0.0099,Rest
01:44:54,0.4931,-0.3441,0.7693,0.0114,Rest
01:44:56,0.4436,-0.4676,0.7294,0.009,Rest
01:44:58,0.4701,-0.3974,0.7798,0.0104,Rest
01:45:00,0.5113,-0.3912,0.8363,0.0105,Rest
01:45:02,0.506,-0.4392,0.7133,0.0103,Rest
01:45:04,0.5967,-0.3942,0.7225,0.0107,Rest
01:45:06,0.5218,-0.3602,0.7974,0.0103,Rest
01:45:08,0.5392,-0.333,0.7844,0.0106,Rest
01:45:10,0.5216,-0.4074,0.7291,0.0095,Rest
01:45:12,0.5444,-0.3833,0.7234,0.0095,Rest
01:45:14,0.431,-0.3598,0.7789,0.0098,Rest
01:45:16,0.4146,-0.3741,0.7018,0.0103,Rest
01:45:18,0.479,-0.3718,0.7432,0.0117,Rest
01:45:20,0.5123,-0.3096,0.6876,0.0097,Rest
01:45:22,0.4166,-0.3588,0.6435,0.0078,Rest
01:45:24,0.5135,-0.4245,0.6972,0.0114,Rest
01:45:26,0.5177,-0.3953,0.622,0.0102,Rest
01:45:28,0.4626,-0.3794,0.6286,0.0105,Rest
01:45:30,0.6386,-0.3437,0.7382,0.0125,Rest
01:45:32,0.459,-0.3882,0.7172,0.009,Rest
01:45:34,0.5148,-0.4855,0.6811,0.01,Rest
01:45:36,0.591,-0.3833,0.7008,0.0101,Rest
01:45:38,0.4432,-0.3076,0.7033,0.0115,Rest
01:45:40,0.3849,-0.373,0.6266,0.0098,Rest
01:45:42,0.4686,-0.3191,0.6572,0.0107,Rest
01:45:44,0.5602,-0.3386,0.7299,0.0097,Rest
01:45:46,0.5615,-0.3777,0.6297,0.01,Rest
01:45:48,0.4212,-0.3652,0.7036,0.0098,Rest
01:45:50,0.5834,-0.3844,0.6851,0.0077,Rest
01:45:52,0.5147,-0.3815,0.7051,0.0101,Rest
01:45:54,0.4995,-0.4326,0.7042,0.0101,Rest
01:45:56,0.4982,-0.4154,0.6983,0.0088,Rest
01:45:58,0.4621,-0.44,0.7083,0.0093,Rest
01:46:00,0.4945,-0.3512,0.7061,0.0086,Rest
01:46:02,0.4018,-0.3534,0.6657,0.0095,Rest
01:46:04,0.4899,-0.4683,0.6422,0.0095,Rest
01:46:06,0.4758,-0.4255,0.6621,0.0101,Rest
01:46:08,0.5189,-0.345,0.7477,0.0101,Rest
01:46:10,0.4594,-0.4037,0.6903,0.0102,Rest
01:46:12,0.5393,-0.3966,0.6787,0.0098,Rest
01:46:14,0.5923,-0.4746,0.662,0.0092,Rest
01:46:16,0.5324,-0.3632,0.6924,0.0093,Rest
01:46:18,0.5595,-0.376,0.677,0.0113,Rest
01:46:20,0.4424,-0.3875,0.725,0.0109,Rest
01:46:22,0.4466,-0.3881,0.6966,0.0106,Rest
01:46:24,0.5072,-0.4549,0.6955,0.0116,Rest
01:46:26,0.4776,-0.4136,0.7438,0.0083,Rest
01:46:28,0.4564,-0.3689,0.6528,0.0092,Rest
01:46:30,0.5172,-0.4004,0.7304,0.011,Rest
01:46:32,0.5361,-0.3821,0.698,0.0088,Rest
01:46:34,0.5095,-0.3774,0.6716,0.0097,Rest
01:46:36,0.5388,-0.3674,0.7093,0.0101,Rest
01:46:38,0.477,-0.4175,0.7007,0.0098,Rest
01:46:40,0.4255,-0.3364,0.6668,0.0106,Rest
01:46:42,0.4728,-0.4113,0.6459,0.0109,Rest
01:46:44,0.4304,-0.402,0.6946,0.0094,Rest
01:46:46,0.3981,-0.35,0.6627,0.0095,Rest
01:46:48,0.4751,-0.3442,0.6807,0.0104,Rest
01:46:50,0.4405,-0.3542,0.7452,0.0099,Rest
01:46:52,0.5466,-0.3107,0.6274,0.0088,Rest
01:46:54,0.4954,-0.4149,0.6234,0.0105,Rest
01:46:56,0.5174,-0.4461,0.6823,0.0098,Rest
01:46:58,0.4972,-0.3669,0.6769,0.0118,Rest
01:47:00,0.5401,-0.4095,0.6824,0.0105,Rest
01:47:02,0.5575,-0.3297,0.6979,0.011,Rest
01:47:04,0.4902,-0.4129,0.682,0.0096,Rest
01:47:06,0.4379,-0.3355,0.6502,0.0107,Rest
01:47:08,0.472,-0.4435,0.6639,0.0103,Rest
01:47:10,0.5349,-0.3621,0.7077,0.0095,Rest
01:47:12,0.4507,-0.4066,0.6832,0.0112,Rest
01:47:14,0.5173,-0.3955,0.6806,0.0081,Rest
01:47:16,0.4979,-0.4277,0.7599,0.0098,Rest
01:47:18,0.5137,-0.4345,0.8068,0.0114,Rest
01:47:20,0.514,-0.5285,0.7128,0.0092,Rest
01:47:22,0.5084,-0.3692,0.6925,0.0101,Rest
01:47:24,0.5273,-0.3408,0.7834,0.0104,Rest
01:47:26,0.4347,-0.3257,0.7099,0.0094,Rest
01:47:28,0.5242,-0.4364,0.7133,0.0118,Rest
01:47:30,0.4513,-0.3939,0.6555,0.0096,Rest
01:47:32,0.5415,-0.4112,0.6347,0.01,Rest
01:47:34,0.5409,-0.329,0.7316,0.0104,Rest
01:47:36,0.5575,-0.474,0.7506,0.0077,Rest
01:47:38,0.4668,-0.3356,0.7472,0.011,Rest
01:47:40,0.4595,-0.385,0.6353,0.0124,Rest
01:47:42,0.5137,-0.45,0.7215,0.0119,Rest
01:47:44,0.4524,-0.412,0.6946,0.0094,Rest
01:47:46,0.5362,-0.3188,0.7322,0.0098,Rest
01:47:48,0.5098,-0.3541,0.6447,0.0093,Rest
01:47:50,0.5646,-0.3815,0.6261,0.0084,Rest
01:47:52,0.5399,-0.4339,0.6478,0.0104,Rest
01:47:54,0.5027,-0.3796,0.6962,0.0094,Rest
01:47:56,0.5309,-0.4139,0.8064,0.0107,Rest
01:47:58,0.5023,-0.4297,0.6921,0.0118,Rest
01:48:00,0.4674,-0.3912,0.7046,0.0091,Rest
01:48:02,0.5035,-0.3176,0.7397,0.0085,Rest
01:48:04,0.5362,-0.3647,0.7495,0.0109,Rest
01:48:06,0.4902,-0.4721,0.7318,0.0112,Rest
01:48:08,0.518,-0.4476,0.7127,0.0097,Rest
01:48:10,0.4619,-0.4354,0.6899,0.0098,Rest
01:48:12,0.5406,-0.3858,0.7305,0.0094,Rest
01:48:14,0.4986,-0.39,0.772,0.0089,Rest
01:48:16,0.4753,-0.383,0.6871,0.0115,Rest
01:48:18,0.4803,-0.4544,0.6425,0.0097,Rest
01:48:20,0.5671,-0.3559,0.6197,0.0106,Rest
01:48:22,0.4817,-0.367,0.6546,0.0105,Rest
01:48:24,0.5467,-0.4441,0.6976,0.0093,Rest
01:48:26,0.5785,-0.3722,0.7275,0.0093,Rest
01:48:28,0.5045,-0.4524,0.7505,0.0102,Rest
01:48:30,0.5268,-0.3378,0.6751,0.0088,Rest
01:48:32,0.4738,-0.3919,0.7153,0.0113,Rest
01:48:34,0.5242,-0.4435,0.667,0.008,Rest
01:48:36,0.4739,-0.3967,0.6861,0.0109,Rest
01:48:38,0.5628,-0.3651,0.6484,0.0096,Rest
01:48:40,0.472,-0.3283,0.6673,0.0115,Rest
01:48:42,0.5628,-0.3113,0.7659,0.0107,Rest
01:48:44,0.4689,-0.4293,0.7155,0.0094,Rest
01:48:46,0.5237,-0.4643,0.6918,0.0081,Rest
01:48:48,0.4646,-0.3652,0.6745,0.0087,Rest
01:48:50,0.5095,-0.3932,0.677,0.009,Rest
01:48:52,0.3898,-0.3964,0.7181,0.0092,Rest
01:48:54,0.4947,-0.4161,0.5896,0.0087,Rest
01:48:56,0.5361,-0.4066,0.7512,0.011,Rest
01:48:58,0.4962,-0.4156,0.7324,0.0107,Rest
01:49:00,0.3849,-0.4141,0.7821,0.0095,Rest
01:49:02,0.466,-0.4527,0.6947,0.0097,Rest
01:49:04,0.4936,-0.4144,0.6233,0.0101,Rest
01:49:06,0.4826,-0.41,0.676,0.0115,Rest
01:49:08,0.4651,-0.4445,0.6053,0.0108,Rest
01:49:10,0.487,-0.4689,0.7329,0.0084,Rest
01:49:12,0.4832,-0.4427,0.7408,0.0101,Rest
01:49:14,0.5002,-0.3377,0.7025,0.0086,Rest
01:49:16,0.5475,-0.4212,0.6413,0.0102,Rest
01:49:18,0.5117,-0.4589,0.6373,0.0097,Rest
01:49:20,0.4785,-0.3431,0.6984,0.0093,Rest
01:49:22,0.5502,-0.5132,0.6579,0.0101,Rest
01:49:24,0.448,-0.43,0.7521,0.0097,Rest
01:49:26,0.5238,-0.4134,0.697,0.0093,Rest
01:49:28,0.5355,-0.4205,0.6992,0.0106,Rest
01:49:30,0.4776,-0.4072,0.6507,0.0095,Rest
01:49:32,0.4714,-0.3787,0.7684,0.0113,Rest
01:49:34,0.4856,-0.3759,0.6373,0.0095,Rest
01:49:36,0.5174,-0.4546,0.6686,0.0089,Rest
01:49:38,0.5738,-0.4405,0.7527,0.0099,Rest
01:49:40,0.4866,-0.4624,0.7081,0.0101,Rest
01:49:42,0.521,-0.4254,0.7029,0.0094,Rest
01:49:44,0.515,-0.3872,0.6443,0.0097,Rest
01:49:46,0.571,-0.4549,0.6818,0.0106,Rest
01:49:48,0.4696,-0.3891,0.7198,0.0106,Rest
01:49:50,0.451,-0.3201,0.7748,0.01,Rest
01:49:52,0.4673,-0.5031,0.7026,0.0098,Rest
01:49:54,0.495,-0.3631,0.6806,0.0109,Rest
01:49:56,0.5499,-0.4374,0.5943,0.011,Rest
01:49:58,0.5066,-0.4387,0.694,0.0101,Rest
01:50:00,0.5445,-0.3175,0.6404,0.0099,Rest
01:50:02,0.3943,-0.3649,0.7354,0.0085,Rest
01:50:04,0.4941,-0.3736,0.6459,0.0096,Rest
01:50:06,0.5381,-0.3808,0.6695,0.0093,Rest
01:50:08,0.4637,-0.4884,0.6688,0.0104,Rest
01:50:10,0.4854,-0.4446,0.7143,0.0095,Rest
01:50:12,0.5291,-0.3816,0.6446,0.0105,Rest
01:50:14,0.4231,-0.4539,0.7082,0.0091,Rest
01:50:16,0.4643,-0.2784,0.6625,0.0091,Rest
01:50:18,0.5212,-0.3542,0.6697,0.0122,Rest
01:50:20,0.5342,-0.2696,0.7222,0.0101,Rest
01:50:22,0.5361,-0.3445,0.6486,0.0102,Rest
01:50:24,0.4915,-0.3848,0.6816,0.0101,Rest
01:50:26,0.5489,-0.4215,0.785,0.0096,Rest
01:50:28,0.5119,-0.4103,0.7495,0.0112,Rest
01:50:30,0.4335,-0.3773,0.6677,0.0085,Rest
01:50:32,0.5416,-0.3457,0.676,0.0105,Rest
01:50:34,0.4338,-0.363,0.6975,0.0098,Rest
01:50:36,0.46,-0.3283,0.7831,0.0091,Rest
01:50:38,0.4109,-0.3808,0.702,0.0097,Rest
01:50:40,0.4709,-0.4338,0.8002,0.0097,Rest
01:50:42,0.421,-0.448,0.6817,0.0113,Rest
01:50:44,0.4702,-0.4368,0.6528,0.011,Rest
01:50:46,0.4369,-0.424,0.7778,0.0081,Rest
01:50:48,0.4781,-0.3556,0.685,0.0083,Rest
01:50:50,0.4613,-0.3411,0.6083,0.0078,Rest
01:50:52,0.4955,-0.3903,0.727,0.0089,Rest
01:50:54,0.4922,-0.379,0.7449,0.0095,Rest
01:50:56,0.4237,-0.3574,0.719,0.0097,Rest
01:50:58,0.5284,-0.3338,0.6611,0.0097,Rest
01:51:00,0.4687,-0.4407,0.7384,0.0092,Rest
01:51:02,0.4481,-0.2907,0.714,0.0081,Rest
01:51:04,0.5732,-0.2852,0.7078,0.0085,Rest
01:51:06,0.3788,-0.3866,0.7358,0.0108,Rest
01:51:08,0.4298,-0.3344,0.7558,0.0085,Rest
01:51:10,0.4227,-0.4257,0.7296,0.0093,Rest
01:51:12,0.6137,-0.3467,0.6353,0.0111,Rest
01:51:14,0.5289,-0.3895,0.6844,0.0098,Rest
01:51:16,0.5334,-0.3536,0.7382,0.0095,Rest
01:51:18,0.6145,-0.2939,0.6913,0.0096,Rest
01:51:20,0.4551,-0.3385,0.7307,0.0114,Rest
01:51:22,0.5131,-0.3773,0.6849,0.0094,Rest
01:51:24,0.5107,-0.4168,0.6487,0.011,Rest
01:51:26,0.5419,-0.4351,0.7304,0.0098,Rest
01:51:28,0.4766,-0.2724,0.6921,0.0079,Rest
01:51:30,0.5515,-0.3706,0.5763,0.0093,Rest
01:51:32,0.5052,-0.4558,0.7325,0.0098,Rest
01:51:34,0.4587,-0.3468,0.7152,0.0101,Rest
01:51:36,0.5567,-0.397,0.5895,0.0091,Rest
01:51:38,0.4983,-0.3647,0.703,0.011,Rest
01:51:40,0.552,-0.3683,0.6816,0.0092,Rest
01:51:42,0.4925,-0.371,0.6566,0.01,Rest
01:51:44,0.4816,-0.4356,0.7335,0.0109,Rest
01:51:46,0.5753,-0.3906,0.8587,0.0105,Rest
01:51:48,0.4646,-0.3531,0.5594,0.0088,Rest
01:51:50,0.5254,-0.3598,0.6249,0.0101,Rest
01:51:52,0.4987,-0.3787,0.7035,0.0108,Rest
01:51:54,0.533,-0.421,0.6758,0.0112,Rest
01:51:56,0.4231,-0.3495,0.5733,0.0107,Rest
01:51:58,0.3912,-0.3504,0.7375,0.0097,Rest
01:52:00,0.4787,-0.4162,0.6452,0.0097,Rest
01:52:02,0.5041,-0.4639,0.6928,0.0105,Rest
01:52:04,0.4285,-0.3933,0.7095,0.0101,Rest
01:52:06,0.4588,-0.3768,0.7772,0.0101,Rest
01:52:08,0.5465,-0.4216,0.6483,0.0115,Rest
01:52:10,0.3376,-0.4145,0.7141,0.0093,Rest
01:52:12,0.5638,-0.3194,0.6789,0.0093,Rest
01:52:14,0.5284,-0.4109,0.7287,0.011,Rest
01:52:16,0.5339,-0.3046,0.6089,0.0088,Rest
01:52:18,0.496,-0.4193,0.6482,0.0088,Rest
01:52:20,0.4775,-0.2504,0.7575,0.0111,Rest
01:52:22,0.5712,-0.3287,0.6593,0.0089,Rest
01:52:24,0.4171,-0.352,0.6988,0.0092,Rest
01:52:26,0.494,-0.4137,0.6384,0.0092,Rest
01:52:28,0.472,-0.4295,0.6256,0.0099,Rest
01:52:30,0.5485,-0.3091,0.5976,0.0092,Rest
01:52:32,0.5002,-0.3687,0.6771,0.0075,Rest
01:52:34,0.5118,-0.3222,0.6359,0.0101,Rest
01:52:36,0.4243,-0.3663,0.6788,0.0097,Rest
01:52:38,0.4487,-0.3055,0.6939,0.0106,Rest
01:52:40,0.5086,-0.3452,0.6396,0.0111,Rest
01:52:42,0.5304,-0.4557,0.6689,0.0087,Rest
01:52:44,0.5147,-0.3642,0.6989,0.0085,Rest
01:52:46,0.5235,-0.4661,0.7362,0.0094,Rest
01:52:48,0.4481,-0.2947,0.723,0.0103,Rest
01:52:50,0.6009,-0.4135,0.5829,0.0098,Rest
01:52:52,0.4605,-0.3762,0.6256,0.0088,Rest
01:52:54,0.535,-0.3447,0.7525,0.0112,Rest
01:52:56,0.5243,-0.3756,0.7742,0.0099,Rest
01:52:58,0.521,-0.3708,0.6741,0.0101,Rest
01:53:00,0.4884,-0.4319,0.6794,0.0101,Rest
01:53:02,0.4792,-0.418,0.6935,0.0092,Rest
01:53:04,0.4839,-0.3685,0.7682,0.0107,Rest
01:53:06,0.5058,-0.4541,0.6999,0.0091,Rest
01:53:08,0.5455,-0.3815,0.7944,0.0085,Rest
01:53:10,0.4571,-0.4431,0.6474,0.01,Rest
01:53:12,0.5451,-0.3237,0.6745,0.0085,Rest
01:53:14,0.4986,-0.4244,0.7333,0.0106,Rest
01:53:16,0.4926,-0.3546,0.6686,0.0105,Rest
01:53:18,0.6262,-0.4118,0.6531,0.0096,Rest
01:53:20,0.4794,-0.3585,0.7112,0.0094,Rest
01:53:22,0.575,-0.3894,0.7234,0.0112,Rest
01:53:24,0.5087,-0.4066,0.7357,0.0098,Rest
01:53:26,0.4733,-0.4293,0.6907,0.0109,Rest
01:53:28,0.4841,-0.4714,0.753,0.0097,Rest
01:53:30,0.4938,-0.3625,0.658,0.0077,Rest
01:53:32,0.6222,-0.4446,0.7396,0.0104,Rest
01:53:34,0.3767,-0.4165,0.6652,0.0097,Rest
01:53:36,0.531,-0.3825,0.6505,0.0099,Rest
01:53:38,0.529,-0.3973,0.7382,0.0105,Rest
01:53:40,0.4883,-0.4089,0.6048,0.0099,Rest
01:53:42,0.5082,-0.2979,0.6229,0.0114,Rest
01:53:44,0.4414,-0.3858,0.6744,0.0122,Rest
01:53:46,0.54,-0.2952,0.7602,0.009,Rest
01:53:48,0.5294,-0.3894,0.7507,0.0096,Rest
01:53:50,0.4305,-0.3826,0.758,0.0085,Rest
01:53:52,0.4271,-0.4736,0.8055,0.0106,Rest
01:53:54,0.5733,-0.5146,0.6518,0.0101,Rest
01:53:56,0.5182,-0.4407,0.7396,0.0082,Rest
01:53:58,0.4853,-0.3806,0.6047,0.0092,Rest
01:54:00,0.4527,-0.3577,0.681,0.0106,Rest
01:54:02,0.4612,-0.4341,0.6839,0.0092,Rest
01:54:04,0.5966,-0.4167,0.7048,0.0106,Rest
01:54:06,0.4763,-0.3665,0.7259,0.0099,Rest
01:54:08,0.4155,-0.4301,0.7311,0.0111,Rest
01:54:10,0.4479,-0.4551,0.5898,0.0075,Rest
01:54:12,0.5883,-0.3705,0.7027,0.0106,Rest
01:54:14,0.501,-0.3543,0.6842,0.0084,Rest
01:54:16,0.4671,-0.3698,0.7745,0.0096,Rest
01:54:18,0.4765,-0.4242,0.741,0.0098,Rest
01:54:20,0.5333,-0.367,0.7569,0.0103,Rest
01:54:22,0.4944,-0.4341,0.6921,0.0115,Rest
01:54:24,0.5303,-0.4716,0.6742,0.0117,Rest
01:54:26,0.5869,-0.381,0.7278,0.0087,Rest
01:54:28,0.459,-0.3623,0.7075,0.0102,Rest
01:54:30,0.5563,-0.4076,0.7308,0.0103,Rest
01:54:32,0.5085,-0.3839,0.7904,0.0099,Rest
01:54:34,0.4396,-0.2858,0.6899,0.0109,Rest
01:54:36,0.5599,-0.3657,0.6584,0.0087,Rest
01:54:38,0.5493,-0.4357,0.6316,0.0117,Rest
01:54:40,0.4747,-0.4313,0.6283,0.0101,Rest
01:54:42,0.519,-0.3848,0.7345,0.0121,Rest
01:54:44,0.6025,-0.4475,0.7501,0.0096,Rest
01:54:46,0.4854,-0.3893,0.5939,0.0096,Rest
01:54:48,0.4337,-0.4602,0.6689,0.0103,Rest
01:54:50,0.4145,-0.466,0.7018,0.0116,Rest
01:54:52,0.4922,-0.4473,0.6741,0.0107,Rest
01:54:54,0.4107,-0.4669,0.7334,0.009,Rest
01:54:56,0.5205,-0.4929,0.706,0.0102,Rest
01:54:58,0.5184,-0.5494,0.6644,0.0099,Rest
01:55:00,0.5641,-0.3743,0.6602,0.0102,Rest
01:55:02,0.4691,-0.3425,0.7006,0.0101,Rest
01:55:04,0.5512,-0.427,0.6773,0.0092,Rest
01:55:06,0.526,-0.3385,0.6649,0.012,Rest
01:55:08,0.618,-0.5137,0.7226,0.0096,Rest
01:55:10,0.5363,-0.2693,0.6886,0.0106,Rest
01:55:12,0.5541,-0.3733,0.6634,0.0094,Rest
01:55:14,0.4226,-0.4342,0.6811,0.0104,Rest
01:55:16,0.4621,-0.4155,0.7272,0.0085,Rest
01:55:18,0.5509,-0.3447,0.6474,0.0098,Rest
01:55:20,0.3912,-0.4281,0.6799,0.0095,Rest
01:55:22,0.4661,-0.4926,0.8019,0.0092,Rest
01:55:24,0.528,-0.4042,0.6625,0.0102,Rest
01:55:26,0.4071,-0.4035,0.7042,0.0099,Rest
01:55:28,0.6082,-0.3382,0.7217,0.0088,Rest
01:55:30,0.4951,-0.3084,0.7209,0.0099,Rest
01:55:32,0.4699,-0.3688,0.7591,0.0106,Rest
01:55:34,0.5209,-0.3601,0.7038,0.0082,Rest
01:55:36,0.4765,-0.4577,0.7291,0.0103,Rest
01:55:38,0.5595,-0.4085,0.6657,0.0102,Rest
01:55:40,0.5388,-0.5057,0.6291,0.0082,Rest
01:55:42,0.6007,-0.4091,0.6491,0.0079,Rest
01:55:44,0.4576,-0.4194,0.5887,0.0106,Rest
01:55:46,0.4368,-0.3526,0.7108,0.0099,Rest
01:55:48,0.5781,-0.3722,0.696,0.0095,Rest
01:55:50,0.4997,-0.4184,0.6905,0.0103,Rest
01:55:52,0.4576,-0.3795,0.7193,0.0104,Rest
01:55:54,0.487,-0.3819,0.7825,0.0093,Rest
01:55:56,0.425,-0.3666,0.6578,0.0103,Rest
01:55:58,0.553,-0.4405,0.6995,0.0082,Rest
01:56:00,0.54,-0.4061,0.7286,0.0102,Rest
01:56:02,0.5502,-0.3603,0.669,0.0088,Rest
01:56:04,0.5072,-0.3586,0.65,0.0095,Rest
01:56:06,0.512,-0.4209,0.6356,0.0103,Rest
01:56:08,0.5289,-0.499,0.6785,0.0106,Rest
01:56:10,0.4563,-0.3547,0.7538,0.0115,Rest
01:56:12,0.5127,-0.4067,0.7501,0.0077,Rest
01:56:14,0.4943,-0.3844,0.6481,0.0089,Rest
01:56:16,0.4723,-0.486,0.6758,0.0092,Rest
01:56:18,0.3409,-0.3691,0.6757,0.0096,Rest
01:56:20,0.582,-0.4758,0.6867,0.0084,Rest
01:56:22,0.5427,-0.3747,0.6178,0.0093,Rest
01:56:24,0.4635,-0.3408,0.6681,0.0073,Rest
01:56:26,0.4806,-0.4162,0.7354,0.0106,Rest
01:56:28,0.5275,-0.367,0.6816,0.0105,Rest
01:56:30,0.4532,-0.3897,0.7582,0.0098,Rest
01:56:32,0.4922,-0.4502,0.6685,0.0079,Rest
01:56:34,0.4429,-0.3902,0.7518,0.01,Rest
01:56:36,0.5077,-0.332,0.6288,0.0095,Rest
01:56:38,0.4555,-0.4291,0.7472,0.0115,Rest
01:56:40,0.4613,-0.3904,0.7041,0.0095,Rest
01:56:42,0.5882,-0.4084,0.6704,0.0092,Rest
01:56:44,0.5135,-0.4794,0.7481,0.0111,Rest
01:56:46,0.505,-0.3814,0.7033,0.0103,Rest
01:56:48,0.4657,-0.4026,0.7743,0.0087,Rest
01:56:50,0.5933,-0.4605,0.6692,0.0088,Rest
01:56:52,0.5422,-0.4767,0.7232,0.0117,Rest
01:56:54,0.492,-0.363,0.6677,0.0084,Rest
01:56:56,0.5284,-0.4114,0.7063,0.011,Rest
01:56:58,0.5012,-0.4,0.6834,0.0092,Rest
01:57:00,0.5325,-0.3738,0.7425,0.0049,Rest
01:57:02,0.4372,-0.4402,0.6904,0.0055,Rest
01:57:04,0.5094,-0.4548,0.6926,0.005,Rest
01:57:06,0.5018,-0.3847,0.6778,0.0062,Rest
01:57:08,0.4442,-0.397,0.6679,0.0034,Rest
01:57:10,0.4754,-0.4898,0.7317,0.0052,Rest
01:57:12,0.5194,-0.2811,0.7095,0.0039,Rest
01:57:14,0.5072,-0.3528,0.7473,0.0057,Rest
01:57:16,0.5394,-0.4374,0.7817,0.0044,Rest
01:57:18,0.4332,-0.4916,0.6445,0.0053,Rest
01:57:20,0.5135,-0.4228,0.719,0.0063,Rest
01:57:22,0.4714,-0.4351,0.6346,0.0047,Rest
01:57:24,0.5192,-0.3913,0.6683,0.0062,Rest
01:57:26,0.5232,-0.473,0.6096,0.0047,Rest
01:57:28,0.5133,-0.4457,0.7098,0.0049,Rest
01:57:30,0.4732,-0.4387,0.7126,0.0039,Rest
01:57:32,0.5967,-0.4067,0.7629,0.0048,Rest
01:57:34,0.5275,-0.3371,0.681,0.005,Rest
01:57:36,0.5459,-0.3891,0.8024,0.0032,Rest
01:57:38,0.4974,-0.3616,0.7775,0.0048,Rest
01:57:40,0.4998,-0.4008,0.6797,0.0048,Rest
01:57:42,0.5989,-0.3668,0.7043,0.0069,Rest
01:57:44,0.4771,-0.3853,0.648,0.0041,Rest
01:57:46,0.4382,-0.3907,0.6915,0.0051,Rest
01:57:48,0.4839,-0.3394,0.7919,0.007,Rest
01:57:50,0.5538,-0.3186,0.7406,0.0074,Rest
01:57:52,0.5695,-0.3675,0.6989,0.0063,Rest
01:57:54,0.4619,-0.413,0.661,0.0044,Rest
01:57:56,0.4074,-0.3195,0.6853,0.0026,Rest
01:57:58,0.5127,-0.4087,0.6656,0.0041,Rest
01:58:00,0.5524,-0.4116,0.7521,0.004,Rest
01:58:02,0.5641,-0.3849,0.815,0.0043,Rest
01:58:04,0.4992,-0.36,0.7488,0.0043,Rest
01:58:06,0.5267,-0.5152,0.6616,0.0046,Rest
01:58:08,0.5211,-0.3523,0.7384,0.0045,Rest
01:58:10,0.5218,-0.4055,0.6914,0.0056,Rest
01:58:12,0.5084,-0.4336,0.7683,0.004,Rest
01:58:14,0.4758,-0.4296,0.6176,0.0067,Rest
01:58:16,0.5996,-0.4434,0.717,0.0056,Rest
01:58:18,0.4916,-0.4946,0.6687,0.0063,Rest
01:58:20,0.587,-0.4238,0.6555,0.0059,Rest
01:58:22,0.4733,-0.3761,0.6992,0.0064,Rest
01:58:24,0.5309,-0.3407,0.6956,0.0058,Rest
01:58:26,0.5332,-0.4943,0.6518,0.0052,Rest
01:58:28,0.5551,-0.3772,0.7573,0.0036,Rest
01:58:30,0.4918,-0.4794,0.6727,0.0074,Rest
01:58:32,0.4802,-0.3642,0.6717,0.0044,Rest
01:58:34,0.511,-0.3254,0.6122,0.0059,Rest
01:58:36,0.5664,-0.3715,0.6461,0.0056,Rest
01:58:38,0.5749,-0.4322,0.6661,0.0053,Rest
01:58:40,0.5819,-0.3672,0.6765,0.0042,Rest
01:58:42,0.511,-0.4384,0.7549,0.0071,Rest
01:58:44,0.4573,-0.3762,0.7044,0.0041,Rest
01:58:46,0.4951,-0.4059,0.7517,0.0058,Rest
01:58:48,0.5133,-0.4383,0.7095,0.0057,Rest
01:58:50,0.4792,-0.4481,0.714,0.0052,Rest
01:58:52,0.547,-0.4734,0.8246,0.0041,Rest
01:58:54,0.4964,-0.399,0.7855,0.0044,Rest
01:58:56,0.5194,-0.2453,0.7146,0.0057,Rest
01:58:58,0.5234,-0.4182,0.6505,0.0046,Rest
01:59:00,0.4449,-0.39,0.6459,0.0036,Rest
01:59:02,0.4857,-0.4388,0.6391,0.004,Rest
01:59:04,0.5206,-0.3737,0.6344,0.0038,Rest
01:59:06,0.4919,-0.3246,0.7627,0.0045,Rest
01:59:08,0.4836,-0.3528,0.694,0.0045,Rest
01:59:10,0.5267,-0.3823,0.6256,0.0058,Rest
01:59:12,0.5009,-0.4318,0.6609,0.0055,Rest
01:59:14,0.4931,-0.3942,0.7314,0.0068,Rest
01:59:16,0.5183,-0.3466,0.6739,0.0083,Rest
01:59:18,0.5518,-0.3839,0.6542,0.006,Rest
01:59:20,0.5248,-0.3388,0.6633,0.0058,Rest
01:59:22,0.5611,-0.3484,0.7119,0.0053,Rest
01:59:24,0.6065,-0.4295,0.7267,0.0063,Rest
01:59:26,0.5792,-0.3837,0.6153,0.0046,Rest
01:59:28,0.4898,-0.3965,0.6779,0.0057,Rest
01:59:30,0.4837,-0.4544,0.7787,0.0056,Rest
01:59:32,0.5296,-0.4274,0.7139,0.0052,Rest
01:59:34,0.3966,-0.3516,0.6188,0.0036,Rest
01:59:36,0.499,-0.459,0.7293,0.0043,Rest
01:59:38,0.5275,-0.3612,0.7583,0.0044,Rest
01:59:40,0.5536,-0.4621,0.7411,0.0056,Rest
01:59:42,0.5472,-0.4815,0.6858,0.0059,Rest
01:59:44,0.4402,-0.3525,0.6995,0.004,Rest
01:59:46,0.4903,-0.4607,0.6998,0.0051,Rest
01:59:48,0.4725,-0.4483,0.7787,0.006,Rest
01:59:50,0.493,-0.3938,0.6699,0.0024,Rest
01:59:52,0.4404,-0.3123,0.624,0.004,Rest
01:59:54,0.5213,-0.4414,0.633,0.0051,Rest
01:59:56,0.49,-0.4258,0.7147,0.0041,Rest
01:59:58,0.4887,-0.4711,0.8074,0.004,Rest
02:00:00,0.5469,-0.4322,0.6076,0.0052,Rest
02:00:02,0.4944,-0.3937,0.7395,0.0056,Rest
02:00:04,0.4372,-0.362,0.6207,0.0037,Rest
02:00:06,0.5407,-0.3663,0.7239,0.0048,Rest
02:00:08,0.3903,-0.3101,0.7613,0.0058,Rest
02:00:10,0.4701,-0.349,0.7078,0.0033,Rest
02:00:12,0.5402,-0.5042,0.7054,0.0049,Rest
02:00:14,0.4527,-0.3587,0.6828,0.0053,Rest
02:00:16,0.4972,-0.3694,0.6179,0.0044,Rest
02:00:18,0.5436,-0.4896,0.7063,0.0039,Rest
02:00:20,0.484,-0.4139,0.7379,0.0053,Rest
02:00:22,0.4392,-0.3271,0.5969,0.0049,Rest
02:00:24,0.4214,-0.4269,0.7556,0.0041,Rest
02:00:26,0.4882,-0.4995,0.8093,0.0042,Rest
02:00:28,0.5459,-0.3513,0.7304,0.0039,Rest
02:00:30,0.4639,-0.34,0.8006,0.003,Rest
02:00:32,0.4426,-0.3966,0.6432,0.0066,Rest
02:00:34,0.4636,-0.3672,0.7078,0.004,Rest
02:00:36,0.4486,-0.3985,0.61,0.0046,Rest
02:00:38,0.4149,-0.3014,0.67,0.0062,Rest
02:00:40,0.5506,-0.4061,0.7025,0.0058,Rest
02:00:42,0.5824,-0.4321,0.6552,0.0052,Rest
02:00:44,0.5279,-0.5316,0.7052,0.0027,Rest
02:00:46,0.521,-0.3623,0.7406,0.0041,Rest
02:00:48,0.4666,-0.446,0.6774,0.0059,Rest
02:00:50,0.4503,-0.437,0.6939,0.0053,Rest
02:00:52,0.4506,-0.4013,0.5799,0.0049,Rest
02:00:54,0.5378,-0.4422,0.7204,0.0039,Rest
02:00:56,0.4607,-0.3719,0.6888,0.0035,Rest
02:00:58,0.4489,-0.4038,0.6879,0.0043,Rest
02:01:00,0.4527,-0.3821,0.7448,0.0053,Rest
02:01:02,0.6348,-0.3877,0.6897,0.0041,Rest
02:01:04,0.4585,-0.3421,0.6248,0.0051,Rest
02:01:06,0.5984,-0.3401,0.666,0.0056,Rest
02:01:08,0.5302,-0.4064,0.7329,0.0054,Rest
02:01:10,0.4747,-0.387,0.7302,0.0051,Rest
02:01:12,0.4588,-0.3688,0.6796,0.0039,Rest
02:01:14,0.4224,-0.4671,0.7471,0.0038,Rest
02:01:16,0.5029,-0.3926,0.7228,0.0054,Rest
02:01:18,0.4824,-0.4527,0.633,0.0026,Rest
02:01:20,0.4688,-0.3774,0.6497,0.004,Rest
02:01:22,0.4344,-0.3625,0.6729,0.0054,Rest
02:01:24,0.455,-0.4386,0.6766,0.0061,Rest
02:01:26,0.4645,-0.2999,0.7056,0.0042,Rest
02:01:28,0.4951,-0.3678,0.6735,0.0047,Rest
02:01:30,0.4161,-0.476,0.6589,0.0035,Rest
02:01:32,0.5682,-0.4987,0.7043,0.0029,Rest
02:01:34,0.543,-0.4643,0.7298,0.0053,Rest
02:01:36,0.5436,-0.4147,0.7124,0.0053,Rest
02:01:38,0.3904,-0.363,0.6834,0.0044,Rest
02:01:40,0.4622,-0.365,0.7784,0.005,Rest
02:01:42,0.5433,-0.455,0.6566,0.0044,Rest
02:01:44,0.4591,-0.4006,0.7305,0.0061,Rest
02:01:46,0.4712,-0.4993,0.76,0.0052,Rest
02:01:48,0.4657,-0.3633,0.7205,0.0064,Rest
02:01:50,0.4801,-0.3607,0.7172,0.0044,Rest
02:01:52,0.4479,-0.4293,0.7016,0.0056,Rest
02:01:54,0.5036,-0.3856,0.7735,0.004,Rest
02:01:56,0.4298,-0.4236,0.6712,0.0072,Rest
02:01:58,0.5013,-0.4953,0.7224,0.0041,Rest
02:02:00,0.582,-0.3291,0.6963,0.0033,Rest
02:02:02,0.5191,-0.4597,0.8069,0.0045,Rest
02:02:04,0.4139,-0.4014,0.6202,0.0066,Rest
02:02:06,0.588,-0.4526,0.7289,0.0046,Rest
02:02:08,0.428,-0.3685,0.7271,0.0063,Rest
02:02:10,0.5199,-0.447,0.6292,0.0059,Rest
02:02:12,0.5034,-0.4591,0.6368,0.0032,Rest
02:02:14,0.5135,-0.3157,0.6654,0.004,Rest
02:02:16,0.456,-0.4938,0.6846,0.005,Rest
02:02:18,0.4874,-0.4442,0.6393,0.0037,Rest
02:02:20,0.5388,-0.4861,0.6483,0.0051,Rest
02:02:22,0.5561,-0.4164,0.6593,0.004,Rest
02:02:24,0.5561,-0.4511,0.7345,0.0062,Rest
02:02:26,0.5823,-0.3175,0.6812,0.0038,Rest
02:02:28,0.546,-0.3894,0.6868,0.0051,Rest
02:02:30,0.437,-0.3236,0.6487,0.0051,Rest
02:02:32,0.4886,-0.38,0.7189,0.0053,Rest
02:02:34,0.5331,-0.4222,0.6638,0.0038,Rest
02:02:36,0.493,-0.3587,0.6533,0.0039,Rest
02:02:38,0.4755,-0.4881,0.7148,0.0039,Rest
02:02:40,0.4883,-0.4096,0.6769,0.0049,Rest
02:02:42,0.4577,-0.3032,0.7326,0.0046,Rest
02:02:44,0.5675,-0.4014,0.76,0.0049,Rest
02:02:46,0.515,-0.364,0.6538,0.0053,Rest
02:02:48,0.4442,-0.4763,0.7398,0.006,Rest
02:02:50,0.5018,-0.3354,0.6828,0.0046,Rest
02:02:52,0.5468,-0.3752,0.7411,0.0064,Rest
02:02:54,0.5137,-0.4426,0.6642,0.0043,Rest
02:02:56,0.4934,-0.4328,0.7183,0.0049,Rest
02:02:58,0.5902,-0.3971,0.6785,0.0048,Rest
02:03:00,0.4787,-0.3775,0.6398,0.0044,Rest
02:03:02,0.5068,-0.3652,0.7197,0.0067,Rest
02:03:04,0.4049,-0.4246,0.724,0.0052,Rest
02:03:06,0.5199,-0.3333,0.6632,0.0062,Rest
02:03:08,0.4732,-0.385,0.7051,0.0055,Rest
02:03:10,0.4545,-0.3721,0.6636,0.0057,Rest
02:03:12,0.5168,-0.3792,0.6431,0.0049,Rest
02:03:14,0.4887,-0.3827,0.7314,0.006,Rest
02:03:16,0.5057,-0.4068,0.7488,0.0043,Rest
02:03:18,0.4546,-0.3794,0.7415,0.0058,Rest
02:03:20,0.4967,-0.4351,0.7256,0.0056,Rest
02:03:22,0.4548,-0.4804,0.7243,0.0028,Rest
02:03:24,0.5278,-0.3356,0.7882,0.0059,Rest
02:03:26,0.4728,-0.4237,0.649,0.0039,Rest
02:03:28,0.4034,-0.3794,0.7546,0.0035,Rest
02:03:30,0.5073,-0.4152,0.6931,0.0062,Rest
02:03:32,0.3926,-0.4676,0.7495,0.0059,Rest
02:03:34,0.5331,-0.4333,0.68,0.0052,Rest
02:03:36,0.5391,-0.3896,0.7019,0.0028,Rest
02:03:38,0.55,-0.4751,0.6739,0.0055,Rest
02:03:40,0.5549,-0.3825,0.7999,0.0055,Rest
02:03:42,0.4633,-0.4523,0.6997,0.0062,Rest
02:03:44,0.5545,-0.4589,0.7646,0.0055,Rest
02:03:46,0.5634,-0.3459,0.7416,0.0048,Rest
02:03:48,0.5798,-0.3543,0.6416,0.0064,Rest
02:03:50,0.3746,-0.4124,0.6682,0.0058,Rest
02:03:52,0.5344,-0.4299,0.6434,0.0055,Rest
02:03:54,0.5765,-0.4225,0.7195,0.0033,Rest
02:03:56,0.5227,-0.4657,0.6523,0.0062,Rest
02:03:58,0.5055,-0.3836,0.8522,0.0055,Rest
02:04:00,0.4609,-0.2384,0.7019,0.0041,Rest
02:04:02,0.4905,-0.402,0.6654,0.0064,Rest
02:04:04,0.4757,-0.466,0.7111,0.0053,Rest
02:04:06,0.5482,-0.3871,0.7681,0.0052,Rest
02:04:08,0.538,-0.4174,0.6654,0.0058,Rest
02:04:10,0.4979,-0.4599,0.7325,0.0071,Rest
02:04:12,0.4838,-0.3559,0.6517,0.0053,Rest
02:04:14,0.4611,-0.4443,0.7485,0.0074,Rest
02:04:16,0.4961,-0.3411,0.6865,0.0066,Rest
02:04:18,0.5227,-0.4743,0.6613,0.0052,Rest
02:04:20,0.5068,-0.4779,0.6001,0.0067,Rest
02:04:22,0.4819,-0.3217,0.6924,0.0062,Rest
02:04:24,0.5338,-0.4177,0.7811,0.0054,Rest
02:04:26,0.4536,-0.4404,0.7492,0.0049,Rest
02:04:28,0.4789,-0.3995,0.7001,0.0042,Rest
02:04:30,0.4581,-0.3442,0.76,0.0029,Rest
02:04:32,0.5152,-0.3698,0.6855,0.0034,Rest
02:04:34,0.5067,-0.4053,0.7657,0.006,Rest
02:04:36,0.4163,-0.4676,0.7237,0.0023,Rest
02:04:38,0.4684,-0.3891,0.7379,0.0043,Rest
02:04:40,0.5325,-0.4136,0.7487,0.005,Rest
02:04:42,0.4801,-0.389,0.7491,0.0039,Rest
02:04:44,0.5049,-0.4711,0.7671,0.005,Rest
02:04:46,0.4971,-0.3772,0.6008,0.0044,Rest
02:04:48,0.5308,-0.3582,0.6737,0.004,Rest
02:04:50,0.5399,-0.3911,0.7606,0.0044,Rest
02:04:52,0.4994,-0.4029,0.7258,0.003,Rest
02:04:54,0.4631,-0.4603,0.7242,0.0055,Rest
02:04:56,0.4734,-0.4116,0.703,0.006,Rest
02:04:58,0.472,-0.3687,0.7651,0.0053,Rest
02:05:00,0.45,-0.4616,0.6971,0.005,Rest
02:05:02,0.4848,-0.4457,0.6629,0.0053,Rest
02:05:04,0.5501,-0.395,0.6729,0.0061,Rest
02:05:06,0.4614,-0.532,0.661,0.0046,Rest
02:05:08,0.3959,-0.3712,0.707,0.0061,Rest
02:05:10,0.5649,-0.4122,0.7287,0.0055,Rest
02:05:12,0.4188,-0.3997,0.662,0.0033,Rest
02:05:14,0.5064,-0.5426,0.7079,0.0038,Rest
02:05:16,0.3853,-0.4194,0.6781,0.0052,Rest
02:05:18,0.5446,-0.4787,0.7011,0.0052,Rest
02:05:20,0.3894,-0.3387,0.6919,0.0046,Rest
02:05:22,0.4794,-0.3482,0.7223,0.0055,Rest
02:05:24,0.5674,-0.4648,0.636,0.0056,Rest
02:05:26,0.4954,-0.3717,0.7486,0.0033,Rest
02:05:28,0.566,-0.4251,0.8137,0.006,Rest
02:05:30,0.5984,-0.4312,0.6359,0.0067,Rest
02:05:32,0.6013,-0.316,0.6728,0.0048,Rest
02:05:34,0.5429,-0.3998,0.6957,0.0051,Rest
02:05:36,0.5374,-0.4235,0.7101,0.0049,Rest
02:05:38,0.5458,-0.4165,0.7201,0.0051,Rest
02:05:40,0.5239,-0.4716,0.695,0.0066,Rest
02:05:42,0.4761,-0.4217,0.6583,0.0063,Rest
02:05:44,0.5585,-0.3993,0.623,0.0045,Rest
02:05:46,0.5013,-0.436,0.6762,0.0042,Rest
02:05:48,0.6089,-0.3783,0.6914,0.0047,Rest
02:05:50,0.5289,-0.4585,0.649,0.0052,Rest
02:05:52,0.4664,-0.3724,0.7247,0.0044,Rest
02:05:54,0.4879,-0.4337,0.7049,0.0037,Rest
02:05:56,0.4911,-0.3397,0.7072,0.0038,Rest
02:05:58,0.4736,-0.3797,0.6521,0.0051,Rest
02:06:00,0.5035,-0.3359,0.6495,0.0055,Rest
02:06:02,0.4452,-0.3968,0.722,0.0048,Rest
02:06:04,0.5018,-0.4562,0.7167,0.0046,Rest
02:06:06,0.4251,-0.4725,0.7069,0.0041,Rest
02:06:08,0.4293,-0.4358,0.7202,0.005,Rest
02:06:10,0.5399,-0.3648,0.5973,0.0062,Rest
02:06:12,0.5121,-0.3959,0.6884,0.0043,Rest
02:06:14,0.4581,-0.3753,0.8052,0.0041,Rest
02:06:16,0.5077,-0.429,0.709,0.0051,Rest
02:06:18,0.5138,-0.3914,0.6892,0.0048,Rest
02:06:20,0.4843,-0.3866,0.6709,0.0051,Rest
02:06:22,0.4468,-0.3939,0.7883,0.0034,Rest
02:06:24,0.563,-0.4885,0.6599,0.0069,Rest
02:06:26,0.4751,-0.3667,0.7347,0.0059,Rest
02:06:28,0.5909,-0.4423,0.753,0.0058,Rest
02:06:30,0.4657,-0.3989,0.6961,0.0032,Rest
02:06:32,0.4761,-0.4624,0.7027,0.0032,Rest
02:06:34,0.4229,-0.3976,0.6239,0.0055,Rest
02:06:36,0.4644,-0.455,0.7266,0.0056,Rest
02:06:38,0.4447,-0.3589,0.657,0.0051,Rest
02:06:40,0.4846,-0.3707,0.7933,0.0054,Rest
02:06:42,0.5696,-0.3815,0.5918,0.0044,Rest
02:06:44,0.4704,-0.4416,0.7573,0.0058,Rest
02:06:46,0.4791,-0.3577,0.6574,0.0034,Rest
02:06:48,0.4811,-0.3082,0.6105,0.0049,Rest
02:06:50,0.4205,-0.3766,0.7101,0.0049,Rest
02:06:52,0.5562,-0.2951,0.6642,0.0046,Rest
02:06:54,0.4936,-0.4094,0.7673,0.0031,Rest
02:06:56,0.4091,-0.4466,0.7258,0.0047,Rest
02:06:58,0.4181,-0.433,0.7656,0.0068,Rest
02:07:00,0.4609,-0.3676,0.6983,0.0043,Rest
02:07:02,0.5676,-0.4115,0.6591,0.0053,Rest
02:07:04,0.5283,-0.3794,0.7502,0.0045,Rest
02:07:06,0.4557,-0.3405,0.7115,0.0037,Rest
02:07:08,0.5202,-0.4189,0.7168,0.0058,Rest
02:07:10,0.4695,-0.4471,0.6693,0.0045,Rest
02:07:12,0.476,-0.484,0.7254,0.0052,Rest
02:07:14,0.582,-0.3355,0.6832,0.0055,Rest
02:07:16,0.5071,-0.3929,0.6082,0.005,Rest
02:07:18,0.4513,-0.4875,0.6772,0.0042,Rest
02:07:20,0.5194,-0.4567,0.6769,0.0049,Rest
02:07:22,0.4505,-0.3722,0.6573,0.0053,Rest
02:07:24,0.5146,-0.4304,0.5941,0.0058,Rest
02:07:26,0.509,-0.4882,0.7232,0.0037,Rest
02:07:28,0.489,-0.4114,0.6569,0.0062,Rest
02:07:30,0.5188,-0.4248,0.7027,0.0058,Rest
02:07:32,0.5486,-0.4617,0.6695,0.0067,Rest
02:07:34,0.434,-0.387,0.7524,0.0035,Rest
02:07:36,0.564,-0.4217,0.6019,0.0058,Rest
02:07:38,0.5095,-0.44,0.6952,0.004,Rest
02:07:40,0.5401,-0.4058,0.6344,0.0061,Rest
02:07:42,0.4734,-0.4055,0.7657,0.0037,Rest
02:07:44,0.5076,-0.3889,0.7997,0.0033,Rest
02:07:46,0.4411,-0.3661,0.7012,0.0048,Rest
02:07:48,0.5197,-0.4602,0.7397,0.0067,Rest
02:07:50,0.4861,-0.3837,0.7128,0.007,Rest
02:07:52,0.5407,-0.4679,0.7475,0.0054,Rest
02:07:54,0.5343,-0.3256,0.7093,0.0058,Rest
02:07:56,0.5269,-0.3596,0.6577,0.0039,Rest
02:07:58,0.4387,-0.359,0.6695,0.0027,Rest
02:08:00,0.5877,-0.4153,0.6679,0.0058,Rest
02:08:02,0.4937,-0.4184,0.6492,0.0055,Rest
02:08:04,0.5394,-0.4056,0.6123,0.0043,Rest
02:08:06,0.5078,-0.4534,0.6822,0.0068,Rest
02:08:08,0.5346,-0.3518,0.6926,0.0049,Rest
02:08:10,0.5678,-0.3925,0.5814,0.0061,Rest
02:08:12,0.5215,-0.3743,0.6883,0.0069,Rest
02:08:14,0.5619,-0.3704,0.7179,0.0039,Rest
02:08:16,0.5323,-0.4306,0.7366,0.0054,Rest
02:08:18,0.5155,-0.4656,0.7796,0.0036,Rest
02:08:20,0.5477,-0.2981,0.7114,0.0047,Rest
02:08:22,0.4703,-0.3959,0.5887,0.0052,Rest
02:08:24,0.5646,-0.34,0.6984,0.0043,Rest
02:08:26,0.5062,-0.3309,0.765,0.0052,Rest
02:08:28,0.4759,-0.4049,0.6,0.0037,Rest
02:08:30,0.4937,-0.4069,0.6807,0.0054,Rest
02:08:32,0.5087,-0.367,0.6672,0.0054,Rest
02:08:34,0.4919,-0.4434,0.6414,0.005,Rest
02:08:36,0.5279,-0.3889,0.6798,0.0048,Rest
02:08:38,0.4252,-0.3714,0.6839,0.0068,Rest
02:08:40,0.4601,-0.4622,0.7483,0.0054,Rest
02:08:42,0.466,-0.4328,0.6404,0.0051,Rest
02:08:44,0.5658,-0.4032,0.6385,0.0039,Rest
02:08:46,0.5619,-0.3706,0.6802,0.0051,Rest
02:08:48,0.4187,-0.3948,0.7597,0.0056,Rest
02:08:50,0.4747,-0.3909,0.6624,0.0042,Rest
02:08:52,0.4387,-0.325,0.6897,0.0051,Rest
02:08:54,0.5192,-0.3939,0.672,0.0046,Rest
02:08:56,0.4648,-0.3019,0.7397,0.0042,Rest
02:08:58,0.4896,-0.3737,0.6599,0.0049,Rest
02:09:00,0.4855,-0.4039,0.6359,0.0054,Rest
02:09:02,0.5528,-0.3591,0.6323,0.0046,Rest
02:09:04,0.5574,-0.4324,0.7042,0.0055,Rest
02:09:06,0.4575,-0.5576,0.614,0.0071,Rest
02:09:08,0.5381,-0.3314,0.7638,0.0051,Rest
02:09:10,0.5235,-0.2858,0.6455,0.0052,Rest
02:09:12,0.5506,-0.2745,0.7099,0.0051,Rest
02:09:14,0.5388,-0.4031,0.7044,0.0049,Rest
02:09:16,0.4566,-0.3768,0.6654,0.0064,Rest
02:09:18,0.4839,-0.3213,0.6805,0.0039,Rest
02:09:20,0.4678,-0.4032,0.6714,0.0066,Rest
02:09:22,0.4305,-0.4405,0.666,0.0039,Rest
02:09:24,0.6189,-0.4371,0.6391,0.0065,Rest
02:09:26,0.557,-0.3428,0.7251,0.0048,Rest
02:09:28,0.3926,-0.397,0.6859,0.0049,Rest
02:09:30,0.5729,-0.3028,0.7443,0.0041,Rest
02:09:32,0.4208,-0.3868,0.7132,0.0041,Rest
02:09:34,0.5017,-0.3479,0.7228,0.0051,Rest
02:09:36,0.4854,-0.3873,0.7522,0.0046,Rest
02:09:38,0.5664,-0.3316,0.6811,0.0068,Rest
02:09:40,0.4633,-0.4395,0.6409,0.0044,Rest
02:09:42,0.5104,-0.3728,0.6453,0.0054,Rest
02:09:44,0.4979,-0.3658,0.7156,0.004,Rest
02:09:46,0.4486,-0.315,0.7011,0.005,Rest
02:09:48,0.5109,-0.3466,0.7592,0.0069,Rest
02:09:50,0.5564,-0.4174,0.7392,0.0042,Rest
02:09:52,0.4195,-0.3562,0.6182,0.0054,Rest
02:09:54,0.4299,-0.3514,0.6995,0.0052,Rest
02:09:56,0.4274,-0.4285,0.6745,0.0034,Rest
02:09:58,0.5208,-0.3156,0.7643,0.006,Rest
02:10:00,0.4544,-0.4997,0.682,0.0043,Rest
02:10:02,0.4965,-0.4061,0.6422,0.0029,Rest
02:10:04,0.3641,-0.3967,0.6646,0.0054,Rest
02:10:06,0.4937,-0.4327,0.674,0.0044,Rest
02:10:08,0.5202,-0.4179,0.6587,0.0058,Rest
02:10:10,0.546,-0.3959,0.7289,0.0047,Rest
02:10:12,0.5131,-0.4016,0.7193,0.0068,Rest
02:10:14,0.5511,-0.3407,0.7073,0.0063,Rest
02:10:16,0.4884,-0.4082,0.7089,0.0039,Rest
02:10:18,0.5341,-0.4212,0.7318,0.0046,Rest
02:10:20,0.4936,-0.3527,0.8374,0.0054,Rest
02:10:22,0.4461,-0.4519,0.6694,0.0057,Rest
02:10:24,0.544,-0.4358,0.6789,0.0039,Rest
02:10:26,0.4459,-0.4093,0.7274,0.0039,Rest
02:10:28,0.5184,-0.4604,0.7232,0.0045,Rest
02:10:30,0.511,-0.3692,0.6856,0.0062,Rest
02:10:32,0.5809,-0.3936,0.8132,0.0043,Rest
02:10:34,0.4365,-0.3371,0.6692,0.0051,Rest
02:10:36,0.4914,-0.401,0.6733,0.0055,Rest
02:10:38,0.5281,-0.4331,0.7288,0.006,Rest
02:10:40,0.5455,-0.4635,0.7105,0.0054,Rest
02:10:42,0.5275,-0.3467,0.6838,0.0047,Rest
02:10:44,0.4812,-0.4494,0.6797,0.0072,Rest
02:10:46,0.488,-0.382,0.6642,0.0034,Rest
02:10:48,0.5692,-0.3305,0.7489,0.0037,Rest
02:10:50,0.5619,-0.3913,0.6798,0.0031,Rest
02:10:52,0.5503,-0.4207,0.725,0.0057,Rest
02:10:54,0.4681,-0.3608,0.6982,0.0046,Rest
02:10:56,0.518,-0.4555,0.713,0.0054,Rest
02:10:58,0.4092,-0.434,0.773,0.0051,Rest
02:11:00,0.4843,-0.3214,0.7069,0.0053,Rest
02:11:02,0.4665,-0.4223,0.7586,0.0046,Rest
02:11:04,0.4677,-0.3624,0.7429,0.0062,Rest
02:11:06,0.4367,-0.3665,0.7237,0.003,Rest
02:11:08,0.4793,-0.3932,0.7562,0.0041,Rest
02:11:10,0.4639,-0.3428,0.8053,0.0057,Rest
02:11:12,0.4266,-0.3354,0.7492,0.005,Rest
02:11:14,0.5205,-0.4224,0.6761,0.0043,Rest
02:11:16,0.4212,-0.4233,0.6395,0.0054,Rest
02:11:18,0.4731,-0.4624,0.7343,0.0059,Rest
02:11:20,0.551,-0.355,0.7597,0.0048,Rest
02:11:22,0.477,-0.3431,0.603,0.0041,Rest
02:11:24,0.4987,-0.3023,0.6769,0.0053,Rest
02:11:26,0.5709,-0.2815,0.7614,0.0043,Rest
02:11:28,0.5225,-0.4296,0.6811,0.0049,Rest
02:11:30,0.5805,-0.3296,0.7399,0.0052,Rest
02:11:32,0.5326,-0.4518,0.6604,0.0049,Rest
02:11:34,0.5174,-0.3012,0.6739,0.0059,Rest
02:11:36,0.5657,-0.2972,0.7842,0.0055,Rest
02:11:38,0.4378,-0.4782,0.6795,0.0061,Rest
02:11:40,0.4795,-0.386,0.651,0.0038,Rest
02:11:42,0.5361,-0.3696,0.7532,0.0036,Rest
02:11:44,0.4763,-0.3349,0.6227,0.006,Rest
02:11:46,0.4322,-0.3964,0.6825,0.0039,Rest
02:11:48,0.4633,-0.4326,0.7156,0.0047,Rest
02:11:50,0.5312,-0.4037,0.7114,0.0035,Rest
02:11:52,0.4549,-0.406,0.7235,0.0039,Rest
02:11:54,0.5461,-0.3578,0.6972,0.0057,Rest
02:11:56,0.5402,-0.4261,0.5946,0.0063,Rest
02:11:58,0.4331,-0.373,0.6867,0.0045,Rest
02:12:00,0.5234,-0.3889,0.6875,0.0049,Rest
02:12:02,0.4547,-0.3787,0.6807,0.0051,Rest
02:12:04,0.4602,-0.3836,0.6107,0.0062,Rest
02:12:06,0.4869,-0.3428,0.6152,0.0053,Rest
02:12:08,0.524,-0.3573,0.6096,0.0053,Rest
02:12:10,0.5762,-0.3821,0.6493,0.0044,Rest
02:12:12,0.5019,-0.4049,0.6699,0.0054,Rest
02:12:14,0.4656,-0.4145,0.6954,0.0057,Rest
02:12:16,0.4474,-0.35,0.6573,0.0054,Rest
02:12:18,0.507,-0.4485,0.605,0.004,Rest
02:12:20,0.473,-0.3743,0.6385,0.0036,Rest
02:12:22,0.5093,-0.3554,0.7189,0.0033,Rest
02:12:24,0.4746,-0.4601,0.649,0.0051,Rest
02:12:26,0.4891,-0.3645,0.7626,0.0083,Rest
02:12:28,0.5044,-0.3477,0.6993,0.0055,Rest
02:12:30,0.5584,-0.4346,0.6849,0.0051,Rest
02:12:32,0.4856,-0.3629,0.731,0.0046,Rest
02:12:34,0.4125,-0.3152,0.8625,0.0048,Rest
02:12:36,0.4223,-0.4612,0.7992,0.0024,Rest
02:12:38,0.4851,-0.3768,0.6354,0.0059,Rest
02:12:40,0.5423,-0.4479,0.7222,0.0036,Rest
02:12:42,0.4362,-0.4321,0.7223,0.0053,Rest
02:12:44,0.5722,-0.3992,0.7661,0.0048,Rest
02:12:46,0.4962,-0.3833,0.6338,0.0052,Rest
02:12:48,0.5495,-0.427,0.6789,0.0043,Rest
02:12:50,0.4178,-0.3759,0.6542,0.0051,Rest
02:12:52,0.5854,-0.3884,0.6712,0.0064,Rest
02:12:54,0.5809,-0.4394,0.7453,0.0051,Rest
02:12:56,0.4073,-0.3332,0.7257,0.0064,Rest
02:12:58,0.5303,-0.4386,0.7475,0.0072,Rest
02:13:00,0.5214,-0.3456,0.7331,0.0099,Rest
02:13:02,0.5637,-0.4519,0.6387,0.0086,Rest
02:13:04,0.4787,-0.3324,0.7058,0.0069,Rest
02:13:06,0.4325,-0.3857,0.6283,0.0075,Rest
02:13:08,0.5591,-0.4596,0.709,0.0088,Rest
02:13:10,0.5696,-0.4222,0.6773,0.0094,Rest
02:13:12,0.4019,-0.3243,0.6199,0.0061,Rest
02:13:14,0.4612,-0.369,0.7358,0.0072,Rest
02:13:16,0.4447,-0.4165,0.6898,0.0064,Rest
02:13:18,0.5072,-0.4048,0.7941,0.0097,Rest
02:13:20,0.4971,-0.4932,0.7828,0.0086,Rest
02:13:22,0.5074,-0.4032,0.7428,0.0085,Rest
02:13:24,0.5266,-0.3308,0.5837,0.0078,Rest
02:13:26,0.5858,-0.3357,0.7066,0.0084,Rest
02:13:28,0.4233,-0.3372,0.6589,0.0071,Rest
02:13:30,0.493,-0.4362,0.6353,0.0076,Rest
02:13:32,0.5016,-0.456,0.74,0.0074,Rest
02:13:34,0.5241,-0.3668,0.6595,0.0081,Rest
02:13:36,0.4192,-0.3795,0.778,0.0085,Rest
02:13:38,0.5087,-0.4863,0.6663,0.006,Rest
02:13:40,0.4821,-0.4079,0.6468,0.0078,Rest
02:13:42,0.5807,-0.3506,0.6213,0.006,Rest
02:13:44,0.4626,-0.4253,0.726,0.0095,Rest
02:13:46,0.414,-0.3125,0.6825,0.008,Rest
02:13:48,0.6057,-0.4081,0.6756,0.0063,Rest
02:13:50,0.5382,-0.4016,0.6904,0.0083,Rest
02:13:52,0.4733,-0.3667,0.6039,0.0084,Rest
02:13:54,0.4834,-0.3905,0.69,0.0073,Rest
02:13:56,0.4823,-0.4039,0.6877,0.0087,Rest
02:13:58,0.4334,-0.4133,0.7498,0.0079,Rest
02:14:00,0.4135,-0.5125,0.7126,0.0075,Rest
02:14:02,0.4981,-0.414,0.6284,0.0071,Rest
02:14:04,0.4369,-0.4226,0.6798,0.0089,Rest
02:14:06,0.485,-0.3467,0.7264,0.0069,Rest
02:14:08,0.4888,-0.317,0.6473,0.0087,Rest
02:14:10,0.5329,-0.4197,0.7003,0.008,Rest
02:14:12,0.5053,-0.4683,0.6467,0.0089,Rest
02:14:14,0.4474,-0.3062,0.6549,0.0075,Rest
02:14:16,0.5666,-0.5419,0.7362,0.0079,Rest
02:14:18,0.5575,-0.4781,0.7109,0.0069,Rest
02:14:20,0.5483,-0.3758,0.7418,0.008,Rest
02:14:22,0.4291,-0.3903,0.6758,0.0073,Rest
02:14:24,0.5425,-0.3878,0.7775,0.0089,Rest
02:14:26,0.5362,-0.3083,0.7629,0.007,Rest
02:14:28,0.5512,-0.3796,0.7061,0.0077,Rest
02:14:30,0.4725,-0.3363,0.73,0.0088,Rest
02:14:32,0.525,-0.3954,0.6891,0.0088,Rest
02:14:34,0.5251,-0.448,0.7997,0.0079,Rest
02:14:36,0.4503,-0.44,0.6733,0.0079,Rest
02:14:38,0.5255,-0.4715,0.6465,0.0065,Rest
02:14:40,0.5672,-0.3991,0.6937,0.0056,Rest
02:14:42,0.5636,-0.3474,0.6821,0.0069,Rest
02:14:44,0.6064,-0.4454,0.6911,0.0074,Rest
02:14:46,0.5345,-0.4417,0.6955,0.0058,Rest
02:14:48,0.4456,-0.4155,0.6161,0.0085,Rest
02:14:50,0.4851,-0.3264,0.6597,0.0093,Rest
02:14:52,0.5999,-0.3403,0.6956,0.0078,Rest
02:14:54,0.5915,-0.4052,0.6632,0.0078,Rest
02:14:56,0.5389,-0.4274,0.626,0.0079,Rest
02:14:58,0.5085,-0.428,0.6978,0.0079,Rest
02:15:00,0.5269,-0.4333,0.741,0.008,Rest
02:15:02,0.5132,-0.3136,0.7472,0.0068,Rest
02:15:04,0.5629,-0.3913,0.6192,0.0071,Rest
02:15:06,0.4903,-0.3463,0.6789,0.0097,Rest
02:15:08,0.493,-0.4366,0.7439,0.0084,Rest
02:15:10,0.5282,-0.3203,0.6792,0.0084,Rest
02:15:12,0.5588,-0.4555,0.7237,0.0074,Rest
02:15:14,0.4544,-0.3322,0.6389,0.0082,Rest
02:15:16,0.5098,-0.3654,0.6659,0.0098,Rest
02:15:18,0.4917,-0.4181,0.7578,0.0073,Rest
02:15:20,0.5235,-0.4386,0.7352,0.0091,Rest
02:15:22,0.4487,-0.4692,0.7575,0.007,Rest
02:15:24,0.5552,-0.4082,0.7611,0.0046,Rest
02:15:26,0.501,-0.4435,0.7395,0.0084,Rest
02:15:28,0.5076,-0.4477,0.7576,0.0087,Rest
02:15:30,0.5687,-0.326,0.7297,0.0072,Rest
02:15:32,0.5056,-0.3902,0.7587,0.0063,Rest
02:15:34,0.4939,-0.3345,0.6758,0.008,Rest
02:15:36,0.5427,-0.3921,0.6938,0.0062,Rest
02:15:38,0.5693,-0.3626,0.6799,0.0077,Rest
02:15:40,0.4708,-0.4476,0.7617,0.0076,Rest
02:15:42,0.5699,-0.4004,0.7109,0.0077,Rest
02:15:44,0.4635,-0.3856,0.747,0.0089,Rest
02:15:46,0.4204,-0.4275,0.6653,0.0082,Rest
02:15:48,0.5695,-0.4162,0.6819,0.008,Rest
02:15:50,0.5102,-0.3565,0.6457,0.0082,Rest
02:15:52,0.5238,-0.3782,0.6003,0.0079,Rest
02:15:54,0.5829,-0.4498,0.6638,0.0086,Rest
02:15:56,0.4373,-0.3248,0.6605,0.0069,Rest
02:15:58,0.659,-0.4119,0.6614,0.0088,Rest
02:16:00,0.4782,-0.33,0.7394,0.008,Rest
02:16:02,0.3267,-0.4457,0.6971,0.0075,Rest
02:16:04,0.4945,-0.3697,0.6757,0.0073,Rest
02:16:06,0.4939,-0.4622,0.7133,0.0076,Rest
02:16:08,0.4719,-0.516,0.6923,0.008,Rest
02:16:10,0.436,-0.3958,0.7315,0.0094,Rest
02:16:12,0.4587,-0.4344,0.7249,0.0087,Rest
02:16:14,0.5167,-0.4161,0.6911,0.0095,Rest
02:16:16,0.5376,-0.2991,0.6968,0.0084,Rest
02:16:18,0.4522,-0.3406,0.6284,0.0091,Rest
02:16:20,0.4718,-0.4141,0.7026,0.0087,Rest
02:16:22,0.4338,-0.3922,0.7095,0.0078,Rest
02:16:24,0.476,-0.395,0.7555,0.0085,Rest
02:16:26,0.519,-0.3645,0.7793,0.009,Rest
02:16:28,0.4897,-0.2858,0.6731,0.0069,Rest
02:16:30,0.4742,-0.3604,0.6567,0.0057,Rest
02:16:32,0.4381,-0.4424,0.6735,0.0083,Rest
02:16:34,0.5503,-0.4343,0.6669,0.0076,Rest
02:16:36,0.4678,-0.398,0.6646,0.0069,Rest
02:16:38,0.5228,-0.466,0.6704,0.0093,Rest
02:16:40,0.5787,-0.4509,0.7851,0.0085,Rest
02:16:42,0.4941,-0.3913,0.7066,0.0085,Rest
02:16:44,0.6268,-0.4316,0.6229,0.0083,Rest
02:16:46,0.5081,-0.3586,0.7312,0.0085,Rest
02:16:48,0.4458,-0.39,0.7507,0.0083,Rest
02:16:50,0.4392,-0.4327,0.7762,0.0065,Rest
02:16:52,0.525,-0.3827,0.7086,0.0077,Rest
02:16:54,0.6655,-0.3345,0.6312,0.0074,Rest
02:16:56,0.489,-0.4623,0.7398,0.0069,Rest
02:16:58,0.4604,-0.383,0.666,0.0079,Rest
02:17:00,0.508,-0.3553,0.6704,0.0097,Rest
02:17:02,0.5312,-0.3532,0.7694,0.0071,Rest
02:17:04,0.464,-0.3925,0.6069,0.0072,Rest
02:17:06,0.6202,-0.457,0.6516,0.0089,Rest
02:17:08,0.453,-0.4204,0.6368,0.01,Rest
02:17:10,0.5523,-0.3879,0.7182,0.0082,Rest
02:17:12,0.5159,-0.406,0.7217,0.0076,Rest
02:17:14,0.578,-0.4249,0.7067,0.0067,Rest
02:17:16,0.4633,-0.396,0.6525,0.0071,Rest
02:17:18,0.5344,-0.3802,0.6649,0.0085,Rest
02:17:20,0.5131,-0.3687,0.7754,0.0085,Rest
02:17:22,0.4453,-0.3942,0.678,0.0095,Rest
02:17:24,0.5803,-0.457,0.7774,0.0085,Rest
02:17:26,0.5031,-0.439,0.6968,0.005,Rest
02:17:28,0.5659,-0.5244,0.6759,0.0101,Rest
02:17:30,0.4855,-0.3669,0.6947,0.0078,Rest
02:17:32,0.5477,-0.4874,0.7044,0.0071,Rest
02:17:34,0.4897,-0.5024,0.6907,0.0071,Rest
02:17:36,0.5011,-0.3831,0.6884,0.0078,Rest
02:17:38,0.5116,-0.4493,0.716,0.0092,Rest
02:17:40,0.4444,-0.3674,0.766,0.0095,Rest
02:17:42,0.5664,-0.4698,0.819,0.0075,Rest
02:17:44,0.5222,-0.3784,0.711,0.0085,Rest
02:17:46,0.4404,-0.4027,0.7168,0.0068,Rest
02:17:48,0.5764,-0.4376,0.708,0.0075,Rest
02:17:50,0.487,-0.431,0.7329,0.0083,Rest
02:17:52,0.5043,-0.3307,0.6967,0.0072,Rest
02:17:54,0.5483,-0.4378,0.7012,0.0057,Rest
02:17:56,0.4938,-0.5538,0.7473,0.0082,Rest
02:17:58,0.4951,-0.4188,0.6669,0.0071,Rest
02:18:00,0.5013,-0.4903,0.7389,0.0075,Rest
02:18:02,0.4019,-0.3847,0.6201,0.0088,Rest
02:18:04,0.6308,-0.3826,0.7551,0.0088,Rest
02:18:06,0.5282,-0.3724,0.7233,0.0084,Rest
02:18:08,0.5261,-0.4232,0.6629,0.0071,Rest
02:18:10,0.4212,-0.483,0.6335,0.0083,Rest
02:18:12,0.4915,-0.3334,0.7258,0.0081,Rest
02:18:14,0.4884,-0.3791,0.7341,0.0096,Rest
02:18:16,0.5715,-0.3713,0.6131,0.0089,Rest
02:18:18,0.4113,-0.3805,0.7118,0.008,Rest
02:18:20,0.5754,-0.3853,0.6045,0.0073,Rest
02:18:22,0.5176,-0.3866,0.6701,0.0089,Rest
02:18:24,0.4611,-0.3647,0.7276,0.0085,Rest
02:18:26,0.447,-0.4974,0.7029,0.0078,Rest
02:18:28,0.4495,-0.3886,0.6926,0.01,Rest
02:18:30,0.5008,-0.4128,0.6819,0.0091,Rest
02:18:32,0.5752,-0.4027,0.684,0.0093,Rest
02:18:34,0.5088,-0.4034,0.6608,0.0071,Rest
02:18:36,0.4335,-0.5253,0.71,0.0079,Rest
02:18:38,0.458,-0.5125,0.6638,0.0059,Rest
02:18:40,0.515,-0.3889,0.7174,0.0076,Rest
02:18:42,0.4807,-0.4743,0.6823,0.0067,Rest
02:18:44,0.5611,-0.3835,0.6975,0.0079,Rest
02:18:46,0.5962,-0.4108,0.6712,0.0101,Rest
02:18:48,0.5043,-0.3419,0.7521,0.008,Rest
02:18:50,0.4832,-0.4687,0.6071,0.0067,Rest
02:18:52,0.4681,-0.3974,0.6366,0.0085,Rest
02:18:54,0.5532,-0.4062,0.642,0.0072,Rest
02:18:56,0.5696,-0.3873,0.7943,0.0083,Rest
02:18:58,0.5397,-0.3884,0.6376,0.0098,Rest
02:19:00,0.4972,-0.4214,0.6122,0.0086,Rest
02:19:02,0.4333,-0.4171,0.6471,0.0073,Rest
02:19:04,0.5133,-0.3527,0.6737,0.0072,Rest
02:19:06,0.5184,-0.3272,0.8479,0.0082,Rest
02:19:08,0.5046,-0.3586,0.7174,0.0079,Rest
02:19:10,0.4959,-0.3708,0.7461,0.0104,Rest
02:19:12,0.4764,-0.4209,0.7216,0.0067,Rest
02:19:14,0.5104,-0.3345,0.7002,0.0107,Rest
02:19:16,0.4103,-0.4206,0.7013,0.0076,Rest
02:19:18,0.5122,-0.3981,0.7216,0.0067,Rest
02:19:20,0.4911,-0.4288,0.7095,0.007,Rest
02:19:22,0.4345,-0.4626,0.6852,0.0071,Rest
02:19:24,0.4793,-0.4706,0.6921,0.0084,Rest
02:19:26,0.462,-0.3728,0.7079,0.0096,Rest
02:19:28,0.4849,-0.4454,0.6197,0.008,Rest
02:19:30,0.5232,-0.3836,0.6836,0.0094,Rest
02:19:32,0.5315,-0.3389,0.6993,0.0063,Rest
02:19:34,0.5158,-0.418,0.6887,0.0054,Rest
02:19:36,0.4523,-0.4313,0.7834,0.0095,Rest
02:19:38,0.4457,-0.5176,0.7598,0.0066,Rest
02:19:40,0.4721,-0.3125,0.7105,0.008,Rest
02:19:42,0.4331,-0.4127,0.657,0.0081,Rest
02:19:44,0.5378,-0.3831,0.7528,0.0074,Rest
02:19:46,0.5191,-0.4552,0.7519,0.008,Rest
02:19:48,0.4744,-0.3601,0.7204,0.0049,Rest
02:19:50,0.619,-0.3524,0.6857,0.0087,Rest
02:19:52,0.4647,-0.3897,0.6506,0.0073,Rest
02:19:54,0.5685,-0.4125,0.7183,0.0093,Rest
02:19:56,0.547,-0.2906,0.7176,0.0081,Rest
02:19:58,0.5439,-0.4074,0.7436,0.0092,Rest
02:20:00,0.5532,-0.4087,0.6569,0.0082,Rest
02:20:02,0.47,-0.3711,0.6546,0.008,Rest
02:20:04,0.5244,-0.3965,0.7181,0.0059,Rest
02:20:06,0.4698,-0.3661,0.6943,0.009,Rest
02:20:08,0.4712,-0.3433,0.6368,0.0097,Rest
02:20:10,0.529,-0.4254,0.6746,0.0069,Rest
02:20:12,0.4564,-0.4343,0.6532,0.0089,Rest
02:20:14,0.473,-0.3146,0.6574,0.0068,Rest
02:20:16,0.4684,-0.224,0.665,0.0089,Rest
02:20:18,0.4326,-0.4369,0.6906,0.0067,Rest
02:20:20,0.4326,-0.3242,0.6917,0.007,Rest
02:20:22,0.5558,-0.4819,0.6201,0.0066,Rest
02:20:24,0.4955,-0.4606,0.6526,0.0106,Rest
02:20:26,0.5709,-0.4857,0.7182,0.0069,Rest
02:20:28,0.4776,-0.3739,0.6933,0.011,Rest
02:20:30,0.4809,-0.3184,0.7231,0.0073,Rest
02:20:32,0.4786,-0.4122,0.702,0.0091,Rest
02:20:34,0.462,-0.4131,0.6623,0.0088,Rest
02:20:36,0.5142,-0.3053,0.6754,0.0088,Rest
02:20:38,0.5823,-0.3447,0.6632,0.0077,Rest
02:20:40,0.5751,-0.4638,0.6451,0.0074,Rest
02:20:42,0.3825,-0.4691,0.7236,0.0076,Rest
02:20:44,0.4923,-0.4342,0.7194,0.0081,Rest
02:20:46,0.4689,-0.4746,0.7638,0.0099,Rest
02:20:48,0.5025,-0.3777,0.6599,0.0079,Rest
02:20:50,0.4448,-0.4836,0.68,0.0076,Rest
02:20:52,0.4978,-0.457,0.7262,0.0078,Rest
02:20:54,0.4536,-0.4277,0.7579,0.0074,Rest
02:20:56,0.4648,-0.4253,0.7493,0.0071,Rest
02:20:58,0.484,-0.4056,0.7307,0.0071,Rest
02:21:00,0.4883,-0.4486,0.6799,0.0093,Rest
02:21:02,0.4647,-0.3784,0.6817,0.0062,Rest
02:21:04,0.5152,-0.3672,0.6262,0.0053,Rest
02:21:06,0.5153,-0.4965,0.7148,0.0088,Rest
02:21:08,0.4663,-0.4106,0.768,0.009,Rest
02:21:10,0.5378,-0.3808,0.7697,0.0097,Rest
02:21:12,0.4359,-0.3774,0.6404,0.008,Rest
02:21:14,0.4982,-0.3019,0.7257,0.0092,Rest
02:21:16,0.5443,-0.4557,0.6761,0.0076,Rest
02:21:18,0.5069,-0.4294,0.6708,0.008,Rest
02:21:20,0.4641,-0.3662,0.7746,0.0079,Rest
02:21:22,0.5762,-0.4661,0.6666,0.0093,Rest
02:21:24,0.4268,-0.3199,0.6895,0.0082,Rest
02:21:26,0.5109,-0.4026,0.8152,0.0084,Rest
02:21:28,0.4877,-0.3726,0.7585,0.0079,Rest
02:21:30,0.3701,-0.439,0.7429,0.0094,Rest
02:21:32,0.4866,-0.5035,0.6409,0.0085,Rest
02:21:34,0.5158,-0.3299,0.6441,0.0072,Rest
02:21:36,0.4415,-0.4195,0.7132,0.0073,Rest
02:21:38,0.4705,-0.3943,0.6517,0.0078,Rest
02:21:40,0.4819,-0.5167,0.651,0.007,Rest
02:21:42,0.49,-0.4389,0.7332,0.0073,Rest
02:21:44,0.4615,-0.4384,0.7606,0.0079,Rest
02:21:46,0.4924,-0.3915,0.6917,0.0078,Rest
02:21:48,0.6693,-0.3622,0.6716,0.0077,Rest
02:21:50,0.5196,-0.3587,0.6551,0.0068,Rest
02:21:52,0.4398,-0.4586,0.6606,0.0094,Rest
02:21:54,0.5378,-0.3584,0.7274,0.0085,Rest
02:21:56,0.5177,-0.4022,0.7217,0.0083,Rest
02:21:58,0.4395,-0.3168,0.6956,0.0085,Rest
02:22:00,0.5379,-0.3947,0.6703,0.0063,Rest
02:22:02,0.5558,-0.3864,0.7314,0.0084,Rest
02:22:04,0.5136,-0.3248,0.6945,0.0084,Rest
02:22:06,0.519,-0.3678,0.7097,0.0077,Rest
02:22:08,0.4461,-0.3589,0.7654,0.0069,Rest
02:22:10,0.6417,-0.3908,0.6186,0.0067,Rest
02:22:12,0.5209,-0.3881,0.7402,0.0073,Rest
02:22:14,0.5235,-0.419,0.702,0.0073,Rest
02:22:16,0.5318,-0.3127,0.7292,0.0091,Rest
02:22:18,0.4834,-0.3901,0.7031,0.007,Rest
02:22:20,0.4752,-0.3303,0.6971,0.0081,Rest
02:22:22,0.4901,-0.4232,0.6755,0.007,Rest
02:22:24,0.4699,-0.4214,0.7643,0.0074,Rest
02:22:26,0.4087,-0.5201,0.6994,0.0086,Rest
02:22:28,0.5161,-0.3317,0.7155,0.009,Rest
02:22:30,0.441,-0.3969,0.7393,0.0081,Rest
02:22:32,0.5031,-0.3665,0.7312,0.0092,Rest
02:22:34,0.4744,-0.3911,0.6292,0.0082,Rest
02:22:36,0.4653,-0.4795,0.7237,0.0073,Rest
02:22:38,0.5161,-0.3777,0.6006,0.0075,Rest
02:22:40,0.4764,-0.4681,0.6998,0.0085,Rest
02:22:42,0.4785,-0.3605,0.7417,0.0075,Rest
02:22:44,0.5073,-0.4228,0.6704,0.0061,Rest
02:22:46,0.5208,-0.4222,0.7196,0.0068,Rest
02:22:48,0.5077,-0.4581,0.7289,0.0085,Rest
02:22:50,0.4593,-0.4633,0.7059,0.0075,Rest
02:22:52,0.4867,-0.4219,0.7571,0.0085,Rest
02:22:54,0.4893,-0.3816,0.651,0.0074,Rest
02:22:56,0.4738,-0.3884,0.6929,0.0077,Rest
02:22:58,0.5081,-0.4132,0.858,0.0086,Rest
02:23:00,0.5096,-0.4149,0.6708,0.0069,Rest
02:23:02,0.5202,-0.4193,0.6934,0.0085,Rest
02:23:04,0.5776,-0.4326,0.7238,0.0106,Rest
02:23:06,0.4954,-0.4244,0.7006,0.008,Rest
02:23:08,0.4954,-0.3936,0.6857,0.0093,Rest
02:23:10,0.4795,-0.3258,0.7295,0.0067,Rest
02:23:12,0.5306,-0.4454,0.6822,0.0072,Rest
02:23:14,0.5751,-0.3966,0.6979,0.0081,Rest
02:23:16,0.4795,-0.4238,0.7523,0.0079,Rest
02:23:18,0.4292,-0.4482,0.7205,0.0087,Rest
02:23:20,0.5305,-0.4481,0.7275,0.0069,Rest
02:23:22,0.4325,-0.3893,0.6737,0.0086,Rest
02:23:24,0.4919,-0.3984,0.7037,0.0086,Rest
02:23:26,0.5184,-0.4628,0.6334,0.0088,Rest
02:23:28,0.4657,-0.3729,0.7462,0.0096,Rest
02:23:30,0.5595,-0.3796,0.6482,0.0082,Rest
02:23:32,0.4535,-0.3627,0.6604,0.0097,Rest
02:23:34,0.5483,-0.3928,0.7869,0.009,Rest
02:23:36,0.5001,-0.376,0.7778,0.0067,Rest
02:23:38,0.5393,-0.3582,0.641,0.0067,Rest
02:23:40,0.5395,-0.3569,0.754,0.0067,Rest
02:23:42,0.4883,-0.3993,0.7252,0.0077,Rest
02:23:44,0.4117,-0.4357,0.6995,0.0094,Rest
02:23:46,0.5215,-0.3436,0.8015,0.0062,Rest
02:23:48,0.457,-0.3875,0.7021,0.0074,Rest
02:23:50,0.501,-0.5267,0.634,0.0056,Rest
02:23:52,0.4797,-0.385,0.7114,0.0067,Rest
02:23:54,0.5117,-0.3933,0.719,0.0067,Rest
02:23:56,0.5596,-0.3169,0.6043,0.0086,Rest
02:23:58,0.4842,-0.4533,0.6263,0.008,Rest
02:24:00,0.41,-0.423,0.6317,0.0062,Rest
02:24:02,0.4644,-0.5077,0.6949,0.0091,Rest
02:24:04,0.4726,-0.3681,0.6329,0.0071,Rest
02:24:06,0.4356,-0.4493,0.753,0.0091,Rest
02:24:08,0.5135,-0.3639,0.7408,0.0074,Rest
02:24:10,0.5394,-0.3857,0.7477,0.0071,Rest
02:24:12,0.5361,-0.3309,0.6622,0.0081,Rest
02:24:14,0.5152,-0.2983,0.7496,0.0092,Rest
02:24:16,0.4398,-0.3876,0.7222,0.0101,Rest
02:24:18,0.4741,-0.4217,0.6534,0.0073,Rest
02:24:20,0.4839,-0.4569,0.737,0.0096,Rest
02:24:22,0.4545,-0.4075,0.6317,0.0071,Rest
02:24:24,0.4882,-0.3638,0.7284,0.0092,Rest
02:24:26,0.5125,-0.3553,0.6695,0.0075,Rest
02:24:28,0.5178,-0.4121,0.6418,0.0079,Rest
02:24:30,0.5096,-0.4312,0.7087,0.0071,Rest
02:24:32,0.4717,-0.4028,0.7057,0.0072,Rest
02:24:34,0.4415,-0.3447,0.7068,0.0077,Rest
02:24:36,0.402,-0.4055,0.6571,0.0079,Rest
02:24:38,0.5402,-0.364,0.7261,0.0082,Rest
02:24:40,0.4849,-0.4426,0.6977,0.0091,Rest
02:24:42,0.4924,-0.4315,0.7068,0.0095,Rest
02:24:44,0.5364,-0.408,0.7568,0.0092,Rest
02:24:46,0.5279,-0.3595,0.6662,0.0088,Rest
02:24:48,0.5125,-0.3779,0.7047,0.0093,Rest
02:24:50,0.371,-0.4092,0.7196,0.0075,Rest
02:24:52,0.5428,-0.3147,0.7531,0.0092,Rest
02:24:54,0.4724,-0.4343,0.6961,0.0076,Rest
02:24:56,0.4028,-0.3819,0.6107,0.0084,Rest
02:24:58,0.5402,-0.454,0.7333,0.0096,Rest
02:25:00,0.4154,-0.4027,0.6763,0.0063,Rest
02:25:02,0.5453,-0.4571,0.5469,0.0074,Rest
02:25:04,0.4888,-0.3913,0.6424,0.0078,Rest
02:25:06,0.5125,-0.3858,0.6445,0.0082,Rest
02:25:08,0.544,-0.3645,0.6803,0.0071,Rest
02:25:10,0.5083,-0.4288,0.6451,0.0101,Rest
02:25:12,0.5057,-0.3889,0.7076,0.0069,Rest
02:25:14,0.4627,-0.44,0.7508,0.008,Rest
02:25:16,0.4729,-0.4283,0.674,0.0086,Rest
02:25:18,0.502,-0.4395,0.7137,0.0085,Rest
02:25:20,0.5673,-0.413,0.7166,0.0097,Rest
02:25:22,0.4953,-0.4163,0.6292,0.0094,Rest
02:25:24,0.5281,-0.4516,0.657,0.0065,Rest
02:25:26,0.5341,-0.3136,0.7204,0.0084,Rest
02:25:28,0.5148,-0.3863,0.7539,0.0081,Rest
02:25:30,0.425,-0.3204,0.7807,0.0079,Rest
02:25:32,0.5396,-0.3486,0.6191,0.0076,Rest
02:25:34,0.4759,-0.3234,0.7156,0.0066,Rest
02:25:36,0.5656,-0.2819,0.6623,0.0074,Rest
02:25:38,0.4116,-0.3487,0.5691,0.0086,Rest
02:25:40,0.592,-0.4481,0.7118,0.0077,Rest
02:25:42,0.5287,-0.4835,0.6511,0.0083,Rest
02:25:44,0.5384,-0.4643,0.7041,0.0079,Rest
02:25:46,0.3775,-0.3059,0.781,0.0093,Rest
02:25:48,0.5306,-0.3503,0.6071,0.0092,Rest
02:25:50,0.5114,-0.348,0.635,0.0072,Rest
02:25:52,0.4684,-0.3634,0.7376,0.0076,Rest
02:25:54,0.5201,-0.3373,0.6702,0.0082,Rest
02:25:56,0.4047,-0.435,0.6821,0.0101,Rest
02:25:58,0.4719,-0.3948,0.7544,0.009,Rest
02:26:00,0.4812,-0.4503,0.7489,0.0074,Rest
02:26:02,0.5135,-0.4102,0.7312,0.0094,Rest
02:26:04,0.5583,-0.3945,0.6562,0.0055,Rest
02:26:06,0.4521,-0.3709,0.7185,0.0087,Rest
02:26:08,0.4523,-0.3825,0.6712,0.0082,Rest
02:26:10,0.5257,-0.4143,0.6877,0.009,Rest
02:26:12,0.518,-0.3814,0.7191,0.0079,Rest
02:26:14,0.5458,-0.4472,0.6769,0.0079,Rest
02:26:16,0.4716,-0.4336,0.6536,0.0074,Rest
02:26:18,0.4583,-0.3599,0.7196,0.0078,Rest
02:26:20,0.4618,-0.3595,0.671,0.0096,Rest
02:26:22,0.5369,-0.4499,0.6266,0.0073,Rest
02:26:24,0.4479,-0.4526,0.6848,0.0073,Rest
02:26:26,0.4626,-0.3867,0.7179,0.0092,Rest
02:26:28,0.5272,-0.335,0.7062,0.0075,Rest
02:26:30,0.3919,-0.4592,0.7662,0.0083,Rest
02:26:32,0.4879,-0.4049,0.6886,0.0063,Rest
02:26:34,0.4435,-0.3764,0.6969,0.0079,Rest
02:26:36,0.5221,-0.37,0.761,0.0089,Rest
02:26:38,0.443,-0.4061,0.7358,0.0062,Rest
02:26:40,0.4568,-0.4408,0.7016,0.008,Rest
02:26:42,0.5613,-0.3823,0.726,0.0098,Rest
02:26:44,0.4536,-0.3945,0.6946,0.008,Rest
02:26:46,0.5252,-0.3089,0.6522,0.0077,Rest
02:26:48,0.4941,-0.4034,0.6741,0.0074,Rest
02:26:50,0.4061,-0.4594,0.7013,0.0062,Rest
02:26:52,0.4873,-0.3879,0.6897,0.0069,Rest
02:26:54,0.5185,-0.3708,0.6802,0.0097,Rest
02:26:56,0.4399,-0.4551,0.7323,0.008,Rest
02:26:58,0.4527,-0.372,0.7209,0.0081,Rest
02:27:00,0.4229,-0.3323,0.6497,0.0075,Rest
02:27:02,0.5722,-0.354,0.6753,0.0063,Rest
02:27:04,0.4856,-0.4391,0.6515,0.0072,Rest
02:27:06,0.4083,-0.4595,0.701,0.01,Rest
02:27:08,0.5222,-0.4432,0.7864,0.0083,Rest
02:27:10,0.4603,-0.4217,0.7717,0.0098,Rest
02:27:12,0.4534,-0.3875,0.7517,0.0085,Rest
02:27:14,0.6293,-0.4362,0.7468,0.0085,Rest
02:27:16,0.5528,-0.3221,0.7001,0.0071,Rest
02:27:18,0.5314,-0.3581,0.7157,0.0055,Rest
02:27:20,0.5161,-0.3915,0.6426,0.0098,Rest
02:27:22,0.4334,-0.3977,0.6834,0.0068,Rest
02:27:24,0.5652,-0.3369,0.5907,0.0091,Rest
02:27:26,0.5284,-0.4214,0.7479,0.0097,Rest
02:27:28,0.5294,-0.4882,0.6964,0.0082,Rest
02:27:30,0.5456,-0.3591,0.6519,0.0084,Rest
02:27:32,0.3772,-0.4854,0.7553,0.0067,Rest
02:27:34,0.447,-0.2666,0.6661,0.0081,Rest
02:27:36,0.4842,-0.3633,0.7022,0.0072,Rest
02:27:38,0.4946,-0.4219,0.6626,0.0067,Rest
02:27:40,0.5075,-0.3701,0.6914,0.0064,Rest
02:27:42,0.3992,-0.3691,0.7485,0.0066,Rest
02:27:44,0.4852,-0.4824,0.6362,0.0067,Rest
02:27:46,0.5431,-0.4204,0.6863,0.0088,Rest
02:27:48,0.511,-0.3077,0.6053,0.0081,Rest
02:27:50,0.5004,-0.4222,0.686,0.0071,Rest
02:27:52,0.6031,-0.4008,0.7322,0.0079,Rest
02:27:54,0.5065,-0.367,0.7269,0.0092,Rest
02:27:56,0.5831,-0.4466,0.7266,0.0072,Rest
02:27:58,0.4503,-0.3781,0.8287,0.0098,Rest
02:28:00,0.6036,-0.4347,0.6952,0.0087,Rest
02:28:02,0.4561,-0.4306,0.7002,0.0079,Rest
02:28:04,0.5318,-0.3786,0.6766,0.0092,Rest
02:28:06,0.6111,-0.3892,0.7068,0.0083,Rest
02:28:08,0.4754,-0.4418,0.6976,0.0082,Rest
02:28:10,0.4689,-0.4034,0.7498,0.0079,Rest
02:28:12,0.4901,-0.3866,0.666,0.0083,Rest
02:28:14,0.5261,-0.3975,0.672,0.0073,Rest
02:28:16,0.4693,-0.3355,0.7385,0.0087,Rest
02:28:18,0.5979,-0.4541,0.7224,0.0096,Rest
02:28:20,0.5539,-0.3563,0.7435,0.0065,Rest
02:28:22,0.5208,-0.3816,0.6815,0.0077,Rest
02:28:24,0.5387,-0.3694,0.6306,0.0083,Rest
02:28:26,0.4157,-0.3978,0.6956,0.0093,Rest
02:28:28,0.4583,-0.3722,0.6086,0.0077,Rest
02:28:30,0.6243,-0.4294,0.8049,0.0087,Rest
02:28:32,0.5184,-0.3157,0.6942,0.01,Rest
02:28:34,0.4541,-0.3483,0.6729,0.0076,Rest
02:28:36,0.5084,-0.3207,0.7295,0.0063,Rest
02:28:38,0.3744,-0.4568,0.6652,0.0068,Rest
02:28:40,0.5223,-0.3885,0.7397,0.0089,Rest
02:28:42,0.4713,-0.3181,0.6435,0.0069,Rest
02:28:44,0.5077,-0.4121,0.7309,0.008,Rest
02:28:46,0.5177,-0.4497,0.6752,0.0091,Rest
02:28:48,0.5082,-0.4054,0.6712,0.0099,Rest
02:28:50,0.4876,-0.4076,0.7819,0.009,Rest
02:28:52,0.4648,-0.3667,0.7125,0.0079,Rest
02:28:54,0.4942,-0.3535,0.6607,0.0074,Rest
02:28:56,0.4843,-0.403,0.702,0.0068,Rest
02:28:58,0.504,-0.3384,0.6082,0.007,Rest
02:29:00,0.5363,-0.4279,0.717,0.0081,Rest
02:29:02,0.5383,-0.3365,0.7403,0.0092,Rest
02:29:04,0.504,-0.4543,0.6528,0.0078,Rest
02:29:06,0.5056,-0.3926,0.7813,0.0074,Rest
02:29:08,0.462,-0.4156,0.7486,0.0069,Rest
02:29:10,0.5526,-0.464,0.7168,0.0079,Rest
02:29:12,0.4865,-0.4488,0.6981,0.0076,Rest
02:29:14,0.4574,-0.4014,0.6289,0.0084,Rest
02:29:16,0.5694,-0.3718,0.698,0.0073,Rest
02:29:18,0.4906,-0.4087,0.7011,0.0082,Rest
02:29:20,0.5066,-0.3192,0.7607,0.0096,Rest
02:29:22,0.5117,-0.4875,0.7196,0.0079,Rest
02:29:24,0.4495,-0.3082,0.7192,0.0078,Rest
02:29:26,0.5252,-0.407,0.7029,0.01,Rest
02:29:28,0.4611,-0.3971,0.7571,0.0083,Rest
02:29:30,0.4974,-0.396,0.7111,0.0089,Rest
02:29:32,0.539,-0.5056,0.6024,0.0082,Rest
02:29:34,0.4698,-0.3718,0.6882,0.0074,Rest
02:29:36,0.4473,-0.4555,0.6785,0.0074,Rest
02:29:38,0.492,-0.3267,0.6962,0.0079,Rest
02:29:40,0.5354,-0.427,0.6819,0.0078,Rest
02:29:42,0.5195,-0.3769,0.7257,0.0071,Rest
02:29:44,0.5565,-0.4426,0.7822,0.0073,Rest
02:29:46,0.4584,-0.3703,0.6551,0.0091,Rest
02:29:48,0.5296,-0.3917,0.7257,0.0088,Rest
02:29:50,0.4832,-0.5138,0.6656,0.0087,Rest
02:29:52,0.4246,-0.4197,0.6869,0.0074,Rest
02:29:54,0.4686,-0.3495,0.6715,0.0089,Rest
02:29:56,0.4402,-0.3379,0.6851,0.0075,Rest
02:29:58,0.4133,-0.2889,0.6953,0.0072,Rest
02:30:00,0.5935,-0.4237,0.6297,0.0077,Rest
02:30:02,0.5064,-0.4368,0.6804,0.0088,Rest
02:30:04,0.5298,-0.3583,0.6767,0.007,Rest
02:30:06,0.4772,-0.4595,0.6909,0.0068,Rest
02:30:08,0.4613,-0.4259,0.6948,0.0084,Rest
02:30:10,0.4532,-0.3376,0.6703,0.0078,Rest
02:30:12,0.4416,-0.4096,0.6372,0.0085,Rest
02:30:14,0.5188,-0.4013,0.6439,0.0079,Rest
02:30:16,0.4846,-0.4599,0.6055,0.0056,Rest
02:30:18,0.5276,-0.4574,0.7239,0.007,Rest
02:30:20,0.4723,-0.3878,0.7113,0.0063,Rest
02:30:22,0.4613,-0.3851,0.6852,0.0076,Rest
02:30:24,0.5634,-0.3247,0.809,0.007,Rest
02:30:26,0.5616,-0.4531,0.7061,0.0086,Rest
02:30:28,0.4946,-0.3725,0.7479,0.0087,Rest
02:30:30,0.4443,-0.3641,0.6468,0.0074,Rest
02:30:32,0.4892,-0.3132,0.6344,0.0083,Rest
02:30:34,0.5059,-0.4271,0.6518,0.0068,Rest
02:30:36,0.4008,-0.3557,0.7906,0.0078,Rest
02:30:38,0.5419,-0.3911,0.734,0.0081,Rest
02:30:40,0.5521,-0.4185,0.7486,0.0108,Rest
02:30:42,0.5557,-0.3524,0.7285,0.0085,Rest
02:30:44,0.529,-0.4769,0.6185,0.0074,Rest
02:30:46,0.4221,-0.3899,0.664,0.0074,Rest
02:30:48,0.5903,-0.3499,0.6807,0.0085,Rest
02:30:50,0.4886,-0.472,0.7616,0.009,Rest
02:30:52,0.5318,-0.3876,0.6607,0.008,Rest
02:30:54,0.5357,-0.4638,0.7111,0.0082,Rest
02:30:56,0.4154,-0.3802,0.6321,0.0069,Rest
02:30:58,0.5511,-0.4267,0.7007,0.0077,Rest
02:31:00,0.5447,-0.4168,0.7377,0.0103,Rest
02:31:02,0.4975,-0.3095,0.6649,0.0074,Rest
02:31:04,0.4187,-0.3565,0.7063,0.0072,Rest
02:31:06,0.5054,-0.377,0.6643,0.008,Rest
02:31:08,0.4195,-0.3887,0.7565,0.0086,Rest
02:31:10,0.573,-0.427,0.6876,0.0099,Rest
02:31:12,0.4709,-0.4193,0.683,0.0087,Rest
02:31:14,0.3972,-0.4255,0.6876,0.008,Rest
02:31:16,0.588,-0.2978,0.7879,0.007,Rest
02:31:18,0.4973,-0.3612,0.6898,0.0084,Rest
02:31:20,0.538,-0.4695,0.6362,0.008,Rest
02:31:22,0.4762,-0.3535,0.6567,0.0076,Rest
02:31:24,0.5236,-0.3714,0.7609,0.0083,Rest
02:31:26,0.5028,-0.2833,0.7587,0.0079,Rest
02:31:28,0.4879,-0.4875,0.7472,0.0084,Rest
02:31:30,0.5167,-0.3275,0.6941,0.0058,Rest
02:31:32,0.4835,-0.4402,0.7999,0.0088,Rest
02:31:34,0.5231,-0.3653,0.7558,0.0083,Rest
02:31:36,0.4875,-0.314,0.6729,0.0073,Rest
02:31:38,0.5259,-0.3155,0.7034,0.0074,Rest
02:31:40,0.5031,-0.3777,0.6945,0.0085,Rest
02:31:42,0.4639,-0.3323,0.6324,0.0099,Rest
02:31:44,0.4989,-0.358,0.7005,0.0075,Rest
02:31:46,0.5511,-0.436,0.6454,0.0092,Rest
02:31:48,0.5142,-0.4766,0.6919,0.008,Rest
02:31:50,0.527,-0.4831,0.717,0.007,Rest
02:31:52,0.5256,-0.4235,0.8296,0.0073,Rest
02:31:54,0.5572,-0.4363,0.6563,0.0082,Rest
02:31:56,0.4585,-0.3517,0.7158,0.0092,Rest
02:31:58,0.3494,-0.4112,0.6708,0.0075,Rest
02:32:00,0.4987,-0.3855,0.6882,0.008,Rest
02:32:02,0.5445,-0.4046,0.6233,0.0074,Rest
02:32:04,0.523,-0.3499,0.6751,0.0082,Rest
02:32:06,0.5727,-0.4914,0.7586,0.0062,Rest
02:32:08,0.5045,-0.429,0.7156,0.0076,Rest
02:32:10,0.4619,-0.4604,0.7501,0.0079,Rest
02:32:12,0.4669,-0.4188,0.675,0.0083,Rest
02:32:14,0.474,-0.38,0.7275,0.0071,Rest
02:32:16,0.6074,-0.3856,0.7174,0.0095,Rest
02:32:18,0.4627,-0.4956,0.6875,0.006,Rest
02:32:20,0.4829,-0.4296,0.6686,0.008,Rest
02:32:22,0.3642,-0.4067,0.709,0.0074,Rest
02:32:24,0.483,-0.2683,0.6636,0.0077,Rest
02:32:26,0.4739,-0.4693,0.7313,0.0079,Rest
02:32:28,0.5704,-0.3297,0.7402,0.0082,Rest
02:32:30,0.5225,-0.3914,0.602,0.0072,Rest
02:32:32,0.6157,-0.4349,0.6707,0.0076,Rest
02:32:34,0.4211,-0.3903,0.6586,0.0069,Rest
02:32:36,0.4814,-0.4265,0.6279,0.007,Rest
02:32:38,0.4355,-0.3924,0.7015,0.008,Rest
02:32:40,0.4898,-0.3741,0.7236,0.0087,Rest
02:32:42,0.4493,-0.4568,0.7465,0.0073,Rest
02:32:44,0.458,-0.401,0.6974,0.0067,Rest
02:32:46,0.4648,-0.3757,0.7844,0.0063,Rest
02:32:48,0.4692,-0.4389,0.7781,0.0068,Rest
02:32:50,0.514,-0.4094,0.6696,0.0092,Rest
02:32:52,0.492,-0.393,0.7288,0.0067,Rest
02:32:54,0.4738,-0.3406,0.7215,0.0081,Rest
02:32:56,0.4583,-0.4043,0.6593,0.0073,Rest
02:32:58,0.5013,-0.3416,0.6507,0.009,Rest
02:33:00,0.5602,-0.3407,0.6983,0.0081,Rest
02:33:02,0.4925,-0.3946,0.7087,0.0076,Rest
02:33:04,0.571,-0.3632,0.6356,0.0087,Rest
02:33:06,0.3992,-0.4097,0.745,0.0073,Rest
02:33:08,0.5761,-0.4609,0.6092,0.0089,Rest
02:33:10,0.4797,-0.4362,0.5974,0.0082,Rest
02:33:12,0.5518,-0.3557,0.7485,0.0082,Rest
02:33:14,0.5653,-0.4585,0.7187,0.0087,Rest
02:33:16,0.542,-0.4303,0.6775,0.0094,Rest
02:33:18,0.503,-0.3799,0.6632,0.0079,Rest
02:33:20,0.5269,-0.3776,0.7071,0.0085,Rest
02:33:22,0.4231,-0.4514,0.7081,0.0065,Rest
02:33:24,0.5003,-0.3981,0.6727,0.0077,Rest
02:33:26,0.5141,-0.393,0.6562,0.008,Rest
02:33:28,0.4857,-0.4215,0.685,0.0088,Rest
02:33:30,0.4487,-0.3993,0.7073,0.0077,Rest
02:33:32,0.5218,-0.3652,0.6601,0.0081,Rest
02:33:34,0.495,-0.4273,0.6552,0.0074,Rest
02:33:36,0.5448,-0.4498,0.6833,0.0085,Rest
02:33:38,0.4365,-0.3923,0.7425,0.0077,Rest
02:33:40,0.4495,-0.3913,0.7384,0.0055,Rest
02:33:42,0.3922,-0.405,0.6663,0.0099,Rest
02:33:44,0.5633,-0.3723,0.6921,0.0083,Rest
02:33:46,0.5598,-0.4652,0.689,0.0091,Rest
02:33:48,0.5093,-0.3549,0.7341,0.0082,Rest
02:33:50,0.4956,-0.3376,0.8121,0.0075,Rest
02:33:52,0.489,-0.483,0.6786,0.0073,Rest
02:33:54,0.4894,-0.3839,0.6707,0.0085,Rest
02:33:56,0.5455,-0.4137,0.709,0.0085,Rest
02:33:58,0.4088,-0.4396,0.7338,0.0082,Rest
02:34:00,0.5471,-0.3904,0.7196,0.008,Rest
02:34:02,0.5425,-0.4599,0.708,0.008,Rest
02:34:04,0.5468,-0.4796,0.6591,0.0091,Rest
02:34:06,0.5319,-0.4927,0.7414,0.0082,Rest
02:34:08,0.4654,-0.4296,0.6247,0.007,Rest
02:34:10,0.4695,-0.3951,0.7352,0.0091,Rest
02:34:12,0.5331,-0.3744,0.7327,0.0078,Rest
02:34:14,0.4595,-0.4415,0.7003,0.0082,Rest
02:34:16,0.4309,-0.4178,0.7066,0.0067,Rest
02:34:18,0.5103,-0.3478,0.7722,0.0077,Rest
02:34:20,0.4582,-0.3114,0.6478,0.0069,Rest
02:34:22,0.4868,-0.3506,0.658,0.0089,Rest
02:34:24,0.4301,-0.3598,0.6629,0.0084,Rest
02:34:26,0.4587,-0.4723,0.6358,0.0087,Rest
02:34:28,0.5802,-0.3676,0.7155,0.0065,Rest
02:34:30,0.4865,-0.3926,0.7605,0.0086,Rest
02:34:32,0.4847,-0.3935,0.7273,0.0088,Rest
02:34:34,0.4894,-0.387,0.7359,0.008,Rest
02:34:36,0.556,-0.4465,0.7121,0.0065,Rest
02:34:38,0.5764,-0.4106,0.777,0.0083,Rest
02:34:40,0.5269,-0.3621,0.7167,0.0072,Rest
02:34:42,0.4247,-0.4047,0.6562,0.0091,Rest
02:34:44,0.5745,-0.4493,0.6784,0.0107,Rest
02:34:46,0.4913,-0.4418,0.729,0.0081,Rest
02:34:48,0.5002,-0.3788,0.7988,0.0065,Rest
02:34:50,0.4136,-0.5076,0.7456,0.0079,Rest
02:34:52,0.4369,-0.3654,0.7012,0.0092,Rest
02:34:54,0.4834,-0.3561,0.7647,0.0091,Rest
02:34:56,0.4811,-0.4089,0.6738,0.0076,Rest
02:34:58,0.4891,-0.3516,0.7445,0.0092,Rest
02:35:00,0.5138,-0.472,0.6892,0.0084,Rest
02:35:02,0.5506,-0.4418,0.6986,0.0081,Rest
02:35:04,0.4895,-0.3759,0.6599,0.0088,Rest
02:35:06,0.4981,-0.436,0.7883,0.0073,Rest
02:35:08,0.4877,-0.4129,0.7502,0.0067,Rest
02:35:10,0.5051,-0.3565,0.6584,0.0075,Rest
02:35:12,0.5072,-0.4499,0.6237,0.0086,Rest
02:35:14,0.5006,-0.443,0.7842,0.0066,Rest
02:35:16,0.4996,-0.4391,0.7871,0.0076,Rest
02:35:18,0.4315,-0.3346,0.6389,0.0085,Rest
02:35:20,0.516,-0.4169,0.6802,0.0086,Rest
02:35:22,0.4684,-0.4448,0.6135,0.0072,Rest
02:35:24,0.4962,-0.3889,0.6768,0.0067,Rest
02:35:26,0.5373,-0.3655,0.702,0.0079,Rest
02:35:28,0.4173,-0.3702,0.7462,0.0079,Rest
02:35:30,0.4583,-0.3474,0.6796,0.0068,Rest
02:35:32,0.5826,-0.3765,0.731,0.0078,Rest
02:35:34,0.5373,-0.4042,0.6487,0.0088,Rest
02:35:36,0.4632,-0.3919,0.7197,0.0084,Rest
02:35:38,0.5408,-0.3688,0.6395,0.0086,Rest
02:35:40,0.5347,-0.3193,0.6068,0.0091,Rest
02:35:42,0.4807,-0.3153,0.757,0.0068,Rest
02:35:44,0.5143,-0.4513,0.7296,0.008,Rest
02:35:46,0.5523,-0.3841,0.7053,0.0093,Rest
02:35:48,0.4746,-0.4099,0.6417,0.008,Rest
02:35:50,0.4699,-0.4522,0.6789,0.0091,Rest
02:35:52,0.438,-0.4158,0.7339,0.0062,Rest
02:35:54,0.4411,-0.3359,0.6673,0.0082,Rest
02:35:56,0.4617,-0.3728,0.6491,0.0081,Rest
02:35:58,0.452,-0.4867,0.7845,0.0082,Rest
02:36:00,0.4832,-0.339,0.6813,0.0079,Rest
02:36:02,0.4644,-0.3477,0.7568,0.0069,Rest
02:36:04,0.4443,-0.4151,0.6981,0.0083,Rest
02:36:06,0.4278,-0.3631,0.6402,0.0086,Rest
02:36:08,0.4599,-0.366,0.5761,0.008,Rest
02:36:10,0.4179,-0.4252,0.7183,0.008,Rest
02:36:12,0.5322,-0.4712,0.7396,0.0087,Rest
02:36:14,0.5242,-0.3107,0.6742,0.008,Rest
02:36:16,0.5536,-0.3557,0.758,0.008,Rest
02:36:18,0.4585,-0.4131,0.7193,0.0082,Rest
02:36:20,0.4436,-0.4558,0.7003,0.0096,Rest
02:36:22,0.4916,-0.3706,0.8092,0.0078,Rest
02:36:24,0.4933,-0.3584,0.7346,0.0069,Rest
02:36:26,0.4969,-0.3903,0.5643,0.0087,Rest
02:36:28,0.4925,-0.4555,0.6913,0.0071,Rest
02:36:30,0.4977,-0.4199,0.7746,0.0099,Rest
02:36:32,0.4783,-0.3686,0.7158,0.0083,Rest
02:36:34,0.5708,-0.4673,0.8024,0.0075,Rest
02:36:36,0.4081,-0.4667,0.6292,0.009,Rest
02:36:38,0.4511,-0.3742,0.7383,0.0082,Rest
02:36:40,0.5224,-0.4667,0.712,0.0084,Rest
02:36:42,0.4998,-0.4212,0.7705,0.0092,Rest
02:36:44,0.4295,-0.4775,0.6324,0.0088,Rest
02:36:46,0.4512,-0.5025,0.5998,0.0088,Rest
02:36:48,0.5239,-0.3645,0.6399,0.0091,Rest
02:36:50,0.5769,-0.449,0.8113,0.0092,Rest
02:36:52,0.5399,-0.277,0.7856,0.0073,Rest
02:36:54,0.5195,-0.4389,0.6393,0.0079,Rest
02:36:56,0.4969,-0.405,0.732,0.0083,Rest
02:36:58,0.4941,-0.4713,0.7414,0.007,Rest
02:37:00,0.4329,-0.4121,0.6995,0.0071,Rest
02:37:02,0.4159,-0.4001,0.6695,0.0079,Rest
02:37:04,0.4598,-0.3482,0.7011,0.0045,Rest
02:37:06,0.5131,-0.3879,0.686,0.0065,Rest
02:37:08,0.498,-0.4371,0.6758,0.0061,Rest
02:37:10,0.5565,-0.2897,0.754,0.0097,Rest
02:37:12,0.5177,-0.389,0.7035,0.0074,Rest
02:37:14,0.4598,-0.3742,0.7077,0.0105,Rest
02:37:16,0.4947,-0.3129,0.6522,0.0081,Rest
02:37:18,0.5346,-0.4336,0.7951,0.0061,Rest
02:37:20,0.6099,-0.3856,0.7402,0.0097,Rest
02:37:22,0.5065,-0.2937,0.7436,0.0087,Rest
02:37:24,0.432,-0.4265,0.7492,0.0089,Rest
02:37:26,0.4742,-0.3807,0.7288,0.0089,Rest
02:37:28,0.4975,-0.4946,0.7682,0.0055,Rest
02:37:30,0.506,-0.4375,0.7284,0.0071,Rest
02:37:32,0.4821,-0.4272,0.7101,0.007,Rest
02:37:34,0.4607,-0.3879,0.6735,0.0089,Rest
02:37:36,0.6149,-0.3483,0.6984,0.0093,Rest
02:37:38,0.4176,-0.4519,0.6941,0.0117,Rest
02:37:40,0.5035,-0.396,0.6669,0.0088,Rest
02:37:42,0.49,-0.3863,0.7603,0.0088,Rest
02:37:44,0.4654,-0.3829,0.6548,0.0091,Rest
02:37:46,0.4892,-0.4361,0.6324,0.0084,Rest
02:37:48,0.5607,-0.4188,0.6313,0.008,Rest
02:37:50,0.458,-0.4047,0.7336,0.0084,Rest
02:37:52,0.4889,-0.3913,0.7192,0.0071,Rest
02:37:54,0.5563,-0.4682,0.6702,0.0084,Rest
02:37:56,0.5229,-0.4395,0.7643,0.0074,Rest
02:37:58,0.4557,-0.2806,0.6138,0.0079,Rest
02:38:00,0.5508,-0.4374,0.6863,0.0071,Rest
02:38:02,0.4671,-0.3831,0.6867,0.0075,Rest
02:38:04,0.4969,-0.4114,0.6694,0.0067,Rest
02:38:06,0.5277,-0.5103,0.6824,0.0065,Rest
02:38:08,0.5526,-0.3773,0.7628,0.0091,Rest
02:38:10,0.4627,-0.3608,0.6789,0.0077,Rest
02:38:12,0.4781,-0.4393,0.7114,0.0077,Rest
02:38:14,0.5287,-0.4258,0.748,0.0106,Rest
02:38:16,0.4981,-0.3991,0.7078,0.0083,Rest
02:38:18,0.5033,-0.378,0.6498,0.0064,Rest
02:38:20,0.4078,-0.3728,0.6735,0.0086,Rest
02:38:22,0.4417,-0.4425,0.7643,0.0085,Rest
02:38:24,0.479,-0.4208,0.7344,0.0068,Rest
02:38:26,0.4476,-0.4268,0.6452,0.0094,Rest
02:38:28,0.483,-0.3614,0.7401,0.0088,Rest
02:38:30,0.5206,-0.4559,0.6138,0.0076,Rest
02:38:32,0.4636,-0.4229,0.6635,0.0084,Rest
02:38:34,0.5687,-0.3706,0.7441,0.0076,Rest
02:38:36,0.4705,-0.3926,0.7138,0.0089,Rest
02:38:38,0.4763,-0.3876,0.7246,0.0071,Rest
02:38:40,0.4609,-0.4172,0.7455,0.0078,Rest
02:38:42,0.4351,-0.4826,0.5811,0.0085,Rest
02:38:44,0.4179,-0.3685,0.7159,0.0091,Rest
02:38:46,0.427,-0.4269,0.7108,0.0067,Rest
02:38:48,0.4714,-0.4538,0.6766,0.0077,Rest
02:38:50,0.4313,-0.4723,0.6833,0.0067,Rest
02:38:52,0.5234,-0.456,0.6516,0.007,Rest
02:38:54,0.3837,-0.3783,0.7032,0.0086,Rest
02:38:56,0.4721,-0.4581,0.7133,0.0076,Rest
02:38:58,0.5076,-0.306,0.716,0.008,Rest
02:39:00,0.472,-0.449,0.6387,0.0071,Rest
02:39:02,0.4881,-0.4684,0.6673,0.0089,Rest
02:39:04,0.5429,-0.4378,0.7494,0.0093,Rest
02:39:06,0.4665,-0.4248,0.6425,0.0085,Rest
02:39:08,0.5623,-0.3316,0.6961,0.0086,Rest
02:39:10,0.4632,-0.4099,0.6857,0.0078,Rest
02:39:12,0.4512,-0.3659,0.6312,0.0069,Rest
02:39:14,0.5051,-0.5013,0.6534,0.0094,Rest
02:39:16,0.5262,-0.4052,0.6326,0.0079,Rest
02:39:18,0.5012,-0.4119,0.7038,0.0082,Rest
02:39:20,0.4663,-0.414,0.7331,0.0096,Rest
02:39:22,0.5757,-0.3978,0.7077,0.0062,Rest
02:39:24,0.5043,-0.4789,0.6139,0.007,Rest
02:39:26,0.5257,-0.374,0.5484,0.0077,Rest
02:39:28,0.4246,-0.4057,0.6988,0.0078,Rest
02:39:30,0.6199,-0.4161,0.6431,0.0085,Rest
02:39:32,0.5279,-0.417,0.7329,0.0091,Rest
02:39:34,0.5208,-0.5052,0.7536,0.0102,Rest
02:39:36,0.5275,-0.3355,0.715,0.007,Rest
02:39:38,0.5066,-0.522,0.7631,0.0082,Rest
02:39:40,0.514,-0.4527,0.7388,0.0076,Rest
02:39:42,0.5714,-0.4471,0.6761,0.009,Rest
02:39:44,0.439,-0.4147,0.7139,0.0076,Rest
02:39:46,0.4911,-0.3984,0.746,0.0079,Rest
02:39:48,0.5217,-0.3515,0.6846,0.0078,Rest
02:39:50,0.4934,-0.3416,0.6999,0.0085,Rest
02:39:52,0.5121,-0.2904,0.6472,0.009,Rest
02:39:54,0.5382,-0.4169,0.7418,0.0061,Rest
02:39:56,0.5444,-0.3998,0.6487,0.0081,Rest
02:39:58,0.504,-0.4114,0.7086,0.0076,Rest
02:40:00,0.5291,-0.4078,0.8291,0.0079,Rest
02:40:02,0.5481,-0.4307,0.6727,0.0071,Rest
02:40:04,0.4804,-0.4213,0.6188,0.0078,Rest
02:40:06,0.5392,-0.4236,0.6081,0.0087,Rest
02:40:08,0.4029,-0.4227,0.7024,0.0077,Rest
02:40:10,0.474,-0.461,0.72,0.0069,Rest
02:40:12,0.5117,-0.5049,0.7079,0.0073,Rest
02:40:14,0.4684,-0.3375,0.7985,0.009,Rest
02:40:16,0.5117,-0.3857,0.689,0.0082,Rest
02:40:18,0.5886,-0.3608,0.7102,0.0087,Rest
02:40:20,0.5667,-0.3515,0.6955,0.009,Rest
02:40:22,0.4323,-0.4457,0.7212,0.0079,Rest
02:40:24,0.5102,-0.3706,0.7182,0.0069,Rest
02:40:26,0.4735,-0.3524,0.6882,0.01,Rest
02:40:28,0.5717,-0.3496,0.7571,0.0091,Rest
02:40:30,0.5194,-0.3559,0.6818,0.0085,Rest
02:40:32,0.5064,-0.4607,0.6836,0.0079,Rest
02:40:34,0.4697,-0.4801,0.7011,0.0081,Rest
02:40:36,0.5089,-0.4033,0.6322,0.0071,Rest
02:40:38,0.5017,-0.2862,0.6511,0.0088,Rest
02:40:40,0.4435,-0.3605,0.711,0.0089,Rest
02:40:42,0.4761,-0.3794,0.7158,0.0075,Rest
02:40:44,0.4681,-0.3931,0.761,0.0075,Rest
02:40:46,0.5505,-0.3295,0.7581,0.0062,Rest
02:40:48,0.5432,-0.3726,0.6814,0.009,Rest
02:40:50,0.4371,-0.3497,0.6858,0.008,Rest
02:40:52,0.5181,-0.4192,0.6679,0.0079,Rest
02:40:54,0.456,-0.4304,0.7882,0.0073,Rest
02:40:56,0.4956,-0.4337,0.6921,0.0077,Rest
02:40:58,0.5099,-0.4131,0.7001,0.0087,Rest
02:41:00,0.4236,-0.4572,0.6992,0.0082,Rest
02:41:02,0.4068,-0.4235,0.833,0.0071,Rest
02:41:04,0.4763,-0.3485,0.702,0.0084,Rest
02:41:06,0.5434,-0.483,0.7044,0.0066,Rest
02:41:08,0.5027,-0.3781,0.6932,0.0081,Rest
02:41:10,0.5707,-0.308,0.659,0.0083,Rest
02:41:12,0.4963,-0.4207,0.7567,0.0069,Rest
02:41:14,0.516,-0.3999,0.6662,0.0087,Rest
02:41:16,0.5271,-0.3295,0.6484,0.0082,Rest
02:41:18,0.4574,-0.3679,0.728,0.0094,Rest
02:41:20,0.4874,-0.4447,0.7407,0.0088,Rest
02:41:22,0.438,-0.318,0.6783,0.0081,Rest
02:41:24,0.4143,-0.343,0.6862,0.0088,Rest
02:41:26,0.4791,-0.4368,0.6412,0.0078,Rest
02:41:28,0.5411,-0.4463,0.7019,0.0086,Rest
02:41:30,0.4607,-0.4824,0.7071,0.0064,Rest
02:41:32,0.4528,-0.3112,0.7369,0.0066,Rest
02:41:34,0.4611,-0.4754,0.716,0.0068,Rest
02:41:36,0.4894,-0.4346,0.6952,0.0078,Rest
02:41:38,0.4842,-0.368,0.7089,0.0084,Rest
02:41:40,0.4698,-0.4089,0.7564,0.01,Rest
02:41:42,0.5182,-0.3574,0.7609,0.0083,Rest
02:41:44,0.4926,-0.3884,0.6888,0.0082,Rest
02:41:46,0.4924,-0.3385,0.7816,0.0106,Rest
02:41:48,0.5638,-0.37,0.6696,0.0079,Rest
02:41:50,0.5139,-0.3768,0.7008,0.0074,Rest
02:41:52,0.4696,-0.4185,0.7129,0.009,Rest
02:41:54,0.5699,-0.3753,0.706,0.0086,Rest
02:41:56,0.4405,-0.3602,0.6961,0.0077,Rest
02:41:58,0.438,-0.4303,0.7167,0.009,Rest
02:42:00,0.5031,-0.4189,0.7062,0.0077,Rest
02:42:02,0.4216,-0.3927,0.7403,0.0091,Rest
02:42:04,0.5657,-0.3866,0.7315,0.0074,Rest
02:42:06,0.5417,-0.4395,0.6573,0.0086,Rest
02:42:08,0.5246,-0.4594,0.7608,0.0084,Rest
02:42:10,0.5469,-0.4382,0.6791,0.0076,Rest
02:42:12,0.5099,-0.3862,0.7411,0.0078,Rest
02:42:14,0.5251,-0.4249,0.6417,0.0097,Rest
02:42:16,0.4471,-0.4026,0.6937,0.0088,Rest
02:42:18,0.5276,-0.3515,0.7448,0.0088,Rest
02:42:20,0.4844,-0.4176,0.7816,0.0071,Rest
02:42:22,0.5064,-0.4779,0.7289,0.0086,Rest
02:42:24,0.4474,-0.3425,0.7057,0.0071,Rest
02:42:26,0.4497,-0.4431,0.7255,0.0082,Rest
02:42:28,0.4937,-0.3681,0.7198,0.0086,Rest
02:42:30,0.4119,-0.4195,0.7589,0.0074,Rest
02:42:32,0.4351,-0.4663,0.6642,0.0086,Rest
02:42:34,0.5886,-0.3531,0.6612,0.0082,Rest
02:42:36,0.5754,-0.4161,0.6982,0.0095,Rest
02:42:38,0.5218,-0.4083,0.7168,0.0107,Rest
02:42:40,0.4925,-0.4297,0.6587,0.0076,Rest
02:42:42,0.5669,-0.3536,0.7532,0.0081,Rest
02:42:44,0.515,-0.4546,0.6949,0.0097,Rest
02:42:46,0.476,-0.4178,0.7068,0.0074,Rest
02:42:48,0.4912,-0.3464,0.6919,0.0087,Rest
02:42:50,0.4608,-0.2564,0.7354,0.0082,Rest
02:42:52,0.5174,-0.3752,0.7487,0.0073,Rest
02:42:54,0.5429,-0.4779,0.7876,0.0085,Rest
02:42:56,0.4782,-0.4167,0.7454,0.0084,Rest
02:42:58,0.4429,-0.3474,0.6964,0.0078,Rest
02:43:00,0.46,-0.425,0.7317,0.0083,Rest
02:43:02,0.4985,-0.3915,0.7491,0.0089,Rest
02:43:04,0.5206,-0.4846,0.6308,0.0069,Rest
02:43:06,0.5009,-0.43,0.6694,0.0074,Rest
02:43:08,0.467,-0.35,0.6535,0.0073,Rest
02:43:10,0.469,-0.3765,0.7445,0.0072,Rest
02:43:12,0.4752,-0.378,0.7276,0.0092,Rest
02:43:14,0.4862,-0.3709,0.6887,0.0086,Rest
02:43:16,0.3979,-0.4217,0.707,0.0082,Rest
02:43:18,0.4736,-0.4084,0.6976,0.0081,Rest
02:43:20,0.4659,-0.4271,0.7204,0.0079,Rest
02:43:22,0.4369,-0.3456,0.6298,0.0065,Rest
02:43:24,0.5696,-0.3972,0.7851,0.0067,Rest
02:43:26,0.5539,-0.442,0.6728,0.0084,Rest
02:43:28,0.5246,-0.396,0.7223,0.0088,Rest
02:43:30,0.4514,-0.4166,0.6651,0.0073,Rest
02:43:32,0.5139,-0.4951,0.5877,0.0077,Rest
02:43:34,0.5264,-0.3827,0.7502,0.0077,Rest
02:43:36,0.4979,-0.4251,0.6872,0.0065,Rest
02:43:38,0.4881,-0.4152,0.7205,0.0089,Rest
02:43:40,0.4459,-0.3669,0.688,0.0077,Rest
02:43:42,0.5194,-0.4409,0.8021,0.0098,Rest
02:43:44,0.5466,-0.4685,0.7273,0.0068,Rest
02:43:46,0.578,-0.3518,0.7142,0.008,Rest
02:43:48,0.517,-0.3857,0.7241,0.0093,Rest
02:43:50,0.5113,-0.3439,0.6792,0.0063,Rest
02:43:52,0.4947,-0.4284,0.5936,0.0085,Rest
02:43:54,0.5302,-0.4656,0.6076,0.0081,Rest
02:43:56,0.5076,-0.2902,0.707,0.0065,Rest
02:43:58,0.473,-0.3673,0.7592,0.0088,Rest
02:44:00,0.5775,-0.3861,0.7051,0.0064,Rest
02:44:02,0.5914,-0.3712,0.6477,0.0067,Rest
02:44:04,0.6057,-0.4425,0.7336,0.0088,Rest
02:44:06,0.4481,-0.3851,0.624,0.0075,Rest
02:44:08,0.5798,-0.4202,0.7051,0.0086,Rest
02:44:10,0.5412,-0.4917,0.6722,0.0082,Rest
02:44:12,0.4529,-0.3925,0.6675,0.0088,Rest
02:44:14,0.4151,-0.3921,0.7341,0.0077,Rest
02:44:16,0.5858,-0.4342,0.6427,0.0074,Rest
02:44:18,0.4206,-0.331,0.7192,0.0082,Rest
02:44:20,0.485,-0.4337,0.6379,0.0075,Rest
02:44:22,0.6298,-0.4393,0.6395,0.0082,Rest
02:44:24,0.371,-0.4262,0.6396,0.007,Rest
02:44:26,0.5243,-0.3543,0.697,0.0083,Rest
02:44:28,0.5075,-0.3635,0.7733,0.0054,Rest
02:44:30,0.5385,-0.4497,0.6672,0.0104,Rest
02:44:32,0.5101,-0.4483,0.7576,0.0081,Rest
02:44:34,0.4485,-0.473,0.7124,0.007,Rest
02:44:36,0.4659,-0.475,0.7167,0.0093,Rest
02:44:38,0.5085,-0.444,0.6686,0.0083,Rest
02:44:40,0.5394,-0.4128,0.6995,0.0089,Rest
02:44:42,0.4678,-0.2644,0.7989,0.01,Rest
02:44:44,0.4297,-0.5208,0.6229,0.0075,Rest
02:44:46,0.4925,-0.5336,0.7194,0.0079,Rest
02:44:48,0.5303,-0.3931,0.6999,0.0063,Rest
02:44:50,0.5295,-0.3602,0.7209,0.0089,Rest
02:44:52,0.4369,-0.3877,0.69,0.0096,Rest
02:44:54,0.4506,-0.3504,0.788,0.0085,Rest
02:44:56,0.5141,-0.4226,0.7232,0.0086,Rest
02:44:58,0.4128,-0.3445,0.6162,0.0098,Rest
02:45:00,0.4008,-0.3124,0.6885,0.0073,Rest
02:45:02,0.4537,-0.4621,0.6647,0.0091,Rest
02:45:04,0.5294,-0.4149,0.7383,0.0083,Rest
02:45:06,0.4641,-0.404,0.8086,0.008,Rest
02:45:08,0.4781,-0.3488,0.6829,0.0069,Rest
02:45:10,0.4606,-0.338,0.6745,0.0095,Rest
02:45:12,0.4441,-0.4789,0.6868,0.0074,Rest
02:45:14,0.4528,-0.5211,0.6534,0.0088,Rest
02:45:16,0.5101,-0.3464,0.6354,0.0063,Rest
02:45:18,0.5181,-0.4271,0.6842,0.0075,Rest
02:45:20,0.4888,-0.4389,0.6316,0.0078,Rest
02:45:22,0.5462,-0.4074,0.7942,0.0094,Rest
02:45:24,0.5755,-0.3224,0.6144,0.007,Rest
02:45:26,0.4511,-0.369,0.646,0.0072,Rest
02:45:28,0.5674,-0.4051,0.7042,0.0085,Rest
02:45:30,0.5564,-0.4061,0.6354,0.0077,Rest
02:45:32,0.4766,-0.3186,0.7332,0.0079,Rest
02:45:34,0.4073,-0.2919,0.71,0.008,Rest
02:45:36,0.4796,-0.3066,0.7548,0.0077,Rest
02:45:38,0.4111,-0.3854,0.6018,0.0077,Rest
02:45:40,0.3949,-0.4008,0.6198,0.009,Rest
02:45:42,0.4278,-0.4189,0.7078,0.0083,Rest
02:45:44,0.493,-0.4004,0.6774,0.0078,Rest
02:45:46,0.4522,-0.3593,0.7259,0.0079,Rest
02:45:48,0.4512,-0.3269,0.7247,0.0083,Rest
02:45:50,0.4199,-0.4113,0.6712,0.0077,Rest
02:45:52,0.5106,-0.3269,0.7307,0.009,Rest
02:45:54,0.5458,-0.3987,0.6314,0.0078,Rest
02:45:56,0.5022,-0.4333,0.7311,0.0094,Rest
02:45:58,0.5094,-0.4708,0.6598,0.008,Rest
02:46:00,0.4593,-0.391,0.6468,0.0076,Rest
02:46:02,0.5543,-0.4223,0.7957,0.0079,Rest
02:46:04,0.4478,-0.4914,0.6712,0.0082,Rest
02:46:06,0.408,-0.3459,0.7339,0.0069,Rest
02:46:08,0.5228,-0.3481,0.6542,0.0088,Rest
02:46:10,0.4434,-0.3512,0.725,0.0101,Rest
02:46:12,0.504,-0.4025,0.6028,0.0086,Rest
02:46:14,0.4965,-0.4678,0.7764,0.0071,Rest
02:46:16,0.5504,-0.4496,0.6813,0.0069,Rest
02:46:18,0.5675,-0.4148,0.6659,0.0087,Rest
02:46:20,0.4863,-0.4074,0.7236,0.008,Rest
02:46:22,0.4742,-0.4063,0.7006,0.0078,Rest
02:46:24,0.5552,-0.3883,0.699,0.0076,Rest
02:46:26,0.5125,-0.3914,0.6747,0.008,Rest
02:46:28,0.5299,-0.3899,0.6259,0.0056,Rest
02:46:30,0.543,-0.428,0.6742,0.0081,Rest
02:46:32,0.4159,-0.446,0.7689,0.0085,Rest
02:46:34,0.4837,-0.4526,0.7365,0.0095,Rest
02:46:36,0.4919,-0.3463,0.6932,0.0066,Rest
02:46:38,0.5243,-0.3976,0.664,0.007,Rest
02:46:40,0.4784,-0.394,0.6854,0.0095,Rest
02:46:42,0.442,-0.5423,0.7639,0.007,Rest
02:46:44,0.4891,-0.3863,0.6769,0.0079,Rest
02:46:46,0.5154,-0.4719,0.6636,0.0078,Rest
02:46:48,0.4498,-0.2802,0.7731,0.0075,Rest
02:46:50,0.5396,-0.4081,0.697,0.0091,Rest
02:46:52,0.485,-0.3586,0.7045,0.0095,Rest
02:46:54,0.5973,-0.3834,0.6919,0.0097,Rest
02:46:56,0.5024,-0.3835,0.7282,0.0076,Rest
02:46:58,0.4218,-0.4008,0.8362,0.0071,Rest
02:47:00,0.5709,-0.4012,0.6367,0.0082,Rest
02:47:02,0.523,-0.4122,0.7519,0.0072,Rest
02:47:04,0.4879,-0.3816,0.7236,0.0075,Rest
02:47:06,0.5171,-0.4175,0.7511,0.0084,Rest
02:47:08,0.5486,-0.413,0.6635,0.0069,Rest
02:47:10,0.4625,-0.4606,0.6268,0.0085,Rest
02:47:12,0.4263,-0.4182,0.7672,0.01,Rest
02:47:14,0.4788,-0.3337,0.7875,0.0075,Rest
02:47:16,0.5347,-0.3916,0.7949,0.0103,Rest
02:47:18,0.5997,-0.3507,0.7672,0.0076,Rest
02:47:20,0.5383,-0.4332,0.7027,0.0066,Rest
02:47:22,0.5279,-0.3833,0.707,0.0082,Rest
02:47:24,0.5013,-0.3431,0.7578,0.0082,Rest
02:47:26,0.5139,-0.4588,0.6191,0.0083,Rest
02:47:28,0.5216,-0.3106,0.6436,0.0056,Rest
02:47:30,0.5115,-0.4741,0.7559,0.0062,Rest
02:47:32,0.5439,-0.4251,0.7703,0.0082,Rest
02:47:34,0.5767,-0.4413,0.6964,0.007,Rest
02:47:36,0.4785,-0.3642,0.7037,0.0099,Rest
02:47:38,0.482,-0.3769,0.7759,0.0085,Rest
02:47:40,0.4825,-0.4167,0.7052,0.0085,Rest
02:47:42,0.4416,-0.3844,0.7209,0.0072,Rest
02:47:44,0.5109,-0.4425,0.7264,0.0082,Rest
02:47:46,0.512,-0.4001,0.6783,0.0075,Rest
02:47:48,0.4851,-0.4187,0.7476,0.0063,Rest
02:47:50,0.5788,-0.4134,0.6874,0.0077,Rest
02:47:52,0.5035,-0.3293,0.7769,0.0075,Rest
02:47:54,0.5223,-0.4993,0.697,0.0089,Rest
02:47:56,0.4559,-0.2955,0.7654,0.0064,Rest
02:47:58,0.5309,-0.3087,0.6838,0.0084,Rest
02:48:00,0.5119,-0.421,0.7379,0.0516,Moving
02:48:02,0.5613,-0.4086,0.7046,0.0609,Moving
02:48:04,0.556,-0.3308,0.6328,0.058,Moving
02:48:06,0.5166,-0.2751,0.7426,0.0688,Moving
02:48:08,0.5923,-0.4581,0.7433,0.0551,Moving
02:48:10,0.4583,-0.3881,0.7359,0.0626,Moving
02:48:12,0.4711,-0.4378,0.7551,0.0535,Moving
02:48:14,0.4796,-0.3585,0.7878,0.0588,Moving
02:48:16,0.4071,-0.369,0.6752,0.07,Moving
02:48:18,0.3915,-0.4551,0.7036,0.0764,Moving
02:48:20,0.4721,-0.4044,0.6728,0.0583,Moving
02:48:22,0.5189,-0.4493,0.7344,0.0647,Moving
02:48:24,0.5253,-0.3602,0.6555,0.0626,Moving
02:48:26,0.4358,-0.376,0.7511,0.0594,Moving
02:48:28,0.4666,-0.3585,0.7242,0.0603,Moving
02:48:30,0.4959,-0.3202,0.7213,0.0512,Moving
02:48:32,0.6191,-0.3451,0.6617,0.0543,Moving
02:48:34,0.498,-0.3785,0.7327,0.0529,Moving
02:48:36,0.5558,-0.3478,0.7492,0.0506,Moving
02:48:38,0.5315,-0.4174,0.7661,0.0582,Moving
02:48:40,0.4353,-0.3808,0.7404,0.059,Moving
02:48:42,0.5786,-0.3556,0.779,0.0771,Moving
02:48:44,0.5217,-0.3942,0.7175,0.0533,Moving
02:48:46,0.503,-0.4186,0.723,0.0677,Moving
02:48:48,0.4512,-0.4234,0.7222,0.0575,Moving
02:48:50,0.4929,-0.4114,0.685,0.0723,Moving
02:48:52,0.4519,-0.3941,0.6608,0.0539,Moving
02:48:54,0.4823,-0.5094,0.6439,0.0547,Moving
02:48:56,0.6049,-0.3899,0.6636,0.0567,Moving
02:48:58,0.536,-0.4201,0.6895,0.0639,Moving
02:49:00,0.4625,-0.427,0.6445,0.0502,Moving
02:49:02,0.48,-0.4506,0.7412,0.0576,Moving
02:49:04,0.5298,-0.4462,0.7434,0.098,Moving
02:49:06,0.4658,-0.3419,0.7226,0.0513,Moving
02:49:08,0.4644,-0.3557,0.6887,0.0707,Moving
02:49:10,0.5573,-0.3918,0.6844,0.0553,Moving
02:49:12,0.535,-0.4472,0.8391,0.0527,Moving
02:49:14,0.5672,-0.5028,0.6668,0.0505,Moving
02:49:16,0.4591,-0.3453,0.6955,0.054,Moving
02:49:18,0.5345,-0.4992,0.5876,0.0866,Moving
02:49:20,0.5834,-0.4242,0.7097,0.0584,Moving
02:49:22,0.4177,-0.3759,0.7207,0.0501,Moving
02:49:24,0.3823,-0.3188,0.7057,0.0535,Moving
02:49:26,0.4805,-0.3594,0.7014,0.059,Moving
02:49:28,0.4705,-0.4625,0.6641,0.0518,Moving
02:49:30,0.5445,-0.4406,0.742,0.0652,Moving
02:49:32,0.4112,-0.3839,0.7301,0.0515,Moving
02:49:34,0.4687,-0.4066,0.8098,0.0504,Moving
02:49:36,0.4799,-0.3571,0.7713,0.0699,Moving
02:49:38,0.4863,-0.3526,0.7445,0.0662,Moving
02:49:40,0.5343,-0.4547,0.6586,0.0535,Moving
02:49:42,0.5317,-0.355,0.7301,0.0634,Moving
02:49:44,0.4639,-0.3418,0.7449,0.075,Moving
02:49:46,0.4908,-0.4015,0.6958,0.0551,Moving
02:49:48,0.4528,-0.4309,0.6419,0.0506,Moving
02:49:50,0.582,-0.4074,0.7762,0.0628,Moving
02:49:52,0.4914,-0.4369,0.7181,0.0609,Moving
02:49:54,0.4979,-0.4147,0.6866,0.0567,Moving
02:49:56,0.5149,-0.4546,0.7746,0.0521,Moving
02:49:58,0.5768,-0.5109,0.6344,0.0511,Moving
02:50:00,0.4403,-0.4074,0.618,0.0742,Moving
02:50:02,0.4463,-0.4063,0.6356,0.0702,Moving
02:50:04,0.5569,-0.4231,0.6759,0.051,Moving
02:50:06,0.3865,-0.4284,0.7196,0.0525,Moving
02:50:08,0.4979,-0.449,0.7386,0.0546,Moving
02:50:10,0.5226,-0.3358,0.684,0.0551,Moving
02:50:12,0.412,-0.3671,0.6938,0.0577,Moving
02:50:14,0.4995,-0.2788,0.6422,0.0595,Moving
02:50:16,0.4338,-0.479,0.783,0.0515,Moving
02:50:18,0.4754,-0.3672,0.7106,0.0526,Moving
02:50:20,0.5219,-0.4119,0.6388,0.0521,Moving
02:50:22,0.5171,-0.3832,0.673,0.0567,Moving
02:50:24,0.5396,-0.444,0.6928,0.061,Moving
02:50:26,0.5403,-0.33,0.7787,0.0613,Moving
02:50:28,0.4971,-0.375,0.7652,0.0558,Moving
02:50:30,0.429,-0.4015,0.75,0.0566,Moving
02:50:32,0.5415,-0.4064,0.6114,0.0667,Moving
02:50:34,0.5368,-0.3248,0.6533,0.05,Moving
02:50:36,0.4798,-0.4531,0.7788,0.0517,Moving
02:50:38,0.5152,-0.3668,0.741,0.0832,Moving
02:50:40,0.5772,-0.378,0.5917,0.0562,Moving
02:50:42,0.6111,-0.3523,0.6832,0.0518,Moving
02:50:44,0.5299,-0.3919,0.6177,0.0624,Moving
02:50:46,0.4549,-0.382,0.7329,0.0598,Moving
02:50:48,0.4009,-0.391,0.7247,0.0543,Moving
02:50:50,0.4454,-0.4849,0.6245,0.0524,Moving
02:50:52,0.4587,-0.4083,0.7445,0.055,Moving
02:50:54,0.5376,-0.3594,0.7953,0.0565,Moving
02:50:56,0.4992,-0.402,0.6243,0.0564,Moving
02:50:58,0.5383,-0.4034,0.7424,0.0504,Moving
02:51:00,0.502,-0.4452,0.6953,0.066,Moving
02:51:02,0.5305,-0.4545,0.654,0.0554,Moving
02:51:04,0.5937,-0.4196,0.6701,0.0758,Moving
02:51:06,0.4748,-0.4463,0.6946,0.0529,Moving
02:51:08,0.447,-0.3809,0.7591,0.0649,Moving
02:51:10,0.4947,-0.3583,0.7215,0.0631,Moving
02:51:12,0.5325,-0.3927,0.7657,0.0509,Moving
02:51:14,0.445,-0.4289,0.6689,0.0613,Moving
02:51:16,0.4279,-0.4487,0.7198,0.0568,Moving
02:51:18,0.453,-0.4109,0.708,0.0633,Moving
02:51:20,0.4503,-0.4635,0.7523,0.0596,Moving
02:51:22,0.4902,-0.3828,0.7313,0.0501,Moving
02:51:24,0.5328,-0.404,0.7599,0.06,Moving
02:51:26,0.5599,-0.2727,0.68,0.0502,Moving
02:51:28,0.4873,-0.3371,0.7153,0.054,Moving
02:51:30,0.4963,-0.4756,0.6784,0.0542,Moving
02:51:32,0.4807,-0.3739,0.7468,0.0524,Moving
02:51:34,0.4979,-0.4283,0.723,0.0755,Moving
02:51:36,0.5537,-0.3305,0.6797,0.0555,Moving
02:51:38,0.4908,-0.4347,0.7621,0.0502,Moving
02:51:40,0.5028,-0.3961,0.7167,0.0712,Moving
02:51:42,0.3666,-0.3564,0.7204,0.0537,Moving
02:51:44,0.5434,-0.4444,0.6818,0.0537,Moving
02:51:46,0.4849,-0.4109,0.685,0.0545,Moving
02:51:48,0.5175,-0.4154,0.7272,0.055,Moving
02:51:50,0.5636,-0.4461,0.6425,0.0676,Moving
02:51:52,0.5394,-0.3585,0.6556,0.0593,Moving
02:51:54,0.4041,-0.3581,0.6864,0.0547,Moving
02:51:56,0.53,-0.3485,0.6939,0.0703,Moving
02:51:58,0.4997,-0.4689,0.6385,0.0526,Moving
02:52:00,0.5544,-0.3243,0.6943,0.064,Moving
02:52:02,0.5651,-0.3987,0.6923,0.0567,Moving
02:52:04,0.3963,-0.3815,0.5461,0.0526,Moving
02:52:06,0.5524,-0.3213,0.776,0.0523,Moving
02:52:08,0.428,-0.4918,0.6844,0.0669,Moving
02:52:10,0.5422,-0.3878,0.7972,0.0536,Moving
02:52:12,0.5157,-0.4176,0.7345,0.0526,Moving
02:52:14,0.4085,-0.4147,0.7997,0.0642,Moving
02:52:16,0.4646,-0.4103,0.5895,0.0801,Moving
02:52:18,0.553,-0.3569,0.714,0.0589,Moving
02:52:20,0.5452,-0.3454,0.7567,0.0519,Moving
02:52:22,0.484,-0.3328,0.745,0.0511,Moving
02:52:24,0.5555,-0.4114,0.752,0.0886,Moving
02:52:26,0.5931,-0.4065,0.6986,0.0529,Moving
02:52:28,0.5007,-0.3932,0.6767,0.0518,Moving
02:52:30,0.5397,-0.3734,0.5812,0.0523,Moving
02:52:32,0.4496,-0.4851,0.7242,0.0565,Moving
02:52:34,0.479,-0.3496,0.7689,0.0689,Moving
02:52:36,0.4815,-0.4399,0.7487,0.0641,Moving
02:52:38,0.5523,-0.4356,0.6567,0.0508,Moving
02:52:40,0.4701,-0.331,0.728,0.0516,Moving
02:52:42,0.4947,-0.332,0.5721,0.0538,Moving
02:52:44,0.4425,-0.4934,0.681,0.0527,Moving
02:52:46,0.4581,-0.3606,0.6465,0.0533,Moving
02:52:48,0.5477,-0.4457,0.6678,0.0525,Moving
02:52:50,0.4971,-0.4136,0.6948,0.0526,Moving
02:52:52,0.5183,-0.4459,0.7474,0.0511,Moving
02:52:54,0.5476,-0.413,0.6391,0.0523,Moving
02:52:56,0.4427,-0.3615,0.7789,0.0638,Moving
02:52:58,0.5408,-0.3572,0.634,0.0553,Moving
02:53:00,0.4903,-0.3768,0.7257,0.0091,Rest
02:53:02,0.4205,-0.3641,0.6591,0.0089,Rest
02:53:04,0.4832,-0.4264,0.719,0.0095,Rest
02:53:06,0.4277,-0.4625,0.6806,0.0101,Rest
02:53:08,0.5373,-0.4571,0.7023,0.0097,Rest
02:53:10,0.5999,-0.4349,0.6841,0.0118,Rest
02:53:12,0.4589,-0.3023,0.7396,0.0098,Rest
02:53:14,0.463,-0.4389,0.7239,0.0094,Rest
02:53:16,0.5091,-0.3899,0.7923,0.0093,Rest
02:53:18,0.4635,-0.486,0.6484,0.0097,Rest
02:53:20,0.4568,-0.4393,0.7303,0.0112,Rest
02:53:22,0.5235,-0.3782,0.7369,0.0098,Rest
02:53:24,0.4816,-0.4055,0.672,0.0087,Rest
02:53:26,0.4151,-0.3247,0.686,0.009,Rest
02:53:28,0.4286,-0.4578,0.7165,0.0113,Rest
02:53:30,0.5995,-0.3616,0.629,0.0109,Rest
02:53:32,0.5507,-0.3566,0.6367,0.0091,Rest
02:53:34,0.4625,-0.4045,0.6807,0.0114,Rest
02:53:36,0.4358,-0.4755,0.7043,0.0088,Rest
02:53:38,0.482,-0.4316,0.6723,0.0106,Rest
02:53:40,0.5012,-0.3961,0.6727,0.011,Rest
02:53:42,0.5784,-0.4543,0.6864,0.0111,Rest
02:53:44,0.5013,-0.3749,0.7401,0.0114,Rest
02:53:46,0.4703,-0.3636,0.6363,0.0105,Rest
02:53:48,0.4228,-0.3949,0.717,0.0077,Rest
02:53:50,0.5234,-0.368,0.7485,0.0107,Rest
02:53:52,0.4673,-0.4051,0.7294,0.01,Rest
02:53:54,0.4924,-0.4309,0.614,0.011,Rest
02:53:56,0.5272,-0.3451,0.6588,0.0083,Rest
02:53:58,0.4803,-0.3877,0.6341,0.0113,Rest
02:54:00,0.6052,-0.4661,0.7672,0.0092,Rest
02:54:02,0.5215,-0.4871,0.598,0.0086,Rest
02:54:04,0.5166,-0.474,0.6929,0.0114,Rest
02:54:06,0.4801,-0.352,0.7699,0.0106,Rest
02:54:08,0.4541,-0.3459,0.7,0.0091,Rest
02:54:10,0.5224,-0.4602,0.6638,0.0098,Rest
02:54:12,0.5588,-0.4619,0.7044,0.011,Rest
02:54:14,0.5136,-0.3847,0.7342,0.0117,Rest
02:54:16,0.5115,-0.3885,0.7384,0.0096,Rest
02:54:18,0.5135,-0.3584,0.6202,0.0102,Rest
02:54:20,0.4133,-0.3957,0.716,0.0092,Rest
02:54:22,0.4798,-0.3812,0.7178,0.0104,Rest
02:54:24,0.4626,-0.3122,0.7457,0.0099,Rest
02:54:26,0.4599,-0.3449,0.7773,0.009,Rest
02:54:28,0.4544,-0.3961,0.7517,0.0107,Rest
02:54:30,0.5339,-0.4785,0.7049,0.008,Rest
02:54:32,0.5402,-0.3962,0.644,0.0096,Rest
02:54:34,0.4731,-0.4194,0.6525,0.01,Rest
02:54:36,0.5303,-0.4413,0.7749,0.0084,Rest
02:54:38,0.6243,-0.4963,0.7364,0.0105,Rest
02:54:40,0.4628,-0.41,0.6922,0.011,Rest
02:54:42,0.5574,-0.3864,0.7573,0.0101,Rest
02:54:44,0.4966,-0.3424,0.6444,0.0112,Rest
02:54:46,0.5069,-0.4289,0.7001,0.0093,Rest
02:54:48,0.4867,-0.3747,0.7477,0.0093,Rest
02:54:50,0.5167,-0.3904,0.6772,0.0094,Rest
02:54:52,0.5298,-0.4579,0.7242,0.0099,Rest
02:54:54,0.5341,-0.4463,0.8046,0.0092,Rest
02:54:56,0.5457,-0.3884,0.6528,0.0082,Rest
02:54:58,0.4384,-0.3718,0.724,0.0103,Rest
02:55:00,0.5083,-0.3832,0.7061,0.0104,Rest
02:55:02,0.5593,-0.3569,0.6714,0.0088,Rest
02:55:04,0.4705,-0.3948,0.7507,0.0114,Rest
02:55:06,0.6285,-0.4242,0.7428,0.0095,Rest
02:55:08,0.4855,-0.4172,0.7407,0.0108,Rest
02:55:10,0.5377,-0.4119,0.6727,0.0099,Rest
02:55:12,0.5498,-0.4411,0.7266,0.0108,Rest
02:55:14,0.4829,-0.4263,0.7368,0.0099,Rest
02:55:16,0.4207,-0.3298,0.6651,0.01,Rest
02:55:18,0.5077,-0.4835,0.684,0.0105,Rest
02:55:20,0.4757,-0.4926,0.7484,0.0104,Rest
02:55:22,0.5633,-0.3776,0.6535,0.0086,Rest
02:55:24,0.515,-0.4183,0.7219,0.0099,Rest
02:55:26,0.5528,-0.3808,0.6926,0.0118,Rest
02:55:28,0.5318,-0.3969,0.6727,0.0117,Rest
02:55:30,0.5307,-0.3944,0.7993,0.0095,Rest
02:55:32,0.5439,-0.3228,0.715,0.0082,Rest
02:55:34,0.4031,-0.3464,0.6394,0.0073,Rest
02:55:36,0.4798,-0.4208,0.6935,0.0112,Rest
02:55:38,0.5034,-0.3902,0.7628,0.0111,Rest
02:55:40,0.5347,-0.4247,0.7615,0.0097,Rest
02:55:42,0.4845,-0.4221,0.7278,0.0104,Rest
02:55:44,0.4643,-0.37,0.6315,0.0092,Rest
02:55:46,0.5396,-0.3858,0.7527,0.0093,Rest
02:55:48,0.4864,-0.457,0.7206,0.0088,Rest
02:55:50,0.5081,-0.3854,0.6834,0.0108,Rest
02:55:52,0.5311,-0.4172,0.817,0.0106,Rest
02:55:54,0.4987,-0.4175,0.6986,0.0096,Rest
02:55:56,0.4467,-0.391,0.6784,0.0098,Rest
02:55:58,0.4719,-0.3729,0.6389,0.0104,Rest
02:56:00,0.5996,-0.3612,0.6997,0.0098,Rest
02:56:02,0.5021,-0.3533,0.736,0.0089,Rest
02:56:04,0.5581,-0.3929,0.7328,0.0126,Rest
02:56:06,0.5015,-0.4333,0.6596,0.0095,Rest
02:56:08,0.4553,-0.4567,0.7124,0.0111,Rest
02:56:10,0.5494,-0.3753,0.6442,0.0103,Rest
02:56:12,0.6185,-0.4125,0.6846,0.0105,Rest
02:56:14,0.4209,-0.4619,0.7946,0.0098,Rest
02:56:16,0.5587,-0.3618,0.647,0.0092,Rest
02:56:18,0.5011,-0.4023,0.7033,0.0097,Rest
02:56:20,0.4582,-0.4409,0.7608,0.0106,Rest
02:56:22,0.5556,-0.3802,0.698,0.0114,Rest
02:56:24,0.5793,-0.5026,0.6855,0.0107,Rest
02:56:26,0.5214,-0.3944,0.7586,0.0088,Rest
02:56:28,0.5391,-0.4401,0.6625,0.0108,Rest
02:56:30,0.4553,-0.3654,0.7418,0.0111,Rest
02:56:32,0.5207,-0.4823,0.6599,0.0106,Rest
02:56:34,0.6284,-0.3159,0.7133,0.0084,Rest
02:56:36,0.5351,-0.3874,0.7215,0.0104,Rest
02:56:38,0.5637,-0.3174,0.7203,0.0096,Rest
02:56:40,0.4624,-0.389,0.7339,0.009,Rest
02:56:42,0.4105,-0.4399,0.682,0.0082,Rest
02:56:44,0.4378,-0.3672,0.6292,0.0088,Rest
02:56:46,0.5419,-0.3693,0.6734,0.0107,Rest
02:56:48,0.3681,-0.4492,0.6812,0.0124,Rest
02:56:50,0.5824,-0.4541,0.7335,0.01,Rest
02:56:52,0.4904,-0.4551,0.7154,0.0114,Rest
02:56:54,0.4277,-0.4651,0.6375,0.0102,Rest
02:56:56,0.513,-0.4132,0.7221,0.0104,Rest
02:56:58,0.5228,-0.4593,0.762,0.0112,Rest
02:57:00,0.5265,-0.433,0.7328,0.0105,Rest
02:57:02,0.4474,-0.4068,0.7222,0.0095,Rest
02:57:04,0.5249,-0.4001,0.6201,0.0103,Rest
02:57:06,0.4411,-0.4099,0.6894,0.0119,Rest
02:57:08,0.4663,-0.3768,0.6059,0.0092,Rest
02:57:10,0.5658,-0.3545,0.7423,0.0114,Rest
02:57:12,0.5955,-0.3626,0.6994,0.0093,Rest
02:57:14,0.5196,-0.4081,0.6628,0.01,Rest
02:57:16,0.4455,-0.4399,0.6263,0.0106,Rest
02:57:18,0.4289,-0.4145,0.602,0.0108,Rest
02:57:20,0.5072,-0.3756,0.707,0.0091,Rest
02:57:22,0.5891,-0.3554,0.7121,0.0103,Rest
02:57:24,0.4605,-0.3854,0.6275,0.0101,Rest
02:57:26,0.4481,-0.3792,0.7429,0.0117,Rest
02:57:28,0.4713,-0.4486,0.6783,0.012,Rest
02:57:30,0.5509,-0.3886,0.7784,0.0078,Rest
02:57:32,0.5718,-0.4098,0.7323,0.0108,Rest
02:57:34,0.644,-0.3786,0.6437,0.0096,Rest
02:57:36,0.4933,-0.441,0.6003,0.0119,Rest
02:57:38,0.5152,-0.3588,0.6481,0.0104,Rest
02:57:40,0.528,-0.4388,0.7492,0.0105,Rest
02:57:42,0.5182,-0.4372,0.7333,0.009,Rest
02:57:44,0.444,-0.4453,0.7149,0.0092,Rest
02:57:46,0.5463,-0.382,0.6199,0.0107,Rest
02:57:48,0.6338,-0.4372,0.6823,0.0085,Rest
02:57:50,0.4509,-0.4269,0.754,0.0097,Rest
02:57:52,0.5352,-0.3655,0.7694,0.01,Rest
02:57:54,0.5099,-0.3588,0.7842,0.0118,Rest
02:57:56,0.499,-0.3993,0.6976,0.0095,Rest
02:57:58,0.519,-0.4909,0.8633,0.0119,Rest
02:58:00,0.4916,-0.4097,0.7573,0.0096,Rest
02:58:02,0.5415,-0.3167,0.6401,0.0106,Rest
02:58:04,0.438,-0.4361,0.7349,0.011,Rest
02:58:06,0.5057,-0.5071,0.6955,0.0103,Rest
02:58:08,0.4608,-0.3164,0.6969,0.0096,Rest
02:58:10,0.4681,-0.3739,0.8059,0.0103,Rest
02:58:12,0.4868,-0.3849,0.6424,0.0111,Rest
02:58:14,0.4437,-0.3919,0.7025,0.0104,Rest
02:58:16,0.4289,-0.3757,0.745,0.0102,Rest
02:58:18,0.5555,-0.4005,0.6818,0.0111,Rest
02:58:20,0.5204,-0.3705,0.6316,0.0092,Rest
02:58:22,0.5121,-0.4185,0.6545,0.0102,Rest
02:58:24,0.5502,-0.3314,0.7286,0.011,Rest
02:58:26,0.5402,-0.4429,0.7511,0.0089,Rest
02:58:28,0.5432,-0.3621,0.7413,0.0109,Rest
02:58:30,0.5404,-0.3841,0.6542,0.0093,Rest
02:58:32,0.514,-0.4354,0.6926,0.0109,Rest
02:58:34,0.5441,-0.3944,0.7678,0.0107,Rest
02:58:36,0.5346,-0.4345,0.7421,0.01,Rest
02:58:38,0.5476,-0.3601,0.7048,0.0089,Rest
02:58:40,0.5033,-0.4092,0.7179,0.0077,Rest
02:58:42,0.5541,-0.3086,0.6792,0.0097,Rest
02:58:44,0.5567,-0.3484,0.7648,0.0096,Rest
02:58:46,0.5473,-0.3836,0.6758,0.0108,Rest
02:58:48,0.5123,-0.3406,0.6983,0.0092,Rest
02:58:50,0.5064,-0.4125,0.6676,0.0106,Rest
02:58:52,0.5264,-0.4314,0.7472,0.0098,Rest
02:58:54,0.4809,-0.4309,0.6633,0.0081,Rest
02:58:56,0.4601,-0.4756,0.7081,0.0105,Rest
02:58:58,0.4837,-0.3705,0.6186,0.0087,Rest
02:59:00,0.5024,-0.3586,0.67,0.0091,Rest
02:59:02,0.5154,-0.3279,0.7631,0.0109,Rest
02:59:04,0.4745,-0.4445,0.6787,0.0098,Rest
02:59:06,0.5141,-0.3396,0.5689,0.0093,Rest
02:59:08,0.5374,-0.3963,0.6456,0.0098,Rest
02:59:10,0.4742,-0.3534,0.6829,0.0109,Rest
02:59:12,0.4925,-0.4183,0.7164,0.0091,Rest
02:59:14,0.5259,-0.2392,0.6711,0.0103,Rest
02:59:16,0.5185,-0.3642,0.719,0.0102,Rest
02:59:18,0.5299,-0.4103,0.8595,0.0101,Rest
02:59:20,0.4594,-0.4294,0.7094,0.01,Rest
02:59:22,0.5177,-0.3456,0.7787,0.0104,Rest
02:59:24,0.4644,-0.344,0.6752,0.0106,Rest
02:59:26,0.5544,-0.3564,0.7165,0.011,Rest
02:59:28,0.4902,-0.2536,0.6928,0.0094,Rest
02:59:30,0.4718,-0.4645,0.6604,0.0097,Rest
02:59:32,0.4763,-0.4396,0.7203,0.0103,Rest
02:59:34,0.4481,-0.3682,0.6347,0.0093,Rest
02:59:36,0.4836,-0.4016,0.7492,0.0105,Rest
02:59:38,0.5133,-0.4635,0.6616,0.0085,Rest
02:59:40,0.4518,-0.3787,0.697,0.0098,Rest
02:59:42,0.49,-0.4211,0.7198,0.0125,Rest
02:59:44,0.5002,-0.387,0.6485,0.0105,Rest
02:59:46,0.4834,-0.4343,0.6601,0.0108,Rest
02:59:48,0.472,-0.501,0.663,0.0093,Rest
02:59:50,0.3829,-0.4664,0.6785,0.0105,Rest
02:59:52,0.4687,-0.3898,0.6566,0.0094,Rest
02:59:54,0.4802,-0.4797,0.7206,0.0094,Rest
02:59:56,0.4659,-0.3421,0.6682,0.0099,Rest
02:59:58,0.538,-0.4156,0.7061,0.0105,Rest
03:00:00,0.5749,-0.4051,0.6986,0.009,Rest
03:00:02,0.4185,-0.411,0.7846,0.0094,Rest
03:00:04,0.4899,-0.4177,0.7542,0.0084,Rest
03:00:06,0.4957,-0.4355,0.6805,0.0095,Rest
03:00:08,0.5309,-0.4797,0.6565,0.0111,Rest
03:00:10,0.4933,-0.4044,0.6201,0.0092,Rest
03:00:12,0.4007,-0.4101,0.6436,0.0104,Rest
03:00:14,0.3462,-0.3306,0.7123,0.0101,Rest
03:00:16,0.4681,-0.3428,0.7276,0.0109,Rest
03:00:18,0.5123,-0.385,0.7409,0.0097,Rest
03:00:20,0.4682,-0.3934,0.6945,0.0101,Rest
03:00:22,0.495,-0.4827,0.683,0.0104,Rest
03:00:24,0.4924,-0.4009,0.6694,0.0104,Rest
03:00:26,0.4152,-0.4022,0.7454,0.0105,Rest
03:00:28,0.5273,-0.5172,0.6358,0.0099,Rest
03:00:30,0.5458,-0.3691,0.6719,0.0094,Rest
03:00:32,0.4894,-0.2275,0.6866,0.0102,Rest
03:00:34,0.56,-0.3646,0.6917,0.0106,Rest
03:00:36,0.4748,-0.385,0.659,0.0103,Rest
03:00:38,0.4586,-0.3829,0.6229,0.0103,Rest
03:00:40,0.4669,-0.4731,0.7374,0.0101,Rest
03:00:42,0.5262,-0.448,0.6555,0.0104,Rest
03:00:44,0.3943,-0.3995,0.7304,0.0109,Rest
03:00:46,0.5192,-0.3842,0.7167,0.0097,Rest
03:00:48,0.4723,-0.4295,0.7386,0.01,Rest
03:00:50,0.6214,-0.4471,0.6298,0.0099,Rest
03:00:52,0.5262,-0.4419,0.7266,0.0084,Rest
03:00:54,0.4547,-0.3795,0.6452,0.0113,Rest
03:00:56,0.5288,-0.4505,0.7296,0.0091,Rest
03:00:58,0.366,-0.3919,0.7663,0.0117,Rest
03:01:00,0.511,-0.3481,0.6681,0.0093,Rest
03:01:02,0.5237,-0.4251,0.6533,0.0106,Rest
03:01:04,0.4475,-0.4337,0.754,0.0097,Rest
03:01:06,0.5147,-0.4063,0.6991,0.0097,Rest
03:01:08,0.5506,-0.3662,0.6856,0.0081,Rest
03:01:10,0.4623,-0.4027,0.7522,0.0081,Rest
03:01:12,0.5388,-0.395,0.7218,0.0082,Rest
03:01:14,0.4878,-0.3307,0.6281,0.011,Rest
03:01:16,0.5323,-0.4112,0.738,0.0097,Rest
03:01:18,0.5901,-0.322,0.7487,0.0114,Rest
03:01:20,0.4815,-0.3552,0.6916,0.0122,Rest
03:01:22,0.4178,-0.3664,0.6781,0.0095,Rest
03:01:24,0.4857,-0.3286,0.6892,0.0115,Rest
03:01:26,0.527,-0.4232,0.6666,0.0102,Rest
03:01:28,0.4366,-0.3841,0.7147,0.0073,Rest
03:01:30,0.5255,-0.3679,0.7214,0.0098,Rest
03:01:32,0.4928,-0.3675,0.6892,0.0098,Rest
03:01:34,0.4917,-0.3585,0.6825,0.0122,Rest
03:01:36,0.5158,-0.3936,0.7242,0.0102,Rest
03:01:38,0.4302,-0.3922,0.6408,0.0122,Rest
03:01:40,0.5124,-0.2605,0.6154,0.0122,Rest
03:01:42,0.5326,-0.338,0.7608,0.0097,Rest
03:01:44,0.477,-0.4871,0.7058,0.0109,Rest
03:01:46,0.4488,-0.4466,0.6334,0.0108,Rest
03:01:48,0.5777,-0.42,0.6971,0.0112,Rest
03:01:50,0.5939,-0.3882,0.7599,0.0091,Rest
03:01:52,0.5787,-0.4519,0.7054,0.009,Rest
03:01:54,0.5133,-0.4751,0.7505,0.0095,Rest
03:01:56,0.4568,-0.2886,0.6551,0.0115,Rest
03:01:58,0.5511,-0.2692,0.7223,0.01,Rest
03:02:00,0.5432,-0.4244,0.731,0.0101,Rest
03:02:02,0.5445,-0.4376,0.702,0.01,Rest
03:02:04,0.5396,-0.5054,0.6855,0.0105,Rest
03:02:06,0.5023,-0.3778,0.791,0.0086,Rest
03:02:08,0.5304,-0.3769,0.7632,0.0074,Rest
03:02:10,0.4288,-0.3683,0.6578,0.0092,Rest
03:02:12,0.4275,-0.459,0.6415,0.0066,Rest
03:02:14,0.4533,-0.4389,0.7556,0.0106,Rest
03:02:16,0.5662,-0.4514,0.7281,0.0117,Rest
03:02:18,0.4458,-0.4391,0.7241,0.01,Rest
03:02:20,0.5011,-0.4001,0.7207,0.0095,Rest
03:02:22,0.5027,-0.4693,0.7214,0.009,Rest
03:02:24,0.4259,-0.3974,0.8035,0.0084,Rest
03:02:26,0.4777,-0.3699,0.7064,0.0109,Rest
03:02:28,0.4828,-0.4653,0.7321,0.0096,Rest
03:02:30,0.4922,-0.3891,0.7423,0.0119,Rest
03:02:32,0.5062,-0.2545,0.6469,0.01,Rest
03:02:34,0.5605,-0.4001,0.7432,0.0097,Rest
03:02:36,0.457,-0.356,0.6727,0.0117,Rest
03:02:38,0.5128,-0.42,0.7518,0.0109,Rest
03:02:40,0.4928,-0.3618,0.6125,0.0099,Rest
03:02:42,0.5151,-0.4813,0.6362,0.009,Rest
03:02:44,0.475,-0.4575,0.7772,0.0092,Rest
03:02:46,0.5262,-0.4134,0.7068,0.0106,Rest
03:02:48,0.5786,-0.3658,0.6794,0.0102,Rest
03:02:50,0.4758,-0.3328,0.7114,0.0095,Rest
03:02:52,0.4855,-0.3507,0.6719,0.0104,Rest
03:02:54,0.3773,-0.4293,0.7595,0.0108,Rest
03:02:56,0.5303,-0.4244,0.5844,0.0087,Rest
03:02:58,0.4234,-0.4297,0.7671,0.0113,Rest
03:03:00,0.5005,-0.3061,0.6683,0.0104,Rest
03:03:02,0.5007,-0.3563,0.6658,0.0105,Rest
03:03:04,0.4717,-0.4457,0.6771,0.0094,Rest
03:03:06,0.538,-0.3831,0.811,0.0092,Rest
03:03:08,0.5259,-0.4196,0.6811,0.0106,Rest
03:03:10,0.527,-0.4346,0.7036,0.0094,Rest
03:03:12,0.4579,-0.3883,0.7198,0.0095,Rest
03:03:14,0.4864,-0.3803,0.6862,0.0093,Rest
03:03:16,0.4481,-0.3328,0.722,0.0099,Rest
03:03:18,0.5828,-0.2977,0.7446,0.0107,Rest
03:03:20,0.5259,-0.3733,0.7338,0.0099,Rest
03:03:22,0.4074,-0.4017,0.7301,0.0105,Rest
03:03:24,0.523,-0.4003,0.7767,0.0103,Rest
03:03:26,0.4471,-0.3822,0.6165,0.0119,Rest
03:03:28,0.5736,-0.3983,0.7035,0.0098,Rest
03:03:30,0.4914,-0.3473,0.668,0.0107,Rest
03:03:32,0.5573,-0.2621,0.6732,0.0102,Rest
03:03:34,0.4593,-0.4211,0.7135,0.0083,Rest
03:03:36,0.4379,-0.3486,0.7186,0.0093,Rest
03:03:38,0.5293,-0.3291,0.6591,0.0091,Rest
03:03:40,0.5357,-0.4161,0.6814,0.0096,Rest
03:03:42,0.5484,-0.3725,0.664,0.0102,Rest
03:03:44,0.5296,-0.359,0.7494,0.0116,Rest
03:03:46,0.374,-0.455,0.6421,0.0106,Rest
03:03:48,0.5489,-0.3985,0.6716,0.011,Rest
03:03:50,0.5165,-0.4913,0.7115,0.0076,Rest
03:03:52,0.5396,-0.4429,0.7172,0.01,Rest
03:03:54,0.5415,-0.3771,0.7594,0.0091,Rest
03:03:56,0.4738,-0.4553,0.684,0.0092,Rest
03:03:58,0.5246,-0.4526,0.6528,0.0102,Rest
03:04:00,0.4746,-0.4436,0.7545,0.0096,Rest
03:04:02,0.4946,-0.3821,0.7117,0.0105,Rest
03:04:04,0.4008,-0.5537,0.7516,0.0084,Rest
03:04:06,0.4766,-0.5056,0.6171,0.0094,Rest
03:04:08,0.4484,-0.4497,0.7191,0.0107,Rest
03:04:10,0.4786,-0.4268,0.7244,0.0096,Rest
03:04:12,0.3763,-0.3593,0.6786,0.0108,Rest
03:04:14,0.5695,-0.4247,0.8153,0.0086,Rest
03:04:16,0.5104,-0.4623,0.7302,0.0105,Rest
03:04:18,0.4819,-0.4597,0.6978,0.0087,Rest
03:04:20,0.4722,-0.4083,0.6098,0.0109,Rest
03:04:22,0.5106,-0.3829,0.7328,0.0096,Rest
03:04:24,0.4727,-0.4288,0.5341,0.0085,Rest
03:04:26,0.5357,-0.4752,0.7753,0.0105,Rest
03:04:28,0.4803,-0.4491,0.6755,0.0092,Rest
03:04:30,0.5119,-0.4723,0.7867,0.0105,Rest
03:04:32,0.486,-0.3815,0.6536,0.0108,Rest
03:04:34,0.5354,-0.3714,0.6914,0.0097,Rest
03:04:36,0.4283,-0.3806,0.6894,0.0103,Rest
03:04:38,0.501,-0.3529,0.6954,0.0109,Rest
03:04:40,0.4446,-0.414,0.6531,0.0097,Rest
03:04:42,0.4969,-0.4,0.5753,0.0089,Rest
03:04:44,0.4751,-0.3981,0.6776,0.0118,Rest
03:04:46,0.5238,-0.4573,0.7347,0.0116,Rest
03:04:48,0.4736,-0.422,0.5499,0.011,Rest
03:04:50,0.5069,-0.4674,0.7059,0.0101,Rest
03:04:52,0.5401,-0.4224,0.7933,0.0102,Rest
03:04:54,0.4951,-0.4513,0.8406,0.0094,Rest
03:04:56,0.4946,-0.4302,0.6452,0.0099,Rest
03:04:58,0.5603,-0.3669,0.662,0.0106,Rest
03:05:00,0.4821,-0.3324,0.6404,0.0093,Rest
03:05:02,0.5255,-0.4332,0.6922,0.0089,Rest
03:05:04,0.5437,-0.4111,0.6907,0.0108,Rest
03:05:06,0.4347,-0.3424,0.7713,0.0102,Rest
03:05:08,0.502,-0.4705,0.6222,0.01,Rest
03:05:10,0.5619,-0.3171,0.7269,0.0098,Rest
03:05:12,0.4965,-0.4463,0.6594,0.0105,Rest
03:05:14,0.4473,-0.3559,0.7108,0.0094,Rest
03:05:16,0.5603,-0.4734,0.7149,0.0099,Rest
03:05:18,0.5,-0.3171,0.7301,0.0101,Rest
03:05:20,0.4902,-0.4979,0.6744,0.0088,Rest
03:05:22,0.4564,-0.3803,0.6676,0.0099,Rest
03:05:24,0.5111,-0.4224,0.7415,0.0097,Rest
03:05:26,0.4194,-0.3893,0.7257,0.0104,Rest
03:05:28,0.5383,-0.416,0.5753,0.0093,Rest
03:05:30,0.4203,-0.4649,0.7108,0.0095,Rest
03:05:32,0.5708,-0.378,0.5701,0.011,Rest
03:05:34,0.5675,-0.4118,0.7638,0.0099,Rest
03:05:36,0.5502,-0.4351,0.6869,0.01,Rest
03:05:38,0.4079,-0.3877,0.6415,0.0101,Rest
03:05:40,0.5333,-0.4336,0.7105,0.01,Rest
03:05:42,0.4647,-0.3968,0.7416,0.0118,Rest
03:05:44,0.5089,-0.4406,0.7717,0.0123,Rest
03:05:46,0.4496,-0.4338,0.6701,0.0079,Rest
03:05:48,0.4744,-0.4346,0.6677,0.0091,Rest
03:05:50,0.4545,-0.386,0.743,0.0108,Rest
03:05:52,0.4833,-0.3507,0.6083,0.0097,Rest
03:05:54,0.4124,-0.3489,0.7894,0.0102,Rest
03:05:56,0.4901,-0.4313,0.7708,0.0108,Rest
03:05:58,0.5164,-0.4627,0.6934,0.0102,Rest
03:06:00,0.4815,-0.4308,0.6816,0.0086,Rest
03:06:02,0.6417,-0.3984,0.7454,0.0089,Rest
03:06:04,0.4497,-0.4058,0.7683,0.0109,Rest
03:06:06,0.595,-0.3553,0.7029,0.0099,Rest
03:06:08,0.4287,-0.46,0.7071,0.0093,Rest
03:06:10,0.5192,-0.3676,0.6489,0.01,Rest
03:06:12,0.5823,-0.3839,0.7252,0.0095,Rest
03:06:14,0.5003,-0.325,0.6062,0.0094,Rest
03:06:16,0.5298,-0.3582,0.627,0.0097,Rest
03:06:18,0.4957,-0.3514,0.7154,0.0086,Rest
03:06:20,0.4279,-0.4332,0.6722,0.011,Rest
03:06:22,0.5765,-0.4214,0.7091,0.0104,Rest
03:06:24,0.5345,-0.4223,0.7635,0.0094,Rest
03:06:26,0.4484,-0.3749,0.6485,0.0101,Rest
03:06:28,0.5177,-0.3349,0.7774,0.0082,Rest
03:06:30,0.5221,-0.4514,0.6395,0.012,Rest
03:06:32,0.4132,-0.4006,0.7091,0.0099,Rest
03:06:34,0.5535,-0.3776,0.7753,0.009,Rest
03:06:36,0.5684,-0.3503,0.7948,0.0107,Rest
03:06:38,0.527,-0.4065,0.7285,0.0079,Rest
03:06:40,0.4813,-0.3043,0.5726,0.01,Rest
03:06:42,0.4114,-0.2962,0.6695,0.0112,Rest
03:06:44,0.4763,-0.3915,0.7028,0.0105,Rest
03:06:46,0.5345,-0.4703,0.6448,0.0106,Rest
03:06:48,0.4387,-0.4054,0.6953,0.01,Rest
03:06:50,0.4315,-0.3754,0.6869,0.01,Rest
03:06:52,0.6126,-0.525,0.7832,0.0101,Rest
03:06:54,0.5259,-0.5325,0.7438,0.0106,Rest
03:06:56,0.5226,-0.3543,0.7614,0.0099,Rest
03:06:58,0.4294,-0.2957,0.6953,0.0095,Rest
03:07:00,0.4612,-0.3371,0.6304,0.0086,Rest
03:07:02,0.5804,-0.4288,0.7333,0.0109,Rest
03:07:04,0.5296,-0.463,0.7301,0.0097,Rest
03:07:06,0.4417,-0.3074,0.6388,0.0102,Rest
03:07:08,0.4561,-0.3661,0.6767,0.0105,Rest
03:07:10,0.4494,-0.4346,0.6786,0.0104,Rest
03:07:12,0.4893,-0.4252,0.7328,0.0087,Rest
03:07:14,0.4493,-0.3618,0.6499,0.0095,Rest
03:07:16,0.4961,-0.3586,0.7603,0.0081,Rest
03:07:18,0.5868,-0.3541,0.6606,0.0102,Rest
03:07:20,0.5118,-0.5077,0.7187,0.0086,Rest
03:07:22,0.5292,-0.4165,0.706,0.0102,Rest
03:07:24,0.4877,-0.3818,0.6341,0.009,Rest
03:07:26,0.4283,-0.3904,0.6992,0.0102,Rest
03:07:28,0.4497,-0.4597,0.7047,0.0112,Rest
03:07:30,0.557,-0.4784,0.741,0.0104,Rest
03:07:32,0.4466,-0.4857,0.6389,0.0095,Rest
03:07:34,0.5903,-0.4208,0.7273,0.0098,Rest
03:07:36,0.5371,-0.4096,0.616,0.0098,Rest
03:07:38,0.5463,-0.3886,0.6785,0.0104,Rest
03:07:40,0.4909,-0.3447,0.7443,0.0102,Rest
03:07:42,0.4943,-0.3591,0.6581,0.011,Rest
03:07:44,0.5776,-0.4614,0.7339,0.01,Rest
03:07:46,0.565,-0.361,0.7094,0.0109,Rest
03:07:48,0.5248,-0.3541,0.7241,0.012,Rest
03:07:50,0.5055,-0.4446,0.7078,0.0111,Rest
03:07:52,0.5243,-0.4912,0.6077,0.0091,Rest
03:07:54,0.5276,-0.421,0.6996,0.0089,Rest
03:07:56,0.3462,-0.4315,0.6104,0.0089,Rest
03:07:58,0.5337,-0.4026,0.7466,0.0114,Rest
03:08:00,0.4993,-0.4123,0.6596,0.0095,Rest
03:08:02,0.5129,-0.4082,0.614,0.0093,Rest
03:08:04,0.5045,-0.4221,0.7866,0.0111,Rest
03:08:06,0.4811,-0.4253,0.7414,0.011,Rest
03:08:08,0.4437,-0.3975,0.7209,0.0101,Rest
03:08:10,0.5968,-0.4553,0.691,0.0105,Rest
03:08:12,0.4989,-0.4109,0.6412,0.0111,Rest
03:08:14,0.4617,-0.3706,0.7314,0.0094,Rest
03:08:16,0.4721,-0.342,0.6702,0.01,Rest
03:08:18,0.4656,-0.3698,0.6335,0.011,Rest
03:08:20,0.6149,-0.4252,0.6162,0.0108,Rest
03:08:22,0.5247,-0.3685,0.7007,0.0105,Rest
03:08:24,0.4826,-0.4204,0.742,0.0096,Rest
03:08:26,0.5132,-0.3398,0.7678,0.0102,Rest
03:08:28,0.5184,-0.4304,0.6711,0.0098,Rest
03:08:30,0.4605,-0.4499,0.7119,0.0102,Rest
03:08:32,0.498,-0.434,0.6537,0.0106,Rest
03:08:34,0.5582,-0.4983,0.7773,0.0102,Rest
03:08:36,0.5048,-0.4593,0.7005,0.0089,Rest
03:08:38,0.5322,-0.3802,0.7446,0.0103,Rest
03:08:40,0.4544,-0.4474,0.7556,0.0121,Rest
03:08:42,0.5384,-0.3051,0.6566,0.0101,Rest
03:08:44,0.422,-0.3873,0.7187,0.0108,Rest
03:08:46,0.5328,-0.343,0.7485,0.0101,Rest
03:08:48,0.5114,-0.3677,0.7235,0.01,Rest
03:08:50,0.395,-0.3552,0.7166,0.0105,Rest
03:08:52,0.6147,-0.5172,0.6398,0.0097,Rest
03:08:54,0.497,-0.3903,0.8017,0.0117,Rest
03:08:56,0.581,-0.3734,0.6188,0.0111,Rest
03:08:58,0.4761,-0.4078,0.6963,0.0107,Rest
03:09:00,0.387,-0.3539,0.6171,0.0082,Rest
03:09:02,0.5505,-0.3671,0.7639,0.0093,Rest
03:09:04,0.4964,-0.4302,0.6854,0.0101,Rest
03:09:06,0.579,-0.4344,0.712,0.0093,Rest
03:09:08,0.5346,-0.4039,0.6825,0.0078,Rest
03:09:10,0.4856,-0.4037,0.6463,0.0088,Rest
03:09:12,0.4782,-0.3432,0.7921,0.0109,Rest
03:09:14,0.5799,-0.3364,0.7917,0.0101,Rest
03:09:16,0.4827,-0.3771,0.6919,0.0085,Rest
03:09:18,0.4949,-0.3679,0.7456,0.0092,Rest
03:09:20,0.4877,-0.3922,0.7816,0.0094,Rest
03:09:22,0.5334,-0.443,0.7198,0.0088,Rest
03:09:24,0.4769,-0.3941,0.7481,0.0105,Rest
03:09:26,0.5039,-0.3857,0.6332,0.0103,Rest
03:09:28,0.559,-0.4223,0.6691,0.0121,Rest
03:09:30,0.5747,-0.4419,0.6951,0.0094,Rest
03:09:32,0.5296,-0.3867,0.7649,0.01,Rest
03:09:34,0.4419,-0.4584,0.6107,0.0102,Rest
03:09:36,0.5005,-0.3826,0.5998,0.0099,Rest
03:09:38,0.5362,-0.4115,0.7742,0.0087,Rest
03:09:40,0.5259,-0.3317,0.7589,0.009,Rest
03:09:42,0.5654,-0.297,0.6677,0.0101,Rest
03:09:44,0.464,-0.3634,0.7045,0.0098,Rest
03:09:46,0.4601,-0.4052,0.6848,0.0087,Rest
03:09:48,0.4725,-0.4368,0.7531,0.0126,Rest
03:09:50,0.4663,-0.4108,0.6802,0.0116,Rest
03:09:52,0.5289,-0.3368,0.6925,0.0099,Rest
03:09:54,0.4844,-0.4546,0.784,0.0109,Rest
03:09:56,0.6077,-0.4512,0.6492,0.0096,Rest
03:09:58,0.4492,-0.4221,0.7569,0.0091,Rest
03:10:00,0.3877,-0.4126,0.7443,0.0108,Rest
03:10:02,0.513,-0.3917,0.7336,0.0088,Rest
03:10:04,0.5316,-0.4289,0.6615,0.0101,Rest
03:10:06,0.4898,-0.38,0.6932,0.011,Rest
03:10:08,0.5807,-0.4447,0.7261,0.0098,Rest
03:10:10,0.4531,-0.3958,0.8305,0.0102,Rest
03:10:12,0.4702,-0.4277,0.6422,0.0075,Rest
03:10:14,0.4772,-0.4794,0.6657,0.0097,Rest
03:10:16,0.4835,-0.4269,0.7673,0.0097,Rest
03:10:18,0.5381,-0.4079,0.6568,0.0107,Rest
03:10:20,0.5759,-0.4887,0.6878,0.0075,Rest
03:10:22,0.555,-0.3609,0.6953,0.0081,Rest
03:10:24,0.4866,-0.43,0.7166,0.0117,Rest
03:10:26,0.4494,-0.3774,0.717,0.0111,Rest
03:10:28,0.5361,-0.4413,0.7061,0.011,Rest
03:10:30,0.5015,-0.3538,0.682,0.0093,Rest
03:10:32,0.5141,-0.4622,0.7166,0.009,Rest
03:10:34,0.4673,-0.3358,0.7144,0.012,Rest
03:10:36,0.4645,-0.3513,0.7477,0.0099,Rest
03:10:38,0.5103,-0.3834,0.707,0.0096,Rest
03:10:40,0.5371,-0.452,0.6313,0.0108,Rest
03:10:42,0.5002,-0.4244,0.6396,0.0117,Rest
03:10:44,0.5046,-0.2779,0.6923,0.0115,Rest
03:10:46,0.4966,-0.3717,0.6881,0.0111,Rest
03:10:48,0.5276,-0.4266,0.761,0.0098,Rest
03:10:50,0.39,-0.4322,0.7497,0.0118,Rest
03:10:52,0.5665,-0.305,0.6929,0.0097,Rest
03:10:54,0.4772,-0.4274,0.7172,0.009,Rest
03:10:56,0.5963,-0.425,0.7177,0.0092,Rest
03:10:58,0.4851,-0.4073,0.6623,0.0092,Rest
03:11:00,0.4766,-0.3919,0.7075,0.0091,Rest
03:11:02,0.537,-0.4536,0.665,0.0096,Rest
03:11:04,0.5238,-0.4718,0.6988,0.0107,Rest
03:11:06,0.5075,-0.4117,0.7188,0.0092,Rest
03:11:08,0.5032,-0.3016,0.6696,0.0087,Rest
03:11:10,0.532,-0.4947,0.6791,0.0083,Rest
03:11:12,0.3803,-0.3269,0.7519,0.0087,Rest
03:11:14,0.5032,-0.3729,0.7457,0.0099,Rest
03:11:16,0.4513,-0.3404,0.7007,0.0109,Rest
03:11:18,0.5187,-0.4408,0.6391,0.0089,Rest
03:11:20,0.5206,-0.4287,0.7422,0.0107,Rest
03:11:22,0.578,-0.3729,0.6643,0.0099,Rest
03:11:24,0.5892,-0.3769,0.7121,0.0099,Rest
03:11:26,0.4607,-0.4155,0.7209,0.0103,Rest
03:11:28,0.4027,-0.3238,0.7775,0.0105,Rest
03:11:30,0.5039,-0.4819,0.6364,0.0099,Rest
03:11:32,0.4825,-0.3575,0.6772,0.0089,Rest
03:11:34,0.5146,-0.3998,0.6513,0.0099,Rest
03:11:36,0.4601,-0.395,0.7394,0.0109,Rest
03:11:38,0.4598,-0.4104,0.6982,0.0107,Rest
03:11:40,0.5325,-0.4097,0.6975,0.0077,Rest
03:11:42,0.5195,-0.4536,0.6059,0.0101,Rest
03:11:44,0.4916,-0.3583,0.5745,0.0091,Rest
03:11:46,0.5335,-0.3373,0.6683,0.01,Rest
03:11:48,0.5187,-0.453,0.6524,0.0103,Rest
03:11:50,0.5066,-0.4102,0.6571,0.01,Rest
03:11:52,0.5232,-0.3961,0.7067,0.01,Rest
03:11:54,0.485,-0.2875,0.8586,0.0097,Rest
03:11:56,0.4695,-0.4409,0.79,0.0113,Rest
03:11:58,0.5142,-0.4507,0.5957,0.0094,Rest
03:12:00,0.3936,-0.5016,0.701,0.0107,Rest
03:12:02,0.5532,-0.4013,0.6721,0.0104,Rest
03:12:04,0.5377,-0.3543,0.6782,0.0104,Rest
03:12:06,0.4595,-0.3867,0.5636,0.0109,Rest
03:12:08,0.4809,-0.4221,0.7021,0.0087,Rest
03:12:10,0.5184,-0.4642,0.7619,0.0094,Rest
03:12:12,0.5561,-0.376,0.7158,0.0096,Rest
03:12:14,0.5173,-0.4403,0.7062,0.0103,Rest
03:12:16,0.5036,-0.3985,0.7378,0.0095,Rest
03:12:18,0.4932,-0.3965,0.6717,0.01,Rest
03:12:20,0.3948,-0.3685,0.5906,0.0122,Rest
03:12:22,0.3947,-0.3813,0.6757,0.0127,Rest
03:12:24,0.5228,-0.4296,0.6623,0.0099,Rest
03:12:26,0.4616,-0.3219,0.7256,0.0104,Rest
03:12:28,0.5551,-0.4474,0.6742,0.01,Rest
03:12:30,0.5152,-0.4204,0.6575,0.0109,Rest
03:12:32,0.4683,-0.499,0.598,0.0098,Rest
03:12:34,0.4479,-0.4635,0.7194,0.0098,Rest
03:12:36,0.5468,-0.3406,0.7718,0.0084,Rest
03:12:38,0.5087,-0.4153,0.6795,0.0095,Rest
03:12:40,0.5431,-0.4171,0.7402,0.0096,Rest
03:12:42,0.4597,-0.2707,0.7916,0.011,Rest
03:12:44,0.514,-0.4351,0.6604,0.0103,Rest
03:12:46,0.5479,-0.4413,0.7278,0.0102,Rest
03:12:48,0.5278,-0.422,0.757,0.0093,Rest
03:12:50,0.4567,-0.4079,0.5962,0.0091,Rest
03:12:52,0.5488,-0.2916,0.6495,0.0106,Rest
03:12:54,0.4872,-0.3455,0.8035,0.0085,Rest
03:12:56,0.4405,-0.3921,0.7499,0.0102,Rest
03:12:58,0.4939,-0.4155,0.6663,0.0077,Rest
03:13:00,0.5809,-0.5048,0.7192,0.0098,Rest
03:13:02,0.458,-0.4087,0.788,0.01,Rest
03:13:04,0.4518,-0.4873,0.7221,0.0109,Rest
03:13:06,0.4812,-0.5011,0.6905,0.0108,Rest
03:13:08,0.5693,-0.4231,0.7082,0.0115,Rest
03:13:10,0.5865,-0.3417,0.701,0.0106,Rest
03:13:12,0.4864,-0.3626,0.6644,0.0104,Rest
03:13:14,0.4718,-0.3987,0.5568,0.009,Rest
03:13:16,0.4726,-0.3778,0.6989,0.0113,Rest
03:13:18,0.5169,-0.4271,0.6871,0.0094,Rest
03:13:20,0.4571,-0.4425,0.7189,0.0112,Rest
03:13:22,0.5062,-0.4104,0.6655,0.0097,Rest
03:13:24,0.4747,-0.4139,0.7567,0.0107,Rest
03:13:26,0.5764,-0.3542,0.6373,0.0094,Rest
03:13:28,0.5539,-0.358,0.7821,0.0099,Rest
03:13:30,0.6256,-0.346,0.6874,0.0101,Rest
03:13:32,0.4813,-0.3816,0.6446,0.0099,Rest
03:13:34,0.4502,-0.3674,0.6369,0.0118,Rest
03:13:36,0.4853,-0.4721,0.6898,0.0112,Rest
03:13:38,0.5362,-0.4922,0.6529,0.0118,Rest
03:13:40,0.5305,-0.411,0.7307,0.0091,Rest
03:13:42,0.4658,-0.3718,0.7094,0.0101,Rest
03:13:44,0.4763,-0.42,0.6376,0.008,Rest
03:13:46,0.5261,-0.3809,0.7314,0.0087,Rest
03:13:48,0.4921,-0.4133,0.7235,0.0092,Rest
03:13:50,0.5156,-0.3789,0.7586,0.011,Rest
03:13:52,0.4251,-0.4478,0.7076,0.0109,Rest
03:13:54,0.3973,-0.3885,0.7695,0.0108,Rest
03:13:56,0.4861,-0.4001,0.7627,0.0093,Rest
03:13:58,0.5451,-0.2967,0.6713,0.0087,Rest
03:14:00,0.4714,-0.4339,0.7943,0.0087,Rest
03:14:02,0.4872,-0.4751,0.718,0.0111,Rest
03:14:04,0.4913,-0.3717,0.6369,0.0094,Rest
03:14:06,0.5423,-0.3979,0.6936,0.0113,Rest
03:14:08,0.5648,-0.2944,0.6882,0.0114,Rest
03:14:10,0.4656,-0.4463,0.7622,0.0103,Rest
03:14:12,0.4351,-0.4466,0.6858,0.0098,Rest
03:14:14,0.4471,-0.4647,0.7625,0.0104,Rest
03:14:16,0.4439,-0.4399,0.71,0.0102,Rest
03:14:18,0.5339,-0.3391,0.7997,0.0095,Rest
03:14:20,0.5038,-0.3511,0.6934,0.0111,Rest
03:14:22,0.5355,-0.3323,0.6975,0.0092,Rest
03:14:24,0.4434,-0.4798,0.7148,0.0101,Rest
03:14:26,0.3834,-0.4209,0.7143,0.0115,Rest
03:14:28,0.4681,-0.407,0.6714,0.0103,Rest
03:14:30,0.5277,-0.4385,0.792,0.0117,Rest
03:14:32,0.4714,-0.352,0.6983,0.0099,Rest
03:14:34,0.4928,-0.3461,0.7858,0.0102,Rest
03:14:36,0.4941,-0.4613,0.6191,0.0098,Rest
03:14:38,0.521,-0.4125,0.7095,0.0087,Rest
03:14:40,0.4625,-0.4255,0.7785,0.0099,Rest
03:14:42,0.5983,-0.446,0.7095,0.0102,Rest
03:14:44,0.5419,-0.4821,0.7811,0.0089,Rest
03:14:46,0.5515,-0.3574,0.615,0.0091,Rest
03:14:48,0.5586,-0.3927,0.7958,0.0093,Rest
03:14:50,0.5151,-0.499,0.6622,0.0104,Rest
03:14:52,0.4267,-0.2673,0.759,0.0119,Rest
03:14:54,0.5145,-0.387,0.7723,0.0104,Rest
03:14:56,0.5588,-0.4188,0.5745,0.0087,Rest
03:14:58,0.4693,-0.5233,0.7187,0.0113,Rest
03:15:00,0.3741,-0.4202,0.7574,0.0084,Rest
03:15:02,0.4508,-0.473,0.7019,0.0103,Rest
03:15:04,0.4937,-0.3928,0.7346,0.0097,Rest
03:15:06,0.5092,-0.4309,0.6173,0.0089,Rest
03:15:08,0.468,-0.4242,0.68,0.0085,Rest
03:15:10,0.4537,-0.4641,0.7404,0.0108,Rest
03:15:12,0.4194,-0.3301,0.6337,0.009,Rest
03:15:14,0.4948,-0.3901,0.6091,0.0099,Rest
03:15:16,0.5224,-0.4161,0.6983,0.01,Rest
03:15:18,0.5249,-0.3586,0.6949,0.0108,Rest
03:15:20,0.4609,-0.4187,0.6574,0.0105,Rest
03:15:22,0.5515,-0.3539,0.6224,0.0103,Rest
03:15:24,0.5693,-0.4231,0.6848,0.0113,Rest
03:15:26,0.3401,-0.3983,0.7494,0.0108,Rest
03:15:28,0.5276,-0.4709,0.72,0.0107,Rest
03:15:30,0.4669,-0.2825,0.693,0.0103,Rest
03:15:32,0.4672,-0.407,0.8602,0.0111,Rest
03:15:34,0.4912,-0.3792,0.7079,0.0102,Rest
03:15:36,0.4187,-0.2849,0.7591,0.0118,Rest
03:15:38,0.4591,-0.4497,0.6728,0.0095,Rest
03:15:40,0.4911,-0.3301,0.717,0.011,Rest
03:15:42,0.4841,-0.4199,0.7372,0.0098,Rest
03:15:44,0.5004,-0.3617,0.7474,0.0098,Rest
03:15:46,0.4826,-0.445,0.7251,0.0105,Rest
03:15:48,0.4214,-0.3463,0.6622,0.0102,Rest
03:15:50,0.4848,-0.4456,0.659,0.0074,Rest
03:15:52,0.5379,-0.4511,0.7249,0.0088,Rest
03:15:54,0.5255,-0.3737,0.7223,0.0081,Rest
03:15:56,0.5297,-0.3945,0.643,0.011,Rest
03:15:58,0.505,-0.4348,0.6706,0.0089,Rest
03:16:00,0.4811,-0.4139,0.7741,0.0099,Rest
03:16:02,0.5436,-0.4045,0.633,0.0092,Rest
03:16:04,0.5267,-0.3594,0.6201,0.0097,Rest
03:16:06,0.4733,-0.5044,0.6558,0.009,Rest
03:16:08,0.5383,-0.4436,0.7386,0.0104,Rest
03:16:10,0.4591,-0.4061,0.7715,0.0101,Rest
03:16:12,0.5077,-0.3389,0.7866,0.0088,Rest
03:16:14,0.5168,-0.3795,0.7021,0.009,Rest
03:16:16,0.4704,-0.44,0.5794,0.0091,Rest
03:16:18,0.5285,-0.5152,0.7988,0.0102,Rest
03:16:20,0.4623,-0.356,0.7516,0.0083,Rest
03:16:22,0.5488,-0.4066,0.7716,0.009,Rest
03:16:24,0.4073,-0.4119,0.7748,0.01,Rest
03:16:26,0.4711,-0.3852,0.7458,0.0103,Rest
03:16:28,0.517,-0.3286,0.709,0.0102,Rest
03:16:30,0.5001,-0.3945,0.6687,0.0099,Rest
03:16:32,0.573,-0.4461,0.7875,0.0112,Rest
03:16:34,0.5815,-0.4869,0.6921,0.0112,Rest
03:16:36,0.5351,-0.3543,0.7816,0.0105,Rest
03:16:38,0.4743,-0.4235,0.8075,0.0093,Rest
03:16:40,0.5422,-0.5125,0.7537,0.0108,Rest
03:16:42,0.5397,-0.4204,0.7042,0.0086,Rest
03:16:44,0.4225,-0.3264,0.6453,0.0118,Rest
03:16:46,0.4573,-0.3512,0.7218,0.0112,Rest
03:16:48,0.5613,-0.4372,0.7108,0.011,Rest
03:16:50,0.4683,-0.4343,0.7187,0.0117,Rest
03:16:52,0.6286,-0.2886,0.729,0.0105,Rest
03:16:54,0.5092,-0.3346,0.7004,0.0093,Rest
03:16:56,0.4956,-0.4086,0.6151,0.0101,Rest
03:16:58,0.551,-0.41,0.8478,0.0106,Rest
03:17:00,0.5285,-0.4238,0.7076,0.0103,Rest
03:17:02,0.4971,-0.3918,0.7502,0.0086,Rest
03:17:04,0.5239,-0.343,0.763,0.0117,Rest
03:17:06,0.5636,-0.3889,0.7045,0.0117,Rest
03:17:08,0.5327,-0.3688,0.6608,0.0096,Rest
03:17:10,0.4842,-0.3694,0.7251,0.0104,Rest
03:17:12,0.4199,-0.4037,0.6684,0.0102,Rest
03:17:14,0.506,-0.4186,0.7888,0.0096,Rest
03:17:16,0.537,-0.4107,0.6691,0.0093,Rest
03:17:18,0.4604,-0.4264,0.6832,0.0101,Rest
03:17:20,0.5562,-0.4635,0.836,0.0107,Rest
03:17:22,0.4937,-0.4024,0.6633,0.0092,Rest
03:17:24,0.5387,-0.455,0.6537,0.0097,Rest
03:17:26,0.5331,-0.3454,0.7433,0.0118,Rest
03:17:28,0.5074,-0.3711,0.7776,0.0112,Rest
03:17:30,0.4645,-0.4618,0.7857,0.0089,Rest
03:17:32,0.4747,-0.4541,0.7809,0.0103,Rest
03:17:34,0.5638,-0.4075,0.7146,0.0105,Rest
03:17:36,0.5925,-0.3411,0.7623,0.0084,Rest
03:17:38,0.4364,-0.4864,0.6843,0.0107,Rest
03:17:40,0.4586,-0.4957,0.7223,0.0097,Rest
03:17:42,0.4043,-0.4166,0.7356,0.0096,Rest
03:17:44,0.4551,-0.3283,0.8215,0.0102,Rest
03:17:46,0.5488,-0.4132,0.6958,0.0104,Rest
03:17:48,0.4341,-0.5175,0.7297,0.0114,Rest
03:17:50,0.4749,-0.349,0.695,0.0095,Rest
03:17:52,0.5516,-0.4933,0.6113,0.0105,Rest
03:17:54,0.4775,-0.3931,0.703,0.0108,Rest
03:17:56,0.5169,-0.3529,0.7455,0.0096,Rest
03:17:58,0.4187,-0.3482,0.7322,0.0087,Rest
03:18:00,0.4847,-0.3562,0.7351,0.0093,Rest
03:18:02,0.4953,-0.3406,0.7277,0.0108,Rest
03:18:04,0.568,-0.3771,0.6823,0.0091,Rest
03:18:06,0.5252,-0.4573,0.6629,0.0114,Rest
03:18:08,0.5005,-0.5,0.7762,0.0091,Rest
03:18:10,0.5708,-0.3639,0.7202,0.01,Rest
03:18:12,0.4849,-0.4772,0.6928,0.0114,Rest
03:18:14,0.4339,-0.4482,0.5656,0.01,Rest
03:18:16,0.5259,-0.3877,0.7213,0.0103,Rest
03:18:18,0.5163,-0.3329,0.7355,0.0099,Rest
03:18:20,0.555,-0.3391,0.7124,0.0085,Rest
03:18:22,0.4454,-0.4126,0.7453,0.0091,Rest
03:18:24,0.4321,-0.4239,0.7942,0.0098,Rest
03:18:26,0.4535,-0.4439,0.7094,0.0103,Rest
03:18:28,0.5241,-0.367,0.7227,0.0104,Rest
03:18:30,0.4739,-0.3727,0.6277,0.009,Rest
03:18:32,0.4936,-0.3977,0.6653,0.0119,Rest
03:18:34,0.4795,-0.3932,0.7015,0.0111,Rest
03:18:36,0.5351,-0.3913,0.7682,0.01,Rest
03:18:38,0.5226,-0.4372,0.6736,0.0108,Rest
03:18:40,0.5018,-0.4555,0.7432,0.0081,Rest
03:18:42,0.4802,-0.3619,0.6681,0.0096,Rest
03:18:44,0.495,-0.3944,0.5377,0.0095,Rest
03:18:46,0.3887,-0.3506,0.7422,0.0107,Rest
03:18:48,0.5109,-0.3686,0.7634,0.01,Rest
03:18:50,0.48,-0.3856,0.6317,0.0105,Rest
03:18:52,0.4236,-0.4244,0.7013,0.0132,Rest
03:18:54,0.4735,-0.4398,0.6805,0.0102,Rest
03:18:56,0.4446,-0.3132,0.6784,0.0097,Rest
03:18:58,0.5435,-0.4231,0.6236,0.0092,Rest
03:19:00,0.5156,-0.465,0.8443,0.0098,Rest
03:19:02,0.4768,-0.3997,0.6981,0.0114,Rest
03:19:04,0.406,-0.4684,0.6595,0.0078,Rest
03:19:06,0.5245,-0.4417,0.7043,0.0096,Rest
03:19:08,0.4857,-0.4022,0.7205,0.01,Rest
03:19:10,0.5276,-0.4221,0.7567,0.0107,Rest
03:19:12,0.5373,-0.3987,0.66,0.0087,Rest
03:19:14,0.4777,-0.2986,0.708,0.0107,Rest
03:19:16,0.4371,-0.4213,0.6554,0.0097,Rest
03:19:18,0.4634,-0.4436,0.7245,0.0086,Rest
03:19:20,0.5055,-0.4544,0.6766,0.0096,Rest
03:19:22,0.5558,-0.3902,0.6595,0.0116,Rest
03:19:24,0.5923,-0.3788,0.7271,0.0092,Rest
03:19:26,0.5413,-0.4918,0.7066,0.0095,Rest
03:19:28,0.5375,-0.3608,0.6268,0.0107,Rest
03:19:30,0.4452,-0.3417,0.749,0.0091,Rest
03:19:32,0.5028,-0.4317,0.6342,0.0115,Rest
03:19:34,0.5064,-0.4196,0.632,0.0117,Rest
03:19:36,0.4656,-0.3456,0.6953,0.0112,Rest
03:19:38,0.5027,-0.3934,0.6242,0.0102,Rest
03:19:40,0.536,-0.3925,0.7186,0.0103,Rest
03:19:42,0.4812,-0.4161,0.6577,0.0096,Rest
03:19:44,0.5089,-0.3623,0.7931,0.0092,Rest
03:19:46,0.4998,-0.3599,0.6101,0.011,Rest
03:19:48,0.4694,-0.4374,0.6294,0.0094,Rest
03:19:50,0.4689,-0.4101,0.6383,0.0085,Rest
03:19:52,0.5027,-0.374,0.6706,0.0093,Rest
03:19:54,0.4418,-0.4073,0.6865,0.0109,Rest
03:19:56,0.4707,-0.3548,0.691,0.0103,Rest
03:19:58,0.5169,-0.4273,0.7002,0.0107,Rest
03:20:00,0.5271,-0.3515,0.6481,0.0098,Rest
03:20:02,0.5375,-0.5053,0.6375,0.0108,Rest
03:20:04,0.5578,-0.2989,0.7238,0.0101,Rest
03:20:06,0.499,-0.3658,0.7229,0.009,Rest
03:20:08,0.525,-0.4218,0.5776,0.0087,Rest
03:20:10,0.4205,-0.4847,0.7574,0.0118,Rest
03:20:12,0.5289,-0.4546,0.7273,0.0095,Rest
03:20:14,0.5964,-0.3453,0.6525,0.0103,Rest
03:20:16,0.477,-0.38,0.6714,0.0101,Rest
03:20:18,0.5176,-0.4283,0.6392,0.0098,Rest
03:20:20,0.4652,-0.4372,0.7002,0.0109,Rest
03:20:22,0.464,-0.392,0.7599,0.0103,Rest
03:20:24,0.5156,-0.4145,0.706,0.0092,Rest
03:20:26,0.4354,-0.439,0.5947,0.0087,Rest
03:20:28,0.5577,-0.4361,0.7627,0.0104,Rest
03:20:30,0.4727,-0.3868,0.7004,0.0104,Rest
03:20:32,0.4832,-0.3731,0.67,0.0114,Rest
03:20:34,0.5319,-0.4245,0.7106,0.0105,Rest
03:20:36,0.5889,-0.3117,0.6203,0.01,Rest
03:20:38,0.5639,-0.3129,0.6442,0.0089,Rest
03:20:40,0.4903,-0.4715,0.6664,0.0127,Rest
03:20:42,0.491,-0.2529,0.7514,0.0096,Rest
03:20:44,0.4775,-0.3949,0.7557,0.0099,Rest
03:20:46,0.5083,-0.4015,0.7277,0.0101,Rest
03:20:48,0.499,-0.4218,0.706,0.0083,Rest
03:20:50,0.3941,-0.4677,0.6814,0.0093,Rest
03:20:52,0.5538,-0.4673,0.6249,0.0117,Rest
03:20:54,0.5384,-0.4659,0.773,0.0099,Rest
03:20:56,0.5156,-0.3667,0.7057,0.0099,Rest
03:20:58,0.4271,-0.3971,0.7045,0.0109,Rest
03:21:00,0.5853,-0.3269,0.6711,0.0113,Rest
03:21:02,0.4793,-0.4088,0.747,0.0095,Rest
03:21:04,0.5146,-0.3479,0.6017,0.0104,Rest
03:21:06,0.468,-0.4172,0.6497,0.0097,Rest
03:21:08,0.4179,-0.4272,0.7729,0.0106,Rest
03:21:10,0.5341,-0.28,0.7057,0.0099,Rest
03:21:12,0.4825,-0.4311,0.7386,0.0108,Rest
03:21:14,0.5517,-0.3745,0.7266,0.0105,Rest
03:21:16,0.5779,-0.447,0.668,0.0096,Rest
03:21:18,0.4548,-0.5117,0.7571,0.0095,Rest
03:21:20,0.493,-0.416,0.7499,0.0085,Rest
03:21:22,0.4762,-0.3788,0.7566,0.0095,Rest
03:21:24,0.426,-0.3681,0.7808,0.0106,Rest
03:21:26,0.5373,-0.3792,0.633,0.0101,Rest
03:21:28,0.5453,-0.3621,0.6451,0.0092,Rest
03:21:30,0.5287,-0.4003,0.6896,0.0089,Rest
03:21:32,0.4593,-0.3053,0.6604,0.0095,Rest
03:21:34,0.5203,-0.3519,0.7477,0.0079,Rest
03:21:36,0.5052,-0.3892,0.7224,0.0084,Rest
03:21:38,0.4464,-0.3437,0.6665,0.0094,Rest
03:21:40,0.4157,-0.4162,0.7425,0.0093,Rest
03:21:42,0.5291,-0.4222,0.6479,0.0122,Rest
03:21:44,0.4371,-0.3514,0.7345,0.0096,Rest
03:21:46,0.4986,-0.3869,0.697,0.0114,Rest
03:21:48,0.539,-0.3088,0.6595,0.0113,Rest
03:21:50,0.5376,-0.4709,0.7193,0.01,Rest
03:21:52,0.4359,-0.3307,0.7041,0.0104,Rest
03:21:54,0.5363,-0.4244,0.6874,0.0081,Rest
03:21:56,0.4516,-0.4089,0.7006,0.0076,Rest
03:21:58,0.5014,-0.3523,0.722,0.0107,Rest
03:22:00,0.4342,-0.4235,0.6908,0.0105,Rest
03:22:02,0.4876,-0.4533,0.734,0.0108,Rest
03:22:04,0.455,-0.4447,0.6769,0.0093,Rest
03:22:06,0.4998,-0.4083,0.6426,0.01,Rest
03:22:08,0.5269,-0.4557,0.6593,0.0098,Rest
03:22:10,0.5581,-0.4251,0.6135,0.0092,Rest
03:22:12,0.4825,-0.35,0.7651,0.0093,Rest
03:22:14,0.533,-0.5151,0.6483,0.0106,Rest
03:22:16,0.4931,-0.3831,0.6685,0.0101,Rest
03:22:18,0.4523,-0.4675,0.7051,0.0101,Rest
03:22:20,0.498,-0.4334,0.7873,0.0101,Rest
03:22:22,0.4566,-0.5546,0.733,0.0091,Rest
03:22:24,0.4941,-0.3864,0.7676,0.0092,Rest
03:22:26,0.4981,-0.5142,0.6102,0.0112,Rest
03:22:28,0.5049,-0.4647,0.7559,0.0102,Rest
03:22:30,0.5065,-0.3536,0.6395,0.0103,Rest
03:22:32,0.4462,-0.4089,0.7112,0.0111,Rest
03:22:34,0.442,-0.4182,0.646,0.01,Rest
03:22:36,0.4747,-0.4563,0.7048,0.0101,Rest
03:22:38,0.4402,-0.3143,0.7181,0.01,Rest
03:22:40,0.3848,-0.4362,0.636,0.0089,Rest
03:22:42,0.3825,-0.4364,0.6794,0.0103,Rest
03:22:44,0.5093,-0.4183,0.6989,0.009,Rest
03:22:46,0.4495,-0.2982,0.6866,0.0114,Rest
03:22:48,0.477,-0.3933,0.7173,0.0112,Rest
03:22:50,0.5325,-0.4848,0.7508,0.0101,Rest
03:22:52,0.4559,-0.3903,0.639,0.0127,Rest
03:22:54,0.5089,-0.4551,0.79,0.0105,Rest
03:22:56,0.504,-0.4957,0.6434,0.0097,Rest
03:22:58,0.4615,-0.4016,0.7015,0.0092,Rest
03:23:00,0.4039,-0.4156,0.6583,0.0116,Rest
03:23:02,0.5286,-0.3593,0.6796,0.0101,Rest
03:23:04,0.5032,-0.3762,0.6889,0.0099,Rest
03:23:06,0.4868,-0.4128,0.7789,0.0106,Rest
03:23:08,0.5096,-0.4555,0.6655,0.0079,Rest
03:23:10,0.5387,-0.3959,0.6856,0.0088,Rest
03:23:12,0.5219,-0.3934,0.7313,0.01,Rest
03:23:14,0.4619,-0.4354,0.7298,0.0098,Rest
03:23:16,0.538,-0.3652,0.7438,0.0106,Rest
03:23:18,0.5139,-0.4049,0.7281,0.0106,Rest
03:23:20,0.4847,-0.388,0.6979,0.0104,Rest
03:23:22,0.5095,-0.4431,0.6907,0.0102,Rest
03:23:24,0.4599,-0.4607,0.6418,0.0096,Rest
03:23:26,0.504,-0.351,0.6895,0.0103,Rest
03:23:28,0.4971,-0.3777,0.6917,0.0095,Rest
03:23:30,0.495,-0.3659,0.6973,0.0101,Rest
03:23:32,0.5223,-0.3963,0.6342,0.0106,Rest
03:23:34,0.4948,-0.3847,0.7119,0.009,Rest
03:23:36,0.57,-0.4426,0.6405,0.0101,Rest
03:23:38,0.4446,-0.4095,0.7488,0.0094,Rest
03:23:40,0.384,-0.4033,0.7731,0.0093,Rest
03:23:42,0.4125,-0.4559,0.6911,0.0085,Rest
03:23:44,0.519,-0.4107,0.7709,0.0096,Rest
03:23:46,0.4158,-0.4054,0.7206,0.011,Rest
03:23:48,0.4794,-0.4717,0.7348,0.0095,Rest
03:23:50,0.4606,-0.4019,0.6267,0.0094,Rest
03:23:52,0.5266,-0.4337,0.6997,0.01,Rest
03:23:54,0.5044,-0.2748,0.6752,0.0107,Rest
03:23:56,0.5597,-0.5014,0.6865,0.01,Rest
03:23:58,0.4818,-0.2895,0.5647,0.0094,Rest
03:24:00,0.5108,-0.3899,0.7232,0.0094,Rest
03:24:02,0.5754,-0.455,0.7155,0.0108,Rest
03:24:04,0.4398,-0.3692,0.6517,0.0099,Rest
03:24:06,0.5657,-0.4548,0.71,0.0079,Rest
03:24:08,0.4626,-0.4847,0.6874,0.0107,Rest
03:24:10,0.5555,-0.4192,0.7408,0.0092,Rest
03:24:12,0.4755,-0.3432,0.7431,0.0095,Rest
03:24:14,0.4692,-0.4814,0.7508,0.0101,Rest
03:24:16,0.4901,-0.363,0.7343,0.0125,Rest
03:24:18,0.5543,-0.382,0.6888,0.01,Rest
03:24:20,0.5382,-0.4705,0.7736,0.0091,Rest
03:24:22,0.4494,-0.4382,0.6773,0.0076,Rest
03:24:24,0.5042,-0.5312,0.6238,0.0094,Rest
03:24:26,0.5544,-0.4161,0.782,0.009,Rest
03:24:28,0.5645,-0.4658,0.6741,0.0099,Rest
03:24:30,0.5241,-0.3829,0.7214,0.0094,Rest
03:24:32,0.5042,-0.44,0.6826,0.0092,Rest
03:24:34,0.5796,-0.3447,0.6159,0.01,Rest
03:24:36,0.4561,-0.2967,0.6333,0.0105,Rest
03:24:38,0.5055,-0.391,0.7338,0.0101,Rest
03:24:40,0.4975,-0.4594,0.7328,0.0108,Rest
03:24:42,0.4937,-0.4755,0.7413,0.0112,Rest
03:24:44,0.5309,-0.4289,0.6313,0.0104,Rest
03:24:46,0.3912,-0.4304,0.646,0.0089,Rest
03:24:48,0.4782,-0.4087,0.6786,0.0104,Rest
03:24:50,0.4689,-0.4279,0.6579,0.0088,Rest
03:24:52,0.4848,-0.4878,0.7423,0.0104,Rest
03:24:54,0.4168,-0.3906,0.7061,0.0105,Rest
03:24:56,0.4948,-0.3134,0.6787,0.0111,Rest
03:24:58,0.5615,-0.3466,0.6873,0.009,Rest
03:25:00,0.4874,-0.3531,0.7836,0.0082,Rest
03:25:02,0.5597,-0.4534,0.6978,0.0101,Rest
03:25:04,0.5046,-0.418,0.7346,0.0102,Rest
03:25:06,0.4949,-0.3202,0.7335,0.0084,Rest
03:25:08,0.5272,-0.4538,0.7603,0.011,Rest
03:25:10,0.5196,-0.3671,0.819,0.0108,Rest
03:25:12,0.4104,-0.4267,0.7458,0.01,Rest
03:25:14,0.5512,-0.4166,0.6819,0.0106,Rest
03:25:16,0.5032,-0.4065,0.627,0.0105,Rest
03:25:18,0.4653,-0.4844,0.6776,0.0099,Rest
03:25:20,0.527,-0.4206,0.6379,0.0111,Rest
03:25:22,0.5389,-0.4231,0.6084,0.009,Rest
03:25:24,0.5132,-0.4848,0.6746,0.0104,Rest
03:25:26,0.5631,-0.3822,0.6125,0.0109,Rest
03:25:28,0.459,-0.4031,0.7218,0.0104,Rest
03:25:30,0.5819,-0.4288,0.6295,0.0092,Rest
03:25:32,0.4957,-0.3928,0.7445,0.0115,Rest
03:25:34,0.5274,-0.4483,0.6915,0.0105,Rest
03:25:36,0.5348,-0.3109,0.723,0.0105,Rest
03:25:38,0.3718,-0.4613,0.7057,0.01,Rest
03:25:40,0.4541,-0.3151,0.6976,0.0095,Rest
03:25:42,0.5275,-0.3719,0.7562,0.009,Rest
03:25:44,0.4557,-0.3339,0.7011,0.0095,Rest
03:25:46,0.4183,-0.382,0.7395,0.01,Rest
03:25:48,0.5162,-0.3562,0.6838,0.0094,Rest
03:25:50,0.5082,-0.4341,0.7461,0.0091,Rest
03:25:52,0.4526,-0.4309,0.657,0.0102,Rest
03:25:54,0.4829,-0.4235,0.6225,0.0108,Rest
03:25:56,0.5145,-0.362,0.7164,0.0112,Rest
03:25:58,0.5123,-0.4285,0.6961,0.0109,Rest
03:26:00,0.5121,-0.4126,0.6338,0.0102,Rest
03:26:02,0.6108,-0.4384,0.7082,0.0104,Rest
03:26:04,0.4566,-0.4901,0.7562,0.0098,Rest
03:26:06,0.4946,-0.4346,0.6667,0.0118,Rest
03:26:08,0.5474,-0.4306,0.6969,0.0111,Rest
03:26:10,0.5279,-0.4099,0.7305,0.0086,Rest
03:26:12,0.6095,-0.4262,0.7383,0.0108,Rest
03:26:14,0.5034,-0.4712,0.6495,0.0093,Rest
03:26:16,0.4964,-0.3901,0.6807,0.0099,Rest
03:26:18,0.4689,-0.4743,0.737,0.0098,Rest
03:26:20,0.5625,-0.3874,0.6475,0.0117,Rest
03:26:22,0.4696,-0.4047,0.6717,0.0096,Rest
03:26:24,0.5857,-0.2457,0.7036,0.0095,Rest
03:26:26,0.5845,-0.393,0.7188,0.0091,Rest
03:26:28,0.4704,-0.4352,0.6498,0.008,Rest
03:26:30,0.5177,-0.3795,0.756,0.0097,Rest
03:26:32,0.6084,-0.358,0.6751,0.009,Rest
03:26:34,0.53,-0.4086,0.6978,0.0107,Rest
03:26:36,0.4582,-0.3728,0.6749,0.0097,Rest
03:26:38,0.528,-0.3947,0.7392,0.0101,Rest
03:26:40,0.4608,-0.43,0.7234,0.0102,Rest
03:26:42,0.5207,-0.3571,0.6744,0.0112,Rest
03:26:44,0.5142,-0.4245,0.6891,0.0092,Rest
03:26:46,0.4739,-0.4251,0.7034,0.0112,Rest
03:26:48,0.5129,-0.3055,0.7312,0.0108,Rest
03:26:50,0.521,-0.4996,0.7991,0.0094,Rest
03:26:52,0.644,-0.3407,0.6537,0.011,Rest
03:26:54,0.5524,-0.4537,0.7309,0.0094,Rest
03:26:56,0.5313,-0.3881,0.7174,0.01,Rest
03:26:58,0.5671,-0.3952,0.6476,0.0114,Rest
03:27:00,0.4928,-0.3165,0.7753,0.0099,Rest
03:27:02,0.4484,-0.2988,0.6781,0.01,Rest
03:27:04,0.4216,-0.3573,0.7841,0.0117,Rest
03:27:06,0.5108,-0.4556,0.5786,0.0086,Rest
03:27:08,0.5428,-0.3961,0.7226,0.0093,Rest
03:27:10,0.491,-0.4197,0.7229,0.0106,Rest
03:27:12,0.5709,-0.4971,0.8031,0.0107,Rest
03:27:14,0.5313,-0.3961,0.7357,0.0101,Rest
03:27:16,0.4868,-0.419,0.6788,0.0105,Rest
03:27:18,0.5158,-0.3547,0.6843,0.0107,Rest
03:27:20,0.4028,-0.5078,0.7365,0.0103,Rest
03:27:22,0.4638,-0.3989,0.6709,0.0101,Rest
03:27:24,0.5159,-0.3974,0.7375,0.011,Rest
03:27:26,0.3931,-0.3154,0.7552,0.0106,Rest
03:27:28,0.5251,-0.4136,0.6657,0.0112,Rest
03:27:30,0.4612,-0.3589,0.6934,0.011,Rest
03:27:32,0.4043,-0.4059,0.7336,0.009,Rest
03:27:34,0.508,-0.4009,0.7055,0.0105,Rest
03:27:36,0.5827,-0.342,0.6736,0.0099,Rest
03:27:38,0.5277,-0.3702,0.6722,0.0104,Rest
03:27:40,0.5098,-0.3964,0.6908,0.0108,Rest
03:27:42,0.4736,-0.4109,0.7075,0.0085,Rest
03:27:44,0.475,-0.3715,0.642,0.0103,Rest
03:27:46,0.4161,-0.3762,0.7274,0.0124,Rest
03:27:48,0.5436,-0.4871,0.7757,0.0096,Rest
03:27:50,0.4567,-0.3682,0.704,0.0111,Rest
03:27:52,0.4922,-0.3935,0.5922,0.0106,Rest
03:27:54,0.5568,-0.3689,0.7495,0.009,Rest
03:27:56,0.4973,-0.4425,0.6348,0.0113,Rest
03:27:58,0.4916,-0.3449,0.7495,0.0088,Rest
03:28:00,0.5446,-0.3682,0.716,0.0095,Rest
03:28:02,0.48,-0.416,0.6337,0.0093,Rest
03:28:04,0.5805,-0.4477,0.7508,0.0093,Rest
03:28:06,0.4325,-0.4813,0.7082,0.0102,Rest
03:28:08,0.5923,-0.4473,0.7265,0.0109,Rest
03:28:10,0.4166,-0.41,0.7053,0.0101,Rest
03:28:12,0.5254,-0.4077,0.7039,0.0104,Rest
03:28:14,0.4875,-0.4165,0.8055,0.0089,Rest
03:28:16,0.5129,-0.4074,0.7244,0.0084,Rest
03:28:18,0.4671,-0.4639,0.6544,0.0092,Rest
03:28:20,0.5222,-0.3371,0.709,0.0108,Rest
03:28:22,0.5489,-0.4471,0.7159,0.0087,Rest
03:28:24,0.4814,-0.3392,0.763,0.0089,Rest
03:28:26,0.4344,-0.4299,0.7024,0.0097,Rest
03:28:28,0.6186,-0.502,0.7233,0.0099,Rest
03:28:30,0.5002,-0.38,0.7552,0.0097,Rest
03:28:32,0.4199,-0.3271,0.6311,0.0102,Rest
03:28:34,0.508,-0.3725,0.6403,0.0095,Rest
03:28:36,0.5331,-0.3609,0.6967,0.0086,Rest
03:28:38,0.4877,-0.3714,0.7421,0.011,Rest
03:28:40,0.4764,-0.501,0.7161,0.0096,Rest
03:28:42,0.4089,-0.3838,0.6948,0.0094,Rest
03:28:44,0.4694,-0.4741,0.688,0.0106,Rest
03:28:46,0.5269,-0.4686,0.7308,0.0094,Rest
03:28:48,0.5432,-0.4033,0.6698,0.0093,Rest
03:28:50,0.4805,-0.4108,0.7391,0.0124,Rest
03:28:52,0.5398,-0.3231,0.6365,0.0109,Rest
03:28:54,0.5651,-0.3427,0.7677,0.0089,Rest
03:28:56,0.5973,-0.4616,0.6879,0.0092,Rest
03:28:58,0.4822,-0.4076,0.7088,0.0096,Rest
03:29:00,0.4709,-0.3757,0.6564,0.0097,Rest
03:29:02,0.5015,-0.4718,0.7334,0.0093,Rest
03:29:04,0.5374,-0.4253,0.6537,0.0101,Rest
03:29:06,0.4557,-0.3589,0.5676,0.0105,Rest
03:29:08,0.4987,-0.2723,0.7038,0.0096,Rest
03:29:10,0.5186,-0.4526,0.7471,0.0088,Rest
03:29:12,0.4968,-0.4668,0.6615,0.0092,Rest
03:29:14,0.481,-0.4313,0.7355,0.0088,Rest
03:29:16,0.5564,-0.4915,0.7234,0.0099,Rest
03:29:18,0.5205,-0.4823,0.7312,0.0104,Rest
03:29:20,0.4473,-0.3987,0.6635,0.0107,Rest
03:29:22,0.4964,-0.3775,0.7225,0.0112,Rest
03:29:24,0.4673,-0.3382,0.6479,0.0094,Rest
03:29:26,0.4921,-0.386,0.7769,0.0084,Rest
03:29:28,0.511,-0.3703,0.7329,0.0105,Rest
03:29:30,0.4355,-0.4313,0.7051,0.0101,Rest
03:29:32,0.4273,-0.3543,0.7009,0.0091,Rest
03:29:34,0.5902,-0.3499,0.5896,0.0092,Rest
03:29:36,0.4838,-0.3687,0.6314,0.0122,Rest
03:29:38,0.4935,-0.3315,0.6787,0.0104,Rest
03:29:40,0.3956,-0.4178,0.8209,0.0092,Rest
03:29:42,0.4818,-0.3525,0.6758,0.0114,Rest
03:29:44,0.5124,-0.3331,0.7664,0.0109,Rest
03:29:46,0.4201,-0.457,0.7618,0.0111,Rest
03:29:48,0.4542,-0.4422,0.7124,0.0093,Rest
03:29:50,0.5025,-0.3854,0.7742,0.0094,Rest
03:29:52,0.4964,-0.3407,0.741,0.0092,Rest
03:29:54,0.4688,-0.4983,0.6881,0.0108,Rest
03:29:56,0.5427,-0.3747,0.7203,0.0089,Rest
03:29:58,0.5055,-0.503,0.672,0.0117,Rest
03:30:00,0.4771,-0.3568,0.6908,0.006,Rest
03:30:02,0.5471,-0.3525,0.6671,0.0038,Rest
03:30:04,0.4401,-0.4343,0.7679,0.0058,Rest
03:30:06,0.4945,-0.4163,0.7022,0.0037,Rest
03:30:08,0.4643,-0.4104,0.578,0.0044,Rest
03:30:10,0.4568,-0.3844,0.769,0.0053,Rest
03:30:12,0.4813,-0.5488,0.6889,0.0043,Rest
03:30:14,0.442,-0.3697,0.7397,0.0036,Rest
03:30:16,0.4684,-0.3925,0.7541,0.004,Rest
03:30:18,0.545,-0.464,0.7533,0.0057,Rest
03:30:20,0.5359,-0.3703,0.7874,0.0056,Rest
03:30:22,0.5125,-0.4276,0.7272,0.0061,Rest
03:30:24,0.5758,-0.4256,0.7123,0.0048,Rest
03:30:26,0.4389,-0.4764,0.762,0.0043,Rest
03:30:28,0.499,-0.4614,0.6879,0.0048,Rest
03:30:30,0.4637,-0.4059,0.6651,0.0044,Rest
03:30:32,0.5553,-0.413,0.7284,0.0058,Rest
03:30:34,0.429,-0.4647,0.6694,0.0056,Rest
03:30:36,0.5398,-0.3835,0.7391,0.0055,Rest
03:30:38,0.4922,-0.3676,0.6899,0.0064,Rest
03:30:40,0.4964,-0.315,0.6793,0.0068,Rest
03:30:42,0.5236,-0.451,0.6963,0.0066,Rest
03:30:44,0.4964,-0.3125,0.6358,0.0044,Rest
03:30:46,0.4741,-0.4529,0.647,0.0045,Rest
03:30:48,0.4094,-0.3519,0.7198,0.0045,Rest
03:30:50,0.6157,-0.3426,0.7547,0.0059,Rest
03:30:52,0.5505,-0.4086,0.7176,0.0047,Rest
03:30:54,0.5342,-0.3682,0.7074,0.0042,Rest
03:30:56,0.4968,-0.3378,0.6545,0.0047,Rest
03:30:58,0.5461,-0.3934,0.6665,0.0042,Rest
03:31:00,0.4462,-0.4442,0.6582,0.0051,Rest
03:31:02,0.4987,-0.3863,0.7007,0.0048,Rest
03:31:04,0.429,-0.3811,0.7439,0.006,Rest
03:31:06,0.4654,-0.3527,0.6436,0.0056,Rest
03:31:08,0.5065,-0.4065,0.7206,0.0051,Rest
03:31:10,0.5156,-0.3251,0.7907,0.0047,Rest
03:31:12,0.5182,-0.4008,0.723,0.0042,Rest
03:31:14,0.5006,-0.4056,0.7287,0.005,Rest
03:31:16,0.5733,-0.4179,0.6804,0.0069,Rest
03:31:18,0.4893,-0.4874,0.6803,0.0034,Rest
03:31:20,0.5727,-0.4264,0.7571,0.0045,Rest
03:31:22,0.5523,-0.4534,0.6464,0.0046,Rest
03:31:24,0.4971,-0.4121,0.689,0.0041,Rest
03:31:26,0.5749,-0.4284,0.7208,0.0056,Rest
03:31:28,0.4841,-0.3836,0.6268,0.0049,Rest
03:31:30,0.462,-0.3849,0.731,0.0041,Rest
03:31:32,0.5055,-0.475,0.6967,0.0052,Rest
03:31:34,0.4618,-0.4222,0.7496,0.0048,Rest
03:31:36,0.4767,-0.4216,0.6444,0.0049,Rest
03:31:38,0.5144,-0.3702,0.6897,0.0047,Rest
03:31:40,0.4422,-0.4155,0.691,0.0055,Rest
03:31:42,0.4535,-0.3432,0.6458,0.0057,Rest
03:31:44,0.4637,-0.3526,0.7209,0.0052,Rest
03:31:46,0.423,-0.4254,0.6258,0.005,Rest
03:31:48,0.4654,-0.3854,0.6875,0.0048,Rest
03:31:50,0.5376,-0.4103,0.705,0.0058,Rest
03:31:52,0.5121,-0.3691,0.6821,0.0051,Rest
03:31:54,0.4671,-0.3889,0.6647,0.0048,Rest
03:31:56,0.4891,-0.3637,0.8011,0.006,Rest
03:31:58,0.5743,-0.4181,0.7228,0.006,Rest
03:32:00,0.5463,-0.3998,0.7389,0.0064,Rest
03:32:02,0.3778,-0.4006,0.6983,0.0056,Rest
03:32:04,0.4855,-0.3399,0.6327,0.0035,Rest
03:32:06,0.4336,-0.413,0.7461,0.0054,Rest
03:32:08,0.5318,-0.4183,0.7234,0.0048,Rest
03:32:10,0.5283,-0.4442,0.6351,0.0048,Rest
03:32:12,0.5881,-0.3829,0.6631,0.0049,Rest
03:32:14,0.5363,-0.2973,0.6802,0.0053,Rest
03:32:16,0.5045,-0.4058,0.781,0.0051,Rest
03:32:18,0.5122,-0.3508,0.7107,0.0036,Rest
03:32:20,0.5981,-0.3746,0.7606,0.0037,Rest
03:32:22,0.5092,-0.3509,0.744,0.0036,Rest
03:32:24,0.4481,-0.3088,0.6433,0.0059,Rest
03:32:26,0.5324,-0.4107,0.6674,0.0052,Rest
03:32:28,0.5316,-0.4522,0.7079,0.0059,Rest
03:32:30,0.4964,-0.3984,0.7673,0.0044,Rest
03:32:32,0.6332,-0.3329,0.7116,0.0035,Rest
03:32:34,0.4346,-0.4463,0.6719,0.0048,Rest
03:32:36,0.484,-0.4272,0.7077,0.005,Rest
03:32:38,0.5349,-0.4203,0.7381,0.0035,Rest
03:32:40,0.4946,-0.3575,0.7629,0.0031,Rest
03:32:42,0.502,-0.45,0.6899,0.005,Rest
03:32:44,0.5366,-0.4557,0.7591,0.0045,Rest
03:32:46,0.5547,-0.3983,0.5971,0.0051,Rest
03:32:48,0.4692,-0.3658,0.6728,0.0055,Rest
03:32:50,0.4481,-0.3485,0.6598,0.0053,Rest
03:32:52,0.4441,-0.3732,0.7217,0.0044,Rest
03:32:54,0.5332,-0.3589,0.7701,0.0038,Rest
03:32:56,0.4824,-0.3661,0.6777,0.0062,Rest
03:32:58,0.5493,-0.3104,0.6336,0.0055,Rest
03:33:00,0.4371,-0.4394,0.7704,0.0048,Rest
03:33:02,0.376,-0.361,0.631,0.0025,Rest
03:33:04,0.4617,-0.4003,0.7594,0.004,Rest
03:33:06,0.5111,-0.4467,0.6504,0.0062,Rest
03:33:08,0.4648,-0.4532,0.7314,0.006,Rest
03:33:10,0.5076,-0.4014,0.6846,0.0058,Rest
03:33:12,0.4372,-0.3845,0.704,0.0049,Rest
03:33:14,0.4851,-0.3621,0.736,0.0035,Rest
03:33:16,0.4576,-0.434,0.7107,0.0064,Rest
03:33:18,0.4803,-0.3936,0.7074,0.0053,Rest
03:33:20,0.5247,-0.4038,0.7124,0.0042,Rest
03:33:22,0.4362,-0.3569,0.6935,0.0068,Rest
03:33:24,0.6314,-0.4036,0.721,0.0052,Rest
03:33:26,0.5617,-0.4038,0.695,0.0023,Rest
03:33:28,0.4918,-0.3653,0.66,0.0043,Rest
03:33:30,0.5687,-0.3135,0.7398,0.0045,Rest
03:33:32,0.5093,-0.3866,0.7152,0.0053,Rest
03:33:34,0.5635,-0.3259,0.6781,0.0061,Rest
03:33:36,0.501,-0.4198,0.7078,0.0046,Rest
03:33:38,0.5473,-0.3817,0.6468,0.0043,Rest
03:33:40,0.5127,-0.4054,0.6236,0.0049,Rest
03:33:42,0.5396,-0.3942,0.678,0.0049,Rest
03:33:44,0.4448,-0.3981,0.6831,0.0042,Rest
03:33:46,0.4435,-0.3364,0.7033,0.004,Rest
03:33:48,0.4735,-0.5116,0.6604,0.0065,Rest
03:33:50,0.5375,-0.399,0.6728,0.0054,Rest
03:33:52,0.5057,-0.4686,0.7047,0.0057,Rest
03:33:54,0.5597,-0.3288,0.6503,0.0043,Rest
03:33:56,0.5398,-0.3967,0.6415,0.0038,Rest
03:33:58,0.4953,-0.3203,0.6668,0.0027,Rest
03:34:00,0.5043,-0.5017,0.685,0.0045,Rest
03:34:02,0.4439,-0.4525,0.6416,0.0045,Rest
03:34:04,0.5802,-0.3985,0.6767,0.0046,Rest
03:34:06,0.4539,-0.3547,0.6342,0.0054,Rest
03:34:08,0.5131,-0.419,0.7233,0.006,Rest
03:34:10,0.4878,-0.3446,0.6944,0.0033,Rest
03:34:12,0.5587,-0.4355,0.7129,0.0045,Rest
03:34:14,0.5396,-0.3933,0.7327,0.0046,Rest
03:34:16,0.5091,-0.4099,0.7373,0.0055,Rest
03:34:18,0.491,-0.3238,0.6835,0.004,Rest
03:34:20,0.4101,-0.3828,0.6703,0.0068,Rest
03:34:22,0.5633,-0.4567,0.6395,0.0039,Rest
03:34:24,0.496,-0.3741,0.7639,0.0054,Rest
03:34:26,0.5499,-0.425,0.6244,0.0039,Rest
03:34:28,0.4302,-0.3984,0.6504,0.0041,Rest
03:34:30,0.4968,-0.4313,0.6886,0.0047,Rest
03:34:32,0.523,-0.4196,0.6546,0.0038,Rest
03:34:34,0.5506,-0.3838,0.5982,0.0058,Rest
03:34:36,0.5351,-0.4514,0.7697,0.0042,Rest
03:34:38,0.5348,-0.4778,0.7261,0.0058,Rest
03:34:40,0.4702,-0.4416,0.6387,0.0061,Rest
03:34:42,0.5272,-0.3461,0.6542,0.0051,Rest
03:34:44,0.5259,-0.3418,0.6214,0.0069,Rest
03:34:46,0.5054,-0.3802,0.7248,0.0049,Rest
03:34:48,0.502,-0.4461,0.6173,0.0058,Rest
03:34:50,0.444,-0.4277,0.6708,0.008,Rest
03:34:52,0.4732,-0.4454,0.751,0.0036,Rest
03:34:54,0.4999,-0.3443,0.5832,0.0036,Rest
03:34:56,0.5143,-0.373,0.7025,0.005,Rest
03:34:58,0.5487,-0.4677,0.7455,0.0044,Rest
03:35:00,0.4623,-0.4119,0.7123,0.0037,Rest
03:35:02,0.5265,-0.3496,0.6727,0.0051,Rest
03:35:04,0.512,-0.4253,0.7107,0.0037,Rest
03:35:06,0.4975,-0.426,0.5795,0.0048,Rest
03:35:08,0.4534,-0.4478,0.6504,0.0042,Rest
03:35:10,0.3857,-0.407,0.7142,0.0037,Rest
03:35:12,0.4736,-0.4253,0.746,0.0042,Rest
03:35:14,0.4632,-0.4418,0.6686,0.003,Rest
03:35:16,0.5379,-0.4273,0.6444,0.005,Rest
03:35:18,0.5048,-0.3527,0.7378,0.0041,Rest
03:35:20,0.5075,-0.4476,0.7315,0.0041,Rest
03:35:22,0.4909,-0.3378,0.6653,0.0053,Rest
03:35:24,0.5625,-0.3316,0.7051,0.007,Rest
03:35:26,0.4877,-0.4623,0.758,0.0049,Rest
03:35:28,0.4518,-0.4732,0.6468,0.0046,Rest
03:35:30,0.5581,-0.3341,0.7618,0.004,Rest
03:35:32,0.463,-0.3682,0.6635,0.0043,Rest
03:35:34,0.4661,-0.4689,0.6952,0.0046,Rest
03:35:36,0.4943,-0.3408,0.8222,0.0057,Rest
03:35:38,0.5962,-0.4202,0.6214,0.0064,Rest
03:35:40,0.5142,-0.3219,0.6631,0.0081,Rest
03:35:42,0.5208,-0.4316,0.7193,0.0048,Rest
03:35:44,0.4399,-0.4385,0.7513,0.0035,Rest
03:35:46,0.4619,-0.3836,0.6939,0.0057,Rest
03:35:48,0.6054,-0.3382,0.7458,0.006,Rest
03:35:50,0.4153,-0.3916,0.7492,0.0033,Rest
03:35:52,0.4799,-0.3883,0.7086,0.0053,Rest
03:35:54,0.5223,-0.4177,0.7619,0.0059,Rest
03:35:56,0.4747,-0.4722,0.7124,0.0059,Rest
03:35:58,0.4187,-0.3764,0.675,0.0067,Rest
03:36:00,0.4748,-0.3711,0.7624,0.0053,Rest
03:36:02,0.4197,-0.3556,0.7739,0.0057,Rest
03:36:04,0.4642,-0.3991,0.7237,0.0044,Rest
03:36:06,0.5,-0.4206,0.7512,0.004,Rest
03:36:08,0.5478,-0.3747,0.7815,0.0048,Rest
03:36:10,0.4639,-0.4195,0.7462,0.0046,Rest
03:36:12,0.5023,-0.3741,0.6727,0.0056,Rest
03:36:14,0.4091,-0.4363,0.7179,0.0046,Rest
03:36:16,0.4316,-0.3926,0.6032,0.0052,Rest
03:36:18,0.585,-0.4475,0.6639,0.0044,Rest
03:36:20,0.4882,-0.4592,0.6808,0.0055,Rest
03:36:22,0.4609,-0.4268,0.6969,0.0041,Rest
03:36:24,0.4626,-0.4505,0.6752,0.0062,Rest
03:36:26,0.5113,-0.399,0.6993,0.005,Rest
03:36:28,0.4004,-0.4289,0.6915,0.0034,Rest
03:36:30,0.409,-0.4396,0.7149,0.0046,Rest
03:36:32,0.5059,-0.3963,0.6307,0.0032,Rest
03:36:34,0.4593,-0.3847,0.6884,0.0049,Rest
03:36:36,0.4979,-0.424,0.7552,0.003,Rest
03:36:38,0.5389,-0.3644,0.7063,0.0049,Rest
03:36:40,0.501,-0.4394,0.7386,0.0042,Rest
03:36:42,0.4948,-0.4404,0.7503,0.0038,Rest
03:36:44,0.546,-0.4279,0.6901,0.005,Rest
03:36:46,0.5714,-0.4502,0.6371,0.0059,Rest
03:36:48,0.5786,-0.4,0.6671,0.005,Rest
03:36:50,0.4665,-0.469,0.7547,0.0062,Rest
03:36:52,0.5369,-0.3748,0.6266,0.0048,Rest
03:36:54,0.4455,-0.5035,0.7177,0.0062,Rest
03:36:56,0.4958,-0.3866,0.7695,0.004,Rest
03:36:58,0.5801,-0.4036,0.6803,0.0052,Rest
03:37:00,0.5421,-0.5166,0.7237,0.0037,Rest
03:37:02,0.4801,-0.3837,0.7226,0.0056,Rest
03:37:04,0.5093,-0.4354,0.6372,0.0053,Rest
03:37:06,0.5036,-0.4163,0.7204,0.0053,Rest
03:37:08,0.5508,-0.4512,0.6284,0.0053,Rest
03:37:10,0.5506,-0.4074,0.749,0.005,Rest
03:37:12,0.553,-0.3947,0.6852,0.0058,Rest
03:37:14,0.5374,-0.3907,0.744,0.0039,Rest
03:37:16,0.5585,-0.4623,0.6857,0.0036,Rest
03:37:18,0.481,-0.3978,0.6452,0.0063,Rest
03:37:20,0.5754,-0.4645,0.6754,0.0044,Rest
03:37:22,0.6361,-0.4256,0.7424,0.0046,Rest
03:37:24,0.4455,-0.4185,0.6915,0.005,Rest
03:37:26,0.5032,-0.3409,0.7017,0.0054,Rest
03:37:28,0.6173,-0.4449,0.7718,0.0046,Rest
03:37:30,0.5524,-0.465,0.6493,0.005,Rest
03:37:32,0.4941,-0.4202,0.7155,0.0041,Rest
03:37:34,0.5633,-0.453,0.7461,0.0046,Rest
03:37:36,0.46,-0.4003,0.7031,0.006,Rest
03:37:38,0.5091,-0.3311,0.7363,0.0046,Rest
03:37:40,0.4642,-0.4371,0.8051,0.0051,Rest
03:37:42,0.4978,-0.3571,0.828,0.0047,Rest
03:37:44,0.4971,-0.4691,0.6631,0.0056,Rest
03:37:46,0.4641,-0.3598,0.7606,0.0051,Rest
03:37:48,0.5126,-0.4289,0.7086,0.005,Rest
03:37:50,0.4853,-0.4679,0.7029,0.0064,Rest
03:37:52,0.5607,-0.3684,0.7096,0.0053,Rest
03:37:54,0.5347,-0.4105,0.7634,0.0051,Rest
03:37:56,0.5244,-0.4098,0.6521,0.0042,Rest
03:37:58,0.5111,-0.4491,0.7073,0.0036,Rest
03:38:00,0.4116,-0.3793,0.7239,0.0036,Rest
03:38:02,0.511,-0.3804,0.6763,0.0036,Rest
03:38:04,0.5077,-0.3853,0.6822,0.006,Rest
03:38:06,0.4957,-0.4669,0.7102,0.0045,Rest
03:38:08,0.5197,-0.3008,0.7078,0.0045,Rest
03:38:10,0.5944,-0.424,0.7621,0.0056,Rest
03:38:12,0.4982,-0.3681,0.7357,0.0062,Rest
03:38:14,0.4958,-0.3869,0.7604,0.0058,Rest
03:38:16,0.5073,-0.3373,0.7226,0.0047,Rest
03:38:18,0.5621,-0.4483,0.7854,0.0044,Rest
03:38:20,0.4613,-0.4459,0.734,0.006,Rest
03:38:22,0.5125,-0.4026,0.676,0.0028,Rest
03:38:24,0.4716,-0.4083,0.6165,0.0056,Rest
03:38:26,0.5163,-0.5319,0.6601,0.0055,Rest
03:38:28,0.4924,-0.3154,0.6607,0.006,Rest
03:38:30,0.4998,-0.4048,0.7835,0.006,Rest
03:38:32,0.3487,-0.3817,0.7413,0.0048,Rest
03:38:34,0.4782,-0.4232,0.6551,0.0044,Rest
03:38:36,0.5176,-0.4218,0.7159,0.0037,Rest
03:38:38,0.5157,-0.3255,0.6223,0.0047,Rest
03:38:40,0.4512,-0.3824,0.6721,0.0045,Rest
03:38:42,0.5289,-0.3461,0.726,0.0065,Rest
03:38:44,0.4918,-0.4442,0.6115,0.0045,Rest
03:38:46,0.4932,-0.3502,0.6919,0.0048,Rest
03:38:48,0.4631,-0.4224,0.6724,0.0051,Rest
03:38:50,0.4159,-0.3609,0.633,0.0055,Rest
03:38:52,0.5089,-0.3857,0.7952,0.005,Rest
03:38:54,0.4956,-0.4065,0.5701,0.0039,Rest
03:38:56,0.4194,-0.3759,0.6688,0.0039,Rest
03:38:58,0.5172,-0.4387,0.5526,0.0052,Rest
03:39:00,0.4678,-0.306,0.7048,0.0068,Rest
03:39:02,0.5065,-0.3819,0.7166,0.0072,Rest
03:39:04,0.5015,-0.3701,0.741,0.0079,Rest
03:39:06,0.4771,-0.4335,0.5818,0.0087,Rest
03:39:08,0.5251,-0.3739,0.7642,0.0086,Rest
03:39:10,0.4904,-0.4108,0.6996,0.0074,Rest
03:39:12,0.4624,-0.3862,0.7305,0.0081,Rest
03:39:14,0.5044,-0.372,0.6521,0.0074,Rest
03:39:16,0.5212,-0.4127,0.7409,0.0085,Rest
03:39:18,0.5179,-0.4299,0.8017,0.0084,Rest
03:39:20,0.5245,-0.3645,0.597,0.0096,Rest
03:39:22,0.5492,-0.3564,0.6365,0.0082,Rest
03:39:24,0.4169,-0.4477,0.7713,0.0087,Rest
03:39:26,0.41,-0.4261,0.6622,0.0088,Rest
03:39:28,0.5395,-0.3963,0.7941,0.0077,Rest
03:39:30,0.4744,-0.4682,0.6406,0.0085,Rest
03:39:32,0.567,-0.3844,0.6607,0.0084,Rest
03:39:34,0.6202,-0.4261,0.6752,0.0081,Rest
03:39:36,0.5631,-0.4602,0.7246,0.0081,Rest
03:39:38,0.482,-0.4739,0.6622,0.0065,Rest
03:39:40,0.5659,-0.4193,0.6541,0.0088,Rest
03:39:42,0.4886,-0.3785,0.6949,0.0086,Rest
03:39:44,0.5119,-0.4011,0.6851,0.0089,Rest
03:39:46,0.5883,-0.4063,0.6978,0.0103,Rest
03:39:48,0.5115,-0.4431,0.6862,0.0091,Rest
03:39:50,0.5341,-0.3795,0.6415,0.0067,Rest
03:39:52,0.6494,-0.3873,0.7614,0.0099,Rest
03:39:54,0.5134,-0.4384,0.6684,0.0092,Rest
03:39:56,0.4161,-0.2787,0.6974,0.0074,Rest
03:39:58,0.5617,-0.3899,0.6581,0.0103,Rest
03:40:00,0.4705,-0.4627,0.7113,0.0091,Rest
03:40:02,0.4534,-0.4859,0.6474,0.0083,Rest
03:40:04,0.5225,-0.3364,0.7068,0.0084,Rest
03:40:06,0.5232,-0.4113,0.7789,0.0095,Rest
03:40:08,0.5754,-0.4324,0.7846,0.0091,Rest
03:40:10,0.5361,-0.4209,0.65,0.0087,Rest
03:40:12,0.5598,-0.4612,0.6611,0.0066,Rest
03:40:14,0.4643,-0.386,0.6819,0.008,Rest
03:40:16,0.5058,-0.3812,0.6429,0.0098,Rest
03:40:18,0.507,-0.3767,0.5799,0.0074,Rest
03:40:20,0.4642,-0.5222,0.6594,0.0089,Rest
03:40:22,0.4877,-0.3544,0.7365,0.0085,Rest
03:40:24,0.4927,-0.3817,0.6954,0.0077,Rest
03:40:26,0.5546,-0.3891,0.6706,0.007,Rest
03:40:28,0.5263,-0.3952,0.8019,0.0081,Rest
03:40:30,0.525,-0.516,0.7334,0.0086,Rest
03:40:32,0.4558,-0.3921,0.6694,0.0078,Rest
03:40:34,0.5373,-0.4427,0.7025,0.01,Rest
03:40:36,0.4735,-0.3916,0.6757,0.0064,Rest
03:40:38,0.5149,-0.3288,0.6788,0.0086,Rest
03:40:40,0.3643,-0.4511,0.7046,0.0101,Rest
03:40:42,0.498,-0.4043,0.7337,0.0081,Rest
03:40:44,0.4542,-0.3927,0.6376,0.0089,Rest
03:40:46,0.4326,-0.3799,0.603,0.0077,Rest
03:40:48,0.4156,-0.4432,0.7017,0.0077,Rest
03:40:50,0.4605,-0.3629,0.6555,0.0076,Rest
03:40:52,0.533,-0.4165,0.7594,0.0098,Rest
03:40:54,0.4838,-0.3738,0.6373,0.0079,Rest
03:40:56,0.5495,-0.4305,0.646,0.0089,Rest
03:40:58,0.5005,-0.4167,0.7071,0.0085,Rest
03:41:00,0.4846,-0.2988,0.7594,0.0079,Rest
03:41:02,0.4762,-0.4074,0.6054,0.0086,Rest
03:41:04,0.4751,-0.3514,0.7036,0.0071,Rest
03:41:06,0.5433,-0.3976,0.6276,0.0084,Rest
03:41:08,0.4125,-0.4134,0.6767,0.0075,Rest
03:41:10,0.4861,-0.391,0.5445,0.0063,Rest
03:41:12,0.4998,-0.3592,0.6359,0.0077,Rest
03:41:14,0.3513,-0.3704,0.6919,0.0095,Rest
03:41:16,0.4883,-0.3995,0.727,0.0069,Rest
03:41:18,0.5532,-0.3451,0.6988,0.0077,Rest
03:41:20,0.4579,-0.355,0.6839,0.0086,Rest
03:41:22,0.5133,-0.3624,0.6779,0.0069,Rest
03:41:24,0.4813,-0.3985,0.6553,0.0096,Rest
03:41:26,0.4694,-0.3646,0.7435,0.0093,Rest
03:41:28,0.496,-0.4358,0.6567,0.0066,Rest
03:41:30,0.5066,-0.484,0.6733,0.0089,Rest
03:41:32,0.4626,-0.4372,0.7362,0.0078,Rest
03:41:34,0.4495,-0.4743,0.7931,0.0072,Rest
03:41:36,0.6109,-0.4165,0.6856,0.0078,Rest
03:41:38,0.5108,-0.433,0.7652,0.0076,Rest
03:41:40,0.4351,-0.468,0.6869,0.0064,Rest
03:41:42,0.4284,-0.4581,0.6845,0.0086,Rest
03:41:44,0.4916,-0.3865,0.7127,0.0088,Rest
03:41:46,0.4515,-0.3977,0.6632,0.0084,Rest
03:41:48,0.517,-0.4551,0.6989,0.0076,Rest
03:41:50,0.525,-0.4903,0.7598,0.0069,Rest
03:41:52,0.4674,-0.4569,0.7334,0.0074,Rest
03:41:54,0.5076,-0.5211,0.6973,0.0095,Rest
03:41:56,0.5098,-0.3927,0.7977,0.0085,Rest
03:41:58,0.4479,-0.3323,0.698,0.0063,Rest
03:42:00,0.4718,-0.367,0.6148,0.009,Rest
03:42:02,0.5407,-0.3999,0.6729,0.0082,Rest
03:42:04,0.458,-0.3849,0.7417,0.0083,Rest
03:42:06,0.5277,-0.3653,0.7544,0.0085,Rest
03:42:08,0.5505,-0.4294,0.7402,0.0063,Rest
03:42:10,0.4948,-0.4265,0.649,0.0081,Rest
03:42:12,0.4715,-0.4051,0.7026,0.0071,Rest
03:42:14,0.5589,-0.4001,0.6566,0.008,Rest
03:42:16,0.5177,-0.3388,0.7112,0.0083,Rest
03:42:18,0.4765,-0.4354,0.7438,0.0069,Rest
03:42:20,0.5009,-0.5103,0.6379,0.0088,Rest
03:42:22,0.4969,-0.3925,0.7276,0.0084,Rest
03:42:24,0.5209,-0.3814,0.717,0.0072,Rest
03:42:26,0.496,-0.3848,0.7397,0.0089,Rest
03:42:28,0.5092,-0.3551,0.7296,0.0079,Rest
03:42:30,0.4784,-0.4054,0.692,0.0079,Rest
03:42:32,0.6409,-0.4056,0.7255,0.0084,Rest
03:42:34,0.5264,-0.3813,0.7018,0.0077,Rest
03:42:36,0.6502,-0.378,0.6686,0.0082,Rest
03:42:38,0.4644,-0.4211,0.7542,0.0081,Rest
03:42:40,0.5622,-0.4565,0.725,0.0079,Rest
03:42:42,0.499,-0.3929,0.6869,0.008,Rest
03:42:44,0.4881,-0.358,0.6211,0.0083,Rest
03:42:46,0.4955,-0.3901,0.6969,0.0101,Rest
03:42:48,0.476,-0.3796,0.7186,0.0068,Rest
03:42:50,0.4675,-0.5201,0.6178,0.0086,Rest
03:42:52,0.6126,-0.4092,0.6984,0.0077,Rest
03:42:54,0.4223,-0.4258,0.7012,0.0071,Rest
03:42:56,0.4927,-0.2942,0.6067,0.0064,Rest
03:42:58,0.467,-0.4124,0.7112,0.0062,Rest
03:43:00,0.4879,-0.3203,0.6957,0.0073,Rest
03:43:02,0.4909,-0.4571,0.7122,0.0081,Rest
03:43:04,0.4687,-0.4622,0.6691,0.0069,Rest
03:43:06,0.4891,-0.5106,0.6321,0.007,Rest
03:43:08,0.5497,-0.415,0.6603,0.0089,Rest
03:43:10,0.5746,-0.4162,0.7809,0.0074,Rest
03:43:12,0.5007,-0.4385,0.628,0.0102,Rest
03:43:14,0.6242,-0.4026,0.7914,0.0072,Rest
03:43:16,0.539,-0.3727,0.7207,0.0084,Rest
03:43:18,0.5967,-0.3893,0.7048,0.0083,Rest
03:43:20,0.6168,-0.4568,0.6841,0.0084,Rest
03:43:22,0.5565,-0.3823,0.6723,0.0074,Rest
03:43:24,0.5825,-0.3475,0.6481,0.0077,Rest
03:43:26,0.4644,-0.5349,0.7679,0.0082,Rest
03:43:28,0.5151,-0.3676,0.669,0.0081,Rest
03:43:30,0.4964,-0.4392,0.7114,0.0089,Rest
03:43:32,0.4939,-0.4502,0.707,0.0092,Rest
03:43:34,0.3938,-0.5027,0.7815,0.0085,Rest
03:43:36,0.503,-0.3757,0.7658,0.0091,Rest
03:43:38,0.5066,-0.4873,0.6615,0.0059,Rest
03:43:40,0.4876,-0.3786,0.6879,0.0094,Rest
03:43:42,0.4656,-0.4228,0.6819,0.009,Rest
03:43:44,0.5384,-0.4386,0.7441,0.0093,Rest
03:43:46,0.5288,-0.4045,0.7597,0.0092,Rest
03:43:48,0.466,-0.2922,0.6964,0.0081,Rest
03:43:50,0.394,-0.4049,0.6197,0.0071,Rest
03:43:52,0.532,-0.348,0.8158,0.0066,Rest
03:43:54,0.4477,-0.4547,0.6857,0.0095,Rest
03:43:56,0.5435,-0.3133,0.6978,0.0089,Rest
03:43:58,0.4699,-0.3914,0.7217,0.0072,Rest
03:44:00,0.5782,-0.3723,0.641,0.0081,Rest
03:44:02,0.4891,-0.2417,0.6637,0.008,Rest
03:44:04,0.4875,-0.3067,0.7156,0.0076,Rest
03:44:06,0.5053,-0.3936,0.7482,0.0084,Rest
03:44:08,0.5218,-0.428,0.7302,0.0079,Rest
03:44:10,0.4953,-0.3801,0.7404,0.0082,Rest
03:44:12,0.4885,-0.3561,0.7547,0.0082,Rest
03:44:14,0.4721,-0.3268,0.655,0.0079,Rest
03:44:16,0.4917,-0.4167,0.7048,0.007,Rest
03:44:18,0.4847,-0.3798,0.7282,0.0091,Rest
03:44:20,0.4966,-0.4784,0.6932,0.0082,Rest
03:44:22,0.4682,-0.3994,0.6848,0.0084,Rest
03:44:24,0.469,-0.3518,0.7656,0.0084,Rest
03:44:26,0.5074,-0.349,0.6921,0.0079,Rest
03:44:28,0.5237,-0.3954,0.6281,0.0071,Rest
03:44:30,0.5428,-0.2937,0.7281,0.0094,Rest
03:44:32,0.5824,-0.4743,0.7196,0.0094,Rest
03:44:34,0.4846,-0.4752,0.7513,0.0111,Rest
03:44:36,0.5133,-0.4198,0.7287,0.0086,Rest
03:44:38,0.5064,-0.4213,0.6652,0.0082,Rest
03:44:40,0.4895,-0.4001,0.7008,0.0048,Rest
03:44:42,0.5489,-0.3386,0.7315,0.0079,Rest
03:44:44,0.5726,-0.417,0.6501,0.007,Rest
03:44:46,0.479,-0.4525,0.7004,0.0068,Rest
03:44:48,0.4893,-0.39,0.6517,0.0087,Rest
03:44:50,0.5674,-0.4357,0.7426,0.0086,Rest
03:44:52,0.5951,-0.4244,0.6961,0.0079,Rest
03:44:54,0.4964,-0.3435,0.6529,0.0071,Rest
03:44:56,0.5828,-0.3896,0.7589,0.0076,Rest
03:44:58,0.5074,-0.3873,0.6977,0.0079,Rest
03:45:00,0.5138,-0.361,0.713,0.0082,Rest
03:45:02,0.5176,-0.3856,0.7233,0.0079,Rest
03:45:04,0.5471,-0.4197,0.6888,0.0062,Rest
03:45:06,0.5551,-0.4464,0.6967,0.0077,Rest
03:45:08,0.4862,-0.3942,0.7164,0.0073,Rest
03:45:10,0.6008,-0.416,0.802,0.0081,Rest
03:45:12,0.5881,-0.4435,0.7341,0.0082,Rest
03:45:14,0.4933,-0.4371,0.6603,0.0083,Rest
03:45:16,0.4602,-0.4152,0.7359,0.0097,Rest
03:45:18,0.5234,-0.4532,0.6501,0.0091,Rest
03:45:20,0.5224,-0.3414,0.7601,0.008,Rest
03:45:22,0.5838,-0.3777,0.6857,0.0082,Rest
03:45:24,0.448,-0.4413,0.6923,0.0073,Rest
03:45:26,0.5168,-0.3631,0.6059,0.008,Rest
03:45:28,0.5812,-0.389,0.7077,0.0085,Rest
03:45:30,0.456,-0.34,0.6717,0.0069,Rest
03:45:32,0.4567,-0.4467,0.7174,0.0074,Rest
03:45:34,0.4879,-0.362,0.7797,0.009,Rest
03:45:36,0.5801,-0.3497,0.7445,0.0087,Rest
03:45:38,0.508,-0.3964,0.6719,0.0071,Rest
03:45:40,0.4922,-0.3665,0.7282,0.0057,Rest
03:45:42,0.5022,-0.4179,0.7534,0.0087,Rest
03:45:44,0.5001,-0.3914,0.6948,0.0079,Rest
03:45:46,0.5046,-0.3276,0.7721,0.0065,Rest
03:45:48,0.5843,-0.4234,0.7793,0.0077,Rest
03:45:50,0.5272,-0.3969,0.7216,0.0084,Rest
03:45:52,0.5336,-0.3633,0.6699,0.0097,Rest
03:45:54,0.5202,-0.3662,0.6218,0.0082,Rest
03:45:56,0.5068,-0.4137,0.7476,0.0085,Rest
03:45:58,0.4212,-0.4299,0.675,0.0081,Rest
03:46:00,0.4345,-0.3423,0.6544,0.0078,Rest
03:46:02,0.4615,-0.4407,0.7485,0.0071,Rest
03:46:04,0.4867,-0.3243,0.7459,0.0078,Rest
03:46:06,0.4567,-0.374,0.6797,0.0069,Rest
03:46:08,0.3863,-0.4619,0.7919,0.0082,Rest
03:46:10,0.574,-0.3677,0.7315,0.0078,Rest
03:46:12,0.5435,-0.4084,0.6671,0.0081,Rest
03:46:14,0.5301,-0.4557,0.73,0.0079,Rest
03:46:16,0.4767,-0.4523,0.6626,0.0083,Rest
03:46:18,0.4643,-0.3526,0.8427,0.0081,Rest
03:46:20,0.456,-0.405,0.6776,0.0059,Rest
03:46:22,0.5189,-0.3052,0.7011,0.0082,Rest
03:46:24,0.4795,-0.334,0.7607,0.0085,Rest
03:46:26,0.4662,-0.395,0.688,0.009,Rest
03:46:28,0.4101,-0.3959,0.626,0.0081,Rest
03:46:30,0.5623,-0.3988,0.6908,0.0073,Rest
03:46:32,0.4194,-0.2901,0.627,0.0079,Rest
03:46:34,0.4396,-0.3747,0.6782,0.0086,Rest
03:46:36,0.4271,-0.4237,0.7294,0.0078,Rest
03:46:38,0.4744,-0.3553,0.713,0.0078,Rest
03:46:40,0.4723,-0.3606,0.7953,0.0081,Rest
03:46:42,0.5614,-0.3757,0.7064,0.009,Rest
03:46:44,0.572,-0.4335,0.7086,0.0074,Rest
03:46:46,0.5841,-0.4297,0.6392,0.0069,Rest
03:46:48,0.5057,-0.3712,0.7015,0.0078,Rest
03:46:50,0.4738,-0.4267,0.6751,0.0081,Rest
03:46:52,0.5328,-0.3753,0.7217,0.0088,Rest
03:46:54,0.533,-0.4955,0.7108,0.0067,Rest
03:46:56,0.4558,-0.3644,0.6903,0.0067,Rest
03:46:58,0.5621,-0.3118,0.7081,0.0085,Rest
03:47:00,0.5468,-0.4762,0.7602,0.0083,Rest
03:47:02,0.5259,-0.3608,0.6445,0.0089,Rest
03:47:04,0.5139,-0.3724,0.625,0.0084,Rest
03:47:06,0.5028,-0.3919,0.7637,0.0076,Rest
03:47:08,0.4628,-0.4235,0.6981,0.0072,Rest
03:47:10,0.5263,-0.4057,0.7717,0.0073,Rest
03:47:12,0.5101,-0.4426,0.7342,0.008,Rest
03:47:14,0.4967,-0.4238,0.6616,0.0082,Rest
03:47:16,0.4327,-0.4204,0.6566,0.0087,Rest
03:47:18,0.4046,-0.2556,0.7516,0.006,Rest
03:47:20,0.4913,-0.4485,0.6731,0.0098,Rest
03:47:22,0.5193,-0.4013,0.7634,0.0067,Rest
03:47:24,0.4573,-0.4794,0.6896,0.0094,Rest
03:47:26,0.5867,-0.3771,0.685,0.0074,Rest
03:47:28,0.4509,-0.446,0.6729,0.0067,Rest
03:47:30,0.5176,-0.3423,0.7184,0.0083,Rest
03:47:32,0.4683,-0.4889,0.6726,0.0078,Rest
03:47:34,0.5349,-0.4339,0.7613,0.0062,Rest
03:47:36,0.5311,-0.3965,0.7866,0.0075,Rest
03:47:38,0.3456,-0.4715,0.7336,0.0074,Rest
03:47:40,0.3983,-0.383,0.7717,0.0084,Rest
03:47:42,0.5092,-0.4003,0.7659,0.0079,Rest
03:47:44,0.4421,-0.4289,0.5996,0.0077,Rest
03:47:46,0.4924,-0.4435,0.6994,0.0077,Rest
03:47:48,0.5495,-0.3852,0.7386,0.0092,Rest
03:47:50,0.5402,-0.3927,0.6949,0.0085,Rest
03:47:52,0.376,-0.4936,0.7254,0.0085,Rest
03:47:54,0.5767,-0.4477,0.7598,0.0077,Rest
03:47:56,0.4868,-0.4254,0.6898,0.009,Rest
03:47:58,0.487,-0.4424,0.7191,0.0076,Rest
03:48:00,0.5335,-0.3742,0.6431,0.0078,Rest
03:48:02,0.4615,-0.3887,0.7452,0.0094,Rest
03:48:04,0.497,-0.4009,0.6934,0.0087,Rest
03:48:06,0.4858,-0.3438,0.6996,0.0085,Rest
03:48:08,0.542,-0.4206,0.6754,0.0084,Rest
03:48:10,0.5341,-0.3256,0.6697,0.0087,Rest
03:48:12,0.572,-0.2743,0.6187,0.0074,Rest
03:48:14,0.5594,-0.3687,0.6585,0.0074,Rest
03:48:16,0.5171,-0.4345,0.617,0.0069,Rest
03:48:18,0.5316,-0.4603,0.7333,0.0093,Rest
03:48:20,0.5584,-0.4333,0.693,0.0086,Rest
03:48:22,0.5347,-0.4145,0.7747,0.0073,Rest
03:48:24,0.4983,-0.4384,0.7318,0.0087,Rest
03:48:26,0.544,-0.4336,0.711,0.0095,Rest
03:48:28,0.4251,-0.4311,0.7442,0.0071,Rest
03:48:30,0.4883,-0.3246,0.7236,0.0081,Rest
03:48:32,0.51,-0.4341,0.7165,0.0085,Rest
03:48:34,0.4998,-0.3692,0.7694,0.0084,Rest
03:48:36,0.6165,-0.454,0.6445,0.0087,Rest
03:48:38,0.5014,-0.3983,0.6346,0.0095,Rest
03:48:40,0.4279,-0.2914,0.6192,0.0099,Rest
03:48:42,0.5264,-0.4408,0.7129,0.0085,Rest
03:48:44,0.4341,-0.3805,0.7762,0.0071,Rest
03:48:46,0.5087,-0.4216,0.7363,0.0071,Rest
03:48:48,0.5415,-0.3661,0.6962,0.008,Rest
03:48:50,0.4573,-0.3819,0.6881,0.0083,Rest
03:48:52,0.4996,-0.4606,0.6757,0.0088,Rest
03:48:54,0.5467,-0.4481,0.6988,0.0081,Rest
03:48:56,0.5009,-0.378,0.6874,0.0091,Rest
03:48:58,0.5227,-0.4026,0.721,0.0078,Rest
03:49:00,0.4231,-0.3739,0.7088,0.0074,Rest
03:49:02,0.5434,-0.3762,0.7195,0.0093,Rest
03:49:04,0.4671,-0.4302,0.7293,0.0085,Rest
03:49:06,0.4509,-0.3536,0.6817,0.0082,Rest
03:49:08,0.4534,-0.4398,0.6994,0.0086,Rest
03:49:10,0.5581,-0.4715,0.5903,0.0075,Rest
03:49:12,0.3277,-0.3271,0.6543,0.0077,Rest
03:49:14,0.5061,-0.4288,0.6548,0.0077,Rest
03:49:16,0.4075,-0.4657,0.6829,0.0084,Rest
03:49:18,0.5217,-0.4297,0.7204,0.0082,Rest
03:49:20,0.4807,-0.4459,0.7741,0.0096,Rest
03:49:22,0.5568,-0.4414,0.6887,0.0081,Rest
03:49:24,0.5039,-0.3457,0.6664,0.0086,Rest
03:49:26,0.558,-0.2794,0.7874,0.0079,Rest
03:49:28,0.5035,-0.3263,0.7765,0.0076,Rest
03:49:30,0.4792,-0.4152,0.6594,0.0084,Rest
03:49:32,0.5095,-0.3756,0.7122,0.0092,Rest
03:49:34,0.45,-0.4704,0.774,0.0066,Rest
03:49:36,0.5074,-0.3865,0.6404,0.0085,Rest
03:49:38,0.5332,-0.5138,0.7342,0.0088,Rest
03:49:40,0.449,-0.388,0.7232,0.0073,Rest
03:49:42,0.4549,-0.3651,0.6951,0.0075,Rest
03:49:44,0.5453,-0.4696,0.6706,0.008,Rest
03:49:46,0.5093,-0.4336,0.7024,0.0067,Rest
03:49:48,0.4664,-0.4584,0.7325,0.0091,Rest
03:49:50,0.4572,-0.4122,0.6997,0.0076,Rest
03:49:52,0.5369,-0.3554,0.7088,0.0078,Rest
03:49:54,0.5411,-0.3947,0.7734,0.0092,Rest
03:49:56,0.4965,-0.4049,0.7304,0.0093,Rest
03:49:58,0.5039,-0.3683,0.763,0.0101,Rest
03:50:00,0.5072,-0.3369,0.7172,0.0075,Rest
03:50:02,0.4212,-0.4184,0.6782,0.0068,Rest
03:50:04,0.3802,-0.4074,0.6849,0.0071,Rest
03:50:06,0.5669,-0.4461,0.7161,0.009,Rest
03:50:08,0.5114,-0.3119,0.6459,0.0094,Rest
03:50:10,0.4954,-0.3114,0.6745,0.0065,Rest
03:50:12,0.5057,-0.3924,0.6702,0.0091,Rest
03:50:14,0.5033,-0.441,0.7187,0.0065,Rest
03:50:16,0.4668,-0.4065,0.6573,0.0077,Rest
03:50:18,0.355,-0.4007,0.6565,0.0088,Rest
03:50:20,0.4827,-0.4137,0.7514,0.008,Rest
03:50:22,0.4424,-0.3878,0.6971,0.0096,Rest
03:50:24,0.4907,-0.3859,0.649,0.0082,Rest
03:50:26,0.4858,-0.4693,0.6881,0.0099,Rest
03:50:28,0.5567,-0.3372,0.7437,0.0077,Rest
03:50:30,0.5061,-0.3841,0.6146,0.0074,Rest
03:50:32,0.3965,-0.361,0.7026,0.0053,Rest
03:50:34,0.6055,-0.3229,0.7005,0.0079,Rest
03:50:36,0.5014,-0.4567,0.7196,0.0071,Rest
03:50:38,0.5228,-0.4184,0.7162,0.0084,Rest
03:50:40,0.503,-0.3695,0.7374,0.0078,Rest
03:50:42,0.4604,-0.4774,0.7149,0.0082,Rest
03:50:44,0.5241,-0.4023,0.676,0.0062,Rest
03:50:46,0.4804,-0.4973,0.7432,0.0079,Rest
03:50:48,0.4334,-0.336,0.6834,0.0059,Rest
03:50:50,0.6314,-0.4065,0.6917,0.0073,Rest
03:50:52,0.4907,-0.4286,0.8118,0.0065,Rest
03:50:54,0.5343,-0.3753,0.6808,0.0097,Rest
03:50:56,0.5378,-0.3597,0.7082,0.008,Rest
03:50:58,0.4339,-0.4426,0.744,0.0084,Rest
03:51:00,0.4456,-0.4167,0.737,0.0087,Rest
03:51:02,0.4527,-0.3206,0.7293,0.0089,Rest
03:51:04,0.3949,-0.4557,0.613,0.0065,Rest
03:51:06,0.4987,-0.3682,0.6235,0.0077,Rest
03:51:08,0.4613,-0.4507,0.6915,0.0075,Rest
03:51:10,0.5827,-0.4094,0.6272,0.0076,Rest
03:51:12,0.4462,-0.3707,0.7065,0.0088,Rest
03:51:14,0.4453,-0.4581,0.7195,0.0078,Rest
03:51:16,0.5285,-0.4252,0.634,0.0071,Rest
03:51:18,0.3704,-0.2969,0.6526,0.0075,Rest
03:51:20,0.4786,-0.3833,0.7563,0.009,Rest
03:51:22,0.5596,-0.3951,0.6921,0.0071,Rest
03:51:24,0.487,-0.4476,0.706,0.0085,Rest
03:51:26,0.4417,-0.4169,0.6352,0.0087,Rest
03:51:28,0.4874,-0.3457,0.5447,0.008,Rest
03:51:30,0.4496,-0.4059,0.7364,0.0071,Rest
03:51:32,0.5047,-0.4472,0.7004,0.0077,Rest
03:51:34,0.5036,-0.2902,0.621,0.0081,Rest
03:51:36,0.5121,-0.4189,0.6778,0.007,Rest
03:51:38,0.4989,-0.4229,0.735,0.0068,Rest
03:51:40,0.5041,-0.4685,0.6077,0.0074,Rest
03:51:42,0.5987,-0.4037,0.6658,0.009,Rest
03:51:44,0.3725,-0.4382,0.649,0.0095,Rest
03:51:46,0.4813,-0.3887,0.6725,0.0068,Rest
03:51:48,0.5376,-0.3808,0.6894,0.0087,Rest
03:51:50,0.4035,-0.3513,0.7223,0.0077,Rest
03:51:52,0.4464,-0.3306,0.7373,0.0073,Rest
03:51:54,0.4999,-0.3534,0.642,0.0068,Rest
03:51:56,0.5651,-0.4927,0.7305,0.0071,Rest
03:51:58,0.4367,-0.4018,0.7051,0.0071,Rest
03:52:00,0.4306,-0.414,0.7152,0.0079,Rest
03:52:02,0.5589,-0.3413,0.6717,0.0075,Rest
03:52:04,0.4531,-0.3772,0.5488,0.0076,Rest
03:52:06,0.4772,-0.4059,0.7626,0.0089,Rest
03:52:08,0.4443,-0.2917,0.6632,0.0075,Rest
03:52:10,0.5727,-0.393,0.7453,0.0099,Rest
03:52:12,0.4425,-0.424,0.6172,0.0077,Rest
03:52:14,0.4757,-0.3235,0.6752,0.0071,Rest
03:52:16,0.5045,-0.3838,0.7249,0.0071,Rest
03:52:18,0.5275,-0.3921,0.6481,0.0064,Rest
03:52:20,0.5364,-0.4167,0.7141,0.0088,Rest
03:52:22,0.5301,-0.3852,0.6886,0.0084,Rest
03:52:24,0.5951,-0.448,0.671,0.0093,Rest
03:52:26,0.4817,-0.4157,0.6975,0.0081,Rest
03:52:28,0.56,-0.3725,0.6674,0.009,Rest
03:52:30,0.4939,-0.3492,0.6407,0.0065,Rest
03:52:32,0.4192,-0.4914,0.6274,0.0082,Rest
03:52:34,0.511,-0.4195,0.7486,0.0087,Rest
03:52:36,0.5228,-0.381,0.682,0.0071,Rest
03:52:38,0.3939,-0.3768,0.7021,0.009,Rest
03:52:40,0.4133,-0.3673,0.694,0.0085,Rest
03:52:42,0.5735,-0.4449,0.7119,0.0078,Rest
03:52:44,0.4871,-0.4383,0.6758,0.0095,Rest
03:52:46,0.4279,-0.4682,0.7424,0.0071,Rest
03:52:48,0.4517,-0.4264,0.6284,0.0078,Rest
03:52:50,0.5128,-0.4588,0.6494,0.0095,Rest
03:52:52,0.4804,-0.3699,0.6764,0.009,Rest
03:52:54,0.575,-0.4857,0.7209,0.0076,Rest
03:52:56,0.5138,-0.5065,0.7123,0.0089,Rest
03:52:58,0.5741,-0.3525,0.7348,0.0079,Rest
03:53:00,0.4624,-0.35,0.7202,0.0081,Rest
03:53:02,0.441,-0.3412,0.7465,0.0082,Rest
03:53:04,0.5096,-0.4264,0.6641,0.0086,Rest
03:53:06,0.5394,-0.4001,0.7109,0.0076,Rest
03:53:08,0.4398,-0.4436,0.6934,0.0089,Rest
03:53:10,0.555,-0.3593,0.6993,0.0075,Rest
03:53:12,0.449,-0.3486,0.7688,0.0079,Rest
03:53:14,0.4086,-0.4272,0.649,0.0079,Rest
03:53:16,0.4516,-0.4106,0.7453,0.0064,Rest
03:53:18,0.5802,-0.4357,0.6713,0.0078,Rest
03:53:20,0.4326,-0.4613,0.7324,0.0089,Rest
03:53:22,0.5044,-0.4536,0.6713,0.007,Rest
03:53:24,0.5021,-0.4208,0.6835,0.0085,Rest
03:53:26,0.3814,-0.4645,0.7448,0.0089,Rest
03:53:28,0.5234,-0.4269,0.7082,0.0061,Rest
03:53:30,0.449,-0.4433,0.6948,0.0084,Rest
03:53:32,0.502,-0.2596,0.669,0.0088,Rest
03:53:34,0.5303,-0.4211,0.6435,0.0082,Rest
03:53:36,0.4817,-0.4148,0.6085,0.0095,Rest
03:53:38,0.5317,-0.4569,0.6878,0.0089,Rest
03:53:40,0.4655,-0.3768,0.716,0.0092,Rest
03:53:42,0.5394,-0.3901,0.7109,0.0069,Rest
03:53:44,0.4687,-0.4115,0.7014,0.0093,Rest
03:53:46,0.5055,-0.3688,0.7303,0.0087,Rest
03:53:48,0.5029,-0.4068,0.7124,0.0078,Rest
03:53:50,0.5085,-0.3723,0.7228,0.0092,Rest
03:53:52,0.536,-0.4371,0.7267,0.0092,Rest
03:53:54,0.4404,-0.3977,0.7473,0.0084,Rest
03:53:56,0.5481,-0.3899,0.6908,0.0077,Rest
03:53:58,0.4952,-0.3332,0.7308,0.0092,Rest
03:54:00,0.4828,-0.3935,0.6758,0.0084,Rest
03:54:02,0.5301,-0.4451,0.626,0.0082,Rest
03:54:04,0.4035,-0.4498,0.8137,0.0081,Rest
03:54:06,0.4838,-0.4361,0.7026,0.0074,Rest
03:54:08,0.4205,-0.3962,0.6993,0.0091,Rest
03:54:10,0.4902,-0.5228,0.7222,0.0078,Rest
03:54:12,0.4164,-0.4683,0.5737,0.0066,Rest
03:54:14,0.4292,-0.3869,0.777,0.01,Rest
03:54:16,0.5187,-0.3701,0.6945,0.0082,Rest
03:54:18,0.52,-0.3342,0.7943,0.0079,Rest
03:54:20,0.4696,-0.409,0.6606,0.0079,Rest
03:54:22,0.449,-0.3834,0.7399,0.0078,Rest
03:54:24,0.4885,-0.3714,0.7842,0.0085,Rest
03:54:26,0.4894,-0.4401,0.717,0.0085,Rest
03:54:28,0.5312,-0.4474,0.5575,0.0084,Rest
03:54:30,0.4955,-0.4453,0.7126,0.0089,Rest
03:54:32,0.4602,-0.3742,0.76,0.0065,Rest
03:54:34,0.4157,-0.4364,0.7281,0.0064,Rest
03:54:36,0.5284,-0.4283,0.7446,0.0104,Rest
03:54:38,0.49,-0.4333,0.6371,0.008,Rest
03:54:40,0.4424,-0.3903,0.7176,0.0082,Rest
03:54:42,0.5258,-0.4676,0.7203,0.0083,Rest
03:54:44,0.5552,-0.4156,0.7435,0.0086,Rest
03:54:46,0.4424,-0.4187,0.7156,0.008,Rest
03:54:48,0.6246,-0.374,0.7392,0.0079,Rest
03:54:50,0.4694,-0.31,0.7421,0.0075,Rest
03:54:52,0.5488,-0.3257,0.7054,0.0095,Rest
03:54:54,0.5404,-0.3911,0.7605,0.0081,Rest
03:54:56,0.4782,-0.3435,0.6857,0.0096,Rest
03:54:58,0.5263,-0.3908,0.637,0.0081,Rest
03:55:00,0.4329,-0.4805,0.6919,0.0076,Rest
03:55:02,0.5765,-0.4702,0.6188,0.0071,Rest
03:55:04,0.4892,-0.4708,0.6548,0.0084,Rest
03:55:06,0.4468,-0.4263,0.7829,0.0075,Rest
03:55:08,0.5218,-0.3249,0.6296,0.0084,Rest
03:55:10,0.5374,-0.328,0.7849,0.009,Rest
03:55:12,0.4605,-0.3845,0.8005,0.0097,Rest
03:55:14,0.5289,-0.3404,0.663,0.0073,Rest
03:55:16,0.391,-0.4242,0.6196,0.0087,Rest
03:55:18,0.5141,-0.4655,0.6017,0.0089,Rest
03:55:20,0.5303,-0.3365,0.7795,0.0089,Rest
03:55:22,0.5099,-0.3784,0.7022,0.0075,Rest
03:55:24,0.4373,-0.4023,0.6452,0.0077,Rest
03:55:26,0.453,-0.3823,0.6855,0.0091,Rest
03:55:28,0.5066,-0.4763,0.7627,0.008,Rest
03:55:30,0.4417,-0.3792,0.6734,0.008,Rest
03:55:32,0.4243,-0.3917,0.6819,0.0069,Rest
03:55:34,0.5544,-0.4933,0.7069,0.0066,Rest
03:55:36,0.4412,-0.3952,0.6642,0.0086,Rest
03:55:38,0.5889,-0.3699,0.6394,0.0082,Rest
03:55:40,0.5645,-0.3584,0.6781,0.0069,Rest
03:55:42,0.457,-0.4135,0.7465,0.008,Rest
03:55:44,0.4654,-0.3759,0.6564,0.0075,Rest
03:55:46,0.5473,-0.3538,0.6988,0.0082,Rest
03:55:48,0.4856,-0.3637,0.7014,0.0075,Rest
03:55:50,0.4948,-0.4696,0.7027,0.0078,Rest
03:55:52,0.4472,-0.4137,0.7138,0.009,Rest
03:55:54,0.4443,-0.4235,0.6413,0.0066,Rest
03:55:56,0.3335,-0.3769,0.7525,0.008,Rest
03:55:58,0.4431,-0.3478,0.6583,0.007,Rest
03:56:00,0.5206,-0.4224,0.6782,0.0087,Rest
03:56:02,0.4903,-0.3675,0.7611,0.0079,Rest
03:56:04,0.5031,-0.3862,0.7976,0.0072,Rest
03:56:06,0.4745,-0.4491,0.7345,0.0054,Rest
03:56:08,0.3872,-0.3167,0.7613,0.0092,Rest
03:56:10,0.495,-0.3246,0.7735,0.0088,Rest
03:56:12,0.6101,-0.3995,0.7953,0.0082,Rest
03:56:14,0.5345,-0.3948,0.64,0.008,Rest
03:56:16,0.4205,-0.3929,0.7222,0.0081,Rest
03:56:18,0.5144,-0.4213,0.7551,0.0067,Rest
03:56:20,0.5623,-0.3453,0.7858,0.0085,Rest
03:56:22,0.6331,-0.4066,0.7031,0.0084,Rest
03:56:24,0.4308,-0.3509,0.7563,0.0076,Rest
03:56:26,0.4848,-0.4108,0.6963,0.0088,Rest
03:56:28,0.4935,-0.4487,0.7766,0.0084,Rest
03:56:30,0.5432,-0.3539,0.725,0.0074,Rest
03:56:32,0.6081,-0.3964,0.7768,0.0088,Rest
03:56:34,0.5609,-0.3667,0.6822,0.007,Rest
03:56:36,0.5306,-0.485,0.7467,0.0082,Rest
03:56:38,0.5125,-0.3618,0.7508,0.0074,Rest
03:56:40,0.4576,-0.4265,0.7641,0.0084,Rest
03:56:42,0.4827,-0.4388,0.6977,0.0082,Rest
03:56:44,0.5206,-0.3308,0.7079,0.0069,Rest
03:56:46,0.4809,-0.4776,0.7261,0.0064,Rest
03:56:48,0.5263,-0.4157,0.7537,0.0078,Rest
03:56:50,0.5368,-0.4532,0.6735,0.0067,Rest
03:56:52,0.4561,-0.4256,0.7166,0.0072,Rest
03:56:54,0.4547,-0.3842,0.8092,0.0086,Rest
03:56:56,0.49,-0.4257,0.6263,0.008,Rest
03:56:58,0.4916,-0.3836,0.6829,0.0109,Rest
03:57:00,0.5137,-0.346,0.736,0.0061,Rest
03:57:02,0.5238,-0.4416,0.7082,0.0073,Rest
03:57:04,0.5581,-0.4829,0.7085,0.0077,Rest
03:57:06,0.4665,-0.4552,0.6374,0.0083,Rest
03:57:08,0.4875,-0.4194,0.7545,0.007,Rest
03:57:10,0.5508,-0.3587,0.5879,0.0075,Rest
03:57:12,0.4701,-0.2536,0.7497,0.0097,Rest
03:57:14,0.5135,-0.4453,0.6485,0.0071,Rest
03:57:16,0.4935,-0.3979,0.6819,0.0091,Rest
03:57:18,0.5254,-0.407,0.6651,0.0094,Rest
03:57:20,0.4826,-0.3536,0.6627,0.0091,Rest
03:57:22,0.4469,-0.3879,0.7205,0.0059,Rest
03:57:24,0.5105,-0.3834,0.6957,0.0089,Rest
03:57:26,0.4799,-0.4217,0.6919,0.01,Rest
03:57:28,0.5504,-0.4296,0.7033,0.0088,Rest
03:57:30,0.478,-0.4263,0.6636,0.0066,Rest
03:57:32,0.5861,-0.3516,0.7722,0.0059,Rest
03:57:34,0.5423,-0.3932,0.6711,0.0068,Rest
03:57:36,0.5241,-0.4388,0.6623,0.0065,Rest
03:57:38,0.4669,-0.4481,0.7007,0.0075,Rest
03:57:40,0.4892,-0.4462,0.6474,0.0065,Rest
03:57:42,0.4686,-0.4249,0.7306,0.0092,Rest
03:57:44,0.5293,-0.313,0.7588,0.0062,Rest
03:57:46,0.5128,-0.3393,0.7551,0.0077,Rest
03:57:48,0.4377,-0.3953,0.7526,0.0078,Rest
03:57:50,0.5034,-0.4153,0.7146,0.0083,Rest
03:57:52,0.3656,-0.4573,0.7511,0.0079,Rest
03:57:54,0.4613,-0.4171,0.6181,0.0066,Rest
03:57:56,0.4869,-0.4633,0.7142,0.0074,Rest
03:57:58,0.6415,-0.4556,0.6216,0.0091,Rest
03:58:00,0.4377,-0.3346,0.7545,0.0082,Rest
03:58:02,0.4206,-0.3832,0.6576,0.0078,Rest
03:58:04,0.4619,-0.4163,0.7427,0.0084,Rest
03:58:06,0.5144,-0.3073,0.6798,0.0091,Rest
03:58:08,0.5809,-0.4177,0.747,0.0056,Rest
03:58:10,0.4179,-0.386,0.6844,0.0077,Rest
03:58:12,0.5246,-0.4387,0.6942,0.0095,Rest
03:58:14,0.5331,-0.3618,0.6513,0.0072,Rest
03:58:16,0.617,-0.4522,0.7172,0.0076,Rest
03:58:18,0.4481,-0.3875,0.6936,0.0094,Rest
03:58:20,0.4687,-0.4158,0.6907,0.0072,Rest
03:58:22,0.5859,-0.3663,0.6964,0.0058,Rest
03:58:24,0.4594,-0.4628,0.7652,0.0089,Rest
03:58:26,0.5378,-0.4167,0.7489,0.008,Rest
03:58:28,0.5104,-0.4524,0.6714,0.007,Rest
03:58:30,0.5188,-0.3191,0.7235,0.0098,Rest
03:58:32,0.5101,-0.4017,0.6887,0.0072,Rest
03:58:34,0.4338,-0.3429,0.6997,0.0068,Rest
03:58:36,0.5113,-0.3774,0.664,0.0084,Rest
03:58:38,0.5117,-0.4212,0.7648,0.0069,Rest
03:58:40,0.5688,-0.4105,0.6565,0.0073,Rest
03:58:42,0.5343,-0.3615,0.7058,0.0079,Rest
03:58:44,0.5028,-0.3383,0.8318,0.0088,Rest
03:58:46,0.4161,-0.3814,0.6216,0.0066,Rest
03:58:48,0.5107,-0.4956,0.7644,0.0078,Rest
03:58:50,0.5349,-0.3261,0.6911,0.01,Rest
03:58:52,0.4221,-0.35,0.6754,0.0088,Rest
03:58:54,0.5198,-0.398,0.5888,0.0086,Rest
03:58:56,0.481,-0.4343,0.624,0.007,Rest
03:58:58,0.4323,-0.5035,0.672,0.0071,Rest
03:59:00,0.4589,-0.3607,0.7616,0.0063,Rest
03:59:02,0.505,-0.3978,0.7136,0.0077,Rest
03:59:04,0.4964,-0.4166,0.6611,0.0085,Rest
03:59:06,0.5543,-0.4966,0.7107,0.0073,Rest
03:59:08,0.5137,-0.4348,0.6846,0.0085,Rest
03:59:10,0.4822,-0.4313,0.764,0.0077,Rest
03:59:12,0.545,-0.4719,0.7443,0.0095,Rest
03:59:14,0.4716,-0.4319,0.7183,0.0086,Rest
03:59:16,0.4147,-0.3803,0.7565,0.0067,Rest
03:59:18,0.5303,-0.3046,0.6387,0.0065,Rest
03:59:20,0.521,-0.4433,0.7152,0.0089,Rest
03:59:22,0.4853,-0.3981,0.6887,0.0084,Rest
03:59:24,0.447,-0.4613,0.6877,0.0071,Rest
03:59:26,0.4793,-0.3792,0.7036,0.0086,Rest
03:59:28,0.4385,-0.319,0.7679,0.0067,Rest
03:59:30,0.4635,-0.392,0.599,0.0064,Rest
03:59:32,0.4515,-0.3555,0.5726,0.0086,Rest
03:59:34,0.5281,-0.3254,0.7241,0.0051,Rest
03:59:36,0.4797,-0.4369,0.7146,0.0076,Rest
03:59:38,0.4632,-0.3162,0.8295,0.008,Rest
03:59:40,0.4743,-0.4192,0.6644,0.0093,Rest
03:59:42,0.5243,-0.3791,0.7396,0.0072,Rest
03:59:44,0.4174,-0.4415,0.645,0.0098,Rest
03:59:46,0.563,-0.3361,0.7045,0.0086,Rest
03:59:48,0.391,-0.367,0.7769,0.0076,Rest
03:59:50,0.4403,-0.3049,0.6658,0.0067,Rest
03:59:52,0.4976,-0.3778,0.7404,0.0078,Rest
03:59:54,0.4718,-0.5039,0.6648,0.0057,Rest
03:59:56,0.5223,-0.4724,0.6748,0.0088,Rest
03:59:58,0.4658,-0.3714,0.7705,0.008,Rest
04:00:00,0.488,-0.3265,0.5656,0.0082,Rest
04:00:02,0.4846,-0.3503,0.769,0.0077,Rest
04:00:04,0.5114,-0.4437,0.7043,0.0062,Rest
04:00:06,0.4966,-0.4202,0.6823,0.0075,Rest
04:00:08,0.4526,-0.3893,0.7046,0.0086,Rest
04:00:10,0.4407,-0.3402,0.7105,0.0077,Rest
04:00:12,0.5198,-0.3951,0.7349,0.0088,Rest
04:00:14,0.4888,-0.4665,0.7205,0.0087,Rest
04:00:16,0.4679,-0.4448,0.7129,0.007,Rest
04:00:18,0.4013,-0.3766,0.7613,0.0096,Rest
04:00:20,0.4761,-0.3851,0.7901,0.0094,Rest
04:00:22,0.4941,-0.3534,0.7174,0.0072,Rest
04:00:24,0.5025,-0.3487,0.7626,0.0078,Rest
04:00:26,0.4163,-0.4233,0.7532,0.0065,Rest
04:00:28,0.4869,-0.2754,0.6991,0.0075,Rest
04:00:30,0.557,-0.4145,0.6969,0.0079,Rest
04:00:32,0.5082,-0.3703,0.715,0.0068,Rest
04:00:34,0.4202,-0.5086,0.7371,0.009,Rest
04:00:36,0.5076,-0.47,0.709,0.0086,Rest
04:00:38,0.5116,-0.3747,0.6813,0.0074,Rest
04:00:40,0.535,-0.4229,0.6003,0.0087,Rest
04:00:42,0.4201,-0.3617,0.7537,0.0067,Rest
04:00:44,0.4063,-0.3755,0.7072,0.0079,Rest
04:00:46,0.595,-0.4627,0.6848,0.0088,Rest
04:00:48,0.5501,-0.433,0.6849,0.0082,Rest
04:00:50,0.4793,-0.5207,0.6764,0.0092,Rest
04:00:52,0.4724,-0.3729,0.6558,0.009,Rest
04:00:54,0.4824,-0.3954,0.7222,0.007,Rest
04:00:56,0.4985,-0.4503,0.7683,0.0082,Rest
04:00:58,0.5482,-0.3603,0.717,0.0068,Rest
04:01:00,0.542,-0.4279,0.6599,0.0086,Rest
04:01:02,0.4273,-0.4611,0.8178,0.0074,Rest
04:01:04,0.539,-0.3639,0.7388,0.0084,Rest
04:01:06,0.4687,-0.4882,0.6622,0.0093,Rest
04:01:08,0.4529,-0.4461,0.5893,0.0075,Rest
04:01:10,0.4953,-0.3725,0.7146,0.0068,Rest
04:01:12,0.5412,-0.3485,0.6987,0.0086,Rest
04:01:14,0.4064,-0.555,0.723,0.009,Rest
04:01:16,0.5776,-0.4745,0.7212,0.0068,Rest
04:01:18,0.6093,-0.4176,0.6627,0.0081,Rest
04:01:20,0.5786,-0.3328,0.6502,0.0066,Rest
04:01:22,0.4534,-0.4274,0.7535,0.0088,Rest
04:01:24,0.5278,-0.4479,0.6275,0.0078,Rest
04:01:26,0.4097,-0.4778,0.7381,0.007,Rest
04:01:28,0.4881,-0.4391,0.7851,0.0079,Rest
04:01:30,0.5029,-0.4611,0.6835,0.009,Rest
04:01:32,0.436,-0.3858,0.6788,0.0098,Rest
04:01:34,0.4785,-0.263,0.7437,0.0097,Rest
04:01:36,0.4786,-0.3712,0.8046,0.0082,Rest
04:01:38,0.5356,-0.4282,0.6281,0.0099,Rest
04:01:40,0.4822,-0.397,0.6212,0.0072,Rest
04:01:42,0.4092,-0.3607,0.6894,0.0061,Rest
04:01:44,0.5047,-0.4587,0.6722,0.0079,Rest
04:01:46,0.525,-0.404,0.7074,0.0071,Rest
04:01:48,0.5373,-0.4314,0.7279,0.0091,Rest
04:01:50,0.5108,-0.3952,0.6567,0.0071,Rest
04:01:52,0.5426,-0.4603,0.7424,0.0067,Rest
04:01:54,0.4753,-0.4907,0.7429,0.0064,Rest
04:01:56,0.5139,-0.3455,0.7363,0.0062,Rest
04:01:58,0.4694,-0.3663,0.7436,0.0092,Rest
04:02:00,0.5892,-0.4459,0.717,0.0085,Rest
04:02:02,0.4882,-0.3455,0.7806,0.0082,Rest
04:02:04,0.5221,-0.4317,0.7339,0.009,Rest
04:02:06,0.5256,-0.3708,0.7284,0.0089,Rest
04:02:08,0.5,-0.4235,0.6206,0.0096,Rest
04:02:10,0.5049,-0.3092,0.6852,0.0085,Rest
04:02:12,0.4188,-0.3548,0.7127,0.0088,Rest
04:02:14,0.519,-0.4172,0.6424,0.0094,Rest
04:02:16,0.508,-0.4087,0.7305,0.0103,Rest
04:02:18,0.4526,-0.3721,0.7401,0.0077,Rest
04:02:20,0.485,-0.4258,0.6516,0.007,Rest
04:02:22,0.4776,-0.4175,0.7511,0.0093,Rest
04:02:24,0.4902,-0.4624,0.652,0.0086,Rest
04:02:26,0.4013,-0.3696,0.695,0.009,Rest
04:02:28,0.4958,-0.4345,0.6818,0.0082,Rest
04:02:30,0.4341,-0.4109,0.7444,0.0081,Rest
04:02:32,0.4875,-0.3728,0.6741,0.0086,Rest
04:02:34,0.5186,-0.4234,0.6782,0.0079,Rest
04:02:36,0.4918,-0.4224,0.6698,0.0094,Rest
04:02:38,0.5391,-0.4381,0.691,0.0073,Rest
04:02:40,0.5353,-0.4688,0.8085,0.0062,Rest
04:02:42,0.476,-0.4216,0.7027,0.0061,Rest
04:02:44,0.4845,-0.4585,0.6602,0.0086,Rest
04:02:46,0.5481,-0.4435,0.647,0.0078,Rest
04:02:48,0.5321,-0.4024,0.6378,0.0057,Rest
04:02:50,0.5279,-0.3623,0.7259,0.0067,Rest
04:02:52,0.5237,-0.3441,0.7197,0.0058,Rest
04:02:54,0.4887,-0.4114,0.6556,0.0075,Rest
04:02:56,0.5132,-0.4253,0.7293,0.0087,Rest
04:02:58,0.4267,-0.3903,0.7708,0.0085,Rest
04:03:00,0.4624,-0.3621,0.633,0.0095,Rest
04:03:02,0.4513,-0.3672,0.7113,0.0078,Rest
04:03:04,0.6053,-0.4021,0.7352,0.0063,Rest
04:03:06,0.4903,-0.4088,0.6431,0.0071,Rest
04:03:08,0.5212,-0.4113,0.7414,0.0069,Rest
04:03:10,0.4806,-0.4541,0.6851,0.0072,Rest
04:03:12,0.4834,-0.4256,0.7614,0.0082,Rest
04:03:14,0.5465,-0.4131,0.7061,0.009,Rest
04:03:16,0.4582,-0.4259,0.7244,0.0091,Rest
04:03:18,0.5231,-0.4721,0.7566,0.0072,Rest
04:03:20,0.4657,-0.407,0.7193,0.0074,Rest
04:03:22,0.512,-0.5237,0.6863,0.0077,Rest
04:03:24,0.4757,-0.3126,0.7021,0.0081,Rest
04:03:26,0.4897,-0.5197,0.5979,0.0073,Rest
04:03:28,0.5448,-0.4039,0.6963,0.0083,Rest
04:03:30,0.3758,-0.3976,0.8044,0.0083,Rest
04:03:32,0.4928,-0.3709,0.7611,0.0106,Rest
04:03:34,0.5855,-0.4209,0.6958,0.0073,Rest
04:03:36,0.5242,-0.3957,0.6056,0.008,Rest
04:03:38,0.5407,-0.4114,0.7699,0.0085,Rest
04:03:40,0.4647,-0.4497,0.7388,0.0065,Rest
04:03:42,0.5546,-0.4022,0.7113,0.0083,Rest
04:03:44,0.5409,-0.4971,0.742,0.0082,Rest
04:03:46,0.5331,-0.4828,0.7029,0.0079,Rest
04:03:48,0.5206,-0.3294,0.6983,0.0098,Rest
04:03:50,0.4452,-0.3904,0.731,0.0068,Rest
04:03:52,0.4523,-0.4097,0.7117,0.0085,Rest
04:03:54,0.4873,-0.4023,0.656,0.0082,Rest
04:03:56,0.4191,-0.4542,0.7538,0.0067,Rest
04:03:58,0.4956,-0.3606,0.6685,0.0104,Rest
04:04:00,0.4725,-0.362,0.6888,0.0092,Rest
04:04:02,0.601,-0.3846,0.7727,0.0085,Rest
04:04:04,0.5097,-0.389,0.7004,0.0079,Rest
04:04:06,0.5564,-0.2839,0.7064,0.0077,Rest
04:04:08,0.5272,-0.4586,0.669,0.0075,Rest
04:04:10,0.5183,-0.3419,0.7572,0.0084,Rest
04:04:12,0.419,-0.3779,0.6782,0.0087,Rest
04:04:14,0.5131,-0.3732,0.6601,0.0078,Rest
04:04:16,0.5603,-0.4467,0.685,0.0084,Rest
04:04:18,0.4683,-0.4803,0.7418,0.0083,Rest
04:04:20,0.4102,-0.3701,0.6006,0.009,Rest
04:04:22,0.4973,-0.369,0.7246,0.0079,Rest
04:04:24,0.498,-0.3638,0.8533,0.0091,Rest
04:04:26,0.5787,-0.4629,0.7733,0.0075,Rest
04:04:28,0.5231,-0.2792,0.6352,0.0098,Rest
04:04:30,0.4684,-0.4579,0.6595,0.0073,Rest
04:04:32,0.4112,-0.3682,0.6854,0.009,Rest
04:04:34,0.4633,-0.4264,0.7697,0.0088,Rest
04:04:36,0.5297,-0.4349,0.7168,0.0092,Rest
04:04:38,0.4461,-0.3975,0.6727,0.0082,Rest
04:04:40,0.5225,-0.452,0.708,0.009,Rest
04:04:42,0.5336,-0.3814,0.7172,0.0071,Rest
04:04:44,0.503,-0.421,0.782,0.0058,Rest
04:04:46,0.4466,-0.3938,0.6964,0.0079,Rest
04:04:48,0.5503,-0.4311,0.7237,0.009,Rest
04:04:50,0.4404,-0.4521,0.7797,0.0066,Rest
04:04:52,0.4638,-0.4246,0.7325,0.0098,Rest
04:04:54,0.4726,-0.3649,0.6698,0.0086,Rest
04:04:56,0.4786,-0.4252,0.7223,0.0073,Rest
04:04:58,0.4853,-0.3446,0.7196,0.0081,Rest
04:05:00,0.5625,-0.2911,0.6539,0.0084,Rest
04:05:02,0.517,-0.468,0.7218,0.0082,Rest
04:05:04,0.5824,-0.3681,0.7023,0.0075,Rest
04:05:06,0.5432,-0.4216,0.7943,0.0096,Rest
04:05:08,0.5028,-0.3952,0.6477,0.0081,Rest
04:05:10,0.5857,-0.4205,0.6469,0.0073,Rest
04:05:12,0.4684,-0.3475,0.7801,0.0088,Rest
04:05:14,0.4754,-0.4455,0.6562,0.009,Rest
04:05:16,0.4683,-0.4333,0.717,0.0077,Rest
04:05:18,0.4897,-0.3192,0.7189,0.008,Rest
04:05:20,0.4856,-0.2742,0.6832,0.0082,Rest
04:05:22,0.5078,-0.432,0.6691,0.0081,Rest
04:05:24,0.597,-0.4111,0.6189,0.0081,Rest
04:05:26,0.4907,-0.4111,0.6276,0.0093,Rest
04:05:28,0.5721,-0.4152,0.668,0.0095,Rest
04:05:30,0.5054,-0.3074,0.6982,0.0088,Rest
04:05:32,0.5453,-0.3293,0.6888,0.0065,Rest
04:05:34,0.5198,-0.4119,0.8232,0.0097,Rest
04:05:36,0.4875,-0.3478,0.6902,0.0084,Rest
04:05:38,0.4776,-0.406,0.6678,0.0102,Rest
04:05:40,0.5721,-0.3777,0.7178,0.0076,Rest
04:05:42,0.5846,-0.2615,0.715,0.0092,Rest
04:05:44,0.4429,-0.4514,0.6679,0.0081,Rest
04:05:46,0.5105,-0.4297,0.6544,0.007,Rest
04:05:48,0.5221,-0.4451,0.5982,0.0072,Rest
04:05:50,0.4623,-0.3868,0.6476,0.008,Rest
04:05:52,0.485,-0.3613,0.6422,0.0081,Rest
04:05:54,0.4828,-0.3552,0.7262,0.0064,Rest
04:05:56,0.5132,-0.479,0.6079,0.0094,Rest
04:05:58,0.422,-0.4386,0.6819,0.0078,Rest
04:06:00,0.5557,-0.3813,0.7113,0.0097,Rest
04:06:02,0.5033,-0.4291,0.6499,0.0085,Rest
04:06:04,0.5241,-0.3499,0.6856,0.0088,Rest
04:06:06,0.5553,-0.3843,0.7475,0.0084,Rest
04:06:08,0.4573,-0.4312,0.8311,0.0078,Rest
04:06:10,0.5149,-0.3713,0.7343,0.0079,Rest
04:06:12,0.4641,-0.3339,0.6498,0.0092,Rest
04:06:14,0.5017,-0.2971,0.7523,0.0089,Rest
04:06:16,0.4811,-0.4822,0.7248,0.0088,Rest
04:06:18,0.5011,-0.414,0.6873,0.0074,Rest
04:06:20,0.3856,-0.3699,0.6712,0.0085,Rest
04:06:22,0.5217,-0.4246,0.6633,0.0083,Rest
04:06:24,0.4701,-0.4734,0.7268,0.0072,Rest
04:06:26,0.5254,-0.3801,0.7536,0.0083,Rest
04:06:28,0.6188,-0.3693,0.712,0.0072,Rest
04:06:30,0.5233,-0.3312,0.6962,0.0077,Rest
04:06:32,0.404,-0.3926,0.6757,0.0083,Rest
04:06:34,0.4727,-0.3522,0.7134,0.0073,Rest
04:06:36,0.6129,-0.4398,0.6993,0.0072,Rest
04:06:38,0.4745,-0.4121,0.6749,0.008,Rest
04:06:40,0.4407,-0.3934,0.7223,0.0058,Rest
04:06:42,0.513,-0.4146,0.7818,0.0086,Rest
04:06:44,0.4252,-0.3851,0.749,0.0085,Rest
04:06:46,0.5342,-0.4073,0.7204,0.007,Rest
04:06:48,0.4654,-0.3862,0.6473,0.0065,Rest
04:06:50,0.4942,-0.3859,0.6783,0.009,Rest
04:06:52,0.4938,-0.4255,0.7296,0.0086,Rest
04:06:54,0.4554,-0.4519,0.6558,0.0086,Rest
04:06:56,0.5385,-0.4217,0.7191,0.0098,Rest
04:06:58,0.5603,-0.3561,0.7403,0.0076,Rest
04:07:00,0.4526,-0.3903,0.6676,0.0083,Rest
04:07:02,0.5504,-0.378,0.7571,0.007,Rest
04:07:04,0.4962,-0.3853,0.6886,0.0081,Rest
04:07:06,0.5672,-0.4168,0.6989,0.0092,Rest
04:07:08,0.5184,-0.2645,0.7256,0.0082,Rest
04:07:10,0.5068,-0.4161,0.6181,0.007,Rest
04:07:12,0.549,-0.3797,0.6484,0.0079,Rest
04:07:14,0.5488,-0.4558,0.7377,0.0062,Rest
04:07:16,0.4973,-0.3892,0.6714,0.0089,Rest
04:07:18,0.5373,-0.4608,0.7027,0.0095,Rest
04:07:20,0.4977,-0.4731,0.7529,0.0073,Rest
04:07:22,0.4672,-0.4757,0.6272,0.0067,Rest
04:07:24,0.4,-0.378,0.7102,0.0066,Rest
04:07:26,0.4964,-0.3327,0.6629,0.0094,Rest
04:07:28,0.4494,-0.369,0.7223,0.0086,Rest
04:07:30,0.5374,-0.4182,0.6938,0.0084,Rest
04:07:32,0.438,-0.3431,0.7658,0.0076,Rest
04:07:34,0.5363,-0.3049,0.7665,0.0079,Rest
04:07:36,0.3839,-0.4069,0.7191,0.0082,Rest
04:07:38,0.5056,-0.4352,0.7291,0.0097,Rest
04:07:40,0.5065,-0.4065,0.6648,0.0071,Rest
04:07:42,0.4859,-0.3851,0.6513,0.0095,Rest
04:07:44,0.4673,-0.3492,0.6641,0.0044,Rest
04:07:46,0.4922,-0.3596,0.7626,0.0084,Rest
04:07:48,0.5675,-0.4449,0.7442,0.0079,Rest
04:07:50,0.4817,-0.3562,0.7477,0.0081,Rest
04:07:52,0.5273,-0.4142,0.6989,0.01,Rest
04:07:54,0.4118,-0.4221,0.7085,0.0075,Rest
04:07:56,0.499,-0.4367,0.6853,0.0067,Rest
04:07:58,0.5095,-0.4272,0.612,0.008,Rest
04:08:00,0.5107,-0.3972,0.784,0.0094,Rest
04:08:02,0.4802,-0.3663,0.707,0.0081,Rest
04:08:04,0.5161,-0.4332,0.6661,0.0082,Rest
04:08:06,0.6005,-0.2906,0.7291,0.0092,Rest
04:08:08,0.6177,-0.3334,0.7253,0.0084,Rest
04:08:10,0.4074,-0.3394,0.7154,0.0075,Rest
04:08:12,0.5203,-0.3179,0.7205,0.0081,Rest
04:08:14,0.5251,-0.4343,0.7283,0.0077,Rest
04:08:16,0.4841,-0.2746,0.7306,0.0072,Rest
04:08:18,0.5566,-0.4272,0.6545,0.0082,Rest
04:08:20,0.4569,-0.4866,0.7157,0.0084,Rest
04:08:22,0.5486,-0.4202,0.7279,0.007,Rest
04:08:24,0.5206,-0.4227,0.7267,0.0093,Rest
04:08:26,0.5311,-0.3782,0.7266,0.0087,Rest
04:08:28,0.5657,-0.4041,0.7152,0.007,Rest
04:08:30,0.4922,-0.4241,0.78,0.0078,Rest
04:08:32,0.5936,-0.3314,0.7049,0.0074,Rest
04:08:34,0.4641,-0.4322,0.7327,0.0076,Rest
04:08:36,0.532,-0.3718,0.7253,0.0075,Rest
04:08:38,0.5746,-0.3836,0.656,0.0066,Rest
04:08:40,0.4664,-0.4108,0.7786,0.0079,Rest
04:08:42,0.4588,-0.4199,0.6518,0.0079,Rest
04:08:44,0.5621,-0.4081,0.6753,0.0075,Rest
04:08:46,0.496,-0.4036,0.7435,0.0064,Rest
04:08:48,0.5184,-0.3268,0.6565,0.0069,Rest
04:08:50,0.4881,-0.3787,0.6717,0.0073,Rest
04:08:52,0.563,-0.3465,0.775,0.0074,Rest
04:08:54,0.4507,-0.4211,0.6729,0.008,Rest
04:08:56,0.5076,-0.3259,0.7721,0.0086,Rest
04:08:58,0.4486,-0.3872,0.6507,0.0071,Rest
04:09:00,0.4543,-0.4712,0.7074,0.0071,Rest
04:09:02,0.5552,-0.3375,0.7725,0.0084,Rest
04:09:04,0.5458,-0.3683,0.7967,0.0099,Rest
04:09:06,0.463,-0.4827,0.7772,0.0067,Rest
04:09:08,0.4914,-0.4103,0.7687,0.0083,Rest
04:09:10,0.5568,-0.4721,0.6515,0.0068,Rest
04:09:12,0.5032,-0.4009,0.6769,0.0083,Rest
04:09:14,0.3799,-0.4291,0.6733,0.0068,Rest
04:09:16,0.6004,-0.3933,0.81,0.007,Rest
04:09:18,0.4239,-0.3782,0.666,0.0064,Rest
04:09:20,0.5008,-0.4056,0.7055,0.0084,Rest
04:09:22,0.5297,-0.4645,0.7524,0.007,Rest
04:09:24,0.5496,-0.4166,0.6512,0.0082,Rest
04:09:26,0.477,-0.3516,0.7122,0.008,Rest
04:09:28,0.5115,-0.4606,0.6369,0.0076,Rest
04:09:30,0.528,-0.4508,0.6978,0.0086,Rest
04:09:32,0.4762,-0.3723,0.7124,0.0076,Rest
04:09:34,0.5426,-0.4415,0.7578,0.007,Rest
04:09:36,0.3917,-0.429,0.7255,0.007,Rest
04:09:38,0.5578,-0.4186,0.686,0.0087,Rest
04:09:40,0.5631,-0.3707,0.6719,0.0099,Rest
04:09:42,0.5564,-0.3919,0.7287,0.0093,Rest
04:09:44,0.5111,-0.3848,0.5894,0.0071,Rest
04:09:46,0.5061,-0.3707,0.66,0.0061,Rest
04:09:48,0.5185,-0.4059,0.6543,0.0064,Rest
04:09:50,0.384,-0.4215,0.6781,0.0075,Rest
04:09:52,0.5153,-0.4199,0.5932,0.0071,Rest
04:09:54,0.6232,-0.394,0.716,0.0093,Rest
04:09:56,0.5785,-0.4082,0.8101,0.0088,Rest
04:09:58,0.545,-0.4209,0.6761,0.0065,Rest
04:10:00,0.5894,-0.5385,0.6738,0.0066,Rest
04:10:02,0.4824,-0.4589,0.6924,0.0073,Rest
04:10:04,0.4526,-0.3809,0.7208,0.0078,Rest
04:10:06,0.4579,-0.4882,0.6913,0.0075,Rest
04:10:08,0.5925,-0.3927,0.6591,0.0084,Rest
04:10:10,0.4992,-0.4025,0.6034,0.007,Rest
04:10:12,0.4196,-0.3857,0.6517,0.0072,Rest
04:10:14,0.4796,-0.4284,0.7518,0.0062,Rest
04:10:16,0.4691,-0.4248,0.742,0.0081,Rest
04:10:18,0.4523,-0.3312,0.6795,0.008,Rest
04:10:20,0.5408,-0.4884,0.7355,0.0089,Rest
04:10:22,0.5065,-0.4441,0.6588,0.0076,Rest
04:10:24,0.4637,-0.5236,0.7262,0.0095,Rest
04:10:26,0.4926,-0.3383,0.7414,0.0085,Rest
04:10:28,0.534,-0.3992,0.6544,0.009,Rest
04:10:30,0.5088,-0.4005,0.7253,0.007,Rest
04:10:32,0.5256,-0.3881,0.7975,0.0058,Rest
04:10:34,0.609,-0.4221,0.6749,0.0085,Rest
04:10:36,0.518,-0.3964,0.6558,0.0083,Rest
04:10:38,0.4684,-0.3985,0.6897,0.0094,Rest
04:10:40,0.4642,-0.4237,0.7432,0.0078,Rest
04:10:42,0.446,-0.3886,0.74,0.0097,Rest
04:10:44,0.4919,-0.4089,0.7146,0.0069,Rest
04:10:46,0.5217,-0.4725,0.6473,0.0083,Rest
04:10:48,0.5267,-0.3883,0.6793,0.0074,Rest
04:10:50,0.4315,-0.4791,0.6981,0.0098,Rest
04:10:52,0.5282,-0.3946,0.7807,0.008,Rest
04:10:54,0.5082,-0.3834,0.592,0.0079,Rest
04:10:56,0.4908,-0.3486,0.6751,0.0075,Rest
04:10:58,0.4108,-0.3411,0.6274,0.0082,Rest
04:11:00,0.5498,-0.347,0.6579,0.0074,Rest
04:11:02,0.4714,-0.4647,0.7353,0.0057,Rest
04:11:04,0.5121,-0.3825,0.7006,0.0072,Rest
04:11:06,0.5163,-0.3559,0.7319,0.007,Rest
04:11:08,0.5078,-0.381,0.708,0.0083,Rest
04:11:10,0.4629,-0.3291,0.6451,0.007,Rest
04:11:12,0.5121,-0.4281,0.6977,0.0092,Rest
04:11:14,0.506,-0.417,0.7162,0.0062,Rest
04:11:16,0.5105,-0.4277,0.6362,0.0078,Rest
04:11:18,0.5419,-0.2913,0.6884,0.0072,Rest
04:11:20,0.4975,-0.3829,0.6724,0.0077,Rest
04:11:22,0.4569,-0.371,0.6385,0.0094,Rest
04:11:24,0.4529,-0.3298,0.6541,0.0096,Rest
04:11:26,0.5771,-0.3836,0.7337,0.0075,Rest
04:11:28,0.4614,-0.4344,0.6851,0.0091,Rest
04:11:30,0.4613,-0.4529,0.6167,0.0072,Rest
04:11:32,0.5532,-0.4702,0.7452,0.0098,Rest
04:11:34,0.502,-0.397,0.6213,0.0093,Rest
04:11:36,0.461,-0.4639,0.6552,0.0087,Rest
04:11:38,0.4451,-0.4417,0.7352,0.0075,Rest
04:11:40,0.4855,-0.435,0.713,0.0084,Rest
04:11:42,0.4787,-0.3964,0.806,0.0092,Rest
04:11:44,0.3912,-0.4251,0.6487,0.0074,Rest
04:11:46,0.5462,-0.3612,0.6868,0.0091,Rest
04:11:48,0.4507,-0.4626,0.8076,0.0068,Rest
04:11:50,0.5713,-0.3375,0.6993,0.0087,Rest
04:11:52,0.5514,-0.5095,0.7052,0.009,Rest
04:11:54,0.5058,-0.4322,0.6708,0.0089,Rest
04:11:56,0.4939,-0.4158,0.8116,0.0094,Rest
04:11:58,0.4783,-0.3135,0.6959,0.008,Rest
04:12:00,0.4788,-0.3744,0.6568,0.0082,Rest
04:12:02,0.5088,-0.4164,0.7529,0.0076,Rest
04:12:04,0.5058,-0.3307,0.6551,0.0075,Rest
04:12:06,0.5151,-0.4206,0.6212,0.008,Rest
04:12:08,0.4976,-0.3311,0.7383,0.0079,Rest
04:12:10,0.4898,-0.4607,0.6733,0.0083,Rest
04:12:12,0.336,-0.4157,0.6782,0.0074,Rest
04:12:14,0.3989,-0.3413,0.6809,0.0076,Rest
04:12:16,0.5721,-0.4458,0.7742,0.007,Rest
04:12:18,0.599,-0.4027,0.7258,0.0075,Rest
04:12:20,0.4238,-0.5005,0.7114,0.0086,Rest
04:12:22,0.5107,-0.3709,0.591,0.0097,Rest
04:12:24,0.4242,-0.4126,0.6785,0.0091,Rest
04:12:26,0.4541,-0.4172,0.7605,0.0088,Rest
04:12:28,0.5123,-0.3711,0.701,0.0092,Rest
04:12:30,0.5135,-0.3505,0.684,0.0079,Rest
04:12:32,0.4596,-0.3704,0.6688,0.0085,Rest
04:12:34,0.4933,-0.4428,0.7577,0.009,Rest
04:12:36,0.5229,-0.3877,0.7197,0.0086,Rest
04:12:38,0.4478,-0.4318,0.6828,0.0089,Rest
04:12:40,0.4648,-0.3505,0.7592,0.0085,Rest
04:12:42,0.4679,-0.4835,0.6711,0.0081,Rest
04:12:44,0.5428,-0.3773,0.6694,0.0085,Rest
04:12:46,0.4987,-0.4422,0.737,0.0067,Rest
04:12:48,0.5221,-0.3711,0.6185,0.0077,Rest
04:12:50,0.5149,-0.3422,0.7522,0.0077,Rest
04:12:52,0.4486,-0.4169,0.8689,0.0077,Rest
04:12:54,0.5386,-0.4219,0.7233,0.008,Rest
04:12:56,0.5254,-0.3958,0.795,0.0077,Rest
04:12:58,0.5469,-0.3184,0.7133,0.0083,Rest
04:13:00,0.5553,-0.3231,0.6693,0.0088,Rest
04:13:02,0.5375,-0.4309,0.782,0.007,Rest
04:13:04,0.4566,-0.4743,0.7306,0.0067,Rest
04:13:06,0.4212,-0.3534,0.6918,0.0108,Rest
04:13:08,0.4386,-0.3474,0.6879,0.0093,Rest
04:13:10,0.4379,-0.3301,0.6507,0.0087,Rest
04:13:12,0.509,-0.3514,0.7427,0.0092,Rest
04:13:14,0.4873,-0.4192,0.7196,0.0078,Rest
04:13:16,0.4803,-0.4499,0.6992,0.0083,Rest
04:13:18,0.6086,-0.4725,0.677,0.0088,Rest
04:13:20,0.5489,-0.3456,0.7225,0.0063,Rest
04:13:22,0.4663,-0.3856,0.7302,0.007,Rest
04:13:24,0.5795,-0.4118,0.7181,0.0073,Rest
04:13:26,0.5183,-0.4045,0.7403,0.0083,Rest
04:13:28,0.494,-0.4364,0.7062,0.008,Rest
04:13:30,0.4236,-0.4082,0.6402,0.0077,Rest
04:13:32,0.519,-0.3713,0.7955,0.0074,Rest
04:13:34,0.5493,-0.4235,0.7183,0.0076,Rest
04:13:36,0.5076,-0.387,0.7449,0.0097,Rest
04:13:38,0.5637,-0.4435,0.6798,0.0078,Rest
04:13:40,0.5624,-0.4827,0.713,0.0096,Rest
04:13:42,0.5025,-0.4193,0.6234,0.0095,Rest
04:13:44,0.4512,-0.3577,0.655,0.0063,Rest
04:13:46,0.545,-0.4317,0.7388,0.0095,Rest
04:13:48,0.4624,-0.4108,0.7072,0.0078,Rest
04:13:50,0.5599,-0.3371,0.618,0.008,Rest
04:13:52,0.4768,-0.4419,0.7285,0.0085,Rest
04:13:54,0.5564,-0.3698,0.6771,0.009,Rest
04:13:56,0.4629,-0.4653,0.6433,0.0097,Rest
04:13:58,0.49,-0.3813,0.71,0.0082,Rest
04:14:00,0.453,-0.4083,0.6538,0.009,Rest
04:14:02,0.4643,-0.3112,0.6734,0.0079,Rest
04:14:04,0.4909,-0.3907,0.719,0.0071,Rest
04:14:06,0.4592,-0.3317,0.766,0.0093,Rest
04:14:08,0.4053,-0.3766,0.7719,0.0095,Rest
04:14:10,0.4419,-0.3975,0.6817,0.0076,Rest
04:14:12,0.5309,-0.4081,0.7853,0.0073,Rest
04:14:14,0.4822,-0.3612,0.7623,0.0093,Rest
04:14:16,0.3943,-0.3809,0.7434,0.0089,Rest
04:14:18,0.3994,-0.3829,0.7385,0.0089,Rest
04:14:20,0.5856,-0.3602,0.6571,0.0059,Rest
04:14:22,0.4854,-0.3874,0.701,0.0074,Rest
04:14:24,0.4614,-0.3789,0.7293,0.0087,Rest
04:14:26,0.4215,-0.3629,0.7446,0.0083,Rest
04:14:28,0.4952,-0.4309,0.6541,0.0075,Rest
04:14:30,0.5728,-0.4081,0.6351,0.0083,Rest
04:14:32,0.497,-0.4647,0.7194,0.0077,Rest
04:14:34,0.5461,-0.4836,0.6859,0.0093,Rest
04:14:36,0.5062,-0.2488,0.63,0.0069,Rest
04:14:38,0.502,-0.438,0.6997,0.0063,Rest
04:14:40,0.5049,-0.4413,0.6719,0.0076,Rest
04:14:42,0.5547,-0.4405,0.5754,0.0095,Rest
04:14:44,0.4642,-0.3704,0.7124,0.0076,Rest
04:14:46,0.4671,-0.4014,0.8335,0.0098,Rest
04:14:48,0.4804,-0.3967,0.6357,0.0083,Rest
04:14:50,0.4377,-0.4511,0.7154,0.0079,Rest
04:14:52,0.5415,-0.3419,0.7673,0.0072,Rest
04:14:54,0.5542,-0.3947,0.6321,0.0084,Rest
04:14:56,0.5021,-0.3829,0.6568,0.0082,Rest
04:14:58,0.4795,-0.4258,0.7591,0.0082,Rest
04:15:00,0.5571,-0.3084,0.733,0.0081,Rest
04:15:02,0.4367,-0.4135,0.7452,0.0075,Rest
04:15:04,0.4599,-0.2825,0.7392,0.0086,Rest
04:15:06,0.4978,-0.3474,0.6877,0.008,Rest
04:15:08,0.5139,-0.3725,0.7974,0.0095,Rest
04:15:10,0.5361,-0.4342,0.6658,0.0078,Rest
04:15:12,0.4914,-0.4523,0.663,0.0081,Rest
04:15:14,0.4743,-0.3584,0.6339,0.0064,Rest
04:15:16,0.4908,-0.4265,0.7311,0.0083,Rest
04:15:18,0.5442,-0.3419,0.6644,0.0088,Rest
04:15:20,0.575,-0.416,0.6107,0.0076,Rest
04:15:22,0.3972,-0.3604,0.6485,0.0075,Rest
04:15:24,0.5049,-0.3946,0.6926,0.0084,Rest
04:15:26,0.4783,-0.3792,0.7444,0.0081,Rest
04:15:28,0.6135,-0.3826,0.6596,0.0071,Rest
04:15:30,0.4994,-0.3846,0.6705,0.007,Rest
04:15:32,0.5144,-0.4608,0.6419,0.0052,Rest
04:15:34,0.5507,-0.2799,0.7231,0.0063,Rest
04:15:36,0.46,-0.4014,0.7489,0.0063,Rest
04:15:38,0.5802,-0.4348,0.6284,0.0078,Rest
04:15:40,0.4547,-0.5022,0.697,0.0083,Rest
04:15:42,0.5187,-0.4672,0.6505,0.0069,Rest
04:15:44,0.576,-0.3601,0.7847,0.0082,Rest
04:15:46,0.4603,-0.4432,0.6811,0.0071,Rest
04:15:48,0.4694,-0.42,0.6173,0.0061,Rest
04:15:50,0.4876,-0.4221,0.7263,0.008,Rest
04:15:52,0.4583,-0.5324,0.6761,0.0081,Rest
04:15:54,0.455,-0.3522,0.5896,0.0068,Rest
04:15:56,0.4584,-0.417,0.6823,0.0081,Rest
04:15:58,0.5259,-0.377,0.6789,0.0095,Rest
04:16:00,0.4829,-0.4584,0.6716,0.0075,Rest
04:16:02,0.5002,-0.4595,0.6627,0.0084,Rest
04:16:04,0.5345,-0.4206,0.6716,0.0079,Rest
04:16:06,0.4179,-0.4164,0.7045,0.0093,Rest
04:16:08,0.4334,-0.3287,0.733,0.007,Rest
04:16:10,0.4767,-0.3364,0.6796,0.0082,Rest
04:16:12,0.524,-0.4091,0.6567,0.0096,Rest
04:16:14,0.5563,-0.3276,0.6737,0.0092,Rest
04:16:16,0.4792,-0.3973,0.6232,0.0083,Rest
04:16:18,0.4634,-0.4428,0.6362,0.009,Rest
04:16:20,0.5375,-0.4294,0.6294,0.0069,Rest
04:16:22,0.5095,-0.4455,0.6868,0.007,Rest
04:16:24,0.5104,-0.4872,0.7467,0.0089,Rest
04:16:26,0.545,-0.4206,0.6535,0.0094,Rest
04:16:28,0.5312,-0.3716,0.7318,0.0073,Rest
04:16:30,0.4511,-0.3911,0.7574,0.008,Rest
04:16:32,0.5174,-0.4134,0.6003,0.0078,Rest
04:16:34,0.4858,-0.3265,0.7249,0.0064,Rest
04:16:36,0.6228,-0.4075,0.7242,0.0073,Rest
04:16:38,0.4882,-0.3836,0.7836,0.0081,Rest
04:16:40,0.4771,-0.3598,0.6939,0.0068,Rest
04:16:42,0.4356,-0.3074,0.7068,0.0071,Rest
04:16:44,0.5199,-0.4937,0.7671,0.0085,Rest
04:16:46,0.4621,-0.3504,0.728,0.0071,Rest
04:16:48,0.4176,-0.4107,0.6598,0.0073,Rest
04:16:50,0.5514,-0.3255,0.7177,0.0079,Rest
04:16:52,0.4948,-0.3732,0.7163,0.0088,Rest
04:16:54,0.5451,-0.3193,0.705,0.0081,Rest
04:16:56,0.5251,-0.3991,0.6781,0.0081,Rest
04:16:58,0.5302,-0.4051,0.6848,0.0074,Rest
04:17:00,0.4212,-0.3903,0.7166,0.0071,Rest
04:17:02,0.4574,-0.3467,0.6445,0.0087,Rest
04:17:04,0.5877,-0.4221,0.683,0.0096,Rest
04:17:06,0.4463,-0.404,0.697,0.0078,Rest
04:17:08,0.4884,-0.4143,0.6635,0.0085,Rest
04:17:10,0.4965,-0.4084,0.6583,0.0079,Rest
04:17:12,0.4081,-0.478,0.6313,0.0079,Rest
04:17:14,0.5186,-0.4203,0.6297,0.0061,Rest
04:17:16,0.54,-0.3371,0.6616,0.0077,Rest
04:17:18,0.4748,-0.3687,0.6341,0.0082,Rest
04:17:20,0.5624,-0.3827,0.6677,0.009,Rest
04:17:22,0.5313,-0.4525,0.7175,0.0101,Rest
04:17:24,0.5534,-0.4552,0.7383,0.0076,Rest
04:17:26,0.4579,-0.4575,0.7361,0.0088,Rest
04:17:28,0.4319,-0.3731,0.7767,0.0075,Rest
04:17:30,0.4938,-0.3051,0.7216,0.009,Rest
04:17:32,0.5691,-0.4797,0.7322,0.0098,Rest
04:17:34,0.5243,-0.377,0.7385,0.0083,Rest
04:17:36,0.532,-0.4483,0.6382,0.0091,Rest
04:17:38,0.5065,-0.4127,0.7569,0.0083,Rest
04:17:40,0.5159,-0.2629,0.694,0.007,Rest
04:17:42,0.4936,-0.4738,0.6884,0.0075,Rest
04:17:44,0.4707,-0.3765,0.6898,0.0083,Rest
04:17:46,0.502,-0.414,0.6605,0.0085,Rest
04:17:48,0.4951,-0.3841,0.7275,0.0074,Rest
04:17:50,0.4796,-0.3803,0.6778,0.0079,Rest
04:17:52,0.4878,-0.3954,0.7012,0.0065,Rest
04:17:54,0.4817,-0.4272,0.6301,0.0087,Rest
04:17:56,0.5239,-0.4347,0.716,0.0088,Rest
04:17:58,0.4502,-0.2721,0.6467,0.0073,Rest
04:18:00,0.5092,-0.4144,0.6362,0.0081,Rest
04:18:02,0.4779,-0.4854,0.6593,0.0092,Rest
04:18:04,0.5048,-0.4255,0.7433,0.0092,Rest
04:18:06,0.5316,-0.4456,0.7105,0.0085,Rest
04:18:08,0.484,-0.4482,0.7114,0.0074,Rest
04:18:10,0.4494,-0.4198,0.7161,0.0093,Rest
04:18:12,0.5104,-0.3779,0.7271,0.0087,Rest
04:18:14,0.5067,-0.4348,0.7156,0.0092,Rest
04:18:16,0.483,-0.3346,0.7073,0.0084,Rest
04:18:18,0.4893,-0.4401,0.678,0.0084,Rest
04:18:20,0.4763,-0.4034,0.6921,0.0061,Rest
04:18:22,0.4416,-0.454,0.8256,0.0071,Rest
04:18:24,0.4714,-0.3917,0.792,0.0059,Rest
04:18:26,0.5116,-0.391,0.6448,0.008,Rest
04:18:28,0.5479,-0.4268,0.6541,0.009,Rest
04:18:30,0.499,-0.4546,0.7217,0.0076,Rest
04:18:32,0.3754,-0.4078,0.6814,0.0073,Rest
04:18:34,0.4114,-0.3578,0.7569,0.0076,Rest
04:18:36,0.4896,-0.3846,0.696,0.0096,Rest
04:18:38,0.4583,-0.4031,0.6713,0.0083,Rest
04:18:40,0.533,-0.4334,0.7103,0.0063,Rest
04:18:42,0.5449,-0.4296,0.7735,0.0092,Rest
04:18:44,0.5266,-0.444,0.5624,0.0076,Rest
04:18:46,0.4547,-0.332,0.7351,0.0071,Rest
04:18:48,0.5492,-0.4493,0.6168,0.0071,Rest
04:18:50,0.4484,-0.3968,0.7366,0.0089,Rest
04:18:52,0.4689,-0.4899,0.756,0.0071,Rest
04:18:54,0.4753,-0.4293,0.6312,0.0078,Rest
04:18:56,0.5141,-0.3193,0.6646,0.0093,Rest
04:18:58,0.4529,-0.4891,0.7493,0.0062,Rest
04:19:00,0.4833,-0.424,0.6625,0.0077,Rest
04:19:02,0.5267,-0.4114,0.6791,0.0094,Rest
04:19:04,0.4815,-0.4149,0.746,0.0073,Rest
04:19:06,0.4588,-0.3757,0.6528,0.0055,Rest
04:19:08,0.442,-0.4129,0.6312,0.0082,Rest
04:19:10,0.5114,-0.4037,0.725,0.0079,Rest
04:19:12,0.5924,-0.3901,0.6616,0.0095,Rest
04:19:14,0.4953,-0.3907,0.6904,0.0058,Rest
04:19:16,0.4517,-0.2773,0.6909,0.008,Rest
04:19:18,0.445,-0.4076,0.7,0.009,Rest
04:19:20,0.5347,-0.3927,0.6907,0.0077,Rest
04:19:22,0.4783,-0.3688,0.6704,0.006,Rest
04:19:24,0.5158,-0.3783,0.6738,0.0087,Rest
04:19:26,0.455,-0.3623,0.6897,0.0085,Rest
04:19:28,0.4898,-0.3617,0.7876,0.0082,Rest
04:19:30,0.5367,-0.3849,0.726,0.0066,Rest
04:19:32,0.4447,-0.461,0.6905,0.0065,Rest
04:19:34,0.5634,-0.3714,0.7394,0.0084,Rest
04:19:36,0.5265,-0.41,0.6304,0.0093,Rest
04:19:38,0.4829,-0.4107,0.7435,0.0075,Rest
04:19:40,0.5297,-0.4059,0.6835,0.0082,Rest
04:19:42,0.5266,-0.4089,0.6589,0.0084,Rest
04:19:44,0.5294,-0.2987,0.7001,0.0087,Rest
04:19:46,0.5085,-0.3963,0.6376,0.0097,Rest
04:19:48,0.5038,-0.4504,0.6961,0.0075,Rest
04:19:50,0.5458,-0.3993,0.6289,0.0081,Rest
04:19:52,0.4281,-0.443,0.6568,0.0076,Rest
04:19:54,0.6209,-0.4671,0.6549,0.0082,Rest
04:19:56,0.4827,-0.5236,0.7361,0.0078,Rest
04:19:58,0.5179,-0.369,0.6884,0.0077,Rest
04:20:00,0.5145,-0.4758,0.6998,0.0094,Rest
04:20:02,0.5915,-0.3784,0.7435,0.007,Rest
04:20:04,0.3971,-0.403,0.6126,0.0071,Rest
04:20:06,0.4791,-0.4401,0.5826,0.0088,Rest
04:20:08,0.4931,-0.3413,0.7618,0.0085,Rest
04:20:10,0.463,-0.4695,0.6209,0.011,Rest
04:20:12,0.4111,-0.3644,0.7133,0.0068,Rest
04:20:14,0.4831,-0.3781,0.7008,0.0086,Rest
04:20:16,0.5316,-0.462,0.6967,0.008,Rest
04:20:18,0.4501,-0.4101,0.729,0.0096,Rest
04:20:20,0.4463,-0.4237,0.6712,0.0086,Rest
04:20:22,0.4879,-0.4445,0.6402,0.0075,Rest
04:20:24,0.4594,-0.4089,0.6994,0.0074,Rest
04:20:26,0.4726,-0.4526,0.826,0.0112,Rest
04:20:28,0.502,-0.4432,0.6853,0.0081,Rest
04:20:30,0.4676,-0.5102,0.7463,0.0082,Rest
04:20:32,0.4921,-0.4198,0.7377,0.0086,Rest
04:20:34,0.4546,-0.3524,0.7391,0.0071,Rest
04:20:36,0.5188,-0.3065,0.6776,0.0068,Rest
04:20:38,0.469,-0.4268,0.6487,0.0071,Rest
04:20:40,0.5495,-0.3077,0.7055,0.009,Rest
04:20:42,0.4689,-0.3448,0.7498,0.0077,Rest
04:20:44,0.4501,-0.5335,0.782,0.0079,Rest
04:20:46,0.4983,-0.4192,0.6807,0.0086,Rest
04:20:48,0.5356,-0.412,0.7105,0.0085,Rest
04:20:50,0.5651,-0.3648,0.6817,0.0082,Rest
04:20:52,0.4908,-0.459,0.7252,0.0076,Rest
04:20:54,0.4722,-0.425,0.681,0.0072,Rest
04:20:56,0.5892,-0.3767,0.6682,0.0072,Rest
04:20:58,0.4945,-0.3465,0.7962,0.0079,Rest
04:21:00,0.4962,-0.4185,0.7362,0.0066,Rest
04:21:02,0.5294,-0.4039,0.6222,0.009,Rest
04:21:04,0.5533,-0.4274,0.7099,0.009,Rest
04:21:06,0.5371,-0.404,0.6926,0.008,Rest
04:21:08,0.5161,-0.4996,0.7768,0.009,Rest
04:21:10,0.5338,-0.4275,0.621,0.0064,Rest
04:21:12,0.4866,-0.4485,0.6558,0.008,Rest
04:21:14,0.5199,-0.3497,0.64,0.0077,Rest
04:21:16,0.512,-0.3248,0.76,0.0094,Rest
04:21:18,0.4842,-0.3596,0.6504,0.0074,Rest
04:21:20,0.5015,-0.3967,0.7621,0.0081,Rest
04:21:22,0.5219,-0.3509,0.7071,0.0082,Rest
04:21:24,0.6264,-0.3825,0.6452,0.0087,Rest
04:21:26,0.4322,-0.3887,0.6838,0.0069,Rest
04:21:28,0.4921,-0.3749,0.6616,0.0067,Rest
04:21:30,0.435,-0.3984,0.7994,0.0085,Rest
04:21:32,0.4538,-0.3711,0.703,0.0085,Rest
04:21:34,0.4642,-0.374,0.7026,0.0071,Rest
04:21:36,0.5712,-0.4191,0.7229,0.0078,Rest
04:21:38,0.4613,-0.438,0.6918,0.007,Rest
04:21:40,0.4904,-0.3793,0.6118,0.0067,Rest
04:21:42,0.5282,-0.355,0.749,0.008,Rest
04:21:44,0.5322,-0.4069,0.6787,0.008,Rest
04:21:46,0.5105,-0.3853,0.7151,0.0068,Rest
04:21:48,0.4693,-0.4054,0.6529,0.008,Rest
04:21:50,0.5746,-0.4441,0.642,0.0076,Rest
04:21:52,0.5176,-0.4255,0.7258,0.008,Rest
04:21:54,0.4549,-0.3576,0.7282,0.0087,Rest
04:21:56,0.543,-0.3928,0.7181,0.0071,Rest
04:21:58,0.542,-0.3853,0.7496,0.0068,Rest
04:22:00,0.6047,-0.3897,0.5705,0.0071,Rest
04:22:02,0.473,-0.3151,0.6809,0.0081,Rest
04:22:04,0.5681,-0.4375,0.6285,0.0094,Rest
04:22:06,0.5179,-0.4639,0.709,0.008,Rest
04:22:08,0.483,-0.3815,0.6396,0.0091,Rest
04:22:10,0.4159,-0.4098,0.7492,0.0085,Rest
04:22:12,0.3805,-0.2972,0.6544,0.0089,Rest
04:22:14,0.531,-0.3508,0.745,0.0082,Rest
04:22:16,0.4586,-0.367,0.6642,0.0079,Rest
04:22:18,0.5169,-0.4369,0.6495,0.0075,Rest
04:22:20,0.5344,-0.4168,0.6138,0.0097,Rest
04:22:22,0.5199,-0.34,0.7229,0.0058,Rest
04:22:24,0.5413,-0.4678,0.6501,0.0084,Rest
04:22:26,0.4107,-0.3124,0.6743,0.0091,Rest
04:22:28,0.48,-0.3502,0.713,0.0093,Rest
04:22:30,0.4769,-0.4335,0.7251,0.0099,Rest
04:22:32,0.4583,-0.3723,0.7614,0.0083,Rest
04:22:34,0.566,-0.2811,0.6968,0.0083,Rest
04:22:36,0.4653,-0.4412,0.6938,0.0074,Rest
04:22:38,0.6419,-0.3696,0.7418,0.0082,Rest
04:22:40,0.5161,-0.3471,0.8452,0.0097,Rest
04:22:42,0.3932,-0.4472,0.6611,0.0078,Rest
04:22:44,0.5303,-0.3993,0.6521,0.0065,Rest
04:22:46,0.5423,-0.3591,0.7329,0.0093,Rest
04:22:48,0.3933,-0.3578,0.6851,0.0068,Rest
04:22:50,0.5094,-0.4754,0.65,0.0071,Rest
04:22:52,0.4311,-0.4429,0.6324,0.0092,Rest
04:22:54,0.4923,-0.3875,0.6929,0.0071,Rest
04:22:56,0.476,-0.3833,0.5942,0.0066,Rest
04:22:58,0.4782,-0.4682,0.6516,0.0076,Rest
04:23:00,0.5036,-0.3366,0.7318,0.0071,Rest
04:23:02,0.5657,-0.4402,0.7067,0.0075,Rest
04:23:04,0.4457,-0.3669,0.7005,0.0097,Rest
04:23:06,0.5143,-0.3982,0.6426,0.0096,Rest
04:23:08,0.53,-0.3483,0.7163,0.0088,Rest
04:23:10,0.5566,-0.3413,0.78,0.006,Rest
04:23:12,0.4982,-0.4301,0.6502,0.0079,Rest
04:23:14,0.4672,-0.4352,0.728,0.0089,Rest
04:23:16,0.5731,-0.3887,0.7931,0.0068,Rest
04:23:18,0.5656,-0.4212,0.7139,0.0086,Rest
04:23:20,0.4525,-0.4524,0.7248,0.0061,Rest
04:23:22,0.4669,-0.4032,0.7654,0.0082,Rest
04:23:24,0.5166,-0.4108,0.7312,0.0079,Rest
04:23:26,0.5221,-0.458,0.6269,0.0082,Rest
04:23:28,0.5442,-0.3899,0.6389,0.0097,Rest
04:23:30,0.5658,-0.4335,0.6921,0.0091,Rest
04:23:32,0.5093,-0.3843,0.6554,0.0088,Rest
04:23:34,0.5429,-0.3624,0.6789,0.0099,Rest
04:23:36,0.5867,-0.3919,0.6126,0.0075,Rest
04:23:38,0.4422,-0.4072,0.6663,0.0074,Rest
04:23:40,0.471,-0.395,0.727,0.0062,Rest
04:23:42,0.5255,-0.4083,0.6781,0.0077,Rest
04:23:44,0.551,-0.4527,0.7127,0.0073,Rest
04:23:46,0.5301,-0.4635,0.7416,0.0085,Rest
04:23:48,0.4502,-0.467,0.7355,0.0091,Rest
04:23:50,0.4144,-0.3701,0.6674,0.0073,Rest
04:23:52,0.6093,-0.3706,0.743,0.0069,Rest
04:23:54,0.5043,-0.3307,0.7074,0.0088,Rest
04:23:56,0.4569,-0.3292,0.7116,0.008,Rest
04:23:58,0.4989,-0.379,0.6278,0.0078,Rest
04:24:00,0.5183,-0.3773,0.7453,0.0504,Moving
04:24:02,0.5016,-0.387,0.7007,0.0718,Moving
04:24:04,0.4332,-0.4107,0.6511,0.0536,Moving
04:24:06,0.5569,-0.3632,0.7364,0.0573,Moving
04:24:08,0.5967,-0.4515,0.7764,0.0584,Moving
04:24:10,0.5912,-0.3408,0.6792,0.074,Moving
04:24:12,0.4881,-0.4137,0.6732,0.0596,Moving
04:24:14,0.4708,-0.3601,0.7031,0.076,Moving
04:24:16,0.5614,-0.4469,0.8176,0.052,Moving
04:24:18,0.5336,-0.3717,0.6347,0.0508,Moving
04:24:20,0.4465,-0.4253,0.6427,0.0631,Moving
04:24:22,0.5405,-0.4462,0.7485,0.0543,Moving
04:24:24,0.5147,-0.4016,0.6589,0.0504,Moving
04:24:26,0.4872,-0.458,0.7281,0.0548,Moving
04:24:28,0.5492,-0.4328,0.7092,0.0656,Moving
04:24:30,0.4656,-0.2717,0.6575,0.0583,Moving
04:24:32,0.5213,-0.4063,0.6381,0.058,Moving
04:24:34,0.4836,-0.3961,0.6885,0.0548,Moving
04:24:36,0.5006,-0.4483,0.6768,0.0527,Moving
04:24:38,0.4687,-0.4478,0.672,0.0626,Moving
04:24:40,0.4556,-0.354,0.7755,0.051,Moving
04:24:42,0.4641,-0.4266,0.7422,0.0611,Moving
04:24:44,0.451,-0.4051,0.7468,0.0682,Moving
04:24:46,0.4558,-0.4474,0.7319,0.0605,Moving
04:24:48,0.5048,-0.4954,0.742,0.0635,Moving
04:24:50,0.543,-0.44,0.6815,0.0601,Moving
04:24:52,0.5125,-0.4117,0.7523,0.0797,Moving
04:24:54,0.4218,-0.44,0.64,0.0609,Moving
04:24:56,0.5823,-0.4526,0.663,0.0547,Moving
04:24:58,0.5322,-0.4052,0.7415,0.0563,Moving
04:25:00,0.463,-0.3432,0.6907,0.057,Moving
04:25:02,0.5446,-0.3916,0.7373,0.0551,Moving
04:25:04,0.4582,-0.4821,0.672,0.0746,Moving
04:25:06,0.5189,-0.4145,0.816,0.0646,Moving
04:25:08,0.4777,-0.4655,0.6926,0.0595,Moving
04:25:10,0.4893,-0.4463,0.713,0.072,Moving
04:25:12,0.4929,-0.4372,0.6879,0.0554,Moving
04:25:14,0.4861,-0.4036,0.5875,0.0716,Moving
04:25:16,0.5215,-0.4763,0.6276,0.0549,Moving
04:25:18,0.409,-0.4737,0.6875,0.0516,Moving
04:25:20,0.4835,-0.421,0.7186,0.0519,Moving
04:25:22,0.4368,-0.3763,0.7363,0.0665,Moving
04:25:24,0.4527,-0.3702,0.6484,0.0526,Moving
04:25:26,0.533,-0.4235,0.7347,0.0506,Moving
04:25:28,0.4869,-0.3691,0.6616,0.0608,Moving
04:25:30,0.5077,-0.4035,0.7255,0.0719,Moving
04:25:32,0.4709,-0.3729,0.6363,0.0504,Moving
04:25:34,0.4439,-0.4088,0.6845,0.0508,Moving
04:25:36,0.4345,-0.3115,0.7145,0.0537,Moving
04:25:38,0.4929,-0.3773,0.7248,0.0737,Moving
04:25:40,0.5133,-0.3821,0.6181,0.0604,Moving
04:25:42,0.4482,-0.4352,0.7135,0.075,Moving
04:25:44,0.469,-0.3419,0.6658,0.0576,Moving
04:25:46,0.5288,-0.43,0.6378,0.0621,Moving
04:25:48,0.492,-0.43,0.708,0.0508,Moving
04:25:50,0.4103,-0.4943,0.8215,0.0502,Moving
04:25:52,0.5338,-0.5041,0.6435,0.0585,Moving
04:25:54,0.5776,-0.3628,0.7063,0.0529,Moving
04:25:56,0.4206,-0.3686,0.7025,0.0585,Moving
04:25:58,0.422,-0.367,0.7134,0.0706,Moving
04:26:00,0.5065,-0.3894,0.6763,0.0556,Moving
04:26:02,0.5679,-0.3901,0.6899,0.0505,Moving
04:26:04,0.4854,-0.4214,0.727,0.0673,Moving
04:26:06,0.5078,-0.4817,0.6454,0.0519,Moving
04:26:08,0.476,-0.3705,0.6386,0.054,Moving
04:26:10,0.5228,-0.4308,0.6898,0.0531,Moving
04:26:12,0.4107,-0.515,0.7341,0.0522,Moving
04:26:14,0.5044,-0.4267,0.7234,0.065,Moving
04:26:16,0.5287,-0.3927,0.7178,0.0592,Moving
04:26:18,0.3693,-0.3786,0.6611,0.0749,Moving
04:26:20,0.5357,-0.4236,0.6424,0.0542,Moving
04:26:22,0.5126,-0.398,0.7133,0.0532,Moving
04:26:24,0.4965,-0.428,0.6508,0.0823,Moving
04:26:26,0.5241,-0.3363,0.7425,0.0571,Moving
04:26:28,0.4933,-0.4664,0.7528,0.0582,Moving
04:26:30,0.4895,-0.4504,0.6555,0.0553,Moving
04:26:32,0.49,-0.5051,0.8364,0.1008,Moving
04:26:34,0.5073,-0.4494,0.7349,0.0655,Moving
04:26:36,0.5318,-0.4039,0.8083,0.0728,Moving
04:26:38,0.5225,-0.4115,0.71,0.0549,Moving
04:26:40,0.5192,-0.3014,0.7724,0.0617,Moving
04:26:42,0.4868,-0.4314,0.682,0.0607,Moving
04:26:44,0.4925,-0.3661,0.7199,0.0512,Moving
04:26:46,0.5075,-0.3916,0.7061,0.0522,Moving
04:26:48,0.5284,-0.4283,0.6195,0.051,Moving
04:26:50,0.5189,-0.3146,0.6883,0.0801,Moving
04:26:52,0.5085,-0.3339,0.7195,0.0532,Moving
04:26:54,0.6046,-0.382,0.7735,0.058,Moving
04:26:56,0.5138,-0.4617,0.6861,0.0512,Moving
04:26:58,0.4925,-0.4463,0.7795,0.0546,Moving
04:27:00,0.5087,-0.4139,0.6749,0.0567,Moving
04:27:02,0.5414,-0.4703,0.6965,0.0531,Moving
04:27:04,0.4455,-0.3713,0.7485,0.0629,Moving
04:27:06,0.4725,-0.4162,0.6919,0.0558,Moving
04:27:08,0.5094,-0.3338,0.6578,0.0581,Moving
04:27:10,0.4649,-0.3885,0.675,0.0515,Moving
04:27:12,0.5455,-0.3926,0.6707,0.0502,Moving
04:27:14,0.3942,-0.4598,0.703,0.0611,Moving
04:27:16,0.4725,-0.3468,0.7308,0.0654,Moving
04:27:18,0.6334,-0.3515,0.7024,0.0506,Moving
04:27:20,0.4935,-0.3924,0.7558,0.0524,Moving
04:27:22,0.4923,-0.2894,0.817,0.0645,Moving
04:27:24,0.5472,-0.4131,0.7438,0.0562,Moving
04:27:26,0.5097,-0.4368,0.6833,0.0687,Moving
04:27:28,0.516,-0.3653,0.7146,0.0565,Moving
04:27:30,0.5123,-0.3318,0.6424,0.061,Moving
04:27:32,0.4991,-0.4427,0.7057,0.0528,Moving
04:27:34,0.4817,-0.4397,0.7036,0.0501,Moving
04:27:36,0.4376,-0.4581,0.7017,0.0545,Moving
04:27:38,0.5441,-0.4058,0.68,0.0527,Moving
04:27:40,0.5168,-0.4373,0.7872,0.0556,Moving
04:27:42,0.4743,-0.3624,0.7314,0.0502,Moving
04:27:44,0.4853,-0.3985,0.7435,0.0556,Moving
04:27:46,0.5678,-0.4551,0.7367,0.0642,Moving
04:27:48,0.4542,-0.4514,0.68,0.0521,Moving
04:27:50,0.4248,-0.3552,0.6622,0.0506,Moving
04:27:52,0.4905,-0.4469,0.7063,0.0503,Moving
04:27:54,0.5565,-0.3873,0.6639,0.0574,Moving
04:27:56,0.4327,-0.3559,0.7349,0.0584,Moving
04:27:58,0.5134,-0.383,0.6783,0.0776,Moving
04:28:00,0.4986,-0.3322,0.7214,0.0508,Moving
04:28:02,0.4969,-0.4269,0.6555,0.0728,Moving
04:28:04,0.5184,-0.4573,0.7049,0.0507,Moving
04:28:06,0.3506,-0.449,0.7367,0.0635,Moving
04:28:08,0.5462,-0.4654,0.634,0.0511,Moving
04:28:10,0.5026,-0.3423,0.6705,0.0505,Moving
04:28:12,0.4673,-0.5028,0.7393,0.0594,Moving
04:28:14,0.4813,-0.3259,0.7352,0.0622,Moving
04:28:16,0.5005,-0.3307,0.7406,0.0686,Moving
04:28:18,0.5535,-0.3523,0.599,0.0936,Moving
04:28:20,0.4989,-0.3878,0.7387,0.0521,Moving
04:28:22,0.4993,-0.4153,0.6874,0.0575,Moving
04:28:24,0.468,-0.4,0.7278,0.05,Moving
04:28:26,0.5591,-0.3433,0.8098,0.0572,Moving
04:28:28,0.4723,-0.3307,0.6821,0.051,Moving
04:28:30,0.5311,-0.3353,0.6668,0.0543,Moving
04:28:32,0.609,-0.377,0.6562,0.0596,Moving
04:28:34,0.322,-0.3221,0.6629,0.0577,Moving
04:28:36,0.5074,-0.3764,0.6436,0.0701,Moving
04:28:38,0.4976,-0.4939,0.6632,0.0773,Moving
04:28:40,0.4576,-0.3882,0.7936,0.088,Moving
04:28:42,0.4474,-0.3659,0.604,0.0578,Moving
04:28:44,0.5301,-0.4063,0.6786,0.0548,Moving
04:28:46,0.4843,-0.3571,0.6274,0.0567,Moving
04:28:48,0.5559,-0.4444,0.5986,0.0539,Moving
04:28:50,0.4826,-0.455,0.6695,0.0568,Moving
04:28:52,0.4511,-0.3455,0.7124,0.0635,Moving
04:28:54,0.5237,-0.4461,0.795,0.0598,Moving
04:28:56,0.4722,-0.3805,0.7513,0.0507,Moving
04:28:58,0.5316,-0.394,0.7038,0.0589,Moving
04:29:00,0.408,-0.3706,0.6873,0.0097,Rest
04:29:02,0.598,-0.4917,0.6943,0.0102,Rest
04:29:04,0.5005,-0.4658,0.7765,0.0101,Rest
04:29:06,0.4896,-0.3543,0.6694,0.0091,Rest
04:29:08,0.5229,-0.349,0.6767,0.0105,Rest
04:29:10,0.417,-0.4014,0.7226,0.0115,Rest
04:29:12,0.5005,-0.426,0.7293,0.0098,Rest
04:29:14,0.5113,-0.425,0.6033,0.0118,Rest
04:29:16,0.4701,-0.4339,0.6509,0.0098,Rest
04:29:18,0.5073,-0.3017,0.6928,0.0105,Rest
04:29:20,0.5019,-0.3909,0.68,0.0118,Rest
04:29:22,0.4973,-0.4196,0.7561,0.0093,Rest
04:29:24,0.4664,-0.3958,0.7103,0.0106,Rest
04:29:26,0.5396,-0.3866,0.6514,0.009,Rest
04:29:28,0.4625,-0.3448,0.6057,0.0102,Rest
04:29:30,0.4432,-0.4083,0.6737,0.0111,Rest
04:29:32,0.4712,-0.4153,0.7542,0.0101,Rest
04:29:34,0.498,-0.4134,0.6494,0.0103,Rest
04:29:36,0.3658,-0.4418,0.754,0.0103,Rest
04:29:38,0.4036,-0.4627,0.7495,0.0104,Rest
04:29:40,0.5073,-0.4188,0.6963,0.0087,Rest
04:29:42,0.5756,-0.3654,0.7314,0.0107,Rest
04:29:44,0.4792,-0.4463,0.7022,0.0103,Rest
04:29:46,0.4627,-0.3508,0.7189,0.0108,Rest
04:29:48,0.4896,-0.3684,0.7078,0.0087,Rest
04:29:50,0.513,-0.4519,0.7314,0.01,Rest
04:29:52,0.4565,-0.4795,0.7797,0.0102,Rest
04:29:54,0.5016,-0.2204,0.7962,0.0098,Rest
04:29:56,0.5829,-0.3972,0.7178,0.011,Rest
04:29:58,0.4388,-0.4895,0.7301,0.0092,Rest
04:30:00,0.5544,-0.3754,0.7599,0.0105,Rest
04:30:02,0.483,-0.4051,0.7516,0.0071,Rest
04:30:04,0.518,-0.3269,0.6839,0.0088,Rest
04:30:06,0.5164,-0.4653,0.6904,0.009,Rest
04:30:08,0.5195,-0.3899,0.7424,0.0105,Rest
04:30:10,0.5465,-0.3393,0.6954,0.0111,Rest
04:30:12,0.4426,-0.3819,0.7547,0.0105,Rest
04:30:14,0.4301,-0.4737,0.6979,0.0103,Rest
04:30:16,0.5018,-0.434,0.6294,0.0107,Rest
04:30:18,0.4617,-0.418,0.7743,0.0093,Rest
04:30:20,0.5059,-0.4314,0.669,0.0104,Rest
04:30:22,0.4686,-0.3385,0.6786,0.01,Rest
04:30:24,0.4572,-0.3694,0.6835,0.0106,Rest
04:30:26,0.5333,-0.4049,0.6678,0.0103,Rest
04:30:28,0.4719,-0.4432,0.674,0.0093,Rest
04:30:30,0.4828,-0.3645,0.6401,0.0083,Rest
04:30:32,0.4589,-0.3996,0.6772,0.0103,Rest
04:30:34,0.5582,-0.3457,0.668,0.0111,Rest
04:30:36,0.5008,-0.4669,0.6609,0.0114,Rest
04:30:38,0.6022,-0.4445,0.6234,0.0106,Rest
04:30:40,0.4539,-0.444,0.7063,0.011,Rest
04:30:42,0.4865,-0.3222,0.6721,0.0086,Rest
04:30:44,0.4179,-0.3632,0.7434,0.0104,Rest
04:30:46,0.5958,-0.4764,0.7005,0.012,Rest
04:30:48,0.5782,-0.4368,0.7491,0.0102,Rest
04:30:50,0.4432,-0.3788,0.6905,0.0107,Rest
04:30:52,0.5147,-0.4923,0.7363,0.0101,Rest
04:30:54,0.4975,-0.437,0.6027,0.0097,Rest
04:30:56,0.5188,-0.3606,0.7069,0.0083,Rest
04:30:58,0.4969,-0.3507,0.7556,0.0099,Rest
04:31:00,0.5268,-0.3571,0.7579,0.0119,Rest
04:31:02,0.4953,-0.4054,0.6098,0.0105,Rest
04:31:04,0.4968,-0.3574,0.7303,0.0096,Rest
04:31:06,0.5222,-0.3275,0.6722,0.0126,Rest
04:31:08,0.4671,-0.3713,0.6713,0.0107,Rest
04:31:10,0.5355,-0.4306,0.7284,0.0104,Rest
04:31:12,0.531,-0.4545,0.6336,0.0112,Rest
04:31:14,0.4476,-0.423,0.6935,0.01,Rest
04:31:16,0.4364,-0.3626,0.6407,0.0115,Rest
04:31:18,0.528,-0.4245,0.6443,0.0092,Rest
04:31:20,0.411,-0.3765,0.7942,0.0101,Rest
04:31:22,0.5457,-0.4457,0.7372,0.0104,Rest
04:31:24,0.5263,-0.4096,0.7794,0.0105,Rest
04:31:26,0.5871,-0.3828,0.7381,0.0095,Rest
04:31:28,0.6288,-0.3984,0.6955,0.0088,Rest
04:31:30,0.4499,-0.3641,0.7133,0.0106,Rest
04:31:32,0.5484,-0.3883,0.6472,0.0124,Rest
04:31:34,0.5768,-0.4332,0.7897,0.012,Rest
04:31:36,0.5832,-0.3379,0.7128,0.0114,Rest
04:31:38,0.4476,-0.4599,0.689,0.0128,Rest
04:31:40,0.4208,-0.4388,0.7477,0.0108,Rest
04:31:42,0.4783,-0.422,0.7029,0.0103,Rest
04:31:44,0.5045,-0.4413,0.7267,0.0098,Rest
04:31:46,0.5086,-0.4712,0.6976,0.0082,Rest
04:31:48,0.5144,-0.3749,0.6883,0.0093,Rest
04:31:50,0.4923,-0.3564,0.6999,0.0096,Rest
04:31:52,0.4958,-0.3411,0.6385,0.0091,Rest
04:31:54,0.4904,-0.3188,0.6568,0.0103,Rest
04:31:56,0.5536,-0.2672,0.6539,0.01,Rest
04:31:58,0.5842,-0.3778,0.7052,0.0086,Rest
04:32:00,0.4967,-0.3262,0.7592,0.0099,Rest
04:32:02,0.5217,-0.3725,0.749,0.0086,Rest
04:32:04,0.3788,-0.4008,0.7724,0.0087,Rest
04:32:06,0.4581,-0.4303,0.6726,0.0096,Rest
04:32:08,0.5712,-0.3999,0.7232,0.0083,Rest
04:32:10,0.3842,-0.3223,0.7245,0.0092,Rest
04:32:12,0.3884,-0.3376,0.6364,0.0116,Rest
04:32:14,0.5345,-0.3921,0.7467,0.0097,Rest
04:32:16,0.533,-0.4379,0.6664,0.0091,Rest
04:32:18,0.6177,-0.4571,0.6737,0.0121,Rest
04:32:20,0.3994,-0.4326,0.7117,0.0109,Rest
04:32:22,0.4069,-0.2656,0.7346,0.0088,Rest
04:32:24,0.471,-0.4362,0.6791,0.0094,Rest
04:32:26,0.5002,-0.4411,0.6839,0.0093,Rest
04:32:28,0.4979,-0.3788,0.6472,0.0091,Rest
04:32:30,0.5332,-0.3328,0.7099,0.0088,Rest
04:32:32,0.4702,-0.3414,0.6632,0.011,Rest
04:32:34,0.4671,-0.4205,0.6567,0.0102,Rest
04:32:36,0.4536,-0.3895,0.7524,0.009,Rest
04:32:38,0.466,-0.3293,0.653,0.0099,Rest
04:32:40,0.5291,-0.4269,0.6825,0.0093,Rest
04:32:42,0.4413,-0.4526,0.6616,0.0101,Rest
04:32:44,0.5272,-0.4849,0.6814,0.0093,Rest
04:32:46,0.5172,-0.2851,0.7794,0.0101,Rest
04:32:48,0.5107,-0.3048,0.5459,0.0114,Rest
04:32:50,0.5525,-0.5094,0.7406,0.0091,Rest
04:32:52,0.4426,-0.4618,0.73,0.0094,Rest
04:32:54,0.3843,-0.3275,0.6693,0.0101,Rest
04:32:56,0.4879,-0.4155,0.7177,0.0114,Rest
04:32:58,0.5415,-0.4047,0.8407,0.0097,Rest
04:33:00,0.4926,-0.3606,0.675,0.01,Rest
04:33:02,0.5938,-0.3326,0.7259,0.0097,Rest
04:33:04,0.5458,-0.4728,0.6958,0.0116,Rest
04:33:06,0.4859,-0.3755,0.5936,0.01,Rest
04:33:08,0.486,-0.4138,0.7276,0.0105,Rest
04:33:10,0.5018,-0.4068,0.6373,0.0099,Rest
04:33:12,0.5822,-0.4234,0.7002,0.0103,Rest
04:33:14,0.4523,-0.4437,0.6337,0.0078,Rest
04:33:16,0.4206,-0.3966,0.6923,0.0102,Rest
04:33:18,0.6028,-0.4064,0.6676,0.011,Rest
04:33:20,0.5136,-0.4341,0.7861,0.0099,Rest
04:33:22,0.4681,-0.3486,0.7133,0.0082,Rest
04:33:24,0.4113,-0.3974,0.7841,0.0117,Rest
04:33:26,0.5415,-0.4036,0.6082,0.01,Rest
04:33:28,0.541,-0.2887,0.7557,0.0122,Rest
04:33:30,0.3873,-0.4488,0.7169,0.0123,Rest
04:33:32,0.4618,-0.4209,0.6578,0.0103,Rest
04:33:34,0.4215,-0.4387,0.7118,0.0105,Rest
04:33:36,0.3947,-0.3573,0.6516,0.0106,Rest
04:33:38,0.483,-0.3658,0.6514,0.0086,Rest
04:33:40,0.5774,-0.4485,0.6315,0.0097,Rest
04:33:42,0.4703,-0.4569,0.6534,0.01,Rest
04:33:44,0.5366,-0.4017,0.7276,0.0091,Rest
04:33:46,0.4446,-0.4131,0.6705,0.0117,Rest
04:33:48,0.5318,-0.3934,0.687,0.0106,Rest
04:33:50,0.5749,-0.4413,0.7685,0.0104,Rest
04:33:52,0.4607,-0.4136,0.7231,0.0095,Rest
04:33:54,0.4964,-0.4181,0.6479,0.0097,Rest
04:33:56,0.5172,-0.3865,0.7008,0.0106,Rest
04:33:58,0.4776,-0.2751,0.662,0.0115,Rest
04:34:00,0.3836,-0.3558,0.7191,0.0117,Rest
04:34:02,0.537,-0.362,0.6141,0.0085,Rest
04:34:04,0.5747,-0.4173,0.7171,0.0101,Rest
04:34:06,0.5052,-0.4216,0.6806,0.0105,Rest
04:34:08,0.4632,-0.3743,0.7197,0.01,Rest
04:34:10,0.5464,-0.3921,0.6148,0.0087,Rest
04:34:12,0.5168,-0.348,0.6924,0.0107,Rest
04:34:14,0.4261,-0.46,0.6951,0.0106,Rest
04:34:16,0.5396,-0.4048,0.7416,0.0101,Rest
04:34:18,0.5122,-0.3378,0.7666,0.0089,Rest
04:34:20,0.5097,-0.3778,0.7274,0.0109,Rest
04:34:22,0.5679,-0.3661,0.7048,0.0111,Rest
04:34:24,0.5685,-0.3955,0.6946,0.0098,Rest
04:34:26,0.4848,-0.3253,0.7604,0.0094,Rest
04:34:28,0.6047,-0.3802,0.8129,0.011,Rest
04:34:30,0.4923,-0.355,0.6959,0.0107,Rest
04:34:32,0.3951,-0.4601,0.7226,0.0093,Rest
04:34:34,0.5594,-0.394,0.7087,0.0106,Rest
04:34:36,0.5391,-0.3702,0.8326,0.0092,Rest
04:34:38,0.4693,-0.3868,0.7405,0.0105,Rest
04:34:40,0.4399,-0.4537,0.7212,0.0095,Rest
04:34:42,0.5405,-0.4318,0.6928,0.0098,Rest
04:34:44,0.5649,-0.3335,0.721,0.0108,Rest
04:34:46,0.5052,-0.4522,0.7319,0.0095,Rest
04:34:48,0.4793,-0.3659,0.6331,0.008,Rest
04:34:50,0.5012,-0.4082,0.7447,0.011,Rest
04:34:52,0.4097,-0.434,0.6131,0.0083,Rest
04:34:54,0.4192,-0.3992,0.7614,0.0111,Rest
04:34:56,0.5865,-0.413,0.7305,0.0114,Rest
04:34:58,0.4842,-0.3895,0.6432,0.0114,Rest
04:35:00,0.4813,-0.4012,0.7253,0.0083,Rest
04:35:02,0.4688,-0.3024,0.7029,0.0098,Rest
04:35:04,0.5411,-0.3274,0.713,0.0088,Rest
04:35:06,0.5348,-0.339,0.6536,0.0094,Rest
04:35:08,0.4132,-0.4163,0.6644,0.011,Rest
04:35:10,0.5187,-0.3374,0.7871,0.0096,Rest
04:35:12,0.5905,-0.3208,0.7439,0.0099,Rest
04:35:14,0.4917,-0.4404,0.6615,0.01,Rest
04:35:16,0.4276,-0.303,0.6725,0.0084,Rest
04:35:18,0.5428,-0.4297,0.6608,0.0109,Rest
04:35:20,0.6066,-0.3594,0.7179,0.0104,Rest
04:35:22,0.4702,-0.4173,0.6084,0.0098,Rest
04:35:24,0.6216,-0.4241,0.6902,0.0122,Rest
04:35:26,0.4905,-0.3285,0.7491,0.0103,Rest
04:35:28,0.4495,-0.4153,0.6246,0.0101,Rest
04:35:30,0.5201,-0.3276,0.6686,0.011,Rest
04:35:32,0.4164,-0.3572,0.6717,0.0103,Rest
04:35:34,0.4753,-0.296,0.7064,0.0089,Rest
04:35:36,0.4905,-0.404,0.778,0.0089,Rest
04:35:38,0.4332,-0.3783,0.7474,0.0098,Rest
04:35:40,0.6309,-0.4545,0.659,0.0096,Rest
04:35:42,0.4128,-0.4783,0.6645,0.0097,Rest
04:35:44,0.4193,-0.339,0.7479,0.0116,Rest
04:35:46,0.4569,-0.4077,0.698,0.0096,Rest
04:35:48,0.5801,-0.392,0.7954,0.011,Rest
04:35:50,0.4646,-0.451,0.6485,0.0093,Rest
04:35:52,0.4459,-0.3565,0.5972,0.0086,Rest
04:35:54,0.5439,-0.4428,0.667,0.0084,Rest
04:35:56,0.4794,-0.362,0.6393,0.0086,Rest
04:35:58,0.4993,-0.3892,0.7037,0.0111,Rest
04:36:00,0.4452,-0.3782,0.6885,0.0104,Rest
04:36:02,0.4766,-0.3792,0.6869,0.0102,Rest
04:36:04,0.5411,-0.3518,0.6444,0.0104,Rest
04:36:06,0.5101,-0.4594,0.7043,0.0096,Rest
04:36:08,0.5103,-0.4177,0.6536,0.0101,Rest
04:36:10,0.427,-0.3324,0.7223,0.0086,Rest
04:36:12,0.4592,-0.2971,0.6698,0.0105,Rest
04:36:14,0.5022,-0.4196,0.7998,0.0103,Rest
04:36:16,0.4715,-0.4248,0.6884,0.0105,Rest
04:36:18,0.5254,-0.4223,0.7021,0.0086,Rest
04:36:20,0.55,-0.3996,0.674,0.0094,Rest
04:36:22,0.4407,-0.3835,0.6863,0.0117,Rest
04:36:24,0.4327,-0.3871,0.7392,0.0105,Rest
04:36:26,0.4511,-0.3541,0.642,0.0109,Rest
04:36:28,0.5225,-0.3598,0.6653,0.0106,Rest
04:36:30,0.4887,-0.4249,0.7958,0.0116,Rest
04:36:32,0.4032,-0.46,0.6429,0.0083,Rest
04:36:34,0.4464,-0.2972,0.7274,0.0083,Rest
04:36:36,0.5372,-0.4644,0.713,0.0096,Rest
04:36:38,0.5938,-0.3377,0.646,0.01,Rest
04:36:40,0.5072,-0.4777,0.7239,0.0087,Rest
04:36:42,0.5157,-0.3817,0.7563,0.0107,Rest
04:36:44,0.5212,-0.4565,0.7327,0.0081,Rest
04:36:46,0.5573,-0.3505,0.7105,0.0096,Rest
04:36:48,0.4112,-0.3671,0.6184,0.0108,Rest
04:36:50,0.4823,-0.395,0.7628,0.0093,Rest
04:36:52,0.5401,-0.3805,0.7934,0.0122,Rest
04:36:54,0.4702,-0.5183,0.6171,0.0117,Rest
04:36:56,0.5151,-0.3204,0.699,0.0096,Rest
04:36:58,0.5548,-0.3989,0.8236,0.0093,Rest
04:37:00,0.6002,-0.3378,0.7186,0.0083,Rest
04:37:02,0.4128,-0.4403,0.6861,0.0099,Rest
04:37:04,0.4718,-0.3295,0.6115,0.0115,Rest
04:37:06,0.4428,-0.3378,0.5983,0.0099,Rest
04:37:08,0.4226,-0.4493,0.7043,0.0104,Rest
04:37:10,0.4646,-0.3724,0.6257,0.0103,Rest
04:37:12,0.5276,-0.3996,0.6475,0.0117,Rest
04:37:14,0.5016,-0.3836,0.696,0.0091,Rest
04:37:16,0.4747,-0.3822,0.7406,0.0089,Rest
04:37:18,0.4957,-0.437,0.6983,0.0105,Rest
04:37:20,0.4869,-0.4325,0.7377,0.0107,Rest
04:37:22,0.4554,-0.4064,0.6648,0.0083,Rest
04:37:24,0.5216,-0.3154,0.7356,0.0092,Rest
04:37:26,0.5072,-0.5149,0.7182,0.009,Rest
04:37:28,0.5091,-0.4514,0.5751,0.0084,Rest
04:37:30,0.5315,-0.2703,0.6814,0.0106,Rest
04:37:32,0.5341,-0.4171,0.6738,0.0106,Rest
04:37:34,0.5555,-0.3809,0.628,0.0103,Rest
04:37:36,0.4415,-0.4823,0.7532,0.011,Rest
04:37:38,0.5172,-0.4793,0.6193,0.0089,Rest
04:37:40,0.4914,-0.4592,0.6765,0.0119,Rest
04:37:42,0.5426,-0.3294,0.6524,0.0104,Rest
04:37:44,0.4723,-0.3854,0.7872,0.011,Rest
04:37:46,0.5018,-0.4053,0.7508,0.0095,Rest
04:37:48,0.4549,-0.4318,0.6896,0.0102,Rest
04:37:50,0.49,-0.385,0.6973,0.0099,Rest
04:37:52,0.4618,-0.3693,0.7966,0.0108,Rest
04:37:54,0.5021,-0.3592,0.6911,0.0101,Rest
04:37:56,0.3907,-0.376,0.6367,0.0097,Rest
04:37:58,0.5439,-0.3509,0.7176,0.0112,Rest
04:38:00,0.5139,-0.4914,0.6941,0.0101,Rest
04:38:02,0.5636,-0.3623,0.6961,0.0102,Rest
04:38:04,0.476,-0.3788,0.7767,0.01,Rest
04:38:06,0.5265,-0.3449,0.7181,0.0108,Rest
04:38:08,0.5082,-0.3842,0.7563,0.011,Rest
04:38:10,0.6029,-0.3729,0.6947,0.0104,Rest
04:38:12,0.4365,-0.4825,0.6885,0.0084,Rest
04:38:14,0.6011,-0.309,0.671,0.0087,Rest
04:38:16,0.3921,-0.3807,0.7606,0.0093,Rest
04:38:18,0.4702,-0.3978,0.7386,0.0108,Rest
04:38:20,0.5058,-0.4255,0.6961,0.0117,Rest
04:38:22,0.5032,-0.3527,0.715,0.0108,Rest
04:38:24,0.4459,-0.3676,0.7595,0.011,Rest
04:38:26,0.5236,-0.3581,0.6187,0.0106,Rest
04:38:28,0.5164,-0.5023,0.7405,0.0096,Rest
04:38:30,0.4664,-0.427,0.6642,0.0111,Rest
04:38:32,0.4353,-0.3008,0.7421,0.0104,Rest
04:38:34,0.5247,-0.4425,0.7975,0.0086,Rest
04:38:36,0.3898,-0.3321,0.7602,0.0119,Rest
04:38:38,0.5185,-0.4825,0.6579,0.0097,Rest
04:38:40,0.4231,-0.4082,0.7722,0.0098,Rest
04:38:42,0.3405,-0.3728,0.774,0.0106,Rest
04:38:44,0.5441,-0.3742,0.6743,0.0103,Rest
04:38:46,0.5053,-0.4515,0.7153,0.0101,Rest
04:38:48,0.5682,-0.3992,0.6786,0.0099,Rest
04:38:50,0.4916,-0.4,0.6984,0.0086,Rest
04:38:52,0.4428,-0.3496,0.6737,0.0099,Rest
04:38:54,0.4655,-0.4305,0.6402,0.0095,Rest
04:38:56,0.5478,-0.364,0.657,0.0075,Rest
04:38:58,0.4694,-0.3744,0.7089,0.0101,Rest
04:39:00,0.5177,-0.4455,0.6957,0.0116,Rest
04:39:02,0.4005,-0.4782,0.7049,0.0094,Rest
04:39:04,0.5578,-0.4304,0.6956,0.0085,Rest
04:39:06,0.5009,-0.375,0.6461,0.0107,Rest
04:39:08,0.5111,-0.34,0.6371,0.0109,Rest
04:39:10,0.5125,-0.3066,0.693,0.0089,Rest
04:39:12,0.434,-0.3579,0.7607,0.0113,Rest
04:39:14,0.4108,-0.2422,0.6674,0.0113,Rest
04:39:16,0.4779,-0.3274,0.7305,0.0103,Rest
04:39:18,0.5326,-0.5007,0.718,0.0111,Rest
04:39:20,0.4974,-0.2814,0.7547,0.0088,Rest
04:39:22,0.5122,-0.4172,0.7306,0.0082,Rest
04:39:24,0.4873,-0.4835,0.7886,0.0108,Rest
04:39:26,0.4071,-0.4857,0.6656,0.0094,Rest
04:39:28,0.5445,-0.3679,0.6585,0.0108,Rest
04:39:30,0.5207,-0.369,0.6918,0.0104,Rest
04:39:32,0.4861,-0.3365,0.7254,0.0101,Rest
04:39:34,0.5718,-0.3901,0.7579,0.0088,Rest
04:39:36,0.5333,-0.4697,0.69,0.0099,Rest
04:39:38,0.5177,-0.4095,0.7139,0.0101,Rest
04:39:40,0.4694,-0.389,0.6694,0.0103,Rest
04:39:42,0.5468,-0.3733,0.6234,0.009,Rest
04:39:44,0.4853,-0.4481,0.6981,0.0095,Rest
04:39:46,0.4389,-0.3269,0.7907,0.0101,Rest
04:39:48,0.5001,-0.3394,0.7327,0.009,Rest
04:39:50,0.4387,-0.3558,0.5956,0.0094,Rest
04:39:52,0.5532,-0.3951,0.7443,0.0083,Rest
04:39:54,0.4492,-0.4388,0.6925,0.0101,Rest
04:39:56,0.4956,-0.4032,0.6409,0.0103,Rest
04:39:58,0.4792,-0.4681,0.7516,0.0088,Rest
04:40:00,0.4811,-0.4008,0.7433,0.0099,Rest
04:40:02,0.4822,-0.3397,0.7518,0.0093,Rest
04:40:04,0.5566,-0.3795,0.6555,0.0114,Rest
04:40:06,0.5314,-0.3506,0.6295,0.0085,Rest
04:40:08,0.4267,-0.4321,0.7715,0.0118,Rest
04:40:10,0.5796,-0.4678,0.6965,0.0107,Rest
04:40:12,0.5373,-0.4356,0.6264,0.0095,Rest
04:40:14,0.55,-0.4,0.661,0.0108,Rest
04:40:16,0.4999,-0.385,0.7045,0.0092,Rest
04:40:18,0.551,-0.3447,0.6938,0.0103,Rest
04:40:20,0.5577,-0.3373,0.7151,0.0086,Rest
04:40:22,0.4681,-0.3849,0.6677,0.0095,Rest
04:40:24,0.4685,-0.436,0.6655,0.0096,Rest
04:40:26,0.5092,-0.3806,0.8321,0.0085,Rest
04:40:28,0.6118,-0.416,0.6934,0.0096,Rest
04:40:30,0.5565,-0.4705,0.8152,0.0099,Rest
04:40:32,0.4479,-0.4262,0.7348,0.0097,Rest
04:40:34,0.4669,-0.3779,0.6783,0.0095,Rest
04:40:36,0.5464,-0.4819,0.6646,0.0101,Rest
04:40:38,0.4997,-0.3075,0.685,0.0111,Rest
04:40:40,0.4277,-0.402,0.6836,0.0113,Rest
04:40:42,0.5092,-0.3796,0.6783,0.0104,Rest
04:40:44,0.5559,-0.3106,0.6883,0.0085,Rest
04:40:46,0.4816,-0.4039,0.6503,0.0103,Rest
04:40:48,0.4623,-0.3595,0.7817,0.0094,Rest
04:40:50,0.565,-0.406,0.6794,0.0098,Rest
04:40:52,0.5107,-0.3652,0.6861,0.0115,Rest
04:40:54,0.4863,-0.3253,0.7424,0.01,Rest
04:40:56,0.4983,-0.3827,0.77,0.0103,Rest
04:40:58,0.4626,-0.4039,0.6349,0.0099,Rest
04:41:00,0.4862,-0.2853,0.6235,0.0102,Rest
04:41:02,0.4983,-0.3278,0.6885,0.0098,Rest
04:41:04,0.4906,-0.429,0.6883,0.0099,Rest
04:41:06,0.5908,-0.345,0.6313,0.0104,Rest
04:41:08,0.4827,-0.4285,0.6544,0.0094,Rest
04:41:10,0.5354,-0.3434,0.6739,0.0119,Rest
04:41:12,0.4793,-0.4329,0.7185,0.0088,Rest
04:41:14,0.5519,-0.4151,0.7127,0.0092,Rest
04:41:16,0.4507,-0.3653,0.6403,0.0096,Rest
04:41:18,0.4844,-0.477,0.734,0.0086,Rest
04:41:20,0.4758,-0.3747,0.6866,0.0104,Rest
04:41:22,0.4736,-0.3714,0.7394,0.0084,Rest
04:41:24,0.5169,-0.3582,0.6048,0.0121,Rest
04:41:26,0.6341,-0.3453,0.6481,0.0097,Rest
04:41:28,0.4572,-0.3936,0.7094,0.0089,Rest
04:41:30,0.4612,-0.4202,0.6851,0.0081,Rest
04:41:32,0.4602,-0.4319,0.7442,0.0099,Rest
04:41:34,0.5849,-0.3632,0.7599,0.0093,Rest
04:41:36,0.5111,-0.3096,0.7022,0.0096,Rest
04:41:38,0.5287,-0.3834,0.6552,0.0104,Rest
04:41:40,0.4649,-0.3682,0.7161,0.0093,Rest
04:41:42,0.4653,-0.3518,0.7739,0.0094,Rest
04:41:44,0.5704,-0.3763,0.7141,0.01,Rest
04:41:46,0.4591,-0.3838,0.6512,0.0103,Rest
04:41:48,0.4815,-0.4255,0.6512,0.0095,Rest
04:41:50,0.5828,-0.4604,0.7384,0.0083,Rest
04:41:52,0.5288,-0.4416,0.7543,0.0087,Rest
04:41:54,0.5476,-0.3754,0.7298,0.0107,Rest
04:41:56,0.47,-0.3682,0.6651,0.0099,Rest
04:41:58,0.5416,-0.3654,0.6873,0.0088,Rest
04:42:00,0.4526,-0.4464,0.7523,0.011,Rest
04:42:02,0.5059,-0.3953,0.6685,0.0101,Rest
04:42:04,0.5332,-0.3431,0.6345,0.0111,Rest
04:42:06,0.581,-0.4478,0.7099,0.009,Rest
04:42:08,0.5115,-0.4576,0.8281,0.0096,Rest
04:42:10,0.5033,-0.4271,0.7591,0.0102,Rest
04:42:12,0.5563,-0.4621,0.6494,0.01,Rest
04:42:14,0.5623,-0.4102,0.7459,0.0127,Rest
04:42:16,0.4422,-0.3582,0.676,0.0106,Rest
04:42:18,0.4242,-0.377,0.7459,0.0089,Rest
04:42:20,0.4508,-0.3554,0.7165,0.0111,Rest
04:42:22,0.5419,-0.328,0.7558,0.0101,Rest
04:42:24,0.4367,-0.4449,0.6748,0.0094,Rest
04:42:26,0.5616,-0.4168,0.6691,0.0093,Rest
04:42:28,0.4849,-0.4291,0.7045,0.0079,Rest
04:42:30,0.5545,-0.4091,0.7022,0.0095,Rest
04:42:32,0.5198,-0.4178,0.6505,0.0115,Rest
04:42:34,0.5658,-0.4322,0.622,0.0083,Rest
04:42:36,0.5024,-0.3012,0.7182,0.0105,Rest
04:42:38,0.5598,-0.4049,0.7065,0.0101,Rest
04:42:40,0.4502,-0.3528,0.6981,0.0097,Rest
04:42:42,0.5141,-0.437,0.6462,0.0077,Rest
04:42:44,0.5005,-0.4873,0.7095,0.0114,Rest
04:42:46,0.4421,-0.4525,0.7407,0.0107,Rest
04:42:48,0.4432,-0.4537,0.687,0.0097,Rest
04:42:50,0.3947,-0.3784,0.6998,0.0105,Rest
04:42:52,0.5199,-0.3823,0.7211,0.0101,Rest
04:42:54,0.4839,-0.4242,0.7056,0.0096,Rest
04:42:56,0.5432,-0.3758,0.5648,0.0101,Rest
04:42:58,0.4104,-0.4229,0.6698,0.0102,Rest
04:43:00,0.5329,-0.2865,0.7287,0.0101,Rest
04:43:02,0.5263,-0.4602,0.7029,0.0082,Rest
04:43:04,0.6334,-0.3658,0.7461,0.0118,Rest
04:43:06,0.4473,-0.3252,0.697,0.0104,Rest
04:43:08,0.4731,-0.3807,0.7368,0.0076,Rest
04:43:10,0.5325,-0.4458,0.6807,0.0109,Rest
04:43:12,0.5475,-0.453,0.7002,0.0078,Rest
04:43:14,0.4341,-0.3501,0.6773,0.0085,Rest
04:43:16,0.5886,-0.4328,0.6743,0.0083,Rest
04:43:18,0.4869,-0.3331,0.837,0.0097,Rest
04:43:20,0.5188,-0.3594,0.6352,0.0085,Rest
04:43:22,0.4405,-0.4029,0.705,0.01,Rest
04:43:24,0.6003,-0.3919,0.6908,0.0109,Rest
04:43:26,0.5238,-0.3815,0.6834,0.0132,Rest
04:43:28,0.4855,-0.4074,0.6547,0.01,Rest
04:43:30,0.4903,-0.4205,0.7166,0.0093,Rest
04:43:32,0.4272,-0.453,0.7141,0.0098,Rest
04:43:34,0.5163,-0.3971,0.7775,0.0095,Rest
04:43:36,0.4773,-0.4133,0.6708,0.0108,Rest
04:43:38,0.5226,-0.4696,0.7292,0.0112,Rest
04:43:40,0.5088,-0.419,0.6642,0.0112,Rest
04:43:42,0.5047,-0.4805,0.6711,0.0096,Rest
04:43:44,0.4452,-0.4008,0.6939,0.011,Rest
04:43:46,0.6149,-0.3963,0.6996,0.0087,Rest
04:43:48,0.4935,-0.3554,0.6267,0.0105,Rest
04:43:50,0.483,-0.3699,0.702,0.0078,Rest
04:43:52,0.5473,-0.4346,0.749,0.009,Rest
04:43:54,0.5648,-0.3689,0.6576,0.0094,Rest
04:43:56,0.5257,-0.508,0.7451,0.0112,Rest
04:43:58,0.499,-0.4039,0.6194,0.0076,Rest
04:44:00,0.4603,-0.4786,0.6628,0.0094,Rest
04:44:02,0.5643,-0.3689,0.7138,0.0101,Rest
04:44:04,0.4412,-0.397,0.7154,0.0123,Rest
04:44:06,0.4469,-0.4707,0.6834,0.0111,Rest
04:44:08,0.4706,-0.3672,0.6804,0.0092,Rest
04:44:10,0.494,-0.3984,0.7458,0.0094,Rest
04:44:12,0.3766,-0.3722,0.7058,0.0104,Rest
04:44:14,0.4963,-0.4113,0.7836,0.0101,Rest
04:44:16,0.3608,-0.4127,0.682,0.0085,Rest
04:44:18,0.3969,-0.401,0.7271,0.0109,Rest
04:44:20,0.5823,-0.4585,0.6825,0.0096,Rest
04:44:22,0.5275,-0.4513,0.6277,0.0101,Rest
04:44:24,0.5817,-0.3669,0.6635,0.0096,Rest
04:44:26,0.3757,-0.4213,0.6962,0.0097,Rest
04:44:28,0.4364,-0.4335,0.7807,0.0094,Rest
04:44:30,0.3985,-0.354,0.6908,0.0109,Rest
04:44:32,0.4434,-0.3723,0.6363,0.0078,Rest
04:44:34,0.4602,-0.4366,0.697,0.0097,Rest
04:44:36,0.4832,-0.491,0.734,0.0108,Rest
04:44:38,0.5123,-0.323,0.6741,0.0102,Rest
04:44:40,0.4643,-0.4096,0.7149,0.0095,Rest
04:44:42,0.4716,-0.4407,0.6577,0.0099,Rest
04:44:44,0.5252,-0.4641,0.7522,0.0086,Rest
04:44:46,0.4308,-0.4553,0.6558,0.0102,Rest
04:44:48,0.5699,-0.4148,0.7274,0.0101,Rest
04:44:50,0.4956,-0.296,0.7157,0.0096,Rest
04:44:52,0.5571,-0.4555,0.6356,0.0097,Rest
04:44:54,0.4706,-0.382,0.6428,0.0098,Rest
04:44:56,0.55,-0.398,0.7681,0.0109,Rest
04:44:58,0.5103,-0.4167,0.5801,0.0097,Rest
04:45:00,0.5224,-0.3485,0.6333,0.0092,Rest
04:45:02,0.5146,-0.3179,0.6647,0.01,Rest
04:45:04,0.4922,-0.4395,0.8149,0.0096,Rest
04:45:06,0.5079,-0.3903,0.7022,0.0109,Rest
04:45:08,0.5475,-0.3963,0.7191,0.0097,Rest
04:45:10,0.5495,-0.3713,0.6338,0.0125,Rest
04:45:12,0.4554,-0.3814,0.6919,0.0097,Rest
04:45:14,0.4766,-0.489,0.6913,0.0099,Rest
04:45:16,0.5439,-0.4163,0.7238,0.0099,Rest
04:45:18,0.4155,-0.3873,0.7023,0.0106,Rest
04:45:20,0.5424,-0.3787,0.7093,0.0108,Rest
04:45:22,0.5274,-0.3923,0.7026,0.0088,Rest
04:45:24,0.5246,-0.3828,0.6814,0.0116,Rest
04:45:26,0.4403,-0.4715,0.8068,0.0083,Rest
04:45:28,0.4888,-0.3693,0.6333,0.0102,Rest
04:45:30,0.4687,-0.3888,0.7092,0.0111,Rest
04:45:32,0.4661,-0.3821,0.7502,0.0098,Rest
04:45:34,0.558,-0.4219,0.7144,0.0092,Rest
04:45:36,0.4165,-0.437,0.7517,0.0098,Rest
04:45:38,0.525,-0.4174,0.6845,0.0085,Rest
04:45:40,0.4818,-0.4374,0.6739,0.0111,Rest
04:45:42,0.4608,-0.415,0.6579,0.0093,Rest
04:45:44,0.5364,-0.4191,0.7145,0.0105,Rest
04:45:46,0.5282,-0.4484,0.7272,0.0108,Rest
04:45:48,0.5338,-0.4334,0.743,0.009,Rest
04:45:50,0.4946,-0.5075,0.7309,0.0091,Rest
04:45:52,0.4903,-0.4261,0.6822,0.0094,Rest
04:45:54,0.4206,-0.4224,0.6942,0.0107,Rest
04:45:56,0.5535,-0.3649,0.7707,0.0099,Rest
04:45:58,0.5424,-0.3634,0.6822,0.0095,Rest
04:46:00,0.4517,-0.3932,0.6829,0.0098,Rest
04:46:02,0.4698,-0.3511,0.7092,0.0097,Rest
04:46:04,0.5339,-0.3555,0.6956,0.0093,Rest
04:46:06,0.6074,-0.44,0.683,0.0097,Rest
04:46:08,0.4123,-0.3828,0.7114,0.0098,Rest
04:46:10,0.4964,-0.393,0.7325,0.0109,Rest
04:46:12,0.5008,-0.4607,0.6242,0.0096,Rest
04:46:14,0.488,-0.3517,0.6766,0.0105,Rest
04:46:16,0.5651,-0.3698,0.6584,0.0093,Rest
04:46:18,0.5286,-0.3946,0.7524,0.0085,Rest
04:46:20,0.4515,-0.4119,0.7402,0.0105,Rest
04:46:22,0.5561,-0.3879,0.7515,0.009,Rest
04:46:24,0.6053,-0.4747,0.6023,0.0105,Rest
04:46:26,0.5189,-0.3439,0.6693,0.0133,Rest
04:46:28,0.4679,-0.3474,0.7667,0.0107,Rest
04:46:30,0.4797,-0.4247,0.6293,0.0091,Rest
04:46:32,0.5251,-0.352,0.7057,0.0099,Rest
04:46:34,0.4352,-0.3658,0.7472,0.0089,Rest
04:46:36,0.4771,-0.4005,0.6764,0.011,Rest
04:46:38,0.5106,-0.4479,0.6936,0.0082,Rest
04:46:40,0.4572,-0.3213,0.64,0.0104,Rest
04:46:42,0.4242,-0.4489,0.7724,0.0103,Rest
04:46:44,0.453,-0.4017,0.7607,0.0104,Rest
04:46:46,0.4667,-0.4878,0.7657,0.0095,Rest
04:46:48,0.5587,-0.4081,0.8437,0.0102,Rest
04:46:50,0.4368,-0.3954,0.8037,0.0115,Rest
04:46:52,0.4499,-0.4611,0.7028,0.009,Rest
04:46:54,0.5241,-0.377,0.7321,0.0094,Rest
04:46:56,0.5164,-0.4262,0.7128,0.0091,Rest
04:46:58,0.505,-0.4435,0.6913,0.011,Rest
04:47:00,0.4683,-0.4511,0.7949,0.0081,Rest
04:47:02,0.4947,-0.3884,0.6001,0.0106,Rest
04:47:04,0.5321,-0.4247,0.7782,0.01,Rest
04:47:06,0.5849,-0.3501,0.7069,0.0096,Rest
04:47:08,0.5259,-0.3237,0.6126,0.011,Rest
04:47:10,0.4524,-0.3962,0.7079,0.0094,Rest
04:47:12,0.534,-0.3314,0.7553,0.0105,Rest
04:47:14,0.5185,-0.4253,0.6812,0.01,Rest
04:47:16,0.4808,-0.3745,0.6575,0.0105,Rest
04:47:18,0.4572,-0.4307,0.8413,0.0102,Rest
04:47:20,0.4571,-0.4338,0.7041,0.011,Rest
04:47:22,0.5244,-0.3963,0.6617,0.0096,Rest
04:47:24,0.442,-0.421,0.7465,0.0086,Rest
04:47:26,0.4368,-0.4061,0.7038,0.012,Rest
04:47:28,0.48,-0.4726,0.7465,0.0106,Rest
04:47:30,0.5331,-0.415,0.7174,0.0095,Rest
04:47:32,0.6151,-0.3393,0.7509,0.0119,Rest
04:47:34,0.511,-0.4371,0.6206,0.0112,Rest
04:47:36,0.4826,-0.3602,0.6736,0.011,Rest
04:47:38,0.5315,-0.4335,0.6406,0.0102,Rest
04:47:40,0.5905,-0.367,0.7479,0.0103,Rest
04:47:42,0.4736,-0.4414,0.5963,0.0097,Rest
04:47:44,0.5027,-0.2573,0.6666,0.0099,Rest
04:47:46,0.4459,-0.5103,0.7028,0.0092,Rest
04:47:48,0.4682,-0.4242,0.6391,0.0115,Rest
04:47:50,0.5345,-0.3382,0.6607,0.0107,Rest
04:47:52,0.4519,-0.4008,0.7266,0.0095,Rest
04:47:54,0.4899,-0.3476,0.7118,0.01,Rest
04:47:56,0.4456,-0.4029,0.6947,0.0104,Rest
04:47:58,0.5211,-0.5346,0.5846,0.0093,Rest
04:48:00,0.428,-0.4001,0.6686,0.0105,Rest
04:48:02,0.4588,-0.4964,0.6911,0.011,Rest
04:48:04,0.518,-0.415,0.7335,0.0098,Rest
04:48:06,0.463,-0.435,0.7327,0.0119,Rest
04:48:08,0.558,-0.3894,0.7458,0.0106,Rest
04:48:10,0.5446,-0.3694,0.7713,0.011,Rest
04:48:12,0.4212,-0.3928,0.7866,0.0109,Rest
04:48:14,0.5678,-0.3514,0.7739,0.0101,Rest
04:48:16,0.5554,-0.3512,0.7332,0.012,Rest
04:48:18,0.5666,-0.4383,0.6654,0.0091,Rest
04:48:20,0.5434,-0.2742,0.7697,0.0116,Rest
04:48:22,0.5077,-0.3953,0.6985,0.0095,Rest
04:48:24,0.5549,-0.3575,0.7166,0.0101,Rest
04:48:26,0.4455,-0.3759,0.7329,0.0127,Rest
04:48:28,0.4929,-0.3793,0.7564,0.0099,Rest
04:48:30,0.4612,-0.3676,0.761,0.0093,Rest
04:48:32,0.567,-0.3958,0.5822,0.01,Rest
04:48:34,0.4804,-0.539,0.7155,0.0077,Rest
04:48:36,0.5292,-0.4677,0.6617,0.0098,Rest
04:48:38,0.487,-0.4346,0.649,0.009,Rest
04:48:40,0.6002,-0.3727,0.7397,0.0111,Rest
04:48:42,0.6052,-0.31,0.6767,0.0108,Rest
04:48:44,0.5592,-0.3481,0.6342,0.0104,Rest
04:48:46,0.5312,-0.44,0.6546,0.0106,Rest
04:48:48,0.5115,-0.3147,0.6432,0.012,Rest
04:48:50,0.5168,-0.3981,0.6826,0.0101,Rest
04:48:52,0.5121,-0.4231,0.7261,0.0097,Rest
04:48:54,0.4773,-0.3383,0.6656,0.0099,Rest
04:48:56,0.5512,-0.4634,0.6196,0.0111,Rest
04:48:58,0.4846,-0.4705,0.7058,0.01,Rest
04:49:00,0.4975,-0.3116,0.7004,0.0103,Rest
04:49:02,0.5179,-0.3823,0.7439,0.01,Rest
04:49:04,0.4687,-0.3714,0.7467,0.0113,Rest
04:49:06,0.5256,-0.4634,0.7677,0.0092,Rest
04:49:08,0.4534,-0.4085,0.669,0.0104,Rest
04:49:10,0.5088,-0.4167,0.7258,0.0093,Rest
04:49:12,0.5418,-0.426,0.7803,0.0088,Rest
04:49:14,0.4613,-0.482,0.7445,0.0088,Rest
04:49:16,0.5407,-0.4623,0.6868,0.0101,Rest
04:49:18,0.5194,-0.3377,0.746,0.009,Rest
04:49:20,0.4876,-0.4064,0.7281,0.011,Rest
04:49:22,0.4667,-0.4071,0.7429,0.0103,Rest
04:49:24,0.4617,-0.3471,0.7508,0.0098,Rest
04:49:26,0.5667,-0.3212,0.7179,0.0111,Rest
04:49:28,0.5349,-0.314,0.7514,0.0121,Rest
04:49:30,0.4695,-0.4423,0.6574,0.0115,Rest
04:49:32,0.4599,-0.3798,0.6473,0.0122,Rest
04:49:34,0.5086,-0.3558,0.6556,0.01,Rest
04:49:36,0.3987,-0.3408,0.6673,0.0104,Rest
04:49:38,0.5315,-0.4423,0.7673,0.01,Rest
04:49:40,0.5798,-0.4381,0.6968,0.011,Rest
04:49:42,0.5346,-0.406,0.729,0.0108,Rest
04:49:44,0.5107,-0.3609,0.6456,0.0102,Rest
04:49:46,0.5216,-0.3432,0.7208,0.0104,Rest
04:49:48,0.5938,-0.382,0.6514,0.0086,Rest
04:49:50,0.474,-0.4251,0.7311,0.0119,Rest
04:49:52,0.4887,-0.448,0.673,0.0087,Rest
04:49:54,0.5081,-0.3607,0.7992,0.0095,Rest
04:49:56,0.4755,-0.3727,0.6586,0.0097,Rest
04:49:58,0.4943,-0.5017,0.7499,0.0099,Rest
04:50:00,0.4648,-0.409,0.756,0.0101,Rest
04:50:02,0.4609,-0.3649,0.6376,0.0103,Rest
04:50:04,0.4291,-0.2943,0.6609,0.009,Rest
04:50:06,0.4323,-0.4033,0.7418,0.0094,Rest
04:50:08,0.5292,-0.4238,0.6966,0.0087,Rest
04:50:10,0.4588,-0.4346,0.751,0.0105,Rest
04:50:12,0.4491,-0.3928,0.6364,0.0087,Rest
04:50:14,0.5721,-0.474,0.6893,0.0102,Rest
04:50:16,0.5464,-0.3694,0.6702,0.0099,Rest
04:50:18,0.4648,-0.3953,0.6922,0.011,Rest
04:50:20,0.5171,-0.4477,0.6627,0.0101,Rest
04:50:22,0.4497,-0.3603,0.7083,0.0091,Rest
04:50:24,0.4761,-0.4233,0.7238,0.009,Rest
04:50:26,0.5014,-0.3661,0.6828,0.0093,Rest
04:50:28,0.5158,-0.3851,0.7216,0.0105,Rest
04:50:30,0.4345,-0.3771,0.7014,0.009,Rest
04:50:32,0.5344,-0.322,0.7367,0.0108,Rest
04:50:34,0.512,-0.3679,0.7385,0.0101,Rest
04:50:36,0.4051,-0.4822,0.734,0.0084,Rest
04:50:38,0.5072,-0.3588,0.7992,0.0092,Rest
04:50:40,0.6374,-0.3555,0.6946,0.011,Rest
04:50:42,0.505,-0.4311,0.7202,0.0087,Rest
04:50:44,0.4981,-0.436,0.7276,0.0107,Rest
04:50:46,0.528,-0.319,0.7394,0.0095,Rest
04:50:48,0.5297,-0.3795,0.65,0.0101,Rest
04:50:50,0.4111,-0.3651,0.7711,0.009,Rest
04:50:52,0.5523,-0.3429,0.6741,0.0117,Rest
04:50:54,0.5916,-0.3201,0.7214,0.011,Rest
04:50:56,0.5794,-0.3862,0.6926,0.0084,Rest
04:50:58,0.557,-0.3364,0.6722,0.0102,Rest
04:51:00,0.5392,-0.3202,0.6622,0.0092,Rest
04:51:02,0.5054,-0.3691,0.7618,0.0094,Rest
04:51:04,0.402,-0.4295,0.683,0.0108,Rest
04:51:06,0.5215,-0.3537,0.7546,0.0113,Rest
04:51:08,0.5095,-0.3192,0.6763,0.0092,Rest
04:51:10,0.6368,-0.4187,0.6591,0.011,Rest
04:51:12,0.513,-0.4009,0.6645,0.0098,Rest
04:51:14,0.5144,-0.4728,0.6449,0.0104,Rest
04:51:16,0.5144,-0.3575,0.6127,0.0111,Rest
04:51:18,0.5642,-0.5344,0.6173,0.0084,Rest
04:51:20,0.5419,-0.3461,0.7105,0.0099,Rest
04:51:22,0.4314,-0.3967,0.6815,0.0107,Rest
04:51:24,0.546,-0.3489,0.7301,0.0088,Rest
04:51:26,0.4145,-0.3568,0.7157,0.011,Rest
04:51:28,0.557,-0.3859,0.7548,0.0101,Rest
04:51:30,0.4775,-0.3853,0.7167,0.0111,Rest
04:51:32,0.6022,-0.4804,0.639,0.0092,Rest
04:51:34,0.4426,-0.3981,0.6878,0.0099,Rest
04:51:36,0.552,-0.4749,0.7125,0.0086,Rest
04:51:38,0.4843,-0.4727,0.6687,0.0104,Rest
04:51:40,0.4946,-0.328,0.679,0.0097,Rest
04:51:42,0.5028,-0.3519,0.7058,0.0101,Rest
04:51:44,0.5015,-0.4203,0.7303,0.0092,Rest
04:51:46,0.5357,-0.3506,0.7249,0.0083,Rest
04:51:48,0.4444,-0.4032,0.6665,0.0086,Rest
04:51:50,0.4451,-0.4001,0.6566,0.0127,Rest
04:51:52,0.533,-0.3966,0.7209,0.01,Rest
04:51:54,0.4774,-0.4448,0.7062,0.0099,Rest
04:51:56,0.5792,-0.3916,0.6519,0.0095,Rest
04:51:58,0.4998,-0.3957,0.7253,0.0101,Rest
04:52:00,0.4833,-0.4355,0.6777,0.0104,Rest
04:52:02,0.559,-0.3963,0.6952,0.0061,Rest
04:52:04,0.5134,-0.295,0.79,0.0099,Rest
04:52:06,0.4679,-0.4209,0.7127,0.0104,Rest
04:52:08,0.5151,-0.4089,0.7639,0.0102,Rest
04:52:10,0.4876,-0.4087,0.6614,0.0075,Rest
04:52:12,0.5718,-0.3794,0.7277,0.0115,Rest
04:52:14,0.566,-0.4072,0.8095,0.0106,Rest
04:52:16,0.508,-0.4345,0.809,0.0095,Rest
04:52:18,0.428,-0.4796,0.7462,0.0093,Rest
04:52:20,0.4114,-0.4301,0.6942,0.0107,Rest
04:52:22,0.5208,-0.3048,0.6695,0.0114,Rest
04:52:24,0.4584,-0.4639,0.6365,0.0101,Rest
04:52:26,0.4927,-0.3293,0.6969,0.0081,Rest
04:52:28,0.4602,-0.3805,0.6824,0.0093,Rest
04:52:30,0.4213,-0.4349,0.6854,0.0094,Rest
04:52:32,0.5135,-0.405,0.7027,0.0098,Rest
04:52:34,0.3757,-0.4819,0.7211,0.0094,Rest
04:52:36,0.58,-0.4626,0.6092,0.009,Rest
04:52:38,0.4985,-0.4482,0.8112,0.0097,Rest
04:52:40,0.5207,-0.4931,0.766,0.0113,Rest
04:52:42,0.4506,-0.3978,0.7072,0.0098,Rest
04:52:44,0.4852,-0.3711,0.6762,0.0103,Rest
04:52:46,0.4887,-0.4371,0.6714,0.0112,Rest
04:52:48,0.4262,-0.4435,0.6983,0.0093,Rest
04:52:50,0.5965,-0.3313,0.6939,0.0108,Rest
04:52:52,0.5792,-0.379,0.7109,0.0097,Rest
04:52:54,0.4817,-0.3585,0.7052,0.0092,Rest
04:52:56,0.4719,-0.4746,0.6553,0.0105,Rest
04:52:58,0.4986,-0.3784,0.7807,0.0104,Rest
04:53:00,0.4316,-0.3482,0.6691,0.0106,Rest
04:53:02,0.6098,-0.4336,0.7785,0.0088,Rest
04:53:04,0.4022,-0.4411,0.6986,0.0101,Rest
04:53:06,0.5195,-0.5136,0.8282,0.0125,Rest
04:53:08,0.5223,-0.4195,0.7258,0.0118,Rest
04:53:10,0.4781,-0.4534,0.6428,0.0097,Rest
04:53:12,0.4872,-0.2889,0.6953,0.011,Rest
04:53:14,0.5535,-0.4326,0.6007,0.0095,Rest
04:53:16,0.5847,-0.4037,0.6792,0.0096,Rest
04:53:18,0.4765,-0.405,0.6491,0.0089,Rest
04:53:20,0.4796,-0.2579,0.7084,0.012,Rest
04:53:22,0.4359,-0.3892,0.7755,0.0104,Rest
04:53:24,0.5044,-0.4084,0.7158,0.0098,Rest
04:53:26,0.6199,-0.4657,0.6851,0.0119,Rest
04:53:28,0.4228,-0.4435,0.6534,0.0092,Rest
04:53:30,0.5943,-0.4835,0.6295,0.0094,Rest
04:53:32,0.4274,-0.4322,0.7708,0.0115,Rest
04:53:34,0.5755,-0.3837,0.6734,0.0098,Rest
04:53:36,0.5037,-0.4299,0.7098,0.0095,Rest
04:53:38,0.549,-0.4246,0.6503,0.0111,Rest
04:53:40,0.488,-0.3488,0.6165,0.0107,Rest
04:53:42,0.5658,-0.3781,0.6868,0.0106,Rest
04:53:44,0.4728,-0.4001,0.7543,0.0114,Rest
04:53:46,0.5127,-0.4247,0.6804,0.0111,Rest
04:53:48,0.4354,-0.3636,0.6612,0.0093,Rest
04:53:50,0.4656,-0.4679,0.7242,0.0106,Rest
04:53:52,0.5425,-0.3962,0.6308,0.0106,Rest
04:53:54,0.5094,-0.4075,0.6738,0.01,Rest
04:53:56,0.5498,-0.399,0.6811,0.0095,Rest
04:53:58,0.5282,-0.3943,0.723,0.0089,Rest
04:54:00,0.473,-0.3937,0.7161,0.0103,Rest
04:54:02,0.5964,-0.461,0.6299,0.009,Rest
04:54:04,0.4662,-0.3744,0.7416,0.0102,Rest
04:54:06,0.3911,-0.4511,0.7093,0.01,Rest
04:54:08,0.4859,-0.499,0.6985,0.0104,Rest
04:54:10,0.4502,-0.4151,0.6507,0.0092,Rest
04:54:12,0.5107,-0.4305,0.6747,0.0104,Rest
04:54:14,0.4662,-0.3344,0.6794,0.0095,Rest
04:54:16,0.5365,-0.443,0.7354,0.0088,Rest
04:54:18,0.5321,-0.4105,0.6684,0.0091,Rest
04:54:20,0.5608,-0.3629,0.7282,0.0094,Rest
04:54:22,0.4473,-0.3928,0.732,0.0086,Rest
04:54:24,0.4724,-0.4541,0.749,0.0114,Rest
04:54:26,0.5234,-0.3768,0.6124,0.0096,Rest
04:54:28,0.4209,-0.3842,0.6527,0.01,Rest
04:54:30,0.4857,-0.4575,0.6933,0.0109,Rest
04:54:32,0.5245,-0.4144,0.7041,0.0097,Rest
04:54:34,0.5389,-0.3566,0.6908,0.0095,Rest
04:54:36,0.5512,-0.3893,0.7115,0.0089,Rest
04:54:38,0.5189,-0.491,0.7032,0.0116,Rest
04:54:40,0.5026,-0.401,0.7371,0.01,Rest
04:54:42,0.4825,-0.401,0.7064,0.0105,Rest
04:54:44,0.4773,-0.4755,0.7038,0.0103,Rest
04:54:46,0.4961,-0.3925,0.5833,0.0102,Rest
04:54:48,0.539,-0.3304,0.6972,0.0101,Rest
04:54:50,0.5097,-0.3621,0.5931,0.0087,Rest
04:54:52,0.5081,-0.4318,0.7813,0.0092,Rest
04:54:54,0.4962,-0.3342,0.7147,0.0097,Rest
04:54:56,0.4307,-0.447,0.7283,0.0114,Rest
04:54:58,0.5836,-0.3332,0.657,0.0087,Rest
04:55:00,0.5665,-0.3317,0.6927,0.0103,Rest
04:55:02,0.5096,-0.3653,0.6522,0.0111,Rest
04:55:04,0.5101,-0.4047,0.73,0.0097,Rest
04:55:06,0.5248,-0.363,0.7007,0.0099,Rest
04:55:08,0.4983,-0.4161,0.716,0.0115,Rest
04:55:10,0.5241,-0.3914,0.7812,0.0116,Rest
04:55:12,0.5371,-0.4925,0.638,0.0095,Rest
04:55:14,0.4618,-0.329,0.7067,0.0081,Rest
04:55:16,0.4643,-0.4297,0.7279,0.0098,Rest
04:55:18,0.4358,-0.5017,0.6824,0.0092,Rest
04:55:20,0.5218,-0.4292,0.7167,0.0099,Rest
04:55:22,0.4936,-0.43,0.7305,0.0092,Rest
04:55:24,0.5398,-0.4665,0.6774,0.0103,Rest
04:55:26,0.488,-0.4815,0.6944,0.0085,Rest
04:55:28,0.506,-0.4287,0.7131,0.01,Rest
04:55:30,0.5505,-0.3859,0.6751,0.0113,Rest
04:55:32,0.4942,-0.4213,0.7467,0.0117,Rest
04:55:34,0.4124,-0.3749,0.6956,0.0096,Rest
04:55:36,0.5301,-0.4126,0.7101,0.0088,Rest
04:55:38,0.5336,-0.4626,0.7688,0.0105,Rest
04:55:40,0.5259,-0.3955,0.6626,0.0099,Rest
04:55:42,0.5589,-0.3156,0.693,0.0092,Rest
04:55:44,0.5573,-0.4561,0.7489,0.0114,Rest
04:55:46,0.5842,-0.4591,0.6699,0.01,Rest
04:55:48,0.5139,-0.3649,0.7524,0.0097,Rest
04:55:50,0.5259,-0.4469,0.6748,0.0096,Rest
04:55:52,0.5263,-0.3893,0.7312,0.0112,Rest
04:55:54,0.5093,-0.4052,0.7354,0.0095,Rest
04:55:56,0.5009,-0.4462,0.7018,0.0091,Rest
04:55:58,0.5256,-0.4189,0.6522,0.0077,Rest
04:56:00,0.4575,-0.3413,0.7457,0.0104,Rest
04:56:02,0.5293,-0.35,0.6502,0.0112,Rest
04:56:04,0.5502,-0.4488,0.7583,0.0115,Rest
04:56:06,0.5527,-0.3464,0.689,0.0089,Rest
04:56:08,0.5597,-0.4472,0.6946,0.0116,Rest
04:56:10,0.5055,-0.4564,0.7519,0.0098,Rest
04:56:12,0.4541,-0.4122,0.733,0.0093,Rest
04:56:14,0.4975,-0.4072,0.7109,0.0094,Rest
04:56:16,0.5361,-0.3413,0.7508,0.0095,Rest
04:56:18,0.5689,-0.4346,0.7114,0.0093,Rest
04:56:20,0.5,-0.3354,0.6703,0.0101,Rest
04:56:22,0.4789,-0.3912,0.805,0.012,Rest
04:56:24,0.397,-0.4045,0.688,0.0084,Rest
04:56:26,0.5233,-0.4508,0.7667,0.0082,Rest
04:56:28,0.4403,-0.4285,0.7677,0.0106,Rest
04:56:30,0.539,-0.4168,0.8,0.0087,Rest
04:56:32,0.5555,-0.4619,0.7586,0.0096,Rest
04:56:34,0.5215,-0.3577,0.7492,0.0084,Rest
04:56:36,0.4835,-0.3955,0.6994,0.0105,Rest
04:56:38,0.5245,-0.3705,0.698,0.0107,Rest
04:56:40,0.4397,-0.4353,0.6597,0.0106,Rest
04:56:42,0.4802,-0.379,0.7833,0.0096,Rest
04:56:44,0.4421,-0.3139,0.6745,0.0109,Rest
04:56:46,0.5065,-0.3449,0.6779,0.011,Rest
04:56:48,0.4433,-0.4366,0.6481,0.0101,Rest
04:56:50,0.4702,-0.395,0.7108,0.0089,Rest
04:56:52,0.5031,-0.4423,0.6763,0.009,Rest
04:56:54,0.4579,-0.3864,0.6902,0.0106,Rest
04:56:56,0.5058,-0.418,0.7833,0.0094,Rest
04:56:58,0.4528,-0.4796,0.6687,0.0079,Rest
04:57:00,0.4183,-0.4114,0.7067,0.0101,Rest
04:57:02,0.5306,-0.4395,0.7339,0.0108,Rest
04:57:04,0.4784,-0.3136,0.7645,0.0114,Rest
04:57:06,0.5177,-0.3475,0.7185,0.0096,Rest
04:57:08,0.591,-0.4323,0.6525,0.0099,Rest
04:57:10,0.567,-0.3629,0.6144,0.0095,Rest
04:57:12,0.5609,-0.4816,0.6722,0.0087,Rest
04:57:14,0.4314,-0.3823,0.6133,0.009,Rest
04:57:16,0.4284,-0.3994,0.6306,0.0104,Rest
04:57:18,0.5107,-0.4249,0.5891,0.0095,Rest
04:57:20,0.5651,-0.3905,0.6773,0.0096,Rest
04:57:22,0.4518,-0.3395,0.7493,0.0087,Rest
04:57:24,0.4998,-0.2976,0.6529,0.0109,Rest
04:57:26,0.5295,-0.3906,0.6652,0.0108,Rest
04:57:28,0.465,-0.4097,0.6774,0.009,Rest
04:57:30,0.5233,-0.406,0.7038,0.0092,Rest
04:57:32,0.5682,-0.4006,0.6793,0.0107,Rest
04:57:34,0.5,-0.3614,0.5408,0.0101,Rest
04:57:36,0.4904,-0.3832,0.6998,0.0105,Rest
04:57:38,0.4616,-0.4706,0.68,0.0109,Rest
04:57:40,0.443,-0.367,0.7146,0.0103,Rest
04:57:42,0.4411,-0.3613,0.7621,0.0088,Rest
04:57:44,0.5108,-0.3735,0.6459,0.0102,Rest
04:57:46,0.5882,-0.4733,0.7274,0.0108,Rest
04:57:48,0.562,-0.4845,0.6572,0.0114,Rest
04:57:50,0.4445,-0.4073,0.7458,0.0102,Rest
04:57:52,0.5873,-0.4833,0.7367,0.0105,Rest
04:57:54,0.5374,-0.4528,0.7098,0.0102,Rest
04:57:56,0.452,-0.4596,0.6607,0.0086,Rest
04:57:58,0.5198,-0.3659,0.7207,0.0087,Rest
04:58:00,0.5238,-0.3968,0.661,0.01,Rest
04:58:02,0.4992,-0.4276,0.7102,0.0102,Rest
04:58:04,0.5174,-0.3863,0.8171,0.0114,Rest
04:58:06,0.4992,-0.4184,0.8566,0.0092,Rest
04:58:08,0.539,-0.3828,0.7212,0.0102,Rest
04:58:10,0.503,-0.4054,0.7179,0.0101,Rest
04:58:12,0.5182,-0.4679,0.7113,0.0101,Rest
04:58:14,0.5267,-0.4718,0.7233,0.0102,Rest
04:58:16,0.4985,-0.4346,0.6412,0.011,Rest
04:58:18,0.4464,-0.4184,0.6309,0.0119,Rest
04:58:20,0.4646,-0.3713,0.6665,0.0097,Rest
04:58:22,0.5063,-0.4306,0.719,0.0098,Rest
04:58:24,0.5079,-0.4164,0.7355,0.0102,Rest
04:58:26,0.4708,-0.3681,0.7102,0.0088,Rest
04:58:28,0.4489,-0.326,0.8229,0.0105,Rest
04:58:30,0.414,-0.4179,0.6227,0.0113,Rest
04:58:32,0.5461,-0.3818,0.6286,0.0105,Rest
04:58:34,0.4726,-0.3913,0.7395,0.0097,Rest
04:58:36,0.4832,-0.4063,0.6858,0.0086,Rest
04:58:38,0.509,-0.3223,0.7472,0.0095,Rest
04:58:40,0.4922,-0.3538,0.6655,0.0099,Rest
04:58:42,0.519,-0.3899,0.7162,0.0099,Rest
04:58:44,0.4175,-0.4579,0.7036,0.0074,Rest
04:58:46,0.4812,-0.3319,0.7254,0.0109,Rest
04:58:48,0.4636,-0.3974,0.715,0.0101,Rest
04:58:50,0.4302,-0.2977,0.7092,0.0106,Rest
04:58:52,0.4873,-0.4465,0.7205,0.0101,Rest
04:58:54,0.539,-0.4094,0.6355,0.0091,Rest
04:58:56,0.5375,-0.3907,0.6463,0.0108,Rest
04:58:58,0.4299,-0.4198,0.5554,0.0094,Rest
04:59:00,0.5516,-0.3889,0.7628,0.0099,Rest
04:59:02,0.4616,-0.3697,0.6592,0.012,Rest
04:59:04,0.4899,-0.4201,0.8229,0.0089,Rest
04:59:06,0.5534,-0.4543,0.7073,0.0087,Rest
04:59:08,0.5064,-0.4124,0.6684,0.0097,Rest
04:59:10,0.5568,-0.4151,0.7953,0.0098,Rest
04:59:12,0.5076,-0.368,0.7593,0.0101,Rest
04:59:14,0.4139,-0.2701,0.6179,0.01,Rest
04:59:16,0.5258,-0.4446,0.724,0.0103,Rest
04:59:18,0.4631,-0.4165,0.6635,0.0091,Rest
04:59:20,0.5055,-0.3044,0.7577,0.0094,Rest
04:59:22,0.539,-0.4031,0.6133,0.01,Rest
04:59:24,0.4556,-0.3336,0.7789,0.01,Rest
04:59:26,0.492,-0.3121,0.753,0.0108,Rest
04:59:28,0.5077,-0.4678,0.6773,0.0081,Rest
04:59:30,0.4029,-0.3741,0.7145,0.0085,Rest
04:59:32,0.4786,-0.3741,0.6053,0.0114,Rest
04:59:34,0.4978,-0.3592,0.7578,0.0096,Rest
04:59:36,0.5878,-0.3898,0.5689,0.0102,Rest
04:59:38,0.5201,-0.4117,0.7596,0.0086,Rest
04:59:40,0.5805,-0.391,0.7429,0.0116,Rest
04:59:42,0.4897,-0.301,0.6618,0.0107,Rest
04:59:44,0.4623,-0.4374,0.6529,0.0097,Rest
04:59:46,0.5354,-0.4561,0.7328,0.0097,Rest
04:59:48,0.4615,-0.4183,0.8221,0.0097,Rest
04:59:50,0.483,-0.4304,0.6689,0.0096,Rest
04:59:52,0.5627,-0.4074,0.7619,0.0105,Rest
04:59:54,0.5129,-0.3061,0.6314,0.0096,Rest
04:59:56,0.4635,-0.3608,0.6697,0.0101,Rest
04:59:58,0.4637,-0.4775,0.7358,0.0114,Rest
05:00:00,0.4576,-0.3779,0.6245,0.0101,Rest
05:00:02,0.5879,-0.3935,0.6513,0.0118,Rest
05:00:04,0.5404,-0.4672,0.7797,0.0084,Rest
05:00:06,0.4,-0.4017,0.721,0.0092,Rest
05:00:08,0.4549,-0.5442,0.7424,0.0097,Rest
05:00:10,0.4778,-0.4066,0.6954,0.008,Rest
05:00:12,0.4852,-0.38,0.7312,0.0088,Rest
05:00:14,0.4927,-0.4104,0.5942,0.0114,Rest
05:00:16,0.5237,-0.4571,0.6762,0.0105,Rest
05:00:18,0.4685,-0.4731,0.7111,0.0085,Rest
05:00:20,0.4845,-0.4499,0.7495,0.0096,Rest
05:00:22,0.4891,-0.3669,0.6338,0.01,Rest
05:00:24,0.4873,-0.414,0.6869,0.0102,Rest
05:00:26,0.5225,-0.4285,0.7738,0.0098,Rest
05:00:28,0.445,-0.3816,0.7246,0.0112,Rest
05:00:30,0.4846,-0.3451,0.6469,0.0088,Rest
05:00:32,0.5121,-0.3959,0.6564,0.0089,Rest
05:00:34,0.4859,-0.3233,0.6603,0.0106,Rest
05:00:36,0.5131,-0.446,0.6785,0.0093,Rest
05:00:38,0.4991,-0.5184,0.721,0.0091,Rest
05:00:40,0.5284,-0.4417,0.7124,0.011,Rest
05:00:42,0.546,-0.3394,0.7233,0.0098,Rest
05:00:44,0.4769,-0.3782,0.6761,0.0085,Rest
05:00:46,0.4866,-0.4093,0.6429,0.0092,Rest
05:00:48,0.4303,-0.3229,0.7259,0.0116,Rest
05:00:50,0.4507,-0.3645,0.6953,0.0106,Rest
05:00:52,0.4949,-0.5159,0.6673,0.0111,Rest
05:00:54,0.4674,-0.3905,0.6802,0.0099,Rest
05:00:56,0.4884,-0.4506,0.6185,0.0095,Rest
05:00:58,0.5605,-0.441,0.7561,0.01,Rest
05:01:00,0.4558,-0.4295,0.6866,0.0098,Rest
05:01:02,0.5415,-0.3947,0.7193,0.0094,Rest
05:01:04,0.5101,-0.3016,0.7166,0.0103,Rest
05:01:06,0.5098,-0.4119,0.7351,0.0098,Rest
05:01:08,0.5553,-0.3754,0.6336,0.0094,Rest
05:01:10,0.5082,-0.4421,0.7063,0.0105,Rest
05:01:12,0.4738,-0.3638,0.7252,0.0102,Rest
05:01:14,0.4662,-0.3822,0.77,0.0092,Rest
05:01:16,0.5326,-0.4002,0.6516,0.0095,Rest
05:01:18,0.4936,-0.506,0.7318,0.0088,Rest
05:01:20,0.5777,-0.3842,0.646,0.0084,Rest
05:01:22,0.5172,-0.4282,0.663,0.0089,Rest
05:01:24,0.5094,-0.382,0.7373,0.0095,Rest
05:01:26,0.4214,-0.4311,0.6932,0.009,Rest
05:01:28,0.5595,-0.4038,0.766,0.0101,Rest
05:01:30,0.6083,-0.3954,0.6787,0.0085,Rest
05:01:32,0.5025,-0.3866,0.6576,0.0104,Rest
05:01:34,0.4698,-0.4156,0.7463,0.0091,Rest
05:01:36,0.4806,-0.3438,0.6971,0.0104,Rest
05:01:38,0.3917,-0.3462,0.7418,0.0101,Rest
05:01:40,0.5202,-0.4208,0.6793,0.0096,Rest
05:01:42,0.5569,-0.3425,0.7885,0.0095,Rest
05:01:44,0.4307,-0.3656,0.6807,0.0083,Rest
05:01:46,0.5458,-0.4128,0.7634,0.0101,Rest
05:01:48,0.6159,-0.4074,0.7555,0.0096,Rest
05:01:50,0.5134,-0.3895,0.685,0.0106,Rest
05:01:52,0.4776,-0.4239,0.7548,0.0099,Rest
05:01:54,0.4382,-0.4312,0.6683,0.009,Rest
05:01:56,0.4972,-0.3384,0.6265,0.0089,Rest
05:01:58,0.4094,-0.4237,0.7182,0.0099,Rest
05:02:00,0.5257,-0.442,0.6983,0.0114,Rest
05:02:02,0.5478,-0.435,0.7273,0.009,Rest
05:02:04,0.561,-0.4084,0.7702,0.0089,Rest
05:02:06,0.5327,-0.3664,0.8269,0.0092,Rest
05:02:08,0.5587,-0.3763,0.7539,0.0094,Rest
05:02:10,0.4187,-0.461,0.7619,0.0094,Rest
05:02:12,0.5074,-0.3822,0.6595,0.0095,Rest
05:02:14,0.4313,-0.4361,0.5888,0.0083,Rest
05:02:16,0.5887,-0.3619,0.7705,0.0104,Rest
05:02:18,0.4273,-0.4525,0.7861,0.0093,Rest
05:02:20,0.4214,-0.4171,0.6442,0.01,Rest
05:02:22,0.488,-0.3683,0.7661,0.0093,Rest
05:02:24,0.4474,-0.4039,0.7538,0.0085,Rest
05:02:26,0.4713,-0.3907,0.7537,0.0101,Rest
05:02:28,0.4438,-0.3816,0.6834,0.0115,Rest
05:02:30,0.49,-0.4913,0.6379,0.0082,Rest
05:02:32,0.4508,-0.3546,0.6678,0.0085,Rest
05:02:34,0.5365,-0.3495,0.6416,0.0131,Rest
05:02:36,0.5934,-0.4329,0.656,0.0087,Rest
05:02:38,0.5532,-0.5246,0.6964,0.0111,Rest
05:02:40,0.4907,-0.4053,0.689,0.0096,Rest
05:02:42,0.459,-0.3741,0.6174,0.0096,Rest
05:02:44,0.6062,-0.4363,0.6683,0.0125,Rest
05:02:46,0.3388,-0.4409,0.6865,0.0104,Rest
05:02:48,0.452,-0.4612,0.7041,0.0081,Rest
05:02:50,0.4837,-0.3577,0.6108,0.0118,Rest
05:02:52,0.513,-0.4413,0.7541,0.0105,Rest
05:02:54,0.5297,-0.3879,0.7671,0.0081,Rest
05:02:56,0.5987,-0.3767,0.7103,0.0091,Rest
05:02:58,0.5582,-0.3943,0.7706,0.0093,Rest
05:03:00,0.505,-0.4783,0.758,0.0057,Rest
05:03:02,0.4826,-0.4212,0.805,0.0041,Rest
05:03:04,0.4713,-0.3068,0.73,0.0041,Rest
05:03:06,0.522,-0.4218,0.6666,0.0042,Rest
05:03:08,0.5188,-0.449,0.6983,0.0025,Rest
05:03:10,0.5193,-0.3003,0.6461,0.0043,Rest
05:03:12,0.4193,-0.4007,0.7545,0.0066,Rest
05:03:14,0.537,-0.4182,0.8093,0.005,Rest
05:03:16,0.5738,-0.5496,0.8063,0.005,Rest
05:03:18,0.5784,-0.4606,0.743,0.0051,Rest
05:03:20,0.4974,-0.3994,0.6697,0.0052,Rest
05:03:22,0.5422,-0.3907,0.6428,0.0048,Rest
05:03:24,0.5606,-0.3751,0.6997,0.0052,Rest
05:03:26,0.5189,-0.3772,0.7261,0.0036,Rest
05:03:28,0.5169,-0.4347,0.7246,0.0059,Rest
05:03:30,0.5803,-0.3211,0.7528,0.005,Rest
05:03:32,0.4774,-0.4199,0.7674,0.0037,Rest
05:03:34,0.5205,-0.3766,0.7518,0.0042,Rest
05:03:36,0.5095,-0.3918,0.6567,0.0052,Rest
05:03:38,0.4813,-0.4954,0.6996,0.0051,Rest
05:03:40,0.4932,-0.461,0.6399,0.0056,Rest
05:03:42,0.4965,-0.4295,0.6944,0.0046,Rest
05:03:44,0.5521,-0.4345,0.7085,0.0033,Rest
05:03:46,0.5781,-0.3492,0.7054,0.0046,Rest
05:03:48,0.5553,-0.4072,0.7123,0.0043,Rest
05:03:50,0.4808,-0.4001,0.714,0.0033,Rest
05:03:52,0.4916,-0.4036,0.6186,0.0065,Rest
05:03:54,0.5101,-0.3117,0.6926,0.0052,Rest
05:03:56,0.5193,-0.4707,0.6905,0.0051,Rest
05:03:58,0.5155,-0.3923,0.7445,0.0066,Rest
05:04:00,0.4975,-0.411,0.6449,0.0046,Rest
05:04:02,0.4681,-0.4339,0.5963,0.006,Rest
05:04:04,0.5325,-0.4501,0.703,0.0051,Rest
05:04:06,0.5182,-0.368,0.6778,0.0067,Rest
05:04:08,0.4717,-0.457,0.6495,0.005,Rest
05:04:10,0.4441,-0.3878,0.736,0.0056,Rest
05:04:12,0.4813,-0.396,0.7901,0.0063,Rest
05:04:14,0.578,-0.4386,0.7458,0.0052,Rest
05:04:16,0.4527,-0.3715,0.6885,0.0055,Rest
05:04:18,0.5274,-0.4413,0.6523,0.0045,Rest
05:04:20,0.4202,-0.3418,0.7335,0.0059,Rest
05:04:22,0.4269,-0.2984,0.6894,0.0057,Rest
05:04:24,0.4582,-0.4698,0.6852,0.006,Rest
05:04:26,0.5367,-0.4693,0.632,0.0063,Rest
05:04:28,0.4443,-0.3764,0.725,0.0053,Rest
05:04:30,0.4097,-0.4408,0.733,0.0054,Rest
05:04:32,0.475,-0.4357,0.7005,0.004,Rest
05:04:34,0.4293,-0.3726,0.6394,0.0024,Rest
05:04:36,0.4798,-0.4003,0.747,0.0048,Rest
05:04:38,0.4953,-0.3551,0.7041,0.0058,Rest
05:04:40,0.4513,-0.4808,0.7126,0.0038,Rest
05:04:42,0.5667,-0.3974,0.7233,0.0053,Rest
05:04:44,0.4757,-0.3764,0.7316,0.0056,Rest
05:04:46,0.4866,-0.4115,0.7344,0.0051,Rest
05:04:48,0.5217,-0.4022,0.6621,0.0033,Rest
05:04:50,0.4909,-0.4894,0.7322,0.0035,Rest
05:04:52,0.5259,-0.4256,0.7048,0.0067,Rest
05:04:54,0.4628,-0.3287,0.6933,0.0052,Rest
05:04:56,0.5849,-0.3921,0.6802,0.0052,Rest
05:04:58,0.5197,-0.4229,0.6091,0.0045,Rest
05:05:00,0.424,-0.2863,0.6617,0.0084,Rest
05:05:02,0.42,-0.3933,0.6844,0.0083,Rest
05:05:04,0.5476,-0.3945,0.7865,0.0077,Rest
05:05:06,0.4696,-0.4206,0.7231,0.0082,Rest
05:05:08,0.4204,-0.3429,0.6628,0.0081,Rest
05:05:10,0.4405,-0.2958,0.667,0.0067,Rest
05:05:12,0.5075,-0.4537,0.7274,0.0082,Rest
05:05:14,0.525,-0.4033,0.7122,0.0067,Rest
05:05:16,0.5367,-0.3516,0.7168,0.0088,Rest
05:05:18,0.4875,-0.4169,0.7145,0.0081,Rest
05:05:20,0.4478,-0.4322,0.6513,0.008,Rest
05:05:22,0.5493,-0.3803,0.5999,0.009,Rest
05:05:24,0.5877,-0.3964,0.7082,0.0068,Rest
05:05:26,0.5081,-0.3415,0.6712,0.0077,Rest
05:05:28,0.4983,-0.4519,0.7641,0.0096,Rest
05:05:30,0.5288,-0.4089,0.7807,0.0081,Rest
05:05:32,0.4605,-0.3941,0.6472,0.0098,Rest
05:05:34,0.5881,-0.3905,0.7367,0.0082,Rest
05:05:36,0.4774,-0.3957,0.794,0.0083,Rest
05:05:38,0.4579,-0.3794,0.6987,0.0083,Rest
05:05:40,0.4433,-0.424,0.73,0.0084,Rest
05:05:42,0.4569,-0.3725,0.7417,0.0076,Rest
05:05:44,0.5345,-0.4362,0.6263,0.0073,Rest
05:05:46,0.5639,-0.3091,0.682,0.009,Rest
05:05:48,0.515,-0.4035,0.7915,0.0099,Rest
05:05:50,0.4998,-0.3948,0.753,0.0086,Rest
05:05:52,0.5103,-0.4318,0.721,0.0067,Rest
05:05:54,0.5915,-0.4303,0.6335,0.0081,Rest
05:05:56,0.5114,-0.3946,0.7382,0.0088,Rest
05:05:58,0.5324,-0.4115,0.6888,0.0075,Rest
05:06:00,0.5266,-0.3679,0.7353,0.008,Rest
05:06:02,0.4226,-0.3892,0.7525,0.0075,Rest
05:06:04,0.5308,-0.41,0.6762,0.0079,Rest
05:06:06,0.5381,-0.3163,0.7422,0.008,Rest
05:06:08,0.5249,-0.4888,0.6795,0.0089,Rest
05:06:10,0.4722,-0.2725,0.717,0.0083,Rest
05:06:12,0.4602,-0.48,0.6241,0.0085,Rest
05:06:14,0.5167,-0.3797,0.833,0.01,Rest
05:06:16,0.4972,-0.3167,0.7083,0.0071,Rest
05:06:18,0.468,-0.3858,0.6789,0.0075,Rest
05:06:20,0.4844,-0.3646,0.6909,0.0074,Rest
05:06:22,0.5379,-0.413,0.6279,0.0079,Rest
05:06:24,0.503,-0.3713,0.7563,0.0082,Rest
05:06:26,0.5253,-0.3854,0.6926,0.0072,Rest
05:06:28,0.442,-0.3004,0.7421,0.0079,Rest
05:06:30,0.5465,-0.4444,0.73,0.0074,Rest
05:06:32,0.4984,-0.3962,0.6884,0.0093,Rest
05:06:34,0.4491,-0.4319,0.7609,0.0085,Rest
05:06:36,0.4678,-0.4634,0.7717,0.0069,Rest
05:06:38,0.3365,-0.3785,0.7307,0.0066,Rest
05:06:40,0.52,-0.4427,0.7216,0.0088,Rest
05:06:42,0.5276,-0.3529,0.7576,0.0073,Rest
05:06:44,0.5359,-0.4264,0.7771,0.0063,Rest
05:06:46,0.4469,-0.4514,0.7454,0.0094,Rest
05:06:48,0.4519,-0.3789,0.5961,0.0071,Rest
05:06:50,0.5659,-0.3695,0.6626,0.0082,Rest
05:06:52,0.429,-0.4039,0.6813,0.0089,Rest
05:06:54,0.4927,-0.4523,0.7213,0.0085,Rest
05:06:56,0.4314,-0.407,0.7728,0.0075,Rest
05:06:58,0.534,-0.4337,0.7053,0.0089,Rest
05:07:00,0.5207,-0.4646,0.7946,0.0076,Rest
05:07:02,0.4949,-0.4083,0.8105,0.0091,Rest
05:07:04,0.4826,-0.3564,0.6677,0.0086,Rest
05:07:06,0.5809,-0.4157,0.7419,0.0092,Rest
05:07:08,0.5158,-0.4016,0.6784,0.0085,Rest
05:07:10,0.4458,-0.3694,0.8261,0.007,Rest
05:07:12,0.5408,-0.4173,0.5972,0.0081,Rest
05:07:14,0.5855,-0.339,0.773,0.0095,Rest
05:07:16,0.551,-0.3052,0.6056,0.0095,Rest
05:07:18,0.5111,-0.4371,0.6622,0.007,Rest
05:07:20,0.4961,-0.435,0.679,0.0097,Rest
05:07:22,0.5032,-0.3279,0.7652,0.0074,Rest
05:07:24,0.4821,-0.3478,0.7253,0.0075,Rest
05:07:26,0.5973,-0.3566,0.7513,0.0066,Rest
05:07:28,0.5579,-0.3605,0.6455,0.0078,Rest
05:07:30,0.5759,-0.4458,0.6333,0.0072,Rest
05:07:32,0.5095,-0.3304,0.6275,0.0081,Rest
05:07:34,0.3891,-0.3412,0.6909,0.0077,Rest
05:07:36,0.4908,-0.3933,0.6394,0.0093,Rest
05:07:38,0.5048,-0.4002,0.6577,0.0082,Rest
05:07:40,0.5121,-0.3953,0.6849,0.0076,Rest
05:07:42,0.5406,-0.3332,0.7127,0.0086,Rest
05:07:44,0.4222,-0.4281,0.7321,0.0081,Rest
05:07:46,0.4493,-0.449,0.6562,0.008,Rest
05:07:48,0.5018,-0.4117,0.7812,0.0079,Rest
05:07:50,0.4898,-0.5266,0.6673,0.0085,Rest
05:07:52,0.4661,-0.4684,0.7493,0.0081,Rest
05:07:54,0.393,-0.3944,0.6648,0.0088,Rest
05:07:56,0.4787,-0.3811,0.7196,0.0065,Rest
05:07:58,0.5092,-0.316,0.7455,0.0079,Rest
05:08:00,0.4485,-0.3292,0.6892,0.0087,Rest
05:08:02,0.4314,-0.3427,0.7404,0.0072,Rest
05:08:04,0.4502,-0.394,0.7193,0.0081,Rest
05:08:06,0.4735,-0.3356,0.6964,0.0091,Rest
05:08:08,0.5019,-0.3689,0.6547,0.0085,Rest
05:08:10,0.5117,-0.4355,0.7146,0.0083,Rest
05:08:12,0.5002,-0.4108,0.6426,0.0062,Rest
05:08:14,0.4625,-0.3936,0.7387,0.0064,Rest
05:08:16,0.562,-0.4678,0.6859,0.0069,Rest
05:08:18,0.3962,-0.378,0.7313,0.0078,Rest
05:08:20,0.5536,-0.3512,0.6353,0.0048,Rest
05:08:22,0.4893,-0.3971,0.6877,0.0083,Rest
05:08:24,0.4954,-0.3514,0.6573,0.0076,Rest
05:08:26,0.4916,-0.373,0.6719,0.0074,Rest
05:08:28,0.5411,-0.3538,0.7997,0.0073,Rest
05:08:30,0.5306,-0.4363,0.6506,0.007,Rest
05:08:32,0.4444,-0.5209,0.7824,0.0093,Rest
05:08:34,0.5795,-0.5113,0.7434,0.0102,Rest
05:08:36,0.4541,-0.4599,0.7241,0.0072,Rest
05:08:38,0.578,-0.4537,0.7025,0.0078,Rest
05:08:40,0.5487,-0.3918,0.7282,0.0084,Rest
05:08:42,0.5331,-0.4451,0.6954,0.0057,Rest
05:08:44,0.5072,-0.3973,0.6538,0.008,Rest
05:08:46,0.6092,-0.3768,0.7226,0.0077,Rest
05:08:48,0.4057,-0.3385,0.6957,0.0066,Rest
05:08:50,0.5083,-0.2638,0.7224,0.0075,Rest
05:08:52,0.4412,-0.3403,0.7177,0.0089,Rest
05:08:54,0.5779,-0.4566,0.6375,0.0083,Rest
05:08:56,0.4792,-0.3235,0.7457,0.0075,Rest
05:08:58,0.4779,-0.3558,0.7181,0.0072,Rest
05:09:00,0.5414,-0.3126,0.7449,0.0063,Rest
05:09:02,0.6041,-0.3914,0.6315,0.0096,Rest
05:09:04,0.5667,-0.339,0.66,0.0068,Rest
05:09:06,0.4209,-0.4479,0.5863,0.0068,Rest
05:09:08,0.479,-0.3698,0.7242,0.0066,Rest
05:09:10,0.5024,-0.4495,0.7668,0.0082,Rest
05:09:12,0.4763,-0.4354,0.6055,0.0086,Rest
05:09:14,0.5111,-0.3769,0.6756,0.0055,Rest
05:09:16,0.5836,-0.4398,0.6833,0.0085,Rest
05:09:18,0.5683,-0.3089,0.6291,0.0083,Rest
05:09:20,0.4981,-0.3911,0.7722,0.0076,Rest
05:09:22,0.5247,-0.3732,0.7,0.0087,Rest
05:09:24,0.5372,-0.4183,0.7199,0.0093,Rest
05:09:26,0.478,-0.2727,0.7098,0.008,Rest
05:09:28,0.5987,-0.4866,0.6741,0.0074,Rest
05:09:30,0.4124,-0.4154,0.7364,0.008,Rest
05:09:32,0.5205,-0.3888,0.7028,0.0091,Rest
05:09:34,0.475,-0.4324,0.684,0.0079,Rest
05:09:36,0.4639,-0.418,0.6813,0.0061,Rest
05:09:38,0.4604,-0.4757,0.6546,0.0077,Rest
05:09:40,0.5438,-0.3196,0.7051,0.009,Rest
05:09:42,0.4448,-0.4323,0.6758,0.0066,Rest
05:09:44,0.4482,-0.4839,0.6218,0.0088,Rest
05:09:46,0.5721,-0.4708,0.7697,0.0089,Rest
05:09:48,0.5158,-0.3733,0.716,0.0077,Rest
05:09:50,0.5314,-0.4607,0.686,0.0086,Rest
05:09:52,0.4567,-0.4321,0.6294,0.0095,Rest
05:09:54,0.4207,-0.3755,0.7014,0.0084,Rest
05:09:56,0.497,-0.4389,0.7305,0.0072,Rest
05:09:58,0.444,-0.4138,0.7357,0.0071,Rest
05:10:00,0.5751,-0.3679,0.7092,0.0071,Rest
05:10:02,0.4886,-0.4051,0.7206,0.0081,Rest
05:10:04,0.5359,-0.4274,0.6497,0.0062,Rest
05:10:06,0.5062,-0.2883,0.6485,0.0075,Rest
05:10:08,0.4266,-0.4637,0.7248,0.0089,Rest
05:10:10,0.4982,-0.4382,0.7211,0.0091,Rest
05:10:12,0.4799,-0.4001,0.6554,0.0079,Rest
05:10:14,0.4485,-0.4151,0.7445,0.0081,Rest
05:10:16,0.5664,-0.336,0.6265,0.0083,Rest
05:10:18,0.5616,-0.4223,0.6391,0.0062,Rest
05:10:20,0.5823,-0.3414,0.5857,0.0086,Rest
05:10:22,0.5298,-0.3926,0.8311,0.008,Rest
05:10:24,0.4891,-0.3039,0.7388,0.0073,Rest
05:10:26,0.4741,-0.3952,0.8249,0.0085,Rest
05:10:28,0.4557,-0.3799,0.7376,0.0071,Rest
05:10:30,0.5545,-0.4319,0.7036,0.0075,Rest
05:10:32,0.5042,-0.3865,0.6221,0.0059,Rest
05:10:34,0.4233,-0.3294,0.7194,0.0093,Rest
05:10:36,0.5749,-0.4554,0.692,0.0074,Rest
05:10:38,0.5056,-0.4309,0.6388,0.0078,Rest
05:10:40,0.5106,-0.3994,0.6928,0.0071,Rest
05:10:42,0.5078,-0.3445,0.7636,0.007,Rest
05:10:44,0.5078,-0.4083,0.6921,0.0092,Rest
05:10:46,0.5341,-0.3299,0.7758,0.0065,Rest
05:10:48,0.4406,-0.3759,0.7628,0.0081,Rest
05:10:50,0.5193,-0.2974,0.7209,0.0086,Rest
05:10:52,0.4992,-0.406,0.6086,0.01,Rest
05:10:54,0.454,-0.4261,0.6524,0.0093,Rest
05:10:56,0.5144,-0.4249,0.7088,0.0077,Rest
05:10:58,0.375,-0.3424,0.6394,0.0095,Rest
05:11:00,0.5192,-0.3849,0.654,0.0076,Rest
05:11:02,0.4861,-0.4961,0.6782,0.0077,Rest
05:11:04,0.5763,-0.4691,0.7407,0.0061,Rest
05:11:06,0.4843,-0.4947,0.7541,0.0069,Rest
05:11:08,0.5097,-0.4205,0.7111,0.0079,Rest
05:11:10,0.4363,-0.4072,0.6772,0.0073,Rest
05:11:12,0.5438,-0.3344,0.6615,0.0088,Rest
05:11:14,0.4558,-0.4498,0.7689,0.0074,Rest
05:11:16,0.4899,-0.4175,0.7569,0.0087,Rest
05:11:18,0.4821,-0.4296,0.6178,0.0087,Rest
05:11:20,0.4196,-0.4539,0.6931,0.0073,Rest
05:11:22,0.4549,-0.473,0.6171,0.0089,Rest
05:11:24,0.5636,-0.3982,0.7119,0.0083,Rest
05:11:26,0.5629,-0.4275,0.7122,0.0053,Rest
05:11:28,0.5038,-0.4281,0.6726,0.0085,Rest
05:11:30,0.5264,-0.3254,0.7301,0.0083,Rest
05:11:32,0.4989,-0.4105,0.723,0.0088,Rest
05:11:34,0.5041,-0.3278,0.7021,0.0076,Rest
05:11:36,0.5887,-0.3717,0.5197,0.0091,Rest
05:11:38,0.5326,-0.374,0.6982,0.0091,Rest
05:11:40,0.5015,-0.3994,0.7695,0.0083,Rest
05:11:42,0.5191,-0.4374,0.6854,0.0069,Rest
05:11:44,0.4767,-0.4087,0.7173,0.0072,Rest
05:11:46,0.4868,-0.3967,0.6297,0.0078,Rest
05:11:48,0.5331,-0.3079,0.749,0.0092,Rest
05:11:50,0.4647,-0.3917,0.7127,0.0097,Rest
05:11:52,0.5266,-0.4663,0.752,0.0082,Rest
05:11:54,0.5167,-0.4436,0.6932,0.0075,Rest
05:11:56,0.5215,-0.4125,0.7017,0.0084,Rest
05:11:58,0.4448,-0.3415,0.7234,0.0073,Rest
05:12:00,0.493,-0.3869,0.7538,0.008,Rest
05:12:02,0.4704,-0.2904,0.7082,0.0077,Rest
05:12:04,0.5078,-0.3575,0.8018,0.0084,Rest
05:12:06,0.5694,-0.2855,0.6688,0.0077,Rest
05:12:08,0.4479,-0.3263,0.7229,0.0087,Rest
05:12:10,0.4868,-0.5494,0.6922,0.0086,Rest
05:12:12,0.5129,-0.352,0.6959,0.009,Rest
05:12:14,0.4767,-0.3867,0.6662,0.0076,Rest
05:12:16,0.5581,-0.362,0.6734,0.0079,Rest
05:12:18,0.5082,-0.3779,0.735,0.0088,Rest
05:12:20,0.5312,-0.3191,0.7092,0.0077,Rest
05:12:22,0.5196,-0.4528,0.7049,0.0086,Rest
05:12:24,0.5555,-0.335,0.7035,0.0077,Rest
05:12:26,0.5105,-0.3955,0.6281,0.0092,Rest
05:12:28,0.5119,-0.4628,0.7565,0.0089,Rest
05:12:30,0.4392,-0.3777,0.6201,0.0087,Rest
05:12:32,0.5197,-0.4672,0.7413,0.008,Rest
05:12:34,0.4902,-0.4696,0.7859,0.0067,Rest
05:12:36,0.5092,-0.3869,0.6376,0.0071,Rest
05:12:38,0.5586,-0.4622,0.6844,0.0077,Rest
05:12:40,0.4394,-0.3805,0.6465,0.0089,Rest
05:12:42,0.4858,-0.3547,0.8091,0.0079,Rest
05:12:44,0.6722,-0.4211,0.7494,0.009,Rest
05:12:46,0.5666,-0.3853,0.6829,0.0093,Rest
05:12:48,0.5969,-0.3375,0.6196,0.0093,Rest
05:12:50,0.4797,-0.4386,0.7666,0.0078,Rest
05:12:52,0.5251,-0.4057,0.7502,0.0064,Rest
05:12:54,0.5165,-0.3872,0.6934,0.0088,Rest
05:12:56,0.5486,-0.4226,0.7519,0.0064,Rest
05:12:58,0.5431,-0.3762,0.6716,0.0092,Rest
05:13:00,0.5525,-0.4528,0.8033,0.0082,Rest
05:13:02,0.4936,-0.3442,0.7109,0.0077,Rest
05:13:04,0.4423,-0.4923,0.6904,0.0064,Rest
05:13:06,0.5499,-0.3722,0.6626,0.0078,Rest
05:13:08,0.4869,-0.4425,0.6566,0.0073,Rest
05:13:10,0.4784,-0.457,0.6919,0.0083,Rest
05:13:12,0.5253,-0.3835,0.6234,0.0076,Rest
05:13:14,0.5671,-0.2634,0.7073,0.0085,Rest
05:13:16,0.4719,-0.3519,0.6961,0.0088,Rest
05:13:18,0.5567,-0.3323,0.7943,0.0069,Rest
05:13:20,0.4054,-0.3393,0.6825,0.0084,Rest
05:13:22,0.4724,-0.2906,0.6309,0.009,Rest
05:13:24,0.5948,-0.4097,0.7194,0.0072,Rest
05:13:26,0.402,-0.3402,0.6804,0.0098,Rest
05:13:28,0.5389,-0.3665,0.6675,0.0085,Rest
05:13:30,0.5382,-0.4645,0.6577,0.0088,Rest
05:13:32,0.467,-0.4036,0.6776,0.0086,Rest
05:13:34,0.5475,-0.4027,0.6206,0.0086,Rest
05:13:36,0.5142,-0.3218,0.7981,0.0069,Rest
05:13:38,0.4942,-0.4271,0.739,0.0084,Rest
05:13:40,0.543,-0.3514,0.6764,0.0061,Rest
05:13:42,0.5083,-0.5047,0.7279,0.01,Rest
05:13:44,0.5009,-0.4758,0.6879,0.0085,Rest
05:13:46,0.5524,-0.3494,0.7286,0.0065,Rest
05:13:48,0.5401,-0.3292,0.6293,0.006,Rest
05:13:50,0.4575,-0.321,0.7692,0.0087,Rest
05:13:52,0.4826,-0.4061,0.7314,0.0085,Rest
05:13:54,0.4214,-0.3129,0.6218,0.0089,Rest
05:13:56,0.3866,-0.4263,0.6652,0.008,Rest
05:13:58,0.4815,-0.3747,0.6203,0.0108,Rest
05:14:00,0.5533,-0.3832,0.7255,0.0081,Rest
05:14:02,0.4638,-0.4027,0.6653,0.0084,Rest
05:14:04,0.4541,-0.4161,0.6914,0.0094,Rest
05:14:06,0.5588,-0.4018,0.7012,0.0084,Rest
05:14:08,0.5447,-0.3883,0.7442,0.007,Rest
05:14:10,0.5166,-0.4149,0.6502,0.0091,Rest
05:14:12,0.5483,-0.4735,0.6849,0.0081,Rest
05:14:14,0.4957,-0.3652,0.6616,0.0091,Rest
05:14:16,0.3993,-0.5044,0.7151,0.0069,Rest
05:14:18,0.5141,-0.3474,0.7211,0.0065,Rest
05:14:20,0.3918,-0.4019,0.6924,0.0081,Rest
05:14:22,0.5147,-0.375,0.6416,0.0072,Rest
05:14:24,0.4228,-0.4413,0.7732,0.0057,Rest
05:14:26,0.5254,-0.3535,0.6933,0.0074,Rest
05:14:28,0.5541,-0.3833,0.7512,0.0087,Rest
05:14:30,0.4628,-0.4326,0.6566,0.0069,Rest
05:14:32,0.4588,-0.372,0.6846,0.0087,Rest
05:14:34,0.484,-0.3758,0.6677,0.0079,Rest
05:14:36,0.517,-0.3953,0.6908,0.007,Rest
05:14:38,0.4405,-0.4109,0.7639,0.007,Rest
05:14:40,0.54,-0.3701,0.6196,0.0077,Rest
05:14:42,0.427,-0.4811,0.6607,0.008,Rest
05:14:44,0.5035,-0.322,0.7035,0.009,Rest
05:14:46,0.5333,-0.3299,0.7099,0.0074,Rest
05:14:48,0.4407,-0.434,0.6935,0.009,Rest
05:14:50,0.4199,-0.4516,0.7247,0.0087,Rest
05:14:52,0.4801,-0.477,0.7312,0.0093,Rest
05:14:54,0.5125,-0.3955,0.6723,0.008,Rest
05:14:56,0.5577,-0.4898,0.65,0.0067,Rest
05:14:58,0.5561,-0.4585,0.7385,0.0072,Rest
05:15:00,0.5733,-0.3537,0.6447,0.0083,Rest
05:15:02,0.4634,-0.3795,0.6951,0.0088,Rest
05:15:04,0.4614,-0.3854,0.6864,0.0083,Rest
05:15:06,0.4854,-0.3477,0.7625,0.0076,Rest
05:15:08,0.4955,-0.5134,0.7117,0.0073,Rest
05:15:10,0.4959,-0.4384,0.682,0.0088,Rest
05:15:12,0.5185,-0.4319,0.6334,0.0073,Rest
05:15:14,0.4327,-0.4439,0.6918,0.0074,Rest
05:15:16,0.5335,-0.4794,0.7169,0.0076,Rest
05:15:18,0.4747,-0.3847,0.7298,0.0095,Rest
05:15:20,0.6036,-0.364,0.7572,0.007,Rest
05:15:22,0.559,-0.3196,0.7173,0.0077,Rest
05:15:24,0.4508,-0.4104,0.6594,0.0069,Rest
05:15:26,0.4546,-0.3342,0.7618,0.0087,Rest
05:15:28,0.5048,-0.3653,0.6384,0.0096,Rest
05:15:30,0.5267,-0.3696,0.7559,0.0071,Rest
05:15:32,0.4833,-0.3772,0.6969,0.0061,Rest
05:15:34,0.4777,-0.3462,0.6393,0.0085,Rest
05:15:36,0.5154,-0.4664,0.6394,0.0073,Rest
05:15:38,0.4234,-0.3249,0.7099,0.0065,Rest
05:15:40,0.4802,-0.4647,0.7579,0.008,Rest
05:15:42,0.563,-0.3378,0.6237,0.0078,Rest
05:15:44,0.5125,-0.4112,0.6744,0.0078,Rest
05:15:46,0.4537,-0.3455,0.7388,0.0084,Rest
05:15:48,0.4979,-0.3852,0.6816,0.0055,Rest
05:15:50,0.4781,-0.366,0.7215,0.0079,Rest
05:15:52,0.4774,-0.3973,0.7036,0.0089,Rest
05:15:54,0.5147,-0.3877,0.7033,0.0075,Rest
05:15:56,0.5459,-0.3626,0.6919,0.0091,Rest
05:15:58,0.5432,-0.373,0.6814,0.0085,Rest
05:16:00,0.4823,-0.5202,0.7051,0.0091,Rest
05:16:02,0.4591,-0.3225,0.799,0.0072,Rest
05:16:04,0.534,-0.3162,0.6454,0.0088,Rest
05:16:06,0.4931,-0.5352,0.6532,0.0087,Rest
05:16:08,0.4585,-0.3772,0.6851,0.0103,Rest
05:16:10,0.5344,-0.3773,0.7293,0.0052,Rest
05:16:12,0.5396,-0.4507,0.7276,0.0076,Rest
05:16:14,0.5092,-0.4724,0.643,0.0066,Rest
05:16:16,0.484,-0.3801,0.6986,0.0076,Rest
05:16:18,0.5034,-0.3919,0.6829,0.0078,Rest
05:16:20,0.5443,-0.356,0.7836,0.0075,Rest
05:16:22,0.4409,-0.4653,0.704,0.0069,Rest
05:16:24,0.5208,-0.3611,0.7923,0.007,Rest
05:16:26,0.5143,-0.4631,0.632,0.0078,Rest
05:16:28,0.4643,-0.3686,0.6792,0.0085,Rest
05:16:30,0.4541,-0.4344,0.6412,0.0055,Rest
05:16:32,0.5267,-0.3611,0.6364,0.008,Rest
05:16:34,0.5361,-0.4297,0.6668,0.0074,Rest
05:16:36,0.5059,-0.3385,0.7032,0.0076,Rest
05:16:38,0.5669,-0.3388,0.7058,0.0065,Rest
05:16:40,0.4987,-0.479,0.687,0.008,Rest
05:16:42,0.5035,-0.3767,0.6014,0.009,Rest
05:16:44,0.499,-0.3648,0.6147,0.0061,Rest
05:16:46,0.6142,-0.4363,0.6511,0.0069,Rest
05:16:48,0.5329,-0.2884,0.5974,0.0071,Rest
05:16:50,0.5132,-0.3245,0.6679,0.007,Rest
05:16:52,0.4696,-0.4492,0.7056,0.0089,Rest
05:16:54,0.5488,-0.2974,0.7368,0.0066,Rest
05:16:56,0.4797,-0.4463,0.7045,0.0084,Rest
05:16:58,0.4945,-0.4379,0.6853,0.0083,Rest
05:17:00,0.5887,-0.3374,0.7482,0.0084,Rest
05:17:02,0.5621,-0.3157,0.6624,0.0087,Rest
05:17:04,0.4831,-0.4923,0.6951,0.0074,Rest
05:17:06,0.5171,-0.3812,0.8132,0.0083,Rest
05:17:08,0.5227,-0.3702,0.6644,0.0081,Rest
05:17:10,0.4942,-0.4447,0.667,0.0099,Rest
05:17:12,0.5108,-0.3975,0.7027,0.0083,Rest
05:17:14,0.5456,-0.4526,0.693,0.0078,Rest
05:17:16,0.6255,-0.3861,0.655,0.0072,Rest
05:17:18,0.5489,-0.3763,0.6849,0.006,Rest
05:17:20,0.4578,-0.4236,0.6936,0.0069,Rest
05:17:22,0.5283,-0.3784,0.7053,0.0059,Rest
05:17:24,0.5285,-0.5275,0.7523,0.0061,Rest
05:17:26,0.4737,-0.3989,0.7882,0.0087,Rest
05:17:28,0.4735,-0.3601,0.7344,0.0071,Rest
05:17:30,0.4892,-0.3702,0.7596,0.0086,Rest
05:17:32,0.4658,-0.4484,0.7154,0.0078,Rest
05:17:34,0.5113,-0.4576,0.7015,0.0081,Rest
05:17:36,0.4674,-0.3418,0.657,0.0065,Rest
05:17:38,0.4665,-0.4186,0.7198,0.0081,Rest
05:17:40,0.4916,-0.3858,0.6714,0.0086,Rest
05:17:42,0.5101,-0.3789,0.6245,0.009,Rest
05:17:44,0.4978,-0.3019,0.6137,0.0077,Rest
05:17:46,0.5532,-0.4205,0.7063,0.0089,Rest
05:17:48,0.4912,-0.3906,0.6574,0.008,Rest
05:17:50,0.4199,-0.4592,0.7727,0.0069,Rest
05:17:52,0.5201,-0.3845,0.7837,0.0088,Rest
05:17:54,0.5197,-0.3498,0.7189,0.0094,Rest
05:17:56,0.4793,-0.384,0.6688,0.008,Rest
05:17:58,0.4861,-0.4209,0.5599,0.0084,Rest
05:18:00,0.5654,-0.3746,0.7589,0.0087,Rest
05:18:02,0.4752,-0.3198,0.5941,0.0083,Rest
05:18:04,0.4006,-0.382,0.7404,0.0099,Rest
05:18:06,0.5812,-0.4486,0.7567,0.0066,Rest
05:18:08,0.5041,-0.3528,0.6328,0.0068,Rest
05:18:10,0.4655,-0.3708,0.7087,0.0096,Rest
05:18:12,0.4912,-0.4048,0.7247,0.0062,Rest
05:18:14,0.4952,-0.3672,0.6937,0.0079,Rest
05:18:16,0.544,-0.4137,0.7515,0.009,Rest
05:18:18,0.4723,-0.2847,0.6856,0.0063,Rest
05:18:20,0.4658,-0.356,0.7106,0.0063,Rest
05:18:22,0.4776,-0.3778,0.7064,0.0073,Rest
05:18:24,0.4955,-0.4077,0.7057,0.0096,Rest
05:18:26,0.5227,-0.3469,0.6806,0.0096,Rest
05:18:28,0.4816,-0.435,0.7471,0.0076,Rest
05:18:30,0.5165,-0.43,0.6432,0.0079,Rest
05:18:32,0.5428,-0.3743,0.673,0.0092,Rest
05:18:34,0.599,-0.3737,0.7057,0.0077,Rest
05:18:36,0.443,-0.4446,0.6492,0.0082,Rest
05:18:38,0.4182,-0.5478,0.7148,0.009,Rest
05:18:40,0.5122,-0.4262,0.685,0.0066,Rest
05:18:42,0.4465,-0.3617,0.6827,0.0067,Rest
05:18:44,0.5227,-0.3758,0.6626,0.0082,Rest
05:18:46,0.5611,-0.441,0.6272,0.0079,Rest
05:18:48,0.4523,-0.3973,0.7161,0.0074,Rest
05:18:50,0.4985,-0.3884,0.7066,0.0093,Rest
05:18:52,0.512,-0.3779,0.7661,0.0054,Rest
05:18:54,0.5176,-0.3852,0.6765,0.0067,Rest
05:18:56,0.465,-0.4082,0.6582,0.009,Rest
05:18:58,0.4534,-0.3581,0.8299,0.0077,Rest
05:19:00,0.6263,-0.3694,0.6479,0.009,Rest
05:19:02,0.3571,-0.4742,0.7484,0.0075,Rest
05:19:04,0.4478,-0.3838,0.685,0.0073,Rest
05:19:06,0.5408,-0.3525,0.6972,0.0063,Rest
05:19:08,0.5505,-0.4288,0.6425,0.0072,Rest
05:19:10,0.5341,-0.4513,0.6351,0.0083,Rest
05:19:12,0.4371,-0.4186,0.7136,0.0073,Rest
05:19:14,0.3861,-0.4439,0.7215,0.0082,Rest
05:19:16,0.5249,-0.3818,0.7746,0.0088,Rest
05:19:18,0.4931,-0.346,0.771,0.0072,Rest
05:19:20,0.4546,-0.4373,0.6583,0.0086,Rest
05:19:22,0.5318,-0.4496,0.7524,0.0071,Rest
05:19:24,0.4464,-0.3323,0.8045,0.0092,Rest
05:19:26,0.5561,-0.3898,0.6614,0.0085,Rest
05:19:28,0.4824,-0.3393,0.611,0.0087,Rest
05:19:30,0.4956,-0.2918,0.6811,0.0073,Rest
05:19:32,0.5314,-0.3848,0.6051,0.0079,Rest
05:19:34,0.4158,-0.3889,0.6565,0.0075,Rest
05:19:36,0.4504,-0.4109,0.6442,0.0098,Rest
05:19:38,0.4732,-0.3862,0.6957,0.0065,Rest
05:19:40,0.6076,-0.3597,0.7081,0.0074,Rest
05:19:42,0.5221,-0.4799,0.7202,0.0092,Rest
05:19:44,0.5774,-0.4347,0.7015,0.0073,Rest
05:19:46,0.5179,-0.4056,0.7318,0.0085,Rest
05:19:48,0.5229,-0.469,0.8001,0.0076,Rest
05:19:50,0.4701,-0.3853,0.7097,0.0078,Rest
05:19:52,0.4865,-0.3913,0.7088,0.0088,Rest
05:19:54,0.5016,-0.5212,0.74,0.0085,Rest
05:19:56,0.4633,-0.4222,0.7327,0.0089,Rest
05:19:58,0.4629,-0.4578,0.629,0.009,Rest
05:20:00,0.4317,-0.3364,0.7307,0.0087,Rest
05:20:02,0.5198,-0.3901,0.719,0.0084,Rest
05:20:04,0.5774,-0.3505,0.7405,0.0091,Rest
05:20:06,0.4974,-0.5048,0.7241,0.0085,Rest
05:20:08,0.4824,-0.4699,0.7932,0.0068,Rest
05:20:10,0.4148,-0.4431,0.671,0.0074,Rest
05:20:12,0.496,-0.3949,0.705,0.0076,Rest
05:20:14,0.4447,-0.3959,0.7645,0.0077,Rest
05:20:16,0.4623,-0.3674,0.6913,0.0087,Rest
05:20:18,0.5876,-0.424,0.7522,0.0097,Rest
05:20:20,0.507,-0.4115,0.6781,0.0094,Rest
05:20:22,0.5125,-0.41,0.6962,0.0085,Rest
05:20:24,0.447,-0.3401,0.7601,0.0079,Rest
05:20:26,0.5247,-0.3367,0.7324,0.0064,Rest
05:20:28,0.5205,-0.427,0.6926,0.0072,Rest
05:20:30,0.4854,-0.3516,0.6585,0.0079,Rest
05:20:32,0.5182,-0.4489,0.7187,0.0059,Rest
05:20:34,0.4746,-0.3573,0.6482,0.0096,Rest
05:20:36,0.5004,-0.4104,0.7767,0.0087,Rest
05:20:38,0.4569,-0.4941,0.7875,0.0078,Rest
05:20:40,0.518,-0.4335,0.7175,0.0067,Rest
05:20:42,0.5324,-0.3674,0.6878,0.0076,Rest
05:20:44,0.4572,-0.3402,0.7405,0.0063,Rest
05:20:46,0.5153,-0.3079,0.6835,0.0075,Rest
05:20:48,0.5612,-0.3519,0.6572,0.0077,Rest
05:20:50,0.4984,-0.3581,0.6408,0.0107,Rest
05:20:52,0.4422,-0.4553,0.7147,0.0078,Rest
05:20:54,0.4434,-0.3991,0.6891,0.0073,Rest
05:20:56,0.4708,-0.3794,0.6324,0.0075,Rest
05:20:58,0.5096,-0.4459,0.7069,0.0075,Rest
05:21:00,0.4594,-0.3669,0.6977,0.0091,Rest
05:21:02,0.4349,-0.3713,0.6217,0.0078,Rest
05:21:04,0.5273,-0.3634,0.6155,0.0071,Rest
05:21:06,0.5448,-0.3918,0.6781,0.0076,Rest
05:21:08,0.5449,-0.4264,0.6878,0.0101,Rest
05:21:10,0.4802,-0.3467,0.6894,0.0083,Rest
05:21:12,0.5408,-0.3683,0.7133,0.0072,Rest
05:21:14,0.5555,-0.3848,0.6973,0.0069,Rest
05:21:16,0.493,-0.2794,0.7035,0.0084,Rest
05:21:18,0.4609,-0.2907,0.6498,0.008,Rest
05:21:20,0.5146,-0.4158,0.7291,0.0083,Rest
05:21:22,0.5931,-0.4764,0.6745,0.0074,Rest
05:21:24,0.469,-0.373,0.6658,0.007,Rest
05:21:26,0.496,-0.3858,0.7296,0.0086,Rest
05:21:28,0.5764,-0.3556,0.7035,0.0056,Rest
05:21:30,0.4912,-0.3677,0.7102,0.0094,Rest
05:21:32,0.564,-0.3964,0.7494,0.0076,Rest
05:21:34,0.4392,-0.394,0.7586,0.011,Rest
05:21:36,0.5495,-0.3589,0.688,0.0102,Rest
05:21:38,0.5051,-0.43,0.6758,0.0075,Rest
05:21:40,0.5314,-0.4125,0.756,0.007,Rest
05:21:42,0.5346,-0.4043,0.7986,0.0082,Rest
05:21:44,0.4928,-0.4527,0.7063,0.0076,Rest
05:21:46,0.4765,-0.3677,0.6916,0.0077,Rest
05:21:48,0.5125,-0.3685,0.627,0.0085,Rest
05:21:50,0.4899,-0.4721,0.7337,0.0076,Rest
05:21:52,0.52,-0.3623,0.7136,0.008,Rest
05:21:54,0.4755,-0.4129,0.8449,0.0093,Rest
05:21:56,0.4658,-0.3741,0.6739,0.0066,Rest
05:21:58,0.5347,-0.3942,0.7293,0.0059,Rest
05:22:00,0.4976,-0.3918,0.6366,0.0079,Rest
05:22:02,0.5192,-0.406,0.7781,0.008,Rest
05:22:04,0.4615,-0.4317,0.6659,0.0091,Rest
05:22:06,0.5394,-0.4402,0.6941,0.0083,Rest
05:22:08,0.5221,-0.5108,0.7531,0.0074,Rest
05:22:10,0.5506,-0.426,0.6719,0.0076,Rest
05:22:12,0.552,-0.3492,0.6838,0.0072,Rest
05:22:14,0.5192,-0.4933,0.7468,0.0059,Rest
05:22:16,0.57,-0.3584,0.6064,0.008,Rest
05:22:18,0.5164,-0.4424,0.6244,0.007,Rest
05:22:20,0.5386,-0.4211,0.6894,0.0064,Rest
05:22:22,0.4752,-0.3783,0.7139,0.0092,Rest
05:22:24,0.528,-0.4312,0.71,0.009,Rest
05:22:26,0.4969,-0.3308,0.6763,0.0078,Rest
05:22:28,0.5394,-0.3958,0.7178,0.0076,Rest
05:22:30,0.4467,-0.4204,0.6678,0.007,Rest
05:22:32,0.5183,-0.3709,0.6426,0.0084,Rest
05:22:34,0.4384,-0.3544,0.7638,0.0085,Rest
05:22:36,0.5231,-0.4123,0.7195,0.0067,Rest
05:22:38,0.5495,-0.3557,0.668,0.0088,Rest
05:22:40,0.5687,-0.3163,0.7031,0.0077,Rest
05:22:42,0.4812,-0.353,0.6548,0.0076,Rest
05:22:44,0.4149,-0.3999,0.7093,0.0085,Rest
05:22:46,0.4369,-0.396,0.7133,0.0081,Rest
05:22:48,0.4323,-0.3632,0.6946,0.009,Rest
05:22:50,0.5225,-0.4126,0.6431,0.0081,Rest
05:22:52,0.4984,-0.4078,0.7478,0.0075,Rest
05:22:54,0.4832,-0.4191,0.6836,0.0083,Rest
05:22:56,0.4515,-0.4032,0.6401,0.0082,Rest
05:22:58,0.4887,-0.4214,0.7014,0.0066,Rest
05:23:00,0.4383,-0.3853,0.6223,0.0067,Rest
05:23:02,0.5175,-0.4524,0.684,0.0085,Rest
05:23:04,0.5477,-0.4005,0.7285,0.0085,Rest
05:23:06,0.5442,-0.3196,0.7074,0.0082,Rest
05:23:08,0.5296,-0.365,0.6667,0.0071,Rest
05:23:10,0.5437,-0.4042,0.6775,0.0086,Rest
05:23:12,0.5455,-0.4941,0.7146,0.0081,Rest
05:23:14,0.5569,-0.4735,0.6719,0.0065,Rest
05:23:16,0.4802,-0.4788,0.7388,0.0088,Rest
05:23:18,0.4502,-0.3554,0.7041,0.0074,Rest
05:23:20,0.5558,-0.4618,0.8287,0.008,Rest
05:23:22,0.5065,-0.5221,0.6746,0.0069,Rest
05:23:24,0.4554,-0.4197,0.7061,0.0059,Rest
05:23:26,0.541,-0.307,0.7666,0.0087,Rest
05:23:28,0.5104,-0.4202,0.651,0.0069,Rest
05:23:30,0.5093,-0.4128,0.7969,0.0079,Rest
05:23:32,0.5317,-0.419,0.6995,0.01,Rest
05:23:34,0.5379,-0.318,0.6993,0.0077,Rest
05:23:36,0.5219,-0.3599,0.7116,0.0086,Rest
05:23:38,0.4682,-0.3867,0.7099,0.0073,Rest
05:23:40,0.4584,-0.2141,0.6743,0.0083,Rest
05:23:42,0.5183,-0.3961,0.7034,0.0069,Rest
05:23:44,0.3495,-0.4453,0.7771,0.0082,Rest
05:23:46,0.4662,-0.3369,0.7351,0.0065,Rest
05:23:48,0.5899,-0.3128,0.8024,0.0083,Rest
05:23:50,0.6141,-0.4865,0.7346,0.0071,Rest
05:23:52,0.5114,-0.3711,0.7818,0.0081,Rest
05:23:54,0.4942,-0.4151,0.7558,0.009,Rest
05:23:56,0.3734,-0.4447,0.6094,0.0095,Rest
05:23:58,0.4628,-0.3557,0.7179,0.0089,Rest
05:24:00,0.4634,-0.4457,0.7071,0.0079,Rest
05:24:02,0.4384,-0.4108,0.7235,0.0076,Rest
05:24:04,0.5398,-0.3609,0.7498,0.0078,Rest
05:24:06,0.5387,-0.4984,0.7923,0.0094,Rest
05:24:08,0.4538,-0.4481,0.751,0.0091,Rest
05:24:10,0.507,-0.3608,0.7771,0.0094,Rest
05:24:12,0.5761,-0.4052,0.6049,0.0094,Rest
05:24:14,0.5202,-0.4056,0.7382,0.0092,Rest
05:24:16,0.4905,-0.3672,0.7055,0.008,Rest
05:24:18,0.4587,-0.3292,0.6762,0.0074,Rest
05:24:20,0.6007,-0.3963,0.7292,0.0086,Rest
05:24:22,0.5531,-0.4177,0.7063,0.0077,Rest
05:24:24,0.4511,-0.3499,0.6464,0.0073,Rest
05:24:26,0.5123,-0.3992,0.7033,0.0091,Rest
05:24:28,0.5027,-0.4775,0.792,0.0081,Rest
05:24:30,0.4169,-0.3983,0.7071,0.0074,Rest
05:24:32,0.4678,-0.4337,0.6733,0.0081,Rest
05:24:34,0.5148,-0.3656,0.695,0.0088,Rest
05:24:36,0.5237,-0.4054,0.6726,0.008,Rest
05:24:38,0.5093,-0.3691,0.7118,0.0063,Rest
05:24:40,0.4475,-0.3753,0.6559,0.0091,Rest
05:24:42,0.4815,-0.3853,0.6804,0.009,Rest
05:24:44,0.5213,-0.4444,0.6417,0.0087,Rest
05:24:46,0.5861,-0.4525,0.6972,0.007,Rest
05:24:48,0.5185,-0.4104,0.6804,0.0085,Rest
05:24:50,0.551,-0.415,0.7381,0.0074,Rest
05:24:52,0.4836,-0.3846,0.6733,0.009,Rest
05:24:54,0.4422,-0.2779,0.6666,0.0072,Rest
05:24:56,0.4442,-0.3867,0.7256,0.008,Rest
05:24:58,0.5558,-0.3534,0.7581,0.0063,Rest
05:25:00,0.5288,-0.4138,0.6595,0.0082,Rest
05:25:02,0.4515,-0.4097,0.7017,0.0091,Rest
05:25:04,0.3745,-0.5096,0.751,0.0067,Rest
05:25:06,0.5185,-0.3474,0.6261,0.0086,Rest
05:25:08,0.5215,-0.318,0.7167,0.0099,Rest
05:25:10,0.4646,-0.3383,0.6503,0.0079,Rest
05:25:12,0.5464,-0.4385,0.7941,0.008,Rest
05:25:14,0.5422,-0.4664,0.7403,0.009,Rest
05:25:16,0.4179,-0.3486,0.6028,0.0096,Rest
05:25:18,0.5587,-0.4525,0.5926,0.0077,Rest
05:25:20,0.4673,-0.4811,0.7346,0.0083,Rest
05:25:22,0.4414,-0.4674,0.6563,0.0074,Rest
05:25:24,0.4043,-0.3738,0.6902,0.006,Rest
05:25:26,0.4737,-0.4202,0.6549,0.0071,Rest
05:25:28,0.5028,-0.4339,0.7544,0.0079,Rest
05:25:30,0.4972,-0.4931,0.8067,0.0094,Rest
05:25:32,0.5752,-0.4389,0.7619,0.0087,Rest
05:25:34,0.5226,-0.3766,0.7291,0.0073,Rest
05:25:36,0.5111,-0.3578,0.7129,0.0065,Rest
05:25:38,0.5656,-0.4586,0.7565,0.0088,Rest
05:25:40,0.4439,-0.3376,0.6879,0.0079,Rest
05:25:42,0.5118,-0.3769,0.7643,0.0092,Rest
05:25:44,0.5466,-0.4368,0.751,0.0082,Rest
05:25:46,0.5143,-0.3821,0.7196,0.0086,Rest
05:25:48,0.5136,-0.375,0.5926,0.008,Rest
05:25:50,0.5723,-0.3672,0.611,0.0089,Rest
05:25:52,0.4907,-0.392,0.7013,0.0092,Rest
05:25:54,0.4542,-0.3377,0.7427,0.0088,Rest
05:25:56,0.457,-0.4157,0.6865,0.0075,Rest
05:25:58,0.4857,-0.3888,0.658,0.0066,Rest
05:26:00,0.4565,-0.4697,0.7192,0.0074,Rest
05:26:02,0.5231,-0.3962,0.7324,0.0069,Rest
05:26:04,0.4704,-0.4119,0.666,0.0078,Rest
05:26:06,0.454,-0.4474,0.7015,0.0078,Rest
05:26:08,0.5229,-0.4819,0.6825,0.0079,Rest
05:26:10,0.4571,-0.4873,0.6415,0.0078,Rest
05:26:12,0.4647,-0.3965,0.8002,0.0082,Rest
05:26:14,0.5218,-0.4628,0.627,0.0092,Rest
05:26:16,0.4756,-0.46,0.6837,0.0092,Rest
05:26:18,0.4562,-0.3954,0.7176,0.0092,Rest
05:26:20,0.4062,-0.4089,0.7129,0.0083,Rest
05:26:22,0.4519,-0.461,0.7607,0.0079,Rest
05:26:24,0.4673,-0.406,0.6714,0.0095,Rest
05:26:26,0.4805,-0.4247,0.7335,0.0075,Rest
05:26:28,0.5603,-0.4397,0.6788,0.0081,Rest
05:26:30,0.4064,-0.3938,0.7718,0.0068,Rest
05:26:32,0.4538,-0.4543,0.651,0.0077,Rest
05:26:34,0.4563,-0.3038,0.7281,0.0084,Rest
05:26:36,0.5319,-0.4379,0.6678,0.007,Rest
05:26:38,0.4983,-0.361,0.5769,0.0082,Rest
05:26:40,0.469,-0.3348,0.7754,0.0086,Rest
05:26:42,0.4847,-0.4622,0.7486,0.0058,Rest
05:26:44,0.4868,-0.4265,0.7072,0.0072,Rest
05:26:46,0.4676,-0.4356,0.7417,0.0085,Rest
05:26:48,0.4582,-0.4053,0.6733,0.0082,Rest
05:26:50,0.5013,-0.3782,0.615,0.0079,Rest
05:26:52,0.4906,-0.4224,0.6243,0.0102,Rest
05:26:54,0.4607,-0.4412,0.6248,0.0077,Rest
05:26:56,0.5566,-0.3432,0.6776,0.0078,Rest
05:26:58,0.4941,-0.4635,0.6366,0.0077,Rest
05:27:00,0.5046,-0.4215,0.7093,0.0055,Rest
05:27:02,0.5386,-0.3395,0.7053,0.0074,Rest
05:27:04,0.5475,-0.4634,0.7005,0.0088,Rest
05:27:06,0.5067,-0.4123,0.6881,0.0079,Rest
05:27:08,0.4521,-0.4172,0.6628,0.0072,Rest
05:27:10,0.4189,-0.433,0.721,0.006,Rest
05:27:12,0.5108,-0.4352,0.7279,0.0085,Rest
05:27:14,0.4673,-0.2753,0.7166,0.0083,Rest
05:27:16,0.5023,-0.3952,0.6089,0.0078,Rest
05:27:18,0.5443,-0.3801,0.7102,0.0077,Rest
05:27:20,0.5495,-0.4848,0.7182,0.0085,Rest
05:27:22,0.4489,-0.4809,0.6927,0.0088,Rest
05:27:24,0.5201,-0.3783,0.6949,0.0083,Rest
05:27:26,0.4771,-0.5064,0.7659,0.0065,Rest
05:27:28,0.5352,-0.3592,0.6769,0.0063,Rest
05:27:30,0.5378,-0.347,0.7742,0.0077,Rest
05:27:32,0.4852,-0.4213,0.6789,0.009,Rest
05:27:34,0.5002,-0.3195,0.7477,0.0084,Rest
05:27:36,0.5475,-0.3677,0.7425,0.0086,Rest
05:27:38,0.5624,-0.4371,0.6931,0.0086,Rest
05:27:40,0.546,-0.3968,0.7289,0.0075,Rest
05:27:42,0.5116,-0.4436,0.6947,0.0069,Rest
05:27:44,0.5755,-0.4615,0.716,0.0092,Rest
05:27:46,0.473,-0.402,0.7721,0.0085,Rest
05:27:48,0.4355,-0.3786,0.6781,0.009,Rest
05:27:50,0.4789,-0.2904,0.7626,0.0107,Rest
05:27:52,0.5294,-0.4033,0.741,0.009,Rest
05:27:54,0.5136,-0.3831,0.6437,0.009,Rest
05:27:56,0.5717,-0.386,0.744,0.0081,Rest
05:27:58,0.5679,-0.3901,0.7265,0.0068,Rest
05:28:00,0.5169,-0.3939,0.6912,0.0065,Rest
05:28:02,0.5116,-0.4045,0.6984,0.0078,Rest
05:28:04,0.5283,-0.4274,0.6601,0.0076,Rest
05:28:06,0.5341,-0.3697,0.6994,0.0089,Rest
05:28:08,0.4255,-0.3582,0.6299,0.0076,Rest
05:28:10,0.4125,-0.3978,0.6482,0.0063,Rest
05:28:12,0.5037,-0.3537,0.663,0.007,Rest
05:28:14,0.5013,-0.3924,0.7119,0.006,Rest
05:28:16,0.4822,-0.3736,0.6908,0.0079,Rest
05:28:18,0.5442,-0.3396,0.745,0.0091,Rest
05:28:20,0.5152,-0.3783,0.6877,0.0093,Rest
05:28:22,0.4633,-0.443,0.6752,0.0082,Rest
05:28:24,0.4746,-0.4535,0.7212,0.0054,Rest
05:28:26,0.536,-0.4075,0.7235,0.0084,Rest
05:28:28,0.5489,-0.3243,0.7319,0.0074,Rest
05:28:30,0.4895,-0.3438,0.6981,0.0059,Rest
05:28:32,0.5242,-0.4254,0.6957,0.0077,Rest
05:28:34,0.4992,-0.5515,0.715,0.0084,Rest
05:28:36,0.4332,-0.356,0.7069,0.0105,Rest
05:28:38,0.5049,-0.3211,0.7477,0.0069,Rest
05:28:40,0.5278,-0.4993,0.6589,0.0081,Rest
05:28:42,0.4352,-0.3288,0.7561,0.0078,Rest
05:28:44,0.445,-0.4442,0.7306,0.0082,Rest
05:28:46,0.5433,-0.3423,0.7434,0.008,Rest
05:28:48,0.5299,-0.4551,0.7256,0.0075,Rest
05:28:50,0.6562,-0.444,0.6689,0.0068,Rest
05:28:52,0.4866,-0.3758,0.6827,0.0085,Rest
05:28:54,0.4768,-0.3898,0.6992,0.0068,Rest
05:28:56,0.4884,-0.3957,0.8213,0.0073,Rest
05:28:58,0.5521,-0.4023,0.7086,0.0077,Rest
05:29:00,0.5017,-0.4403,0.6422,0.0072,Rest
05:29:02,0.4604,-0.3924,0.6786,0.0071,Rest
05:29:04,0.5393,-0.3503,0.6434,0.0081,Rest
05:29:06,0.4952,-0.4931,0.7447,0.0062,Rest
05:29:08,0.4764,-0.3641,0.7157,0.0079,Rest
05:29:10,0.5173,-0.4578,0.5738,0.008,Rest
05:29:12,0.4446,-0.4368,0.7934,0.0081,Rest
05:29:14,0.4814,-0.3578,0.6776,0.0069,Rest
05:29:16,0.438,-0.3755,0.7051,0.0088,Rest
05:29:18,0.4699,-0.3438,0.7277,0.0089,Rest
05:29:20,0.4887,-0.352,0.6468,0.0078,Rest
05:29:22,0.54,-0.3151,0.711,0.0067,Rest
05:29:24,0.4686,-0.4951,0.7525,0.0055,Rest
05:29:26,0.497,-0.3472,0.6817,0.0092,Rest
05:29:28,0.4495,-0.433,0.7581,0.0095,Rest
05:29:30,0.4968,-0.4135,0.7817,0.0074,Rest
05:29:32,0.5009,-0.3888,0.7604,0.0078,Rest
05:29:34,0.5327,-0.4515,0.632,0.0087,Rest
05:29:36,0.5117,-0.3421,0.702,0.0088,Rest
05:29:38,0.5262,-0.4298,0.6277,0.0088,Rest
05:29:40,0.5345,-0.4145,0.7121,0.0083,Rest
05:29:42,0.5824,-0.3908,0.6723,0.007,Rest
05:29:44,0.5617,-0.4187,0.7052,0.0087,Rest
05:29:46,0.4755,-0.4237,0.7209,0.0074,Rest
05:29:48,0.4539,-0.3929,0.7047,0.0084,Rest
05:29:50,0.4687,-0.3959,0.7134,0.008,Rest
05:29:52,0.5744,-0.3343,0.7099,0.0083,Rest
05:29:54,0.5262,-0.4591,0.7259,0.009,Rest
05:29:56,0.4147,-0.3659,0.6406,0.0073,Rest
05:29:58,0.5414,-0.3348,0.577,0.0077,Rest
05:30:00,0.452,-0.4543,0.6931,0.0082,Rest
05:30:02,0.4879,-0.4257,0.6637,0.0104,Rest
05:30:04,0.4545,-0.4689,0.7101,0.009,Rest
05:30:06,0.4992,-0.3266,0.6235,0.0078,Rest
05:30:08,0.3942,-0.4374,0.7607,0.007,Rest
05:30:10,0.4679,-0.4057,0.742,0.0087,Rest
05:30:12,0.5235,-0.3498,0.7004,0.0091,Rest
05:30:14,0.4939,-0.3644,0.6639,0.0085,Rest
05:30:16,0.4551,-0.3805,0.6506,0.0101,Rest
05:30:18,0.5087,-0.3472,0.7167,0.0089,Rest
05:30:20,0.5142,-0.3501,0.7075,0.0084,Rest
05:30:22,0.3851,-0.3697,0.6782,0.0091,Rest
05:30:24,0.5649,-0.4397,0.7312,0.009,Rest
05:30:26,0.5452,-0.4018,0.7575,0.0083,Rest
05:30:28,0.4767,-0.3302,0.6012,0.0087,Rest
05:30:30,0.5289,-0.3782,0.76,0.0061,Rest
05:30:32,0.545,-0.3782,0.7465,0.0087,Rest
05:30:34,0.4993,-0.3673,0.7729,0.0085,Rest
05:30:36,0.4738,-0.3808,0.7907,0.0098,Rest
05:30:38,0.4389,-0.3554,0.7962,0.0095,Rest
05:30:40,0.4721,-0.2755,0.719,0.0076,Rest
05:30:42,0.366,-0.4183,0.7104,0.0085,Rest
05:30:44,0.5047,-0.3092,0.7652,0.0096,Rest
05:30:46,0.4791,-0.3927,0.603,0.0085,Rest
05:30:48,0.4376,-0.3249,0.6789,0.0078,Rest
05:30:50,0.4719,-0.4911,0.6006,0.0091,Rest
05:30:52,0.5693,-0.4445,0.7068,0.0075,Rest
05:30:54,0.4793,-0.3813,0.6549,0.0064,Rest
05:30:56,0.4804,-0.3506,0.7502,0.0077,Rest
05:30:58,0.3876,-0.439,0.6666,0.009,Rest
05:31:00,0.5543,-0.3513,0.6931,0.0084,Rest
05:31:02,0.4958,-0.4029,0.7178,0.0071,Rest
05:31:04,0.4684,-0.4178,0.7233,0.0073,Rest
05:31:06,0.4484,-0.3162,0.6787,0.0082,Rest
05:31:08,0.4349,-0.3567,0.7411,0.007,Rest
05:31:10,0.4236,-0.4444,0.7245,0.0073,Rest
05:31:12,0.4893,-0.4722,0.6558,0.0077,Rest
05:31:14,0.5,-0.421,0.8213,0.0071,Rest
05:31:16,0.5475,-0.3543,0.7142,0.0085,Rest
05:31:18,0.464,-0.3599,0.7661,0.0075,Rest
05:31:20,0.4239,-0.3936,0.646,0.0111,Rest
05:31:22,0.5293,-0.4024,0.5722,0.0055,Rest
05:31:24,0.512,-0.4333,0.7147,0.0071,Rest
05:31:26,0.4632,-0.418,0.6522,0.0076,Rest
05:31:28,0.4646,-0.3678,0.6971,0.0075,Rest
05:31:30,0.5078,-0.3837,0.6478,0.0062,Rest
05:31:32,0.4872,-0.4094,0.7536,0.0089,Rest
05:31:34,0.531,-0.3509,0.7349,0.008,Rest
05:31:36,0.5357,-0.4392,0.6757,0.0078,Rest
05:31:38,0.4902,-0.4312,0.679,0.0089,Rest
05:31:40,0.5208,-0.4185,0.7277,0.0089,Rest
05:31:42,0.4872,-0.3734,0.6373,0.0082,Rest
05:31:44,0.5335,-0.3611,0.7063,0.0086,Rest
05:31:46,0.5455,-0.3944,0.6709,0.0069,Rest
05:31:48,0.6512,-0.3438,0.6988,0.0086,Rest
05:31:50,0.5581,-0.3365,0.6774,0.0095,Rest
05:31:52,0.5071,-0.4613,0.5852,0.0085,Rest
05:31:54,0.5087,-0.4595,0.7691,0.0097,Rest
05:31:56,0.5995,-0.3454,0.5861,0.0063,Rest
05:31:58,0.4884,-0.3942,0.6893,0.0086,Rest
05:32:00,0.4526,-0.4001,0.6446,0.008,Rest
05:32:02,0.6262,-0.4393,0.7037,0.0088,Rest
05:32:04,0.468,-0.4293,0.658,0.0071,Rest
05:32:06,0.4797,-0.3752,0.6482,0.0091,Rest
05:32:08,0.4254,-0.4442,0.6857,0.0071,Rest
05:32:10,0.4474,-0.4179,0.6291,0.0094,Rest
05:32:12,0.5412,-0.378,0.7275,0.0076,Rest
05:32:14,0.4153,-0.4369,0.7302,0.009,Rest
05:32:16,0.5514,-0.4448,0.6715,0.0088,Rest
05:32:18,0.529,-0.3653,0.7581,0.0078,Rest
05:32:20,0.4782,-0.4204,0.6668,0.0093,Rest
05:32:22,0.5041,-0.3638,0.6447,0.0065,Rest
05:32:24,0.46,-0.3308,0.7951,0.008,Rest
05:32:26,0.387,-0.3565,0.7186,0.0056,Rest
05:32:28,0.5244,-0.2831,0.6875,0.0098,Rest
05:32:30,0.5021,-0.3175,0.6828,0.0095,Rest
05:32:32,0.55,-0.4775,0.7803,0.0071,Rest
05:32:34,0.4685,-0.4858,0.7361,0.0104,Rest
05:32:36,0.4232,-0.3397,0.7672,0.0073,Rest
05:32:38,0.5361,-0.3623,0.7254,0.0087,Rest
05:32:40,0.4467,-0.3577,0.6746,0.0073,Rest
05:32:42,0.5384,-0.3944,0.724,0.0083,Rest
05:32:44,0.5494,-0.3712,0.764,0.0073,Rest
05:32:46,0.4875,-0.4511,0.6932,0.0069,Rest
05:32:48,0.4665,-0.3951,0.7055,0.0093,Rest
05:32:50,0.5984,-0.4118,0.766,0.0095,Rest
05:32:52,0.485,-0.2832,0.749,0.0092,Rest
05:32:54,0.5062,-0.3726,0.7123,0.0075,Rest
05:32:56,0.5062,-0.4411,0.6974,0.0087,Rest
05:32:58,0.5061,-0.4417,0.7298,0.0057,Rest
05:33:00,0.4174,-0.2547,0.6815,0.0074,Rest
05:33:02,0.6373,-0.3602,0.6818,0.0074,Rest
05:33:04,0.4018,-0.4355,0.7111,0.0053,Rest
05:33:06,0.4617,-0.3741,0.6648,0.01,Rest
05:33:08,0.4779,-0.4367,0.7093,0.0063,Rest
05:33:10,0.4623,-0.3544,0.6784,0.0073,Rest
05:33:12,0.524,-0.4124,0.835,0.01,Rest
05:33:14,0.5342,-0.372,0.7395,0.0076,Rest
05:33:16,0.4199,-0.3931,0.6238,0.0076,Rest
05:33:18,0.5124,-0.4446,0.7264,0.0066,Rest
05:33:20,0.541,-0.3601,0.7442,0.007,Rest
05:33:22,0.6022,-0.3726,0.6648,0.0096,Rest
05:33:24,0.4118,-0.3499,0.6717,0.0074,Rest
05:33:26,0.4801,-0.4022,0.6962,0.008,Rest
05:33:28,0.4532,-0.3871,0.6801,0.0084,Rest
05:33:30,0.5479,-0.4586,0.7146,0.0097,Rest
05:33:32,0.5061,-0.3752,0.7013,0.0096,Rest
05:33:34,0.5907,-0.3942,0.6716,0.0089,Rest
05:33:36,0.4161,-0.3903,0.6339,0.0088,Rest
05:33:38,0.5288,-0.4002,0.6894,0.0081,Rest
05:33:40,0.4949,-0.4028,0.7219,0.0085,Rest
05:33:42,0.4827,-0.3469,0.7276,0.0078,Rest
05:33:44,0.4918,-0.2648,0.6772,0.0074,Rest
05:33:46,0.5077,-0.4579,0.5791,0.0089,Rest
05:33:48,0.5095,-0.4199,0.6779,0.0088,Rest
05:33:50,0.6403,-0.3934,0.7038,0.0079,Rest
05:33:52,0.5081,-0.4796,0.7275,0.0073,Rest
05:33:54,0.5069,-0.4004,0.7464,0.0076,Rest
05:33:56,0.4998,-0.396,0.7128,0.0081,Rest
05:33:58,0.5385,-0.3522,0.6418,0.0088,Rest
05:34:00,0.4497,-0.4776,0.5979,0.0091,Rest
05:34:02,0.4068,-0.3486,0.7503,0.006,Rest
05:34:04,0.4788,-0.3909,0.6747,0.0077,Rest
05:34:06,0.5348,-0.4155,0.6485,0.0074,Rest
05:34:08,0.4727,-0.3547,0.7291,0.0084,Rest
05:34:10,0.5429,-0.4347,0.7216,0.0071,Rest
05:34:12,0.5104,-0.3948,0.7218,0.0091,Rest
05:34:14,0.4448,-0.4146,0.7749,0.0081,Rest
05:34:16,0.4571,-0.4074,0.6898,0.0064,Rest
05:34:18,0.6408,-0.3372,0.6696,0.0085,Rest
05:34:20,0.4909,-0.3488,0.6709,0.0093,Rest
05:34:22,0.538,-0.425,0.6195,0.0087,Rest
05:34:24,0.5525,-0.3282,0.7201,0.0088,Rest
05:34:26,0.4339,-0.4404,0.6706,0.0066,Rest
05:34:28,0.5228,-0.4163,0.764,0.0076,Rest
05:34:30,0.522,-0.3582,0.7561,0.0078,Rest
05:34:32,0.5207,-0.3817,0.6827,0.0088,Rest
05:34:34,0.4115,-0.3557,0.6762,0.009,Rest
05:34:36,0.564,-0.3324,0.7735,0.0067,Rest
05:34:38,0.5765,-0.3991,0.7012,0.0068,Rest
05:34:40,0.4992,-0.3732,0.6443,0.0068,Rest
05:34:42,0.5143,-0.4406,0.6426,0.0082,Rest
05:34:44,0.5117,-0.3184,0.6574,0.0069,Rest
05:34:46,0.4735,-0.3363,0.7009,0.0086,Rest
05:34:48,0.4702,-0.3817,0.7117,0.0064,Rest
05:34:50,0.487,-0.4131,0.7109,0.0073,Rest
05:34:52,0.5879,-0.4031,0.7413,0.0079,Rest
05:34:54,0.5016,-0.3423,0.609,0.0076,Rest
05:34:56,0.4831,-0.4545,0.7392,0.0073,Rest
05:34:58,0.4772,-0.4114,0.7367,0.0071,Rest
05:35:00,0.5374,-0.3505,0.7104,0.0075,Rest
05:35:02,0.5232,-0.4779,0.7364,0.0074,Rest
05:35:04,0.5335,-0.386,0.7164,0.0079,Rest
05:35:06,0.4149,-0.4317,0.6682,0.0083,Rest
05:35:08,0.5276,-0.3596,0.6935,0.0069,Rest
05:35:10,0.5629,-0.4213,0.6737,0.0087,Rest
05:35:12,0.5251,-0.3542,0.7455,0.0091,Rest
05:35:14,0.553,-0.389,0.7675,0.008,Rest
05:35:16,0.5701,-0.3377,0.7056,0.0061,Rest
05:35:18,0.4648,-0.3525,0.7495,0.0068,Rest
05:35:20,0.5062,-0.4336,0.762,0.0089,Rest
05:35:22,0.4903,-0.4141,0.641,0.009,Rest
05:35:24,0.5029,-0.3386,0.6793,0.0088,Rest
05:35:26,0.4992,-0.3385,0.679,0.0071,Rest
05:35:28,0.4615,-0.4252,0.7128,0.0077,Rest
05:35:30,0.4778,-0.3351,0.729,0.0094,Rest
05:35:32,0.5778,-0.5117,0.7208,0.0082,Rest
05:35:34,0.5137,-0.3618,0.73,0.0076,Rest
05:35:36,0.506,-0.4334,0.7418,0.0077,Rest
05:35:38,0.5603,-0.4203,0.7088,0.0076,Rest
05:35:40,0.5253,-0.4031,0.6286,0.0066,Rest
05:35:42,0.3901,-0.4114,0.7158,0.0077,Rest
05:35:44,0.5523,-0.3842,0.7607,0.0075,Rest
05:35:46,0.4815,-0.3816,0.6446,0.0082,Rest
05:35:48,0.475,-0.4046,0.6689,0.006,Rest
05:35:50,0.5152,-0.3346,0.6924,0.0086,Rest
05:35:52,0.5146,-0.3704,0.7703,0.0076,Rest
05:35:54,0.4393,-0.4016,0.6881,0.0068,Rest
05:35:56,0.4676,-0.4101,0.7349,0.0073,Rest
05:35:58,0.5117,-0.4219,0.6942,0.007,Rest
05:36:00,0.458,-0.4584,0.7589,0.0072,Rest
05:36:02,0.527,-0.2781,0.7423,0.0078,Rest
05:36:04,0.5272,-0.4873,0.6014,0.008,Rest
05:36:06,0.4777,-0.2922,0.7761,0.0101,Rest
05:36:08,0.4477,-0.4072,0.7103,0.0082,Rest
05:36:10,0.4495,-0.3503,0.7033,0.0073,Rest
05:36:12,0.4243,-0.3805,0.6572,0.0089,Rest
05:36:14,0.5389,-0.396,0.6748,0.0079,Rest
05:36:16,0.4692,-0.3422,0.6753,0.0086,Rest
05:36:18,0.5138,-0.4172,0.7576,0.0075,Rest
05:36:20,0.6756,-0.3621,0.723,0.0097,Rest
05:36:22,0.5531,-0.4137,0.6932,0.0086,Rest
05:36:24,0.4919,-0.3452,0.6692,0.0075,Rest
05:36:26,0.5284,-0.3888,0.7172,0.0095,Rest
05:36:28,0.5791,-0.4375,0.7584,0.0075,Rest
05:36:30,0.5311,-0.4192,0.6714,0.0077,Rest
05:36:32,0.5119,-0.4231,0.7346,0.008,Rest
05:36:34,0.6143,-0.3562,0.6948,0.0092,Rest
05:36:36,0.5115,-0.3258,0.7107,0.0078,Rest
05:36:38,0.4686,-0.4008,0.7421,0.006,Rest
05:36:40,0.5305,-0.426,0.7477,0.0097,Rest
05:36:42,0.5696,-0.4572,0.6525,0.0112,Rest
05:36:44,0.5156,-0.3494,0.726,0.0076,Rest
05:36:46,0.5279,-0.508,0.8124,0.0054,Rest
05:36:48,0.4694,-0.3975,0.6895,0.008,Rest
05:36:50,0.5732,-0.4179,0.6614,0.0087,Rest
05:36:52,0.5762,-0.4268,0.6707,0.0075,Rest
05:36:54,0.5714,-0.4804,0.7246,0.0097,Rest
05:36:56,0.4812,-0.4283,0.6934,0.0067,Rest
05:36:58,0.516,-0.516,0.7315,0.007,Rest
05:37:00,0.494,-0.3535,0.6544,0.0092,Rest
05:37:02,0.4444,-0.3285,0.7466,0.0077,Rest
05:37:04,0.547,-0.5009,0.6439,0.0088,Rest
05:37:06,0.4196,-0.3948,0.6894,0.0054,Rest
05:37:08,0.5273,-0.3891,0.675,0.006,Rest
05:37:10,0.4554,-0.4344,0.6944,0.0072,Rest
05:37:12,0.5459,-0.4046,0.7746,0.0093,Rest
05:37:14,0.5315,-0.3482,0.8086,0.0098,Rest
05:37:16,0.5612,-0.4457,0.6761,0.008,Rest
05:37:18,0.5441,-0.4423,0.7353,0.005,Rest
05:37:20,0.533,-0.3665,0.7571,0.0091,Rest
05:37:22,0.5259,-0.4449,0.6691,0.0089,Rest
05:37:24,0.6545,-0.4336,0.8054,0.0065,Rest
05:37:26,0.5329,-0.3946,0.7028,0.0082,Rest
05:37:28,0.4549,-0.4523,0.6904,0.0072,Rest
05:37:30,0.5614,-0.4042,0.7188,0.0073,Rest
05:37:32,0.4959,-0.3565,0.7237,0.0072,Rest
05:37:34,0.4434,-0.4437,0.6937,0.0097,Rest
05:37:36,0.4548,-0.4879,0.7901,0.0094,Rest
05:37:38,0.5315,-0.4722,0.7216,0.007,Rest
05:37:40,0.4814,-0.4475,0.6905,0.0086,Rest
05:37:42,0.5169,-0.4501,0.5957,0.0078,Rest
05:37:44,0.5054,-0.4483,0.6247,0.0072,Rest
05:37:46,0.4688,-0.4464,0.7131,0.0075,Rest
05:37:48,0.4801,-0.347,0.7107,0.0073,Rest
05:37:50,0.5573,-0.3845,0.7416,0.0092,Rest
05:37:52,0.4876,-0.4554,0.6623,0.0091,Rest
05:37:54,0.4981,-0.3978,0.6199,0.0062,Rest
05:37:56,0.543,-0.447,0.7091,0.0078,Rest
05:37:58,0.5137,-0.3248,0.6742,0.0072,Rest
05:38:00,0.5435,-0.4046,0.7323,0.0069,Rest
05:38:02,0.5261,-0.4079,0.6334,0.0073,Rest
05:38:04,0.5709,-0.3266,0.6736,0.008,Rest
05:38:06,0.5051,-0.4708,0.7091,0.0091,Rest
05:38:08,0.4863,-0.3972,0.6787,0.0072,Rest
05:38:10,0.4641,-0.4291,0.6857,0.0083,Rest
05:38:12,0.567,-0.3272,0.7331,0.0083,Rest
05:38:14,0.4543,-0.4185,0.7406,0.0062,Rest
05:38:16,0.4804,-0.4055,0.6664,0.008,Rest
05:38:18,0.4702,-0.3663,0.6429,0.0075,Rest
05:38:20,0.5283,-0.4641,0.8173,0.0061,Rest
05:38:22,0.5279,-0.4715,0.6239,0.0083,Rest
05:38:24,0.5503,-0.4232,0.7166,0.0076,Rest
05:38:26,0.5887,-0.4303,0.7704,0.0064,Rest
05:38:28,0.4284,-0.4025,0.7089,0.0074,Rest
05:38:30,0.4151,-0.4829,0.6452,0.0084,Rest
05:38:32,0.4244,-0.4616,0.7231,0.0088,Rest
05:38:34,0.5386,-0.4114,0.5266,0.0086,Rest
05:38:36,0.4114,-0.3209,0.5776,0.0051,Rest
05:38:38,0.5368,-0.3891,0.7218,0.0061,Rest
05:38:40,0.4892,-0.3525,0.7066,0.0082,Rest
05:38:42,0.489,-0.4054,0.6237,0.0065,Rest
05:38:44,0.4625,-0.401,0.6872,0.0086,Rest
05:38:46,0.5328,-0.362,0.7633,0.0085,Rest
05:38:48,0.4836,-0.3855,0.6938,0.0088,Rest
05:38:50,0.4761,-0.2757,0.6628,0.0063,Rest
05:38:52,0.5576,-0.4357,0.7447,0.0077,Rest
05:38:54,0.5154,-0.3964,0.7918,0.0089,Rest
05:38:56,0.4414,-0.4455,0.7517,0.0063,Rest
05:38:58,0.4625,-0.4044,0.7521,0.0083,Rest
05:39:00,0.5047,-0.3888,0.6743,0.0085,Rest
05:39:02,0.5414,-0.374,0.728,0.0065,Rest
05:39:04,0.5197,-0.4326,0.6423,0.0076,Rest
05:39:06,0.4704,-0.3724,0.6846,0.0084,Rest
05:39:08,0.6047,-0.3737,0.6972,0.0077,Rest
05:39:10,0.4373,-0.4404,0.7012,0.0084,Rest
05:39:12,0.5134,-0.37,0.6319,0.009,Rest
05:39:14,0.4483,-0.4754,0.6465,0.0081,Rest
05:39:16,0.5131,-0.342,0.6795,0.0067,Rest
05:39:18,0.4259,-0.3305,0.6952,0.0088,Rest
05:39:20,0.4171,-0.4287,0.7212,0.0088,Rest
05:39:22,0.4998,-0.4689,0.6618,0.0062,Rest
05:39:24,0.5125,-0.4325,0.7484,0.009,Rest
05:39:26,0.4902,-0.3361,0.6763,0.0079,Rest
05:39:28,0.4759,-0.4318,0.6894,0.0089,Rest
05:39:30,0.5167,-0.4388,0.7734,0.0064,Rest
05:39:32,0.4576,-0.4737,0.6855,0.0087,Rest
05:39:34,0.4896,-0.3852,0.7833,0.0086,Rest
05:39:36,0.5277,-0.3429,0.6667,0.0075,Rest
05:39:38,0.4007,-0.3778,0.7571,0.0079,Rest
05:39:40,0.5522,-0.4766,0.7083,0.0077,Rest
05:39:42,0.4334,-0.3527,0.7017,0.0087,Rest
05:39:44,0.591,-0.3787,0.6922,0.0084,Rest
05:39:46,0.5225,-0.4686,0.7547,0.0068,Rest
05:39:48,0.5201,-0.4175,0.6931,0.008,Rest
05:39:50,0.4673,-0.4624,0.7434,0.0078,Rest
05:39:52,0.4859,-0.4248,0.7498,0.0063,Rest
05:39:54,0.4398,-0.3927,0.6694,0.0067,Rest
05:39:56,0.5486,-0.39,0.7474,0.0071,Rest
05:39:58,0.4822,-0.3336,0.7164,0.0061,Rest
05:40:00,0.4459,-0.4788,0.7254,0.0082,Rest
05:40:02,0.4484,-0.3719,0.8008,0.0086,Rest
05:40:04,0.4082,-0.4828,0.7017,0.0079,Rest
05:40:06,0.541,-0.3909,0.6943,0.0071,Rest
05:40:08,0.5366,-0.3952,0.7416,0.0075,Rest
05:40:10,0.6328,-0.439,0.7405,0.0075,Rest
05:40:12,0.5728,-0.4029,0.7638,0.0105,Rest
05:40:14,0.4618,-0.4097,0.7463,0.0078,Rest
05:40:16,0.4679,-0.2902,0.6817,0.0079,Rest
05:40:18,0.568,-0.3113,0.7652,0.0089,Rest
05:40:20,0.3119,-0.4432,0.6934,0.008,Rest
05:40:22,0.4655,-0.3705,0.6767,0.0085,Rest
05:40:24,0.5307,-0.4704,0.6956,0.0081,Rest
05:40:26,0.5748,-0.4776,0.681,0.0079,Rest
05:40:28,0.5258,-0.4309,0.7129,0.0067,Rest
05:40:30,0.5803,-0.3932,0.6985,0.0069,Rest
05:40:32,0.5303,-0.475,0.7549,0.0072,Rest
05:40:34,0.4785,-0.4539,0.6487,0.0094,Rest
05:40:36,0.5499,-0.3649,0.7325,0.0091,Rest
05:40:38,0.5181,-0.5464,0.7666,0.0083,Rest
05:40:40,0.4643,-0.2959,0.6652,0.0071,Rest
05:40:42,0.5093,-0.3733,0.639,0.0087,Rest
05:40:44,0.438,-0.4686,0.7557,0.0067,Rest
05:40:46,0.455,-0.384,0.6582,0.0082,Rest
05:40:48,0.4803,-0.386,0.6987,0.0081,Rest
05:40:50,0.509,-0.4484,0.8024,0.0093,Rest
05:40:52,0.5768,-0.3956,0.6643,0.0077,Rest
05:40:54,0.4387,-0.3151,0.7658,0.0081,Rest
05:40:56,0.4974,-0.3934,0.676,0.0064,Rest
05:40:58,0.4739,-0.2817,0.6742,0.0081,Rest
05:41:00,0.4605,-0.4098,0.6808,0.0088,Rest
05:41:02,0.5333,-0.3435,0.7014,0.009,Rest
05:41:04,0.4829,-0.4276,0.6975,0.0091,Rest
05:41:06,0.5255,-0.4154,0.7496,0.0086,Rest
05:41:08,0.5311,-0.4565,0.6334,0.0082,Rest
05:41:10,0.4387,-0.4415,0.7226,0.0087,Rest
05:41:12,0.5032,-0.2736,0.675,0.0071,Rest
05:41:14,0.5356,-0.4334,0.6937,0.009,Rest
05:41:16,0.4318,-0.4623,0.7326,0.0102,Rest
05:41:18,0.4597,-0.3846,0.7185,0.0069,Rest
05:41:20,0.509,-0.4395,0.6057,0.0078,Rest
05:41:22,0.4903,-0.3894,0.7161,0.0082,Rest
05:41:24,0.4764,-0.4723,0.7599,0.008,Rest
05:41:26,0.4181,-0.3981,0.6969,0.0073,Rest
05:41:28,0.5398,-0.4171,0.651,0.0073,Rest
05:41:30,0.5058,-0.4096,0.7509,0.0075,Rest
05:41:32,0.4895,-0.4273,0.6718,0.0089,Rest
05:41:34,0.5337,-0.3943,0.7427,0.0088,Rest
05:41:36,0.5096,-0.2926,0.7069,0.007,Rest
05:41:38,0.551,-0.3668,0.6981,0.0088,Rest
05:41:40,0.5575,-0.4404,0.7216,0.0076,Rest
05:41:42,0.3754,-0.423,0.656,0.0094,Rest
05:41:44,0.5493,-0.3883,0.7401,0.0077,Rest
05:41:46,0.5503,-0.3665,0.7665,0.0081,Rest
05:41:48,0.5633,-0.4504,0.6953,0.0064,Rest
05:41:50,0.431,-0.4611,0.7694,0.0082,Rest
05:41:52,0.5216,-0.3795,0.6687,0.0071,Rest
05:41:54,0.5444,-0.4356,0.7606,0.0078,Rest
05:41:56,0.4386,-0.4928,0.6757,0.0066,Rest
05:41:58,0.5362,-0.4209,0.817,0.0076,Rest
05:42:00,0.5072,-0.4026,0.7297,0.0079,Rest
05:42:02,0.492,-0.3841,0.729,0.0093,Rest
05:42:04,0.5353,-0.4831,0.6765,0.0077,Rest
05:42:06,0.4486,-0.4572,0.6296,0.01,Rest
05:42:08,0.4347,-0.3615,0.6814,0.0094,Rest
05:42:10,0.4896,-0.3942,0.7272,0.0082,Rest
05:42:12,0.3892,-0.3729,0.6507,0.0091,Rest
05:42:14,0.6127,-0.3809,0.7676,0.0073,Rest
05:42:16,0.5198,-0.3732,0.6269,0.0081,Rest
05:42:18,0.4759,-0.324,0.7635,0.0083,Rest
05:42:20,0.4802,-0.3757,0.753,0.0095,Rest
05:42:22,0.4883,-0.3726,0.729,0.0077,Rest
05:42:24,0.4806,-0.3732,0.6445,0.0062,Rest
05:42:26,0.5297,-0.4974,0.68,0.007,Rest
05:42:28,0.5369,-0.4287,0.7269,0.0079,Rest
05:42:30,0.4685,-0.435,0.62,0.0085,Rest
05:42:32,0.516,-0.289,0.6794,0.0094,Rest
05:42:34,0.512,-0.3339,0.7104,0.0073,Rest
05:42:36,0.4351,-0.415,0.7455,0.0074,Rest
05:42:38,0.4158,-0.3622,0.6095,0.0086,Rest
05:42:40,0.4784,-0.3806,0.7248,0.0071,Rest
05:42:42,0.5345,-0.3828,0.7015,0.0086,Rest
05:42:44,0.5104,-0.4565,0.711,0.0071,Rest
05:42:46,0.458,-0.3796,0.7334,0.0073,Rest
05:42:48,0.4988,-0.3429,0.6692,0.0079,Rest
05:42:50,0.4388,-0.4613,0.7064,0.0063,Rest
05:42:52,0.4837,-0.3193,0.6444,0.0082,Rest
05:42:54,0.5652,-0.4499,0.6684,0.0096,Rest
05:42:56,0.526,-0.4164,0.6915,0.0074,Rest
05:42:58,0.5198,-0.4076,0.6821,0.0087,Rest
05:43:00,0.4656,-0.4212,0.6906,0.0087,Rest
05:43:02,0.5318,-0.3981,0.6766,0.0075,Rest
05:43:04,0.5104,-0.3344,0.7748,0.0088,Rest
05:43:06,0.5138,-0.4201,0.6829,0.009,Rest
05:43:08,0.4483,-0.4586,0.6947,0.0091,Rest
05:43:10,0.5079,-0.3466,0.6925,0.0097,Rest
05:43:12,0.4751,-0.3965,0.7066,0.0068,Rest
05:43:14,0.4901,-0.4081,0.6508,0.0075,Rest
05:43:16,0.5523,-0.423,0.6508,0.0056,Rest
05:43:18,0.5668,-0.4581,0.6445,0.0076,Rest
05:43:20,0.5317,-0.3211,0.7689,0.0084,Rest
05:43:22,0.4494,-0.3133,0.7804,0.0092,Rest
05:43:24,0.4507,-0.3678,0.6864,0.007,Rest
05:43:26,0.539,-0.3418,0.8238,0.008,Rest
05:43:28,0.5197,-0.3494,0.7048,0.0095,Rest
05:43:30,0.4201,-0.2726,0.716,0.0079,Rest
05:43:32,0.553,-0.4188,0.7201,0.007,Rest
05:43:34,0.4595,-0.3633,0.7316,0.0083,Rest
05:43:36,0.4084,-0.4099,0.6666,0.0086,Rest
05:43:38,0.5338,-0.3295,0.6436,0.0072,Rest
05:43:40,0.5124,-0.3362,0.7281,0.0065,Rest
05:43:42,0.5138,-0.416,0.7659,0.0098,Rest
05:43:44,0.471,-0.4204,0.7121,0.01,Rest
05:43:46,0.5135,-0.4939,0.6657,0.007,Rest
05:43:48,0.446,-0.4255,0.6377,0.0076,Rest
05:43:50,0.4781,-0.4002,0.6603,0.0083,Rest
05:43:52,0.5245,-0.4752,0.6269,0.0083,Rest
05:43:54,0.4635,-0.361,0.7565,0.0074,Rest
05:43:56,0.5728,-0.4476,0.7066,0.0084,Rest
05:43:58,0.4014,-0.4255,0.7003,0.0072,Rest
05:44:00,0.5156,-0.4237,0.6477,0.0081,Rest
05:44:02,0.4466,-0.4552,0.7625,0.0091,Rest
05:44:04,0.544,-0.3922,0.7043,0.0097,Rest
05:44:06,0.5433,-0.429,0.752,0.0066,Rest
05:44:08,0.4872,-0.4023,0.6841,0.0092,Rest
05:44:10,0.5874,-0.3576,0.703,0.0077,Rest
05:44:12,0.5189,-0.4829,0.8305,0.0082,Rest
05:44:14,0.4444,-0.4507,0.7633,0.0082,Rest
05:44:16,0.4893,-0.4403,0.6283,0.0083,Rest
05:44:18,0.6165,-0.407,0.7296,0.0072,Rest
05:44:20,0.4994,-0.4471,0.7069,0.0097,Rest
05:44:22,0.4632,-0.4301,0.7425,0.0087,Rest
05:44:24,0.4156,-0.4181,0.7552,0.0098,Rest
05:44:26,0.4638,-0.4287,0.709,0.0082,Rest
05:44:28,0.546,-0.4532,0.7643,0.0094,Rest
05:44:30,0.5443,-0.457,0.8201,0.0077,Rest
05:44:32,0.5004,-0.4305,0.7808,0.0075,Rest
05:44:34,0.4681,-0.3851,0.7748,0.0089,Rest
05:44:36,0.4836,-0.4079,0.7537,0.0074,Rest
05:44:38,0.5598,-0.4462,0.739,0.0073,Rest
05:44:40,0.4799,-0.453,0.7752,0.0081,Rest
05:44:42,0.4672,-0.3633,0.7086,0.008,Rest
05:44:44,0.519,-0.3721,0.6424,0.0091,Rest
05:44:46,0.5162,-0.4125,0.7231,0.0089,Rest
05:44:48,0.4559,-0.3788,0.6511,0.0077,Rest
05:44:50,0.4108,-0.4272,0.7224,0.0075,Rest
05:44:52,0.5144,-0.3541,0.6301,0.0093,Rest
05:44:54,0.5143,-0.3432,0.7037,0.0098,Rest
05:44:56,0.4548,-0.3221,0.6574,0.0095,Rest
05:44:58,0.4591,-0.44,0.7341,0.0079,Rest
05:45:00,0.4363,-0.3939,0.7801,0.0084,Rest
05:45:02,0.4442,-0.3772,0.6175,0.0078,Rest
05:45:04,0.5898,-0.4148,0.69,0.0076,Rest
05:45:06,0.5184,-0.3681,0.7419,0.0069,Rest
05:45:08,0.4943,-0.4114,0.691,0.0079,Rest
05:45:10,0.4665,-0.4769,0.6817,0.0098,Rest
05:45:12,0.5367,-0.3319,0.6002,0.0079,Rest
05:45:14,0.3946,-0.367,0.6762,0.0077,Rest
05:45:16,0.5522,-0.402,0.8038,0.0093,Rest
05:45:18,0.466,-0.4514,0.6767,0.0099,Rest
05:45:20,0.5402,-0.3787,0.6224,0.0104,Rest
05:45:22,0.5234,-0.3844,0.6332,0.0077,Rest
05:45:24,0.5257,-0.4602,0.7176,0.0098,Rest
05:45:26,0.444,-0.3566,0.662,0.0074,Rest
05:45:28,0.4439,-0.3861,0.6889,0.0091,Rest
05:45:30,0.3598,-0.3549,0.6798,0.0085,Rest
05:45:32,0.5665,-0.3506,0.7956,0.008,Rest
05:45:34,0.4407,-0.4203,0.7609,0.007,Rest
05:45:36,0.4824,-0.4147,0.66,0.0102,Rest
05:45:38,0.582,-0.3313,0.709,0.0079,Rest
05:45:40,0.4654,-0.5004,0.728,0.0054,Rest
05:45:42,0.4355,-0.4486,0.6349,0.0085,Rest
05:45:44,0.4519,-0.3979,0.7102,0.0088,Rest
05:45:46,0.4641,-0.4199,0.6747,0.0092,Rest
05:45:48,0.5105,-0.4446,0.7055,0.0062,Rest
05:45:50,0.5418,-0.4032,0.7292,0.0068,Rest
05:45:52,0.4951,-0.406,0.7711,0.0082,Rest
05:45:54,0.4022,-0.3995,0.6741,0.0074,Rest
05:45:56,0.584,-0.4293,0.6843,0.0098,Rest
05:45:58,0.5042,-0.398,0.7175,0.0065,Rest
05:46:00,0.4605,-0.3552,0.7114,0.0062,Rest
05:46:02,0.5215,-0.4825,0.7522,0.0088,Rest
05:46:04,0.5238,-0.4063,0.5708,0.009,Rest
05:46:06,0.4509,-0.3465,0.7221,0.0086,Rest
05:46:08,0.4472,-0.4379,0.7921,0.0077,Rest
05:46:10,0.5451,-0.4081,0.7705,0.0069,Rest
05:46:12,0.5603,-0.3515,0.7033,0.008,Rest
05:46:14,0.5404,-0.4104,0.6934,0.0088,Rest
05:46:16,0.4031,-0.4058,0.6599,0.0076,Rest
05:46:18,0.5287,-0.4423,0.7469,0.0088,Rest
05:46:20,0.5509,-0.3377,0.6518,0.0088,Rest
05:46:22,0.4701,-0.3441,0.6998,0.0078,Rest
05:46:24,0.4813,-0.3971,0.6381,0.0071,Rest
05:46:26,0.4929,-0.4706,0.7024,0.0083,Rest
05:46:28,0.4086,-0.3307,0.6161,0.0091,Rest
05:46:30,0.4447,-0.3287,0.7466,0.0091,Rest
05:46:32,0.4557,-0.404,0.6593,0.0063,Rest
05:46:34,0.4443,-0.3786,0.695,0.0089,Rest
05:46:36,0.4482,-0.4635,0.7429,0.0073,Rest
05:46:38,0.505,-0.4368,0.6061,0.0081,Rest
05:46:40,0.5261,-0.3628,0.6737,0.0074,Rest
05:46:42,0.4136,-0.3683,0.645,0.0062,Rest
05:46:44,0.5111,-0.386,0.5957,0.0093,Rest
05:46:46,0.4734,-0.3881,0.7808,0.0078,Rest
05:46:48,0.4781,-0.3842,0.7635,0.0088,Rest
05:46:50,0.4301,-0.479,0.6776,0.0086,Rest
05:46:52,0.3818,-0.3777,0.6118,0.0083,Rest
05:46:54,0.4749,-0.3777,0.7046,0.0087,Rest
05:46:56,0.5288,-0.3995,0.7304,0.0084,Rest
05:46:58,0.4998,-0.4025,0.6285,0.0073,Rest
05:47:00,0.4639,-0.4263,0.7301,0.0082,Rest
05:47:02,0.5126,-0.4058,0.613,0.0088,Rest
05:47:04,0.5029,-0.3964,0.634,0.0073,Rest
05:47:06,0.5094,-0.437,0.6472,0.0083,Rest
05:47:08,0.5063,-0.4574,0.7538,0.0085,Rest
05:47:10,0.5255,-0.4474,0.7265,0.0084,Rest
05:47:12,0.609,-0.3027,0.6765,0.0065,Rest
05:47:14,0.5485,-0.3468,0.687,0.0086,Rest
05:47:16,0.3908,-0.3614,0.621,0.0085,Rest
05:47:18,0.4707,-0.3668,0.6195,0.0081,Rest
05:47:20,0.5525,-0.4233,0.6731,0.0088,Rest
05:47:22,0.546,-0.423,0.7651,0.0093,Rest
05:47:24,0.563,-0.3761,0.7089,0.0077,Rest
05:47:26,0.4276,-0.5099,0.6967,0.0083,Rest
05:47:28,0.4035,-0.3832,0.6642,0.0079,Rest
05:47:30,0.4378,-0.4021,0.7219,0.0067,Rest
05:47:32,0.4595,-0.3161,0.7332,0.01,Rest
05:47:34,0.5644,-0.4762,0.6601,0.0086,Rest
05:47:36,0.6246,-0.4448,0.7369,0.0097,Rest
05:47:38,0.5105,-0.4231,0.7541,0.0074,Rest
05:47:40,0.5349,-0.407,0.6947,0.0083,Rest
05:47:42,0.5077,-0.3973,0.6164,0.0069,Rest
05:47:44,0.4867,-0.4731,0.7823,0.0083,Rest
05:47:46,0.5056,-0.3929,0.7559,0.0063,Rest
05:47:48,0.5555,-0.4178,0.727,0.008,Rest
05:47:50,0.5227,-0.3969,0.6897,0.0085,Rest
05:47:52,0.5402,-0.4341,0.7224,0.0074,Rest
05:47:54,0.5316,-0.3867,0.7468,0.0078,Rest
05:47:56,0.5365,-0.5079,0.6675,0.0076,Rest
05:47:58,0.507,-0.4024,0.6176,0.0096,Rest
05:48:00,0.5085,-0.3986,0.7,0.0082,Rest
05:48:02,0.5447,-0.437,0.6507,0.008,Rest
05:48:04,0.4003,-0.4239,0.7218,0.0074,Rest
05:48:06,0.5192,-0.4005,0.7557,0.0084,Rest
05:48:08,0.5523,-0.43,0.76,0.0056,Rest
05:48:10,0.439,-0.3608,0.7271,0.0092,Rest
05:48:12,0.6506,-0.3603,0.7194,0.0076,Rest
05:48:14,0.4998,-0.3188,0.6834,0.0089,Rest
05:48:16,0.5853,-0.3923,0.7711,0.0079,Rest
05:48:18,0.4941,-0.4635,0.7326,0.0081,Rest
05:48:20,0.4838,-0.4673,0.7804,0.0073,Rest
05:48:22,0.5492,-0.4069,0.7029,0.0088,Rest
05:48:24,0.5451,-0.3078,0.7313,0.0058,Rest
05:48:26,0.5697,-0.3504,0.7396,0.0074,Rest
05:48:28,0.5145,-0.4367,0.7306,0.0074,Rest
05:48:30,0.5149,-0.412,0.6538,0.0087,Rest
05:48:32,0.4311,-0.372,0.7623,0.0092,Rest
05:48:34,0.4725,-0.4936,0.6915,0.0068,Rest
05:48:36,0.4826,-0.4523,0.6215,0.0081,Rest
05:48:38,0.5276,-0.4391,0.6632,0.0085,Rest
05:48:40,0.4232,-0.4654,0.719,0.0061,Rest
05:48:42,0.5196,-0.3714,0.7521,0.0078,Rest
05:48:44,0.5636,-0.3651,0.7766,0.0088,Rest
05:48:46,0.5714,-0.3963,0.6494,0.0094,Rest
05:48:48,0.4509,-0.3935,0.6786,0.0102,Rest
05:48:50,0.4884,-0.3671,0.6869,0.0084,Rest
05:48:52,0.5163,-0.3778,0.758,0.0088,Rest
05:48:54,0.5883,-0.3311,0.7043,0.0078,Rest
05:48:56,0.4913,-0.2937,0.616,0.0082,Rest
05:48:58,0.4653,-0.3669,0.7013,0.0082,Rest
05:49:00,0.5113,-0.4167,0.6643,0.0075,Rest
05:49:02,0.5357,-0.4377,0.702,0.0083,Rest
05:49:04,0.5132,-0.4445,0.6369,0.0085,Rest
05:49:06,0.4352,-0.4131,0.733,0.0077,Rest
05:49:08,0.5084,-0.3694,0.7312,0.0101,Rest
05:49:10,0.6067,-0.3879,0.6624,0.0077,Rest
05:49:12,0.4382,-0.4077,0.7014,0.0068,Rest
05:49:14,0.4935,-0.3607,0.6619,0.0086,Rest
05:49:16,0.4869,-0.3565,0.7036,0.0082,Rest
05:49:18,0.4656,-0.4141,0.6512,0.0064,Rest
05:49:20,0.3947,-0.3384,0.6567,0.0055,Rest
05:49:22,0.5462,-0.4831,0.7776,0.0097,Rest
05:49:24,0.479,-0.4207,0.6009,0.0083,Rest
05:49:26,0.5213,-0.3648,0.7034,0.0064,Rest
05:49:28,0.4841,-0.3474,0.6999,0.008,Rest
05:49:30,0.4175,-0.3676,0.6795,0.0077,Rest
05:49:32,0.5431,-0.4053,0.6582,0.0071,Rest
05:49:34,0.5443,-0.3066,0.6653,0.0084,Rest
05:49:36,0.5336,-0.4337,0.7956,0.0096,Rest
05:49:38,0.5317,-0.3718,0.6034,0.0085,Rest
05:49:40,0.4701,-0.3982,0.7287,0.0081,Rest
05:49:42,0.4969,-0.3249,0.6223,0.007,Rest
05:49:44,0.4898,-0.429,0.6389,0.0063,Rest
05:49:46,0.5249,-0.421,0.7331,0.0073,Rest
05:49:48,0.5254,-0.35,0.717,0.0081,Rest
05:49:50,0.5101,-0.4845,0.6793,0.0065,Rest
05:49:52,0.5225,-0.3574,0.751,0.008,Rest
05:49:54,0.4048,-0.4139,0.7244,0.0088,Rest
05:49:56,0.5015,-0.5082,0.7898,0.0097,Rest
05:49:58,0.3469,-0.4229,0.7072,0.0082,Rest
05:50:00,0.5238,-0.3816,0.8148,0.1023,Moving
05:50:02,0.4086,-0.4139,0.6865,0.1064,Moving
05:50:04,0.4758,-0.4467,0.7025,0.1063,Moving
05:50:06,0.4204,-0.3569,0.6896,0.1003,Moving
05:50:08,0.4083,-0.3384,0.7308,0.1157,Moving
05:50:10,0.4344,-0.3976,0.7211,0.1231,Moving
05:50:12,0.6496,-0.3923,0.6807,0.1028,Moving
05:50:14,0.4673,-0.4414,0.7688,0.1121,Moving
05:50:16,0.5701,-0.4101,0.6294,0.1184,Moving
05:50:18,0.4611,-0.4954,0.7659,0.1098,Moving
05:50:20,0.5985,-0.4636,0.7503,0.1019,Moving
05:50:22,0.5164,-0.332,0.6868,0.1271,Moving
05:50:24,0.5457,-0.3753,0.6813,0.1044,Moving
05:50:26,0.5523,-0.3787,0.5975,0.1003,Moving
05:50:28,0.5025,-0.3236,0.604,0.1021,Moving
05:50:30,0.5244,-0.4145,0.7594,0.1172,Moving
05:50:32,0.4676,-0.3197,0.6657,0.1035,Moving
05:50:34,0.4594,-0.3609,0.7454,0.1224,Moving
05:50:36,0.5028,-0.404,0.7227,0.1041,Moving
05:50:38,0.463,-0.3753,0.7195,0.106,Moving
05:50:40,0.4871,-0.4649,0.6924,0.1043,Moving
05:50:42,0.5109,-0.4107,0.7663,0.1156,Moving
05:50:44,0.4503,-0.399,0.6617,0.1033,Moving
05:50:46,0.4993,-0.4082,0.6377,0.1048,Moving
05:50:48,0.4775,-0.3266,0.6631,0.11,Moving
05:50:50,0.43,-0.3812,0.7345,0.102,Moving
05:50:52,0.4791,-0.3955,0.6551,0.1006,Moving
05:50:54,0.4239,-0.4182,0.7149,0.1079,Moving
05:50:56,0.5163,-0.4221,0.6802,0.1175,Moving
05:50:58,0.5232,-0.3971,0.6751,0.1155,Moving
05:51:00,0.4209,-0.4125,0.7256,0.121,Moving
05:51:02,0.4646,-0.3549,0.619,0.133,Moving
05:51:04,0.4613,-0.4484,0.7768,0.1055,Moving
05:51:06,0.5544,-0.4242,0.7312,0.1082,Moving
05:51:08,0.447,-0.3987,0.7737,0.1139,Moving
05:51:10,0.5194,-0.4836,0.7635,0.1176,Moving
05:51:12,0.4368,-0.3562,0.6543,0.1144,Moving
05:51:14,0.4291,-0.4163,0.6642,0.1141,Moving
05:51:16,0.4417,-0.3856,0.7003,0.1039,Moving
05:51:18,0.5008,-0.4101,0.624,0.1035,Moving
05:51:20,0.4247,-0.3721,0.7821,0.1011,Moving
05:51:22,0.5483,-0.4094,0.6764,0.1115,Moving
05:51:24,0.5692,-0.3274,0.6781,0.1032,Moving
05:51:26,0.5819,-0.4162,0.8111,0.1183,Moving
05:51:28,0.5328,-0.3406,0.7071,0.1112,Moving
05:51:30,0.4951,-0.4256,0.7517,0.1072,Moving
05:51:32,0.4531,-0.3649,0.6719,0.1095,Moving
05:51:34,0.4842,-0.345,0.7316,0.1154,Moving
05:51:36,0.5029,-0.4001,0.6705,0.1064,Moving
05:51:38,0.4985,-0.4003,0.7172,0.1241,Moving
05:51:40,0.5181,-0.4914,0.6619,0.1096,Moving
05:51:42,0.4786,-0.3944,0.7577,0.1136,Moving
05:51:44,0.5623,-0.3855,0.6833,0.1028,Moving
05:51:46,0.3976,-0.438,0.7564,0.1083,Moving
05:51:48,0.4904,-0.4022,0.6851,0.1053,Moving
05:51:50,0.4943,-0.4484,0.7289,0.1006,Moving
05:51:52,0.5345,-0.4106,0.6366,0.1007,Moving
05:51:54,0.4957,-0.4882,0.7861,0.1043,Moving
05:51:56,0.546,-0.3746,0.6697,0.1015,Moving
05:51:58,0.4694,-0.3368,0.5779,0.1208,Moving
05:52:00,0.488,-0.3562,0.6754,0.1006,Moving
05:52:02,0.3687,-0.3839,0.7471,0.1031,Moving
05:52:04,0.5051,-0.3496,0.6784,0.1012,Moving
05:52:06,0.514,-0.3256,0.7306,0.1008,Moving
05:52:08,0.4753,-0.4473,0.7029,0.1155,Moving
05:52:10,0.5154,-0.3846,0.7793,0.1178,Moving
05:52:12,0.4416,-0.3881,0.6532,0.1049,Moving
05:52:14,0.5781,-0.4052,0.6997,0.1083,Moving
05:52:16,0.6106,-0.3173,0.6842,0.1083,Moving
05:52:18,0.384,-0.4167,0.6824,0.1005,Moving
05:52:20,0.5249,-0.3943,0.6985,0.1084,Moving
05:52:22,0.4672,-0.4613,0.6473,0.1022,Moving
05:52:24,0.4591,-0.2671,0.7426,0.1066,Moving
05:52:26,0.489,-0.4383,0.6307,0.101,Moving
05:52:28,0.5599,-0.4407,0.6684,0.13,Moving
05:52:30,0.4524,-0.4352,0.781,0.1115,Moving
05:52:32,0.4308,-0.4275,0.714,0.1124,Moving
05:52:34,0.5626,-0.4494,0.6852,0.1176,Moving
05:52:36,0.5722,-0.4371,0.726,0.11,Moving
05:52:38,0.4618,-0.4306,0.7352,0.107,Moving
05:52:40,0.4979,-0.3897,0.6916,0.1065,Moving
05:52:42,0.4816,-0.4065,0.6117,0.1062,Moving
05:52:44,0.4842,-0.4786,0.7616,0.1192,Moving
05:52:46,0.5014,-0.3468,0.7648,0.1048,Moving
05:52:48,0.4917,-0.3681,0.6946,0.1052,Moving
05:52:50,0.4524,-0.3804,0.7046,0.1023,Moving
05:52:52,0.4471,-0.4529,0.732,0.104,Moving
05:52:54,0.5219,-0.3941,0.5827,0.1098,Moving
05:52:56,0.4567,-0.3162,0.7343,0.1008,Moving
05:52:58,0.5474,-0.4566,0.6795,0.1322,Moving
05:53:00,0.5447,-0.4017,0.6561,0.1004,Moving
05:53:02,0.6096,-0.3997,0.7794,0.1057,Moving
05:53:04,0.5532,-0.4829,0.6831,0.1033,Moving
05:53:06,0.524,-0.49,0.6492,0.1082,Moving
05:53:08,0.4416,-0.341,0.697,0.1117,Moving
05:53:10,0.4971,-0.3299,0.7942,0.108,Moving
05:53:12,0.4908,-0.3783,0.7103,0.1013,Moving
05:53:14,0.4679,-0.3694,0.7136,0.1098,Moving
05:53:16,0.496,-0.4456,0.7846,0.1238,Moving
05:53:18,0.4695,-0.3908,0.6559,0.1067,Moving
05:53:20,0.4584,-0.3775,0.6901,0.1011,Moving
05:53:22,0.4667,-0.3387,0.696,0.1357,Moving
05:53:24,0.6029,-0.3154,0.6795,0.1282,Moving
05:53:26,0.5746,-0.4029,0.7061,0.1053,Moving
05:53:28,0.5428,-0.3434,0.6831,0.1015,Moving
05:53:30,0.4828,-0.4063,0.7631,0.1032,Moving
05:53:32,0.5079,-0.4187,0.7501,0.1021,Moving
05:53:34,0.4479,-0.4813,0.7147,0.1029,Moving
05:53:36,0.528,-0.4046,0.7396,0.107,Moving
05:53:38,0.531,-0.3789,0.6324,0.1137,Moving
05:53:40,0.5938,-0.5069,0.681,0.1131,Moving
05:53:42,0.4624,-0.3568,0.7191,0.1105,Moving
05:53:44,0.4761,-0.4155,0.7638,0.112,Moving
05:53:46,0.5197,-0.4133,0.7396,0.1189,Moving
05:53:48,0.5517,-0.3311,0.6932,0.1224,Moving
05:53:50,0.3966,-0.3959,0.6251,0.1159,Moving
05:53:52,0.5046,-0.2838,0.6503,0.1028,Moving
05:53:54,0.4309,-0.3881,0.6784,0.1125,Moving
05:53:56,0.4282,-0.3549,0.6476,0.1025,Moving
05:53:58,0.5915,-0.3925,0.7248,0.1006,Moving
05:54:00,0.4376,-0.3844,0.7267,0.1227,Moving
05:54:02,0.4652,-0.5401,0.689,0.1036,Moving
05:54:04,0.5105,-0.3904,0.5986,0.1068,Moving
05:54:06,0.5477,-0.4949,0.7139,0.1118,Moving
05:54:08,0.4495,-0.4723,0.6419,0.1093,Moving
05:54:10,0.4837,-0.4091,0.7983,0.1157,Moving
05:54:12,0.5187,-0.382,0.7233,0.1013,Moving
05:54:14,0.4997,-0.438,0.6048,0.101,Moving
05:54:16,0.5677,-0.4318,0.715,0.1389,Moving
05:54:18,0.5676,-0.4257,0.7097,0.1086,Moving
05:54:20,0.5444,-0.2969,0.8217,0.1043,Moving
05:54:22,0.5205,-0.4336,0.7568,0.1104,Moving
05:54:24,0.4745,-0.4312,0.6111,0.1263,Moving
05:54:26,0.4515,-0.4198,0.6737,0.1036,Moving
05:54:28,0.4436,-0.3903,0.693,0.1089,Moving
05:54:30,0.5266,-0.4031,0.7217,0.1224,Moving
05:54:32,0.5522,-0.3941,0.7269,0.1051,Moving
05:54:34,0.5568,-0.4453,0.7176,0.1079,Moving
05:54:36,0.5403,-0.2787,0.6162,0.1041,Moving
05:54:38,0.5018,-0.3477,0.7341,0.1283,Moving
05:54:40,0.471,-0.418,0.7372,0.1025,Moving
05:54:42,0.4934,-0.4463,0.617,0.1053,Moving
05:54:44,0.5105,-0.429,0.6766,0.1016,Moving
05:54:46,0.4529,-0.4276,0.7435,0.1081,Moving
05:54:48,0.4795,-0.337,0.734,0.1056,Moving
05:54:50,0.4994,-0.4102,0.6816,0.103,Moving
05:54:52,0.5008,-0.367,0.7551,0.1069,Moving
05:54:54,0.4679,-0.4119,0.753,0.1236,Moving
05:54:56,0.4846,-0.4214,0.763,0.1057,Moving
05:54:58,0.4544,-0.2751,0.679,0.1134,Moving
05:55:00,0.4261,-0.407,0.7641,0.1033,Moving
05:55:02,0.5063,-0.4389,0.8194,0.1058,Moving
05:55:04,0.5153,-0.5167,0.7669,0.1136,Moving
05:55:06,0.4757,-0.4736,0.7084,0.1016,Moving
05:55:08,0.622,-0.4392,0.6685,0.1132,Moving
05:55:10,0.5279,-0.3483,0.7066,0.1154,Moving
05:55:12,0.4864,-0.3572,0.7758,0.1051,Moving
05:55:14,0.4825,-0.402,0.566,0.1017,Moving
05:55:16,0.5073,-0.425,0.786,0.1022,Moving
05:55:18,0.4798,-0.39,0.6972,0.1025,Moving
05:55:20,0.4712,-0.3573,0.6311,0.1116,Moving
05:55:22,0.4687,-0.4528,0.6115,0.1172,Moving
05:55:24,0.6015,-0.4644,0.6876,0.1005,Moving
05:55:26,0.505,-0.3615,0.6684,0.1141,Moving
05:55:28,0.4951,-0.398,0.7022,0.1235,Moving
05:55:30,0.4809,-0.4869,0.7099,0.1033,Moving
05:55:32,0.448,-0.3426,0.7152,0.1084,Moving
05:55:34,0.4932,-0.4226,0.672,0.1063,Moving
05:55:36,0.5046,-0.3862,0.77,0.1088,Moving
05:55:38,0.5153,-0.5084,0.6386,0.1151,Moving
05:55:40,0.5264,-0.442,0.7508,0.1033,Moving
05:55:42,0.4289,-0.3873,0.6797,0.1067,Moving
05:55:44,0.4699,-0.4646,0.6156,0.1019,Moving
05:55:46,0.4947,-0.3934,0.7375,0.1023,Moving
05:55:48,0.4889,-0.3735,0.7195,0.1294,Moving
05:55:50,0.6067,-0.3501,0.7355,0.1017,Moving
05:55:52,0.5883,-0.4456,0.6455,0.1044,Moving
05:55:54,0.4898,-0.4347,0.6209,0.106,Moving
05:55:56,0.4466,-0.4016,0.7066,0.1165,Moving
05:55:58,0.4882,-0.4117,0.7021,0.1158,Moving
05:56:00,0.52,-0.3594,0.7074,0.1185,Moving
05:56:02,0.4735,-0.4137,0.6238,0.1017,Moving
05:56:04,0.533,-0.45,0.6229,0.1083,Moving
05:56:06,0.5693,-0.4218,0.6837,0.1107,Moving
05:56:08,0.506,-0.4297,0.731,0.1013,Moving
05:56:10,0.5931,-0.4395,0.6647,0.1051,Moving
05:56:12,0.4294,-0.4495,0.7428,0.1113,Moving
05:56:14,0.4793,-0.3418,0.6756,0.1141,Moving
05:56:16,0.5304,-0.4548,0.7348,0.1039,Moving
05:56:18,0.5407,-0.4083,0.6919,0.131,Moving
05:56:20,0.3658,-0.4675,0.72,0.1049,Moving
05:56:22,0.4176,-0.3569,0.7433,0.1018,Moving
05:56:24,0.5117,-0.4128,0.7012,0.1197,Moving
05:56:26,0.5379,-0.4669,0.724,0.1013,Moving
05:56:28,0.5452,-0.3908,0.8025,0.112,Moving
05:56:30,0.5331,-0.3988,0.7875,0.1076,Moving
05:56:32,0.4867,-0.3264,0.7537,0.1022,Moving
05:56:34,0.5298,-0.4246,0.6339,0.1054,Moving
05:56:36,0.5133,-0.3769,0.6562,0.1002,Moving
05:56:38,0.5255,-0.4652,0.7542,0.1135,Moving
05:56:40,0.4388,-0.3738,0.6737,0.1351,Moving
05:56:42,0.524,-0.3553,0.8484,0.101,Moving
05:56:44,0.5477,-0.3933,0.7147,0.1532,Moving
05:56:46,0.5325,-0.3262,0.7171,0.1233,Moving
05:56:48,0.5175,-0.3915,0.699,0.1018,Moving
05:56:50,0.531,-0.3397,0.7324,0.1019,Moving
05:56:52,0.4758,-0.4233,0.7169,0.1036,Moving
05:56:54,0.5251,-0.4786,0.7238,0.1029,Moving
05:56:56,0.4287,-0.4536,0.716,0.1113,Moving
05:56:58,0.5331,-0.3522,0.6644,0.1049,Moving
05:57:00,0.4289,-0.4195,0.7355,0.1004,Moving
05:57:02,0.5098,-0.439,0.7654,0.1017,Moving
05:57:04,0.4773,-0.4216,0.7826,0.1061,Moving
05:57:06,0.4749,-0.4408,0.6284,0.1001,Moving
05:57:08,0.466,-0.4505,0.7427,0.1012,Moving
05:57:10,0.4675,-0.3243,0.6826,0.1045,Moving
05:57:12,0.5097,-0.3581,0.6876,0.1035,Moving
05:57:14,0.5568,-0.4128,0.7392,0.1107,Moving
05:57:16,0.5133,-0.4831,0.7081,0.1001,Moving
05:57:18,0.4363,-0.4016,0.7063,0.107,Moving
05:57:20,0.4908,-0.3853,0.7266,0.1036,Moving
05:57:22,0.4667,-0.403,0.7038,0.1078,Moving
05:57:24,0.5884,-0.402,0.6327,0.1134,Moving
05:57:26,0.4984,-0.3895,0.6453,0.1107,Moving
05:57:28,0.4319,-0.4302,0.6111,0.1208,Moving
05:57:30,0.4729,-0.3767,0.7676,0.1134,Moving
05:57:32,0.4537,-0.3916,0.7185,0.1047,Moving
05:57:34,0.5482,-0.3904,0.7492,0.1008,Moving
05:57:36,0.5464,-0.4408,0.6478,0.1044,Moving
05:57:38,0.4788,-0.3564,0.6681,0.1147,Moving
05:57:40,0.5863,-0.3569,0.8165,0.1014,Moving
05:57:42,0.533,-0.4191,0.7149,0.1035,Moving
05:57:44,0.5167,-0.3786,0.7389,0.1058,Moving
05:57:46,0.5305,-0.3604,0.6751,0.1013,Moving
05:57:48,0.3561,-0.4366,0.6181,0.1007,Moving
05:57:50,0.5103,-0.347,0.6938,0.112,Moving
05:57:52,0.5212,-0.4876,0.6649,0.1019,Moving
05:57:54,0.4599,-0.3455,0.7,0.1108,Moving
05:57:56,0.4331,-0.3807,0.6743,0.1042,Moving
05:57:58,0.4709,-0.3747,0.633,0.1072,Moving
05:58:00,0.4247,-0.4645,0.6907,0.1017,Moving
05:58:02,0.4033,-0.4836,0.7286,0.1001,Moving
05:58:04,0.4779,-0.3839,0.7766,0.1087,Moving
05:58:06,0.5225,-0.4149,0.691,0.1016,Moving
05:58:08,0.4877,-0.3979,0.6208,0.1053,Moving
05:58:10,0.4428,-0.3899,0.7107,0.103,Moving
05:58:12,0.5105,-0.384,0.7184,0.1029,Moving
05:58:14,0.4492,-0.3908,0.7309,0.1168,Moving
05:58:16,0.5023,-0.4236,0.69,0.1026,Moving
05:58:18,0.4466,-0.4184,0.6348,0.1067,Moving
05:58:20,0.5243,-0.3826,0.7557,0.1358,Moving
05:58:22,0.4919,-0.4084,0.7227,0.109,Moving
05:58:24,0.5555,-0.4007,0.7397,0.1101,Moving
05:58:26,0.5003,-0.3874,0.6786,0.1068,Moving
05:58:28,0.4229,-0.409,0.7269,0.1109,Moving
05:58:30,0.5249,-0.4242,0.6342,0.108,Moving
05:58:32,0.5301,-0.4494,0.7436,0.1064,Moving
05:58:34,0.5292,-0.4166,0.7832,0.1342,Moving
05:58:36,0.47,-0.3729,0.7692,0.1015,Moving
05:58:38,0.517,-0.3817,0.7743,0.1051,Moving
05:58:40,0.513,-0.4017,0.7231,0.1005,Moving
05:58:42,0.4459,-0.4262,0.7008,0.1018,Moving
05:58:44,0.4806,-0.4303,0.6863,0.1015,Moving
05:58:46,0.5095,-0.4038,0.6543,0.1055,Moving
05:58:48,0.514,-0.3659,0.6904,0.1067,Moving
05:58:50,0.4488,-0.4645,0.7708,0.1031,Moving
05:58:52,0.4174,-0.4151,0.7649,0.1148,Moving
05:58:54,0.5624,-0.4824,0.7417,0.1034,Moving
05:58:56,0.4874,-0.4383,0.6956,0.1084,Moving
05:58:58,0.4489,-0.3775,0.6185,0.1007,Moving
05:59:00,0.4491,-0.3153,0.6969,0.1017,Moving
05:59:02,0.5544,-0.4666,0.7097,0.111,Moving
05:59:04,0.4779,-0.4737,0.6391,0.1061,Moving
05:59:06,0.5281,-0.3456,0.715,0.1052,Moving
05:59:08,0.5623,-0.3948,0.6208,0.1105,Moving
05:59:10,0.4918,-0.3731,0.658,0.1109,Moving
05:59:12,0.408,-0.4762,0.6611,0.1153,Moving
05:59:14,0.4941,-0.4,0.6699,0.1165,Moving
05:59:16,0.5416,-0.4272,0.7313,0.1031,Moving
05:59:18,0.5483,-0.3056,0.6735,0.1102,Moving
05:59:20,0.4438,-0.3819,0.7315,0.1034,Moving
05:59:22,0.463,-0.4116,0.6775,0.1038,Moving
05:59:24,0.5074,-0.3905,0.6719,0.115,Moving
05:59:26,0.6107,-0.4128,0.6907,0.1415,Moving
05:59:28,0.5313,-0.4501,0.8206,0.1138,Moving
05:59:30,0.5054,-0.4028,0.6881,0.1107,Moving
05:59:32,0.3656,-0.4405,0.6405,0.1118,Moving
05:59:34,0.4494,-0.504,0.6654,0.1099,Moving
05:59:36,0.4904,-0.4072,0.7393,0.1073,Moving
05:59:38,0.4715,-0.3627,0.6677,0.1187,Moving
05:59:40,0.4817,-0.3997,0.7513,0.1031,Moving
05:59:42,0.5615,-0.367,0.6231,0.1036,Moving
05:59:44,0.4643,-0.3522,0.7853,0.1597,Moving
05:59:46,0.5061,-0.3528,0.6548,0.1015,Moving
05:59:48,0.5724,-0.4566,0.659,0.1157,Moving
05:59:50,0.4587,-0.3839,0.6391,0.1112,Moving
05:59:52,0.546,-0.4642,0.7934,0.1168,Moving
05:59:54,0.5179,-0.4621,0.5993,0.104,Moving
05:59:56,0.4838,-0.2546,0.7162,0.1277,Moving
05:59:58,0.4902,-0.4254,0.6128,0.1035,Moving
